[      79ms] [LOG] [Fast Refresh] done in 353ms @ http://localhost:3000/_next/static/chunks/node_modules_next_dist_115brz8._.js:2477
[     284ms] [LOG] [Fast Refresh] rebuilding @ http://localhost:3000/_next/static/chunks/node_modules_next_dist_115brz8._.js:2477
[     417ms] [LOG] [Fast Refresh] done in 233ms @ http://localhost:3000/_next/static/chunks/node_modules_next_dist_115brz8._.js:2477
[     639ms] [LOG] [Fast Refresh] rebuilding @ http://localhost:3000/_next/static/chunks/node_modules_next_dist_115brz8._.js:2477
[     739ms] [LOG] [Fast Refresh] done in 201ms @ http://localhost:3000/_next/static/chunks/node_modules_next_dist_115brz8._.js:2477
[    1213ms] [INFO] %cDownload the React DevTools for a better development experience: https://react.dev/link/react-devtools font-weight:bold @ http://localhost:3000/_next/static/chunks/node_modules_next_dist_115brz8._.js:2477
[    1241ms] [LOG] [HMR] connected @ http://localhost:3000/_next/static/chunks/node_modules_next_dist_115brz8._.js:2477
[    1415ms] [WARNING] You are trying to animate transformOrigin from "401.9px 100.3px" to "center top". "center top" is not an animatable value.. For more information and steps for solving, visit https://motion.dev/troubleshooting/value-not-animatable @ http://localhost:3000/_next/static/chunks/node_modules_next_dist_115brz8._.js:2477
[    1478ms] [LOG] [Fast Refresh] rebuilding @ http://localhost:3000/_next/static/chunks/node_modules_next_dist_115brz8._.js:2477
[    1538ms] [LOG] [Fast Refresh] done in 163ms @ http://localhost:3000/_next/static/chunks/node_modules_next_dist_115brz8._.js:2477
[   18876ms] [LOG] [Fast Refresh] rebuilding @ http://localhost:3000/_next/static/chunks/node_modules_next_dist_115brz8._.js:2477
[   19103ms] [LOG] [Fast Refresh] done in 325ms @ http://localhost:3000/_next/static/chunks/node_modules_next_dist_115brz8._.js:2477
[   19289ms] [LOG] [Fast Refresh] rebuilding @ http://localhost:3000/_next/static/chunks/node_modules_next_dist_115brz8._.js:2477
[   19649ms] [LOG] [Fast Refresh] done in 465ms @ http://localhost:3000/_next/static/chunks/node_modules_next_dist_115brz8._.js:2477
[   19822ms] [LOG] [Fast Refresh] rebuilding @ http://localhost:3000/_next/static/chunks/node_modules_next_dist_115brz8._.js:2477
[   20044ms] [LOG] [Fast Refresh] done in 325ms @ http://localhost:3000/_next/static/chunks/node_modules_next_dist_115brz8._.js:2477
[   20239ms] [LOG] [Fast Refresh] rebuilding @ http://localhost:3000/_next/static/chunks/node_modules_next_dist_115brz8._.js:2477
[   20433ms] [LOG] [Fast Refresh] done in 296ms @ http://localhost:3000/_next/static/chunks/node_modules_next_dist_115brz8._.js:2477
[   34001ms] [LOG] [Fast Refresh] rebuilding @ http://localhost:3000/_next/static/chunks/node_modules_next_dist_115brz8._.js:2477
[   34322ms] [ERROR] ./app/globals.css:4143:748
Parsing CSS source code failed
  4141 | ...
  4142 | ...
> 4143 | ...rgba(0, 0, 0, 0.28), rgba(0, 0, 0, 0.12) 38%, transparent 72% );
       |                                                                   ^
  4144 | ...
  4145 | ...
  4146 | ...

Unexpected token Semicolon

Generated code of PostCSS transform of file content of app/globals.css:
./app/globals.css:4143:748
  4141 | ...
  4142 | ...
> 4143 | ...rgba(0, 0, 0, 0.28), rgba(0, 0, 0, 0.12) 38%, transparent 72% );
       |                                                                   ^
  4144 | ...
  4145 | ...
  4146 | ...

Import trace:
  Client Component Browser:
    ./app/globals.css [Client Component Browser]
    ./app/layout.tsx [Server Component] @ http://localhost:3000/_next/static/chunks/node_modules_next_dist_115brz8._.js:3318
[   34386ms] [ERROR] ./app/globals.css:4143:748
Parsing CSS source code failed
  4141 | ...
  4142 | ...
> 4143 | ...rgba(0, 0, 0, 0.28), rgba(0, 0, 0, 0.12) 38%, transparent 72% );
       |                                                                   ^
  4144 | ...
  4145 | ...
  4146 | ...

Unexpected token Semicolon

Generated code of PostCSS transform of file content of app/globals.css:
./app/globals.css:4143:748
  4141 | ...
  4142 | ...
> 4143 | ...rgba(0, 0, 0, 0.28), rgba(0, 0, 0, 0.12) 38%, transparent 72% );
       |                                                                   ^
  4144 | ...
  4145 | ...
  4146 | ...

Import trace:
  Client Component Browser:
    ./app/globals.css [Client Component Browser]
    ./app/layout.tsx [Server Component] @ http://localhost:3000/_next/static/chunks/node_modules_next_dist_115brz8._.js:3318
[   34449ms] [ERROR] ./app/globals.css:4143:748
Parsing CSS source code failed
  4141 | ...
  4142 | ...
> 4143 | ...rgba(0, 0, 0, 0.28), rgba(0, 0, 0, 0.12) 38%, transparent 72% );
       |                                                                   ^
  4144 | ...
  4145 | ...
  4146 | ...

Unexpected token Semicolon

Generated code of PostCSS transform of file content of app/globals.css:
./app/globals.css:4143:748
  4141 | ...
  4142 | ...
> 4143 | ...rgba(0, 0, 0, 0.28), rgba(0, 0, 0, 0.12) 38%, transparent 72% );
       |                                                                   ^
  4144 | ...
  4145 | ...
  4146 | ...

Import trace:
  Client Component Browser:
    ./app/globals.css [Client Component Browser]
    ./app/layout.tsx [Server Component] @ http://localhost:3000/_next/static/chunks/node_modules_next_dist_115brz8._.js:3318
[   34511ms] [ERROR] ./app/globals.css:4143:748
Parsing CSS source code failed
  4141 | ...
  4142 | ...
> 4143 | ...rgba(0, 0, 0, 0.28), rgba(0, 0, 0, 0.12) 38%, transparent 72% );
       |                                                                   ^
  4144 | ...
  4145 | ...
  4146 | ...

Unexpected token Semicolon

Generated code of PostCSS transform of file content of app/globals.css:
./app/globals.css:4143:748
  4141 | ...
  4142 | ...
> 4143 | ...rgba(0, 0, 0, 0.28), rgba(0, 0, 0, 0.12) 38%, transparent 72% );
       |                                                                   ^
  4144 | ...
  4145 | ...
  4146 | ...

Import trace:
  Client Component Browser:
    ./app/globals.css [Client Component Browser]
    ./app/layout.tsx [Server Component] @ http://localhost:3000/_next/static/chunks/node_modules_next_dist_115brz8._.js:3318
[   34574ms] [ERROR] ./app/globals.css:4143:748
Parsing CSS source code failed
  4141 | ...
  4142 | ...
> 4143 | ...rgba(0, 0, 0, 0.28), rgba(0, 0, 0, 0.12) 38%, transparent 72% );
       |                                                                   ^
  4144 | ...
  4145 | ...
  4146 | ...

Unexpected token Semicolon

Generated code of PostCSS transform of file content of app/globals.css:
./app/globals.css:4143:748
  4141 | ...
  4142 | ...
> 4143 | ...rgba(0, 0, 0, 0.28), rgba(0, 0, 0, 0.12) 38%, transparent 72% );
       |                                                                   ^
  4144 | ...
  4145 | ...
  4146 | ...

Import trace:
  Client Component Browser:
    ./app/globals.css [Client Component Browser]
    ./app/layout.tsx [Server Component] @ http://localhost:3000/_next/static/chunks/node_modules_next_dist_115brz8._.js:3318
[   34634ms] [ERROR] ./app/globals.css:4143:748
Parsing CSS source code failed
  4141 | ...
  4142 | ...
> 4143 | ...rgba(0, 0, 0, 0.28), rgba(0, 0, 0, 0.12) 38%, transparent 72% );
       |                                                                   ^
  4144 | ...
  4145 | ...
  4146 | ...

Unexpected token Semicolon

Generated code of PostCSS transform of file content of app/globals.css:
./app/globals.css:4143:748
  4141 | ...
  4142 | ...
> 4143 | ...rgba(0, 0, 0, 0.28), rgba(0, 0, 0, 0.12) 38%, transparent 72% );
       |                                                                   ^
  4144 | ...
  4145 | ...
  4146 | ...

Import trace:
  Client Component Browser:
    ./app/globals.css [Client Component Browser]
    ./app/layout.tsx [Server Component] @ http://localhost:3000/_next/static/chunks/node_modules_next_dist_115brz8._.js:3318
[   34694ms] [ERROR] ./app/globals.css:4143:748
Parsing CSS source code failed
  4141 | ...
  4142 | ...
> 4143 | ...rgba(0, 0, 0, 0.28), rgba(0, 0, 0, 0.12) 38%, transparent 72% );
       |                                                                   ^
  4144 | ...
  4145 | ...
  4146 | ...

Unexpected token Semicolon

Generated code of PostCSS transform of file content of app/globals.css:
./app/globals.css:4143:748
  4141 | ...
  4142 | ...
> 4143 | ...rgba(0, 0, 0, 0.28), rgba(0, 0, 0, 0.12) 38%, transparent 72% );
       |                                                                   ^
  4144 | ...
  4145 | ...
  4146 | ...

Import trace:
  Client Component Browser:
    ./app/globals.css [Client Component Browser]
    ./app/layout.tsx [Server Component] @ http://localhost:3000/_next/static/chunks/node_modules_next_dist_115brz8._.js:3318
[   34757ms] [ERROR] ./app/globals.css:4143:748
Parsing CSS source code failed
  4141 | ...
  4142 | ...
> 4143 | ...rgba(0, 0, 0, 0.28), rgba(0, 0, 0, 0.12) 38%, transparent 72% );
       |                                                                   ^
  4144 | ...
  4145 | ...
  4146 | ...

Unexpected token Semicolon

Generated code of PostCSS transform of file content of app/globals.css:
./app/globals.css:4143:748
  4141 | ...
  4142 | ...
> 4143 | ...rgba(0, 0, 0, 0.28), rgba(0, 0, 0, 0.12) 38%, transparent 72% );
       |                                                                   ^
  4144 | ...
  4145 | ...
  4146 | ...

Import trace:
  Client Component Browser:
    ./app/globals.css [Client Component Browser]
    ./app/layout.tsx [Server Component] @ http://localhost:3000/_next/static/chunks/node_modules_next_dist_115brz8._.js:3318
[   34819ms] [ERROR] ./app/globals.css:4143:748
Parsing CSS source code failed
  4141 | ...
  4142 | ...
> 4143 | ...rgba(0, 0, 0, 0.28), rgba(0, 0, 0, 0.12) 38%, transparent 72% );
       |                                                                   ^
  4144 | ...
  4145 | ...
  4146 | ...

Unexpected token Semicolon

Generated code of PostCSS transform of file content of app/globals.css:
./app/globals.css:4143:748
  4141 | ...
  4142 | ...
> 4143 | ...rgba(0, 0, 0, 0.28), rgba(0, 0, 0, 0.12) 38%, transparent 72% );
       |                                                                   ^
  4144 | ...
  4145 | ...
  4146 | ...

Import trace:
  Client Component Browser:
    ./app/globals.css [Client Component Browser]
    ./app/layout.tsx [Server Component] @ http://localhost:3000/_next/static/chunks/node_modules_next_dist_115brz8._.js:3318
[   34882ms] [ERROR] ./app/globals.css:4143:748
Parsing CSS source code failed
  4141 | ...
  4142 | ...
> 4143 | ...rgba(0, 0, 0, 0.28), rgba(0, 0, 0, 0.12) 38%, transparent 72% );
       |                                                                   ^
  4144 | ...
  4145 | ...
  4146 | ...

Unexpected token Semicolon

Generated code of PostCSS transform of file content of app/globals.css:
./app/globals.css:4143:748
  4141 | ...
  4142 | ...
> 4143 | ...rgba(0, 0, 0, 0.28), rgba(0, 0, 0, 0.12) 38%, transparent 72% );
       |                                                                   ^
  4144 | ...
  4145 | ...
  4146 | ...

Import trace:
  Client Component Browser:
    ./app/globals.css [Client Component Browser]
    ./app/layout.tsx [Server Component] @ http://localhost:3000/_next/static/chunks/node_modules_next_dist_115brz8._.js:3318
[   34942ms] [ERROR] ./app/globals.css:4143:748
Parsing CSS source code failed
  4141 | ...
  4142 | ...
> 4143 | ...rgba(0, 0, 0, 0.28), rgba(0, 0, 0, 0.12) 38%, transparent 72% );
       |                                                                   ^
  4144 | ...
  4145 | ...
  4146 | ...

Unexpected token Semicolon

Generated code of PostCSS transform of file content of app/globals.css:
./app/globals.css:4143:748
  4141 | ...
  4142 | ...
> 4143 | ...rgba(0, 0, 0, 0.28), rgba(0, 0, 0, 0.12) 38%, transparent 72% );
       |                                                                   ^
  4144 | ...
  4145 | ...
  4146 | ...

Import trace:
  Client Component Browser:
    ./app/globals.css [Client Component Browser]
    ./app/layout.tsx [Server Component] @ http://localhost:3000/_next/static/chunks/node_modules_next_dist_115brz8._.js:3318
[   35005ms] [ERROR] ./app/globals.css:4143:748
Parsing CSS source code failed
  4141 | ...
  4142 | ...
> 4143 | ...rgba(0, 0, 0, 0.28), rgba(0, 0, 0, 0.12) 38%, transparent 72% );
       |                                                                   ^
  4144 | ...
  4145 | ...
  4146 | ...

Unexpected token Semicolon

Generated code of PostCSS transform of file content of app/globals.css:
./app/globals.css:4143:748
  4141 | ...
  4142 | ...
> 4143 | ...rgba(0, 0, 0, 0.28), rgba(0, 0, 0, 0.12) 38%, transparent 72% );
       |                                                                   ^
  4144 | ...
  4145 | ...
  4146 | ...

Import trace:
  Client Component Browser:
    ./app/globals.css [Client Component Browser]
    ./app/layout.tsx [Server Component] @ http://localhost:3000/_next/static/chunks/node_modules_next_dist_115brz8._.js:3318
[   35067ms] [ERROR] ./app/globals.css:4143:748
Parsing CSS source code failed
  4141 | ...
  4142 | ...
> 4143 | ...rgba(0, 0, 0, 0.28), rgba(0, 0, 0, 0.12) 38%, transparent 72% );
       |                                                                   ^
  4144 | ...
  4145 | ...
  4146 | ...

Unexpected token Semicolon

Generated code of PostCSS transform of file content of app/globals.css:
./app/globals.css:4143:748
  4141 | ...
  4142 | ...
> 4143 | ...rgba(0, 0, 0, 0.28), rgba(0, 0, 0, 0.12) 38%, transparent 72% );
       |                                                                   ^
  4144 | ...
  4145 | ...
  4146 | ...

Import trace:
  Client Component Browser:
    ./app/globals.css [Client Component Browser]
    ./app/layout.tsx [Server Component] @ http://localhost:3000/_next/static/chunks/node_modules_next_dist_115brz8._.js:3318
[   35131ms] [ERROR] ./app/globals.css:4143:748
Parsing CSS source code failed
  4141 | ...
  4142 | ...
> 4143 | ...rgba(0, 0, 0, 0.28), rgba(0, 0, 0, 0.12) 38%, transparent 72% );
       |                                                                   ^
  4144 | ...
  4145 | ...
  4146 | ...

Unexpected token Semicolon

Generated code of PostCSS transform of file content of app/globals.css:
./app/globals.css:4143:748
  4141 | ...
  4142 | ...
> 4143 | ...rgba(0, 0, 0, 0.28), rgba(0, 0, 0, 0.12) 38%, transparent 72% );
       |                                                                   ^
  4144 | ...
  4145 | ...
  4146 | ...

Import trace:
  Client Component Browser:
    ./app/globals.css [Client Component Browser]
    ./app/layout.tsx [Server Component] @ http://localhost:3000/_next/static/chunks/node_modules_next_dist_115brz8._.js:3318
[   35194ms] [ERROR] ./app/globals.css:4143:748
Parsing CSS source code failed
  4141 | ...
  4142 | ...
> 4143 | ...rgba(0, 0, 0, 0.28), rgba(0, 0, 0, 0.12) 38%, transparent 72% );
       |                                                                   ^
  4144 | ...
  4145 | ...
  4146 | ...

Unexpected token Semicolon

Generated code of PostCSS transform of file content of app/globals.css:
./app/globals.css:4143:748
  4141 | ...
  4142 | ...
> 4143 | ...rgba(0, 0, 0, 0.28), rgba(0, 0, 0, 0.12) 38%, transparent 72% );
       |                                                                   ^
  4144 | ...
  4145 | ...
  4146 | ...

Import trace:
  Client Component Browser:
    ./app/globals.css [Client Component Browser]
    ./app/layout.tsx [Server Component] @ http://localhost:3000/_next/static/chunks/node_modules_next_dist_115brz8._.js:3318
[   35255ms] [ERROR] ./app/globals.css:4143:748
Parsing CSS source code failed
  4141 | ...
  4142 | ...
> 4143 | ...rgba(0, 0, 0, 0.28), rgba(0, 0, 0, 0.12) 38%, transparent 72% );
       |                                                                   ^
  4144 | ...
  4145 | ...
  4146 | ...

Unexpected token Semicolon

Generated code of PostCSS transform of file content of app/globals.css:
./app/globals.css:4143:748
  4141 | ...
  4142 | ...
> 4143 | ...rgba(0, 0, 0, 0.28), rgba(0, 0, 0, 0.12) 38%, transparent 72% );
       |                                                                   ^
  4144 | ...
  4145 | ...
  4146 | ...

Import trace:
  Client Component Browser:
    ./app/globals.css [Client Component Browser]
    ./app/layout.tsx [Server Component] @ http://localhost:3000/_next/static/chunks/node_modules_next_dist_115brz8._.js:3318
[   35317ms] [ERROR] ./app/globals.css:4143:748
Parsing CSS source code failed
  4141 | ...
  4142 | ...
> 4143 | ...rgba(0, 0, 0, 0.28), rgba(0, 0, 0, 0.12) 38%, transparent 72% );
       |                                                                   ^
  4144 | ...
  4145 | ...
  4146 | ...

Unexpected token Semicolon

Generated code of PostCSS transform of file content of app/globals.css:
./app/globals.css:4143:748
  4141 | ...
  4142 | ...
> 4143 | ...rgba(0, 0, 0, 0.28), rgba(0, 0, 0, 0.12) 38%, transparent 72% );
       |                                                                   ^
  4144 | ...
  4145 | ...
  4146 | ...

Import trace:
  Client Component Browser:
    ./app/globals.css [Client Component Browser]
    ./app/layout.tsx [Server Component] @ http://localhost:3000/_next/static/chunks/node_modules_next_dist_115brz8._.js:3318
[   35380ms] [ERROR] ./app/globals.css:4143:748
Parsing CSS source code failed
  4141 | ...
  4142 | ...
> 4143 | ...rgba(0, 0, 0, 0.28), rgba(0, 0, 0, 0.12) 38%, transparent 72% );
       |                                                                   ^
  4144 | ...
  4145 | ...
  4146 | ...

Unexpected token Semicolon

Generated code of PostCSS transform of file content of app/globals.css:
./app/globals.css:4143:748
  4141 | ...
  4142 | ...
> 4143 | ...rgba(0, 0, 0, 0.28), rgba(0, 0, 0, 0.12) 38%, transparent 72% );
       |                                                                   ^
  4144 | ...
  4145 | ...
  4146 | ...

Import trace:
  Client Component Browser:
    ./app/globals.css [Client Component Browser]
    ./app/layout.tsx [Server Component] @ http://localhost:3000/_next/static/chunks/node_modules_next_dist_115brz8._.js:3318
[   35441ms] [ERROR] ./app/globals.css:4143:748
Parsing CSS source code failed
  4141 | ...
  4142 | ...
> 4143 | ...rgba(0, 0, 0, 0.28), rgba(0, 0, 0, 0.12) 38%, transparent 72% );
       |                                                                   ^
  4144 | ...
  4145 | ...
  4146 | ...

Unexpected token Semicolon

Generated code of PostCSS transform of file content of app/globals.css:
./app/globals.css:4143:748
  4141 | ...
  4142 | ...
> 4143 | ...rgba(0, 0, 0, 0.28), rgba(0, 0, 0, 0.12) 38%, transparent 72% );
       |                                                                   ^
  4144 | ...
  4145 | ...
  4146 | ...

Import trace:
  Client Component Browser:
    ./app/globals.css [Client Component Browser]
    ./app/layout.tsx [Server Component] @ http://localhost:3000/_next/static/chunks/node_modules_next_dist_115brz8._.js:3318
[   35503ms] [ERROR] ./app/globals.css:4143:748
Parsing CSS source code failed
  4141 | ...
  4142 | ...
> 4143 | ...rgba(0, 0, 0, 0.28), rgba(0, 0, 0, 0.12) 38%, transparent 72% );
       |                                                                   ^
  4144 | ...
  4145 | ...
  4146 | ...

Unexpected token Semicolon

Generated code of PostCSS transform of file content of app/globals.css:
./app/globals.css:4143:748
  4141 | ...
  4142 | ...
> 4143 | ...rgba(0, 0, 0, 0.28), rgba(0, 0, 0, 0.12) 38%, transparent 72% );
       |                                                                   ^
  4144 | ...
  4145 | ...
  4146 | ...

Import trace:
  Client Component Browser:
    ./app/globals.css [Client Component Browser]
    ./app/layout.tsx [Server Component] @ http://localhost:3000/_next/static/chunks/node_modules_next_dist_115brz8._.js:3318
[   35565ms] [ERROR] ./app/globals.css:4143:748
Parsing CSS source code failed
  4141 | ...
  4142 | ...
> 4143 | ...rgba(0, 0, 0, 0.28), rgba(0, 0, 0, 0.12) 38%, transparent 72% );
       |                                                                   ^
  4144 | ...
  4145 | ...
  4146 | ...

Unexpected token Semicolon

Generated code of PostCSS transform of file content of app/globals.css:
./app/globals.css:4143:748
  4141 | ...
  4142 | ...
> 4143 | ...rgba(0, 0, 0, 0.28), rgba(0, 0, 0, 0.12) 38%, transparent 72% );
       |                                                                   ^
  4144 | ...
  4145 | ...
  4146 | ...

Import trace:
  Client Component Browser:
    ./app/globals.css [Client Component Browser]
    ./app/layout.tsx [Server Component] @ http://localhost:3000/_next/static/chunks/node_modules_next_dist_115brz8._.js:3318
[   35627ms] [ERROR] ./app/globals.css:4143:748
Parsing CSS source code failed
  4141 | ...
  4142 | ...
> 4143 | ...rgba(0, 0, 0, 0.28), rgba(0, 0, 0, 0.12) 38%, transparent 72% );
       |                                                                   ^
  4144 | ...
  4145 | ...
  4146 | ...

Unexpected token Semicolon

Generated code of PostCSS transform of file content of app/globals.css:
./app/globals.css:4143:748
  4141 | ...
  4142 | ...
> 4143 | ...rgba(0, 0, 0, 0.28), rgba(0, 0, 0, 0.12) 38%, transparent 72% );
       |                                                                   ^
  4144 | ...
  4145 | ...
  4146 | ...

Import trace:
  Client Component Browser:
    ./app/globals.css [Client Component Browser]
    ./app/layout.tsx [Server Component] @ http://localhost:3000/_next/static/chunks/node_modules_next_dist_115brz8._.js:3318
[   35686ms] [ERROR] ./app/globals.css:4143:748
Parsing CSS source code failed
  4141 | ...
  4142 | ...
> 4143 | ...rgba(0, 0, 0, 0.28), rgba(0, 0, 0, 0.12) 38%, transparent 72% );
       |                                                                   ^
  4144 | ...
  4145 | ...
  4146 | ...

Unexpected token Semicolon

Generated code of PostCSS transform of file content of app/globals.css:
./app/globals.css:4143:748
  4141 | ...
  4142 | ...
> 4143 | ...rgba(0, 0, 0, 0.28), rgba(0, 0, 0, 0.12) 38%, transparent 72% );
       |                                                                   ^
  4144 | ...
  4145 | ...
  4146 | ...

Import trace:
  Client Component Browser:
    ./app/globals.css [Client Component Browser]
    ./app/layout.tsx [Server Component] @ http://localhost:3000/_next/static/chunks/node_modules_next_dist_115brz8._.js:3318
[   35748ms] [ERROR] ./app/globals.css:4143:748
Parsing CSS source code failed
  4141 | ...
  4142 | ...
> 4143 | ...rgba(0, 0, 0, 0.28), rgba(0, 0, 0, 0.12) 38%, transparent 72% );
       |                                                                   ^
  4144 | ...
  4145 | ...
  4146 | ...

Unexpected token Semicolon

Generated code of PostCSS transform of file content of app/globals.css:
./app/globals.css:4143:748
  4141 | ...
  4142 | ...
> 4143 | ...rgba(0, 0, 0, 0.28), rgba(0, 0, 0, 0.12) 38%, transparent 72% );
       |                                                                   ^
  4144 | ...
  4145 | ...
  4146 | ...

Import trace:
  Client Component Browser:
    ./app/globals.css [Client Component Browser]
    ./app/layout.tsx [Server Component] @ http://localhost:3000/_next/static/chunks/node_modules_next_dist_115brz8._.js:3318
[   35808ms] [ERROR] ./app/globals.css:4143:748
Parsing CSS source code failed
  4141 | ...
  4142 | ...
> 4143 | ...rgba(0, 0, 0, 0.28), rgba(0, 0, 0, 0.12) 38%, transparent 72% );
       |                                                                   ^
  4144 | ...
  4145 | ...
  4146 | ...

Unexpected token Semicolon

Generated code of PostCSS transform of file content of app/globals.css:
./app/globals.css:4143:748
  4141 | ...
  4142 | ...
> 4143 | ...rgba(0, 0, 0, 0.28), rgba(0, 0, 0, 0.12) 38%, transparent 72% );
       |                                                                   ^
  4144 | ...
  4145 | ...
  4146 | ...

Import trace:
  Client Component Browser:
    ./app/globals.css [Client Component Browser]
    ./app/layout.tsx [Server Component] @ http://localhost:3000/_next/static/chunks/node_modules_next_dist_115brz8._.js:3318
[   35871ms] [ERROR] ./app/globals.css:4143:748
Parsing CSS source code failed
  4141 | ...
  4142 | ...
> 4143 | ...rgba(0, 0, 0, 0.28), rgba(0, 0, 0, 0.12) 38%, transparent 72% );
       |                                                                   ^
  4144 | ...
  4145 | ...
  4146 | ...

Unexpected token Semicolon

Generated code of PostCSS transform of file content of app/globals.css:
./app/globals.css:4143:748
  4141 | ...
  4142 | ...
> 4143 | ...rgba(0, 0, 0, 0.28), rgba(0, 0, 0, 0.12) 38%, transparent 72% );
       |                                                                   ^
  4144 | ...
  4145 | ...
  4146 | ...

Import trace:
  Client Component Browser:
    ./app/globals.css [Client Component Browser]
    ./app/layout.tsx [Server Component] @ http://localhost:3000/_next/static/chunks/node_modules_next_dist_115brz8._.js:3318
[   35932ms] [ERROR] ./app/globals.css:4143:748
Parsing CSS source code failed
  4141 | ...
  4142 | ...
> 4143 | ...rgba(0, 0, 0, 0.28), rgba(0, 0, 0, 0.12) 38%, transparent 72% );
       |                                                                   ^
  4144 | ...
  4145 | ...
  4146 | ...

Unexpected token Semicolon

Generated code of PostCSS transform of file content of app/globals.css:
./app/globals.css:4143:748
  4141 | ...
  4142 | ...
> 4143 | ...rgba(0, 0, 0, 0.28), rgba(0, 0, 0, 0.12) 38%, transparent 72% );
       |                                                                   ^
  4144 | ...
  4145 | ...
  4146 | ...

Import trace:
  Client Component Browser:
    ./app/globals.css [Client Component Browser]
    ./app/layout.tsx [Server Component] @ http://localhost:3000/_next/static/chunks/node_modules_next_dist_115brz8._.js:3318
[   35992ms] [ERROR] ./app/globals.css:4143:748
Parsing CSS source code failed
  4141 | ...
  4142 | ...
> 4143 | ...rgba(0, 0, 0, 0.28), rgba(0, 0, 0, 0.12) 38%, transparent 72% );
       |                                                                   ^
  4144 | ...
  4145 | ...
  4146 | ...

Unexpected token Semicolon

Generated code of PostCSS transform of file content of app/globals.css:
./app/globals.css:4143:748
  4141 | ...
  4142 | ...
> 4143 | ...rgba(0, 0, 0, 0.28), rgba(0, 0, 0, 0.12) 38%, transparent 72% );
       |                                                                   ^
  4144 | ...
  4145 | ...
  4146 | ...

Import trace:
  Client Component Browser:
    ./app/globals.css [Client Component Browser]
    ./app/layout.tsx [Server Component] @ http://localhost:3000/_next/static/chunks/node_modules_next_dist_115brz8._.js:3318
[   36055ms] [ERROR] ./app/globals.css:4143:748
Parsing CSS source code failed
  4141 | ...
  4142 | ...
> 4143 | ...rgba(0, 0, 0, 0.28), rgba(0, 0, 0, 0.12) 38%, transparent 72% );
       |                                                                   ^
  4144 | ...
  4145 | ...
  4146 | ...

Unexpected token Semicolon

Generated code of PostCSS transform of file content of app/globals.css:
./app/globals.css:4143:748
  4141 | ...
  4142 | ...
> 4143 | ...rgba(0, 0, 0, 0.28), rgba(0, 0, 0, 0.12) 38%, transparent 72% );
       |                                                                   ^
  4144 | ...
  4145 | ...
  4146 | ...

Import trace:
  Client Component Browser:
    ./app/globals.css [Client Component Browser]
    ./app/layout.tsx [Server Component] @ http://localhost:3000/_next/static/chunks/node_modules_next_dist_115brz8._.js:3318
[   36116ms] [ERROR] ./app/globals.css:4143:748
Parsing CSS source code failed
  4141 | ...
  4142 | ...
> 4143 | ...rgba(0, 0, 0, 0.28), rgba(0, 0, 0, 0.12) 38%, transparent 72% );
       |                                                                   ^
  4144 | ...
  4145 | ...
  4146 | ...

Unexpected token Semicolon

Generated code of PostCSS transform of file content of app/globals.css:
./app/globals.css:4143:748
  4141 | ...
  4142 | ...
> 4143 | ...rgba(0, 0, 0, 0.28), rgba(0, 0, 0, 0.12) 38%, transparent 72% );
       |                                                                   ^
  4144 | ...
  4145 | ...
  4146 | ...

Import trace:
  Client Component Browser:
    ./app/globals.css [Client Component Browser]
    ./app/layout.tsx [Server Component] @ http://localhost:3000/_next/static/chunks/node_modules_next_dist_115brz8._.js:3318
[   36178ms] [ERROR] ./app/globals.css:4143:748
Parsing CSS source code failed
  4141 | ...
  4142 | ...
> 4143 | ...rgba(0, 0, 0, 0.28), rgba(0, 0, 0, 0.12) 38%, transparent 72% );
       |                                                                   ^
  4144 | ...
  4145 | ...
  4146 | ...

Unexpected token Semicolon

Generated code of PostCSS transform of file content of app/globals.css:
./app/globals.css:4143:748
  4141 | ...
  4142 | ...
> 4143 | ...rgba(0, 0, 0, 0.28), rgba(0, 0, 0, 0.12) 38%, transparent 72% );
       |                                                                   ^
  4144 | ...
  4145 | ...
  4146 | ...

Import trace:
  Client Component Browser:
    ./app/globals.css [Client Component Browser]
    ./app/layout.tsx [Server Component] @ http://localhost:3000/_next/static/chunks/node_modules_next_dist_115brz8._.js:3318
[   36240ms] [ERROR] ./app/globals.css:4143:748
Parsing CSS source code failed
  4141 | ...
  4142 | ...
> 4143 | ...rgba(0, 0, 0, 0.28), rgba(0, 0, 0, 0.12) 38%, transparent 72% );
       |                                                                   ^
  4144 | ...
  4145 | ...
  4146 | ...

Unexpected token Semicolon

Generated code of PostCSS transform of file content of app/globals.css:
./app/globals.css:4143:748
  4141 | ...
  4142 | ...
> 4143 | ...rgba(0, 0, 0, 0.28), rgba(0, 0, 0, 0.12) 38%, transparent 72% );
       |                                                                   ^
  4144 | ...
  4145 | ...
  4146 | ...

Import trace:
  Client Component Browser:
    ./app/globals.css [Client Component Browser]
    ./app/layout.tsx [Server Component] @ http://localhost:3000/_next/static/chunks/node_modules_next_dist_115brz8._.js:3318
[   36300ms] [ERROR] ./app/globals.css:4143:748
Parsing CSS source code failed
  4141 | ...
  4142 | ...
> 4143 | ...rgba(0, 0, 0, 0.28), rgba(0, 0, 0, 0.12) 38%, transparent 72% );
       |                                                                   ^
  4144 | ...
  4145 | ...
  4146 | ...

Unexpected token Semicolon

Generated code of PostCSS transform of file content of app/globals.css:
./app/globals.css:4143:748
  4141 | ...
  4142 | ...
> 4143 | ...rgba(0, 0, 0, 0.28), rgba(0, 0, 0, 0.12) 38%, transparent 72% );
       |                                                                   ^
  4144 | ...
  4145 | ...
  4146 | ...

Import trace:
  Client Component Browser:
    ./app/globals.css [Client Component Browser]
    ./app/layout.tsx [Server Component] @ http://localhost:3000/_next/static/chunks/node_modules_next_dist_115brz8._.js:3318
[   36363ms] [ERROR] ./app/globals.css:4143:748
Parsing CSS source code failed
  4141 | ...
  4142 | ...
> 4143 | ...rgba(0, 0, 0, 0.28), rgba(0, 0, 0, 0.12) 38%, transparent 72% );
       |                                                                   ^
  4144 | ...
  4145 | ...
  4146 | ...

Unexpected token Semicolon

Generated code of PostCSS transform of file content of app/globals.css:
./app/globals.css:4143:748
  4141 | ...
  4142 | ...
> 4143 | ...rgba(0, 0, 0, 0.28), rgba(0, 0, 0, 0.12) 38%, transparent 72% );
       |                                                                   ^
  4144 | ...
  4145 | ...
  4146 | ...

Import trace:
  Client Component Browser:
    ./app/globals.css [Client Component Browser]
    ./app/layout.tsx [Server Component] @ http://localhost:3000/_next/static/chunks/node_modules_next_dist_115brz8._.js:3318
[   36427ms] [ERROR] ./app/globals.css:4143:748
Parsing CSS source code failed
  4141 | ...
  4142 | ...
> 4143 | ...rgba(0, 0, 0, 0.28), rgba(0, 0, 0, 0.12) 38%, transparent 72% );
       |                                                                   ^
  4144 | ...
  4145 | ...
  4146 | ...

Unexpected token Semicolon

Generated code of PostCSS transform of file content of app/globals.css:
./app/globals.css:4143:748
  4141 | ...
  4142 | ...
> 4143 | ...rgba(0, 0, 0, 0.28), rgba(0, 0, 0, 0.12) 38%, transparent 72% );
       |                                                                   ^
  4144 | ...
  4145 | ...
  4146 | ...

Import trace:
  Client Component Browser:
    ./app/globals.css [Client Component Browser]
    ./app/layout.tsx [Server Component] @ http://localhost:3000/_next/static/chunks/node_modules_next_dist_115brz8._.js:3318
[   36486ms] [ERROR] ./app/globals.css:4143:748
Parsing CSS source code failed
  4141 | ...
  4142 | ...
> 4143 | ...rgba(0, 0, 0, 0.28), rgba(0, 0, 0, 0.12) 38%, transparent 72% );
       |                                                                   ^
  4144 | ...
  4145 | ...
  4146 | ...

Unexpected token Semicolon

Generated code of PostCSS transform of file content of app/globals.css:
./app/globals.css:4143:748
  4141 | ...
  4142 | ...
> 4143 | ...rgba(0, 0, 0, 0.28), rgba(0, 0, 0, 0.12) 38%, transparent 72% );
       |                                                                   ^
  4144 | ...
  4145 | ...
  4146 | ...

Import trace:
  Client Component Browser:
    ./app/globals.css [Client Component Browser]
    ./app/layout.tsx [Server Component] @ http://localhost:3000/_next/static/chunks/node_modules_next_dist_115brz8._.js:3318
[   36548ms] [ERROR] ./app/globals.css:4143:748
Parsing CSS source code failed
  4141 | ...
  4142 | ...
> 4143 | ...rgba(0, 0, 0, 0.28), rgba(0, 0, 0, 0.12) 38%, transparent 72% );
       |                                                                   ^
  4144 | ...
  4145 | ...
  4146 | ...

Unexpected token Semicolon

Generated code of PostCSS transform of file content of app/globals.css:
./app/globals.css:4143:748
  4141 | ...
  4142 | ...
> 4143 | ...rgba(0, 0, 0, 0.28), rgba(0, 0, 0, 0.12) 38%, transparent 72% );
       |                                                                   ^
  4144 | ...
  4145 | ...
  4146 | ...

Import trace:
  Client Component Browser:
    ./app/globals.css [Client Component Browser]
    ./app/layout.tsx [Server Component] @ http://localhost:3000/_next/static/chunks/node_modules_next_dist_115brz8._.js:3318
[   36612ms] [ERROR] ./app/globals.css:4143:748
Parsing CSS source code failed
  4141 | ...
  4142 | ...
> 4143 | ...rgba(0, 0, 0, 0.28), rgba(0, 0, 0, 0.12) 38%, transparent 72% );
       |                                                                   ^
  4144 | ...
  4145 | ...
  4146 | ...

Unexpected token Semicolon

Generated code of PostCSS transform of file content of app/globals.css:
./app/globals.css:4143:748
  4141 | ...
  4142 | ...
> 4143 | ...rgba(0, 0, 0, 0.28), rgba(0, 0, 0, 0.12) 38%, transparent 72% );
       |                                                                   ^
  4144 | ...
  4145 | ...
  4146 | ...

Import trace:
  Client Component Browser:
    ./app/globals.css [Client Component Browser]
    ./app/layout.tsx [Server Component] @ http://localhost:3000/_next/static/chunks/node_modules_next_dist_115brz8._.js:3318
[   36673ms] [ERROR] ./app/globals.css:4143:748
Parsing CSS source code failed
  4141 | ...
  4142 | ...
> 4143 | ...rgba(0, 0, 0, 0.28), rgba(0, 0, 0, 0.12) 38%, transparent 72% );
       |                                                                   ^
  4144 | ...
  4145 | ...
  4146 | ...

Unexpected token Semicolon

Generated code of PostCSS transform of file content of app/globals.css:
./app/globals.css:4143:748
  4141 | ...
  4142 | ...
> 4143 | ...rgba(0, 0, 0, 0.28), rgba(0, 0, 0, 0.12) 38%, transparent 72% );
       |                                                                   ^
  4144 | ...
  4145 | ...
  4146 | ...

Import trace:
  Client Component Browser:
    ./app/globals.css [Client Component Browser]
    ./app/layout.tsx [Server Component] @ http://localhost:3000/_next/static/chunks/node_modules_next_dist_115brz8._.js:3318
[   36736ms] [ERROR] ./app/globals.css:4143:748
Parsing CSS source code failed
  4141 | ...
  4142 | ...
> 4143 | ...rgba(0, 0, 0, 0.28), rgba(0, 0, 0, 0.12) 38%, transparent 72% );
       |                                                                   ^
  4144 | ...
  4145 | ...
  4146 | ...

Unexpected token Semicolon

Generated code of PostCSS transform of file content of app/globals.css:
./app/globals.css:4143:748
  4141 | ...
  4142 | ...
> 4143 | ...rgba(0, 0, 0, 0.28), rgba(0, 0, 0, 0.12) 38%, transparent 72% );
       |                                                                   ^
  4144 | ...
  4145 | ...
  4146 | ...

Import trace:
  Client Component Browser:
    ./app/globals.css [Client Component Browser]
    ./app/layout.tsx [Server Component] @ http://localhost:3000/_next/static/chunks/node_modules_next_dist_115brz8._.js:3318
[   36798ms] [ERROR] ./app/globals.css:4143:748
Parsing CSS source code failed
  4141 | ...
  4142 | ...
> 4143 | ...rgba(0, 0, 0, 0.28), rgba(0, 0, 0, 0.12) 38%, transparent 72% );
       |                                                                   ^
  4144 | ...
  4145 | ...
  4146 | ...

Unexpected token Semicolon

Generated code of PostCSS transform of file content of app/globals.css:
./app/globals.css:4143:748
  4141 | ...
  4142 | ...
> 4143 | ...rgba(0, 0, 0, 0.28), rgba(0, 0, 0, 0.12) 38%, transparent 72% );
       |                                                                   ^
  4144 | ...
  4145 | ...
  4146 | ...

Import trace:
  Client Component Browser:
    ./app/globals.css [Client Component Browser]
    ./app/layout.tsx [Server Component] @ http://localhost:3000/_next/static/chunks/node_modules_next_dist_115brz8._.js:3318
[   36858ms] [ERROR] ./app/globals.css:4143:748
Parsing CSS source code failed
  4141 | ...
  4142 | ...
> 4143 | ...rgba(0, 0, 0, 0.28), rgba(0, 0, 0, 0.12) 38%, transparent 72% );
       |                                                                   ^
  4144 | ...
  4145 | ...
  4146 | ...

Unexpected token Semicolon

Generated code of PostCSS transform of file content of app/globals.css:
./app/globals.css:4143:748
  4141 | ...
  4142 | ...
> 4143 | ...rgba(0, 0, 0, 0.28), rgba(0, 0, 0, 0.12) 38%, transparent 72% );
       |                                                                   ^
  4144 | ...
  4145 | ...
  4146 | ...

Import trace:
  Client Component Browser:
    ./app/globals.css [Client Component Browser]
    ./app/layout.tsx [Server Component] @ http://localhost:3000/_next/static/chunks/node_modules_next_dist_115brz8._.js:3318
[   36920ms] [ERROR] ./app/globals.css:4143:748
Parsing CSS source code failed
  4141 | ...
  4142 | ...
> 4143 | ...rgba(0, 0, 0, 0.28), rgba(0, 0, 0, 0.12) 38%, transparent 72% );
       |                                                                   ^
  4144 | ...
  4145 | ...
  4146 | ...

Unexpected token Semicolon

Generated code of PostCSS transform of file content of app/globals.css:
./app/globals.css:4143:748
  4141 | ...
  4142 | ...
> 4143 | ...rgba(0, 0, 0, 0.28), rgba(0, 0, 0, 0.12) 38%, transparent 72% );
       |                                                                   ^
  4144 | ...
  4145 | ...
  4146 | ...

Import trace:
  Client Component Browser:
    ./app/globals.css [Client Component Browser]
    ./app/layout.tsx [Server Component] @ http://localhost:3000/_next/static/chunks/node_modules_next_dist_115brz8._.js:3318
[   36982ms] [ERROR] ./app/globals.css:4143:748
Parsing CSS source code failed
  4141 | ...
  4142 | ...
> 4143 | ...rgba(0, 0, 0, 0.28), rgba(0, 0, 0, 0.12) 38%, transparent 72% );
       |                                                                   ^
  4144 | ...
  4145 | ...
  4146 | ...

Unexpected token Semicolon

Generated code of PostCSS transform of file content of app/globals.css:
./app/globals.css:4143:748
  4141 | ...
  4142 | ...
> 4143 | ...rgba(0, 0, 0, 0.28), rgba(0, 0, 0, 0.12) 38%, transparent 72% );
       |                                                                   ^
  4144 | ...
  4145 | ...
  4146 | ...

Import trace:
  Client Component Browser:
    ./app/globals.css [Client Component Browser]
    ./app/layout.tsx [Server Component] @ http://localhost:3000/_next/static/chunks/node_modules_next_dist_115brz8._.js:3318
[   37044ms] [ERROR] ./app/globals.css:4143:748
Parsing CSS source code failed
  4141 | ...
  4142 | ...
> 4143 | ...rgba(0, 0, 0, 0.28), rgba(0, 0, 0, 0.12) 38%, transparent 72% );
       |                                                                   ^
  4144 | ...
  4145 | ...
  4146 | ...

Unexpected token Semicolon

Generated code of PostCSS transform of file content of app/globals.css:
./app/globals.css:4143:748
  4141 | ...
  4142 | ...
> 4143 | ...rgba(0, 0, 0, 0.28), rgba(0, 0, 0, 0.12) 38%, transparent 72% );
       |                                                                   ^
  4144 | ...
  4145 | ...
  4146 | ...

Import trace:
  Client Component Browser:
    ./app/globals.css [Client Component Browser]
    ./app/layout.tsx [Server Component] @ http://localhost:3000/_next/static/chunks/node_modules_next_dist_115brz8._.js:3318
[   37106ms] [ERROR] ./app/globals.css:4143:748
Parsing CSS source code failed
  4141 | ...
  4142 | ...
> 4143 | ...rgba(0, 0, 0, 0.28), rgba(0, 0, 0, 0.12) 38%, transparent 72% );
       |                                                                   ^
  4144 | ...
  4145 | ...
  4146 | ...

Unexpected token Semicolon

Generated code of PostCSS transform of file content of app/globals.css:
./app/globals.css:4143:748
  4141 | ...
  4142 | ...
> 4143 | ...rgba(0, 0, 0, 0.28), rgba(0, 0, 0, 0.12) 38%, transparent 72% );
       |                                                                   ^
  4144 | ...
  4145 | ...
  4146 | ...

Import trace:
  Client Component Browser:
    ./app/globals.css [Client Component Browser]
    ./app/layout.tsx [Server Component] @ http://localhost:3000/_next/static/chunks/node_modules_next_dist_115brz8._.js:3318
[   37167ms] [ERROR] ./app/globals.css:4143:748
Parsing CSS source code failed
  4141 | ...
  4142 | ...
> 4143 | ...rgba(0, 0, 0, 0.28), rgba(0, 0, 0, 0.12) 38%, transparent 72% );
       |                                                                   ^
  4144 | ...
  4145 | ...
  4146 | ...

Unexpected token Semicolon

Generated code of PostCSS transform of file content of app/globals.css:
./app/globals.css:4143:748
  4141 | ...
  4142 | ...
> 4143 | ...rgba(0, 0, 0, 0.28), rgba(0, 0, 0, 0.12) 38%, transparent 72% );
       |                                                                   ^
  4144 | ...
  4145 | ...
  4146 | ...

Import trace:
  Client Component Browser:
    ./app/globals.css [Client Component Browser]
    ./app/layout.tsx [Server Component] @ http://localhost:3000/_next/static/chunks/node_modules_next_dist_115brz8._.js:3318
[   37228ms] [ERROR] ./app/globals.css:4143:748
Parsing CSS source code failed
  4141 | ...
  4142 | ...
> 4143 | ...rgba(0, 0, 0, 0.28), rgba(0, 0, 0, 0.12) 38%, transparent 72% );
       |                                                                   ^
  4144 | ...
  4145 | ...
  4146 | ...

Unexpected token Semicolon

Generated code of PostCSS transform of file content of app/globals.css:
./app/globals.css:4143:748
  4141 | ...
  4142 | ...
> 4143 | ...rgba(0, 0, 0, 0.28), rgba(0, 0, 0, 0.12) 38%, transparent 72% );
       |                                                                   ^
  4144 | ...
  4145 | ...
  4146 | ...

Import trace:
  Client Component Browser:
    ./app/globals.css [Client Component Browser]
    ./app/layout.tsx [Server Component] @ http://localhost:3000/_next/static/chunks/node_modules_next_dist_115brz8._.js:3318
[   37289ms] [ERROR] ./app/globals.css:4143:748
Parsing CSS source code failed
  4141 | ...
  4142 | ...
> 4143 | ...rgba(0, 0, 0, 0.28), rgba(0, 0, 0, 0.12) 38%, transparent 72% );
       |                                                                   ^
  4144 | ...
  4145 | ...
  4146 | ...

Unexpected token Semicolon

Generated code of PostCSS transform of file content of app/globals.css:
./app/globals.css:4143:748
  4141 | ...
  4142 | ...
> 4143 | ...rgba(0, 0, 0, 0.28), rgba(0, 0, 0, 0.12) 38%, transparent 72% );
       |                                                                   ^
  4144 | ...
  4145 | ...
  4146 | ...

Import trace:
  Client Component Browser:
    ./app/globals.css [Client Component Browser]
    ./app/layout.tsx [Server Component] @ http://localhost:3000/_next/static/chunks/node_modules_next_dist_115brz8._.js:3318
[   37351ms] [ERROR] ./app/globals.css:4143:748
Parsing CSS source code failed
  4141 | ...
  4142 | ...
> 4143 | ...rgba(0, 0, 0, 0.28), rgba(0, 0, 0, 0.12) 38%, transparent 72% );
       |                                                                   ^
  4144 | ...
  4145 | ...
  4146 | ...

Unexpected token Semicolon

Generated code of PostCSS transform of file content of app/globals.css:
./app/globals.css:4143:748
  4141 | ...
  4142 | ...
> 4143 | ...rgba(0, 0, 0, 0.28), rgba(0, 0, 0, 0.12) 38%, transparent 72% );
       |                                                                   ^
  4144 | ...
  4145 | ...
  4146 | ...

Import trace:
  Client Component Browser:
    ./app/globals.css [Client Component Browser]
    ./app/layout.tsx [Server Component] @ http://localhost:3000/_next/static/chunks/node_modules_next_dist_115brz8._.js:3318
[   37413ms] [ERROR] ./app/globals.css:4143:748
Parsing CSS source code failed
  4141 | ...
  4142 | ...
> 4143 | ...rgba(0, 0, 0, 0.28), rgba(0, 0, 0, 0.12) 38%, transparent 72% );
       |                                                                   ^
  4144 | ...
  4145 | ...
  4146 | ...

Unexpected token Semicolon

Generated code of PostCSS transform of file content of app/globals.css:
./app/globals.css:4143:748
  4141 | ...
  4142 | ...
> 4143 | ...rgba(0, 0, 0, 0.28), rgba(0, 0, 0, 0.12) 38%, transparent 72% );
       |                                                                   ^
  4144 | ...
  4145 | ...
  4146 | ...

Import trace:
  Client Component Browser:
    ./app/globals.css [Client Component Browser]
    ./app/layout.tsx [Server Component] @ http://localhost:3000/_next/static/chunks/node_modules_next_dist_115brz8._.js:3318
[   37474ms] [ERROR] ./app/globals.css:4143:748
Parsing CSS source code failed
  4141 | ...
  4142 | ...
> 4143 | ...rgba(0, 0, 0, 0.28), rgba(0, 0, 0, 0.12) 38%, transparent 72% );
       |                                                                   ^
  4144 | ...
  4145 | ...
  4146 | ...

Unexpected token Semicolon

Generated code of PostCSS transform of file content of app/globals.css:
./app/globals.css:4143:748
  4141 | ...
  4142 | ...
> 4143 | ...rgba(0, 0, 0, 0.28), rgba(0, 0, 0, 0.12) 38%, transparent 72% );
       |                                                                   ^
  4144 | ...
  4145 | ...
  4146 | ...

Import trace:
  Client Component Browser:
    ./app/globals.css [Client Component Browser]
    ./app/layout.tsx [Server Component] @ http://localhost:3000/_next/static/chunks/node_modules_next_dist_115brz8._.js:3318
[   37536ms] [ERROR] ./app/globals.css:4143:748
Parsing CSS source code failed
  4141 | ...
  4142 | ...
> 4143 | ...rgba(0, 0, 0, 0.28), rgba(0, 0, 0, 0.12) 38%, transparent 72% );
       |                                                                   ^
  4144 | ...
  4145 | ...
  4146 | ...

Unexpected token Semicolon

Generated code of PostCSS transform of file content of app/globals.css:
./app/globals.css:4143:748
  4141 | ...
  4142 | ...
> 4143 | ...rgba(0, 0, 0, 0.28), rgba(0, 0, 0, 0.12) 38%, transparent 72% );
       |                                                                   ^
  4144 | ...
  4145 | ...
  4146 | ...

Import trace:
  Client Component Browser:
    ./app/globals.css [Client Component Browser]
    ./app/layout.tsx [Server Component] @ http://localhost:3000/_next/static/chunks/node_modules_next_dist_115brz8._.js:3318
[   37599ms] [ERROR] ./app/globals.css:4143:748
Parsing CSS source code failed
  4141 | ...
  4142 | ...
> 4143 | ...rgba(0, 0, 0, 0.28), rgba(0, 0, 0, 0.12) 38%, transparent 72% );
       |                                                                   ^
  4144 | ...
  4145 | ...
  4146 | ...

Unexpected token Semicolon

Generated code of PostCSS transform of file content of app/globals.css:
./app/globals.css:4143:748
  4141 | ...
  4142 | ...
> 4143 | ...rgba(0, 0, 0, 0.28), rgba(0, 0, 0, 0.12) 38%, transparent 72% );
       |                                                                   ^
  4144 | ...
  4145 | ...
  4146 | ...

Import trace:
  Client Component Browser:
    ./app/globals.css [Client Component Browser]
    ./app/layout.tsx [Server Component] @ http://localhost:3000/_next/static/chunks/node_modules_next_dist_115brz8._.js:3318
[   37662ms] [ERROR] ./app/globals.css:4143:748
Parsing CSS source code failed
  4141 | ...
  4142 | ...
> 4143 | ...rgba(0, 0, 0, 0.28), rgba(0, 0, 0, 0.12) 38%, transparent 72% );
       |                                                                   ^
  4144 | ...
  4145 | ...
  4146 | ...

Unexpected token Semicolon

Generated code of PostCSS transform of file content of app/globals.css:
./app/globals.css:4143:748
  4141 | ...
  4142 | ...
> 4143 | ...rgba(0, 0, 0, 0.28), rgba(0, 0, 0, 0.12) 38%, transparent 72% );
       |                                                                   ^
  4144 | ...
  4145 | ...
  4146 | ...

Import trace:
  Client Component Browser:
    ./app/globals.css [Client Component Browser]
    ./app/layout.tsx [Server Component] @ http://localhost:3000/_next/static/chunks/node_modules_next_dist_115brz8._.js:3318
[   37723ms] [ERROR] ./app/globals.css:4143:748
Parsing CSS source code failed
  4141 | ...
  4142 | ...
> 4143 | ...rgba(0, 0, 0, 0.28), rgba(0, 0, 0, 0.12) 38%, transparent 72% );
       |                                                                   ^
  4144 | ...
  4145 | ...
  4146 | ...

Unexpected token Semicolon

Generated code of PostCSS transform of file content of app/globals.css:
./app/globals.css:4143:748
  4141 | ...
  4142 | ...
> 4143 | ...rgba(0, 0, 0, 0.28), rgba(0, 0, 0, 0.12) 38%, transparent 72% );
       |                                                                   ^
  4144 | ...
  4145 | ...
  4146 | ...

Import trace:
  Client Component Browser:
    ./app/globals.css [Client Component Browser]
    ./app/layout.tsx [Server Component] @ http://localhost:3000/_next/static/chunks/node_modules_next_dist_115brz8._.js:3318
[   37784ms] [ERROR] ./app/globals.css:4143:748
Parsing CSS source code failed
  4141 | ...
  4142 | ...
> 4143 | ...rgba(0, 0, 0, 0.28), rgba(0, 0, 0, 0.12) 38%, transparent 72% );
       |                                                                   ^
  4144 | ...
  4145 | ...
  4146 | ...

Unexpected token Semicolon

Generated code of PostCSS transform of file content of app/globals.css:
./app/globals.css:4143:748
  4141 | ...
  4142 | ...
> 4143 | ...rgba(0, 0, 0, 0.28), rgba(0, 0, 0, 0.12) 38%, transparent 72% );
       |                                                                   ^
  4144 | ...
  4145 | ...
  4146 | ...

Import trace:
  Client Component Browser:
    ./app/globals.css [Client Component Browser]
    ./app/layout.tsx [Server Component] @ http://localhost:3000/_next/static/chunks/node_modules_next_dist_115brz8._.js:3318
[   37848ms] [ERROR] ./app/globals.css:4143:748
Parsing CSS source code failed
  4141 | ...
  4142 | ...
> 4143 | ...rgba(0, 0, 0, 0.28), rgba(0, 0, 0, 0.12) 38%, transparent 72% );
       |                                                                   ^
  4144 | ...
  4145 | ...
  4146 | ...

Unexpected token Semicolon

Generated code of PostCSS transform of file content of app/globals.css:
./app/globals.css:4143:748
  4141 | ...
  4142 | ...
> 4143 | ...rgba(0, 0, 0, 0.28), rgba(0, 0, 0, 0.12) 38%, transparent 72% );
       |                                                                   ^
  4144 | ...
  4145 | ...
  4146 | ...

Import trace:
  Client Component Browser:
    ./app/globals.css [Client Component Browser]
    ./app/layout.tsx [Server Component] @ http://localhost:3000/_next/static/chunks/node_modules_next_dist_115brz8._.js:3318
[   37910ms] [ERROR] ./app/globals.css:4143:748
Parsing CSS source code failed
  4141 | ...
  4142 | ...
> 4143 | ...rgba(0, 0, 0, 0.28), rgba(0, 0, 0, 0.12) 38%, transparent 72% );
       |                                                                   ^
  4144 | ...
  4145 | ...
  4146 | ...

Unexpected token Semicolon

Generated code of PostCSS transform of file content of app/globals.css:
./app/globals.css:4143:748
  4141 | ...
  4142 | ...
> 4143 | ...rgba(0, 0, 0, 0.28), rgba(0, 0, 0, 0.12) 38%, transparent 72% );
       |                                                                   ^
  4144 | ...
  4145 | ...
  4146 | ...

Import trace:
  Client Component Browser:
    ./app/globals.css [Client Component Browser]
    ./app/layout.tsx [Server Component] @ http://localhost:3000/_next/static/chunks/node_modules_next_dist_115brz8._.js:3318
[   37972ms] [ERROR] ./app/globals.css:4143:748
Parsing CSS source code failed
  4141 | ...
  4142 | ...
> 4143 | ...rgba(0, 0, 0, 0.28), rgba(0, 0, 0, 0.12) 38%, transparent 72% );
       |                                                                   ^
  4144 | ...
  4145 | ...
  4146 | ...

Unexpected token Semicolon

Generated code of PostCSS transform of file content of app/globals.css:
./app/globals.css:4143:748
  4141 | ...
  4142 | ...
> 4143 | ...rgba(0, 0, 0, 0.28), rgba(0, 0, 0, 0.12) 38%, transparent 72% );
       |                                                                   ^
  4144 | ...
  4145 | ...
  4146 | ...

Import trace:
  Client Component Browser:
    ./app/globals.css [Client Component Browser]
    ./app/layout.tsx [Server Component] @ http://localhost:3000/_next/static/chunks/node_modules_next_dist_115brz8._.js:3318
[   38034ms] [ERROR] ./app/globals.css:4143:748
Parsing CSS source code failed
  4141 | ...
  4142 | ...
> 4143 | ...rgba(0, 0, 0, 0.28), rgba(0, 0, 0, 0.12) 38%, transparent 72% );
       |                                                                   ^
  4144 | ...
  4145 | ...
  4146 | ...

Unexpected token Semicolon

Generated code of PostCSS transform of file content of app/globals.css:
./app/globals.css:4143:748
  4141 | ...
  4142 | ...
> 4143 | ...rgba(0, 0, 0, 0.28), rgba(0, 0, 0, 0.12) 38%, transparent 72% );
       |                                                                   ^
  4144 | ...
  4145 | ...
  4146 | ...

Import trace:
  Client Component Browser:
    ./app/globals.css [Client Component Browser]
    ./app/layout.tsx [Server Component] @ http://localhost:3000/_next/static/chunks/node_modules_next_dist_115brz8._.js:3318
[   38098ms] [ERROR] ./app/globals.css:4143:748
Parsing CSS source code failed
  4141 | ...
  4142 | ...
> 4143 | ...rgba(0, 0, 0, 0.28), rgba(0, 0, 0, 0.12) 38%, transparent 72% );
       |                                                                   ^
  4144 | ...
  4145 | ...
  4146 | ...

Unexpected token Semicolon

Generated code of PostCSS transform of file content of app/globals.css:
./app/globals.css:4143:748
  4141 | ...
  4142 | ...
> 4143 | ...rgba(0, 0, 0, 0.28), rgba(0, 0, 0, 0.12) 38%, transparent 72% );
       |                                                                   ^
  4144 | ...
  4145 | ...
  4146 | ...

Import trace:
  Client Component Browser:
    ./app/globals.css [Client Component Browser]
    ./app/layout.tsx [Server Component] @ http://localhost:3000/_next/static/chunks/node_modules_next_dist_115brz8._.js:3318
[   38159ms] [ERROR] ./app/globals.css:4143:748
Parsing CSS source code failed
  4141 | ...
  4142 | ...
> 4143 | ...rgba(0, 0, 0, 0.28), rgba(0, 0, 0, 0.12) 38%, transparent 72% );
       |                                                                   ^
  4144 | ...
  4145 | ...
  4146 | ...

Unexpected token Semicolon

Generated code of PostCSS transform of file content of app/globals.css:
./app/globals.css:4143:748
  4141 | ...
  4142 | ...
> 4143 | ...rgba(0, 0, 0, 0.28), rgba(0, 0, 0, 0.12) 38%, transparent 72% );
       |                                                                   ^
  4144 | ...
  4145 | ...
  4146 | ...

Import trace:
  Client Component Browser:
    ./app/globals.css [Client Component Browser]
    ./app/layout.tsx [Server Component] @ http://localhost:3000/_next/static/chunks/node_modules_next_dist_115brz8._.js:3318
[   38220ms] [ERROR] ./app/globals.css:4143:748
Parsing CSS source code failed
  4141 | ...
  4142 | ...
> 4143 | ...rgba(0, 0, 0, 0.28), rgba(0, 0, 0, 0.12) 38%, transparent 72% );
       |                                                                   ^
  4144 | ...
  4145 | ...
  4146 | ...

Unexpected token Semicolon

Generated code of PostCSS transform of file content of app/globals.css:
./app/globals.css:4143:748
  4141 | ...
  4142 | ...
> 4143 | ...rgba(0, 0, 0, 0.28), rgba(0, 0, 0, 0.12) 38%, transparent 72% );
       |                                                                   ^
  4144 | ...
  4145 | ...
  4146 | ...

Import trace:
  Client Component Browser:
    ./app/globals.css [Client Component Browser]
    ./app/layout.tsx [Server Component] @ http://localhost:3000/_next/static/chunks/node_modules_next_dist_115brz8._.js:3318
[   38282ms] [ERROR] ./app/globals.css:4143:748
Parsing CSS source code failed
  4141 | ...
  4142 | ...
> 4143 | ...rgba(0, 0, 0, 0.28), rgba(0, 0, 0, 0.12) 38%, transparent 72% );
       |                                                                   ^
  4144 | ...
  4145 | ...
  4146 | ...

Unexpected token Semicolon

Generated code of PostCSS transform of file content of app/globals.css:
./app/globals.css:4143:748
  4141 | ...
  4142 | ...
> 4143 | ...rgba(0, 0, 0, 0.28), rgba(0, 0, 0, 0.12) 38%, transparent 72% );
       |                                                                   ^
  4144 | ...
  4145 | ...
  4146 | ...

Import trace:
  Client Component Browser:
    ./app/globals.css [Client Component Browser]
    ./app/layout.tsx [Server Component] @ http://localhost:3000/_next/static/chunks/node_modules_next_dist_115brz8._.js:3318
[   38344ms] [ERROR] ./app/globals.css:4143:748
Parsing CSS source code failed
  4141 | ...
  4142 | ...
> 4143 | ...rgba(0, 0, 0, 0.28), rgba(0, 0, 0, 0.12) 38%, transparent 72% );
       |                                                                   ^
  4144 | ...
  4145 | ...
  4146 | ...

Unexpected token Semicolon

Generated code of PostCSS transform of file content of app/globals.css:
./app/globals.css:4143:748
  4141 | ...
  4142 | ...
> 4143 | ...rgba(0, 0, 0, 0.28), rgba(0, 0, 0, 0.12) 38%, transparent 72% );
       |                                                                   ^
  4144 | ...
  4145 | ...
  4146 | ...

Import trace:
  Client Component Browser:
    ./app/globals.css [Client Component Browser]
    ./app/layout.tsx [Server Component] @ http://localhost:3000/_next/static/chunks/node_modules_next_dist_115brz8._.js:3318
[   38406ms] [ERROR] ./app/globals.css:4143:748
Parsing CSS source code failed
  4141 | ...
  4142 | ...
> 4143 | ...rgba(0, 0, 0, 0.28), rgba(0, 0, 0, 0.12) 38%, transparent 72% );
       |                                                                   ^
  4144 | ...
  4145 | ...
  4146 | ...

Unexpected token Semicolon

Generated code of PostCSS transform of file content of app/globals.css:
./app/globals.css:4143:748
  4141 | ...
  4142 | ...
> 4143 | ...rgba(0, 0, 0, 0.28), rgba(0, 0, 0, 0.12) 38%, transparent 72% );
       |                                                                   ^
  4144 | ...
  4145 | ...
  4146 | ...

Import trace:
  Client Component Browser:
    ./app/globals.css [Client Component Browser]
    ./app/layout.tsx [Server Component] @ http://localhost:3000/_next/static/chunks/node_modules_next_dist_115brz8._.js:3318
[   38467ms] [ERROR] ./app/globals.css:4143:748
Parsing CSS source code failed
  4141 | ...
  4142 | ...
> 4143 | ...rgba(0, 0, 0, 0.28), rgba(0, 0, 0, 0.12) 38%, transparent 72% );
       |                                                                   ^
  4144 | ...
  4145 | ...
  4146 | ...

Unexpected token Semicolon

Generated code of PostCSS transform of file content of app/globals.css:
./app/globals.css:4143:748
  4141 | ...
  4142 | ...
> 4143 | ...rgba(0, 0, 0, 0.28), rgba(0, 0, 0, 0.12) 38%, transparent 72% );
       |                                                                   ^
  4144 | ...
  4145 | ...
  4146 | ...

Import trace:
  Client Component Browser:
    ./app/globals.css [Client Component Browser]
    ./app/layout.tsx [Server Component] @ http://localhost:3000/_next/static/chunks/node_modules_next_dist_115brz8._.js:3318
[   38529ms] [ERROR] ./app/globals.css:4143:748
Parsing CSS source code failed
  4141 | ...
  4142 | ...
> 4143 | ...rgba(0, 0, 0, 0.28), rgba(0, 0, 0, 0.12) 38%, transparent 72% );
       |                                                                   ^
  4144 | ...
  4145 | ...
  4146 | ...

Unexpected token Semicolon

Generated code of PostCSS transform of file content of app/globals.css:
./app/globals.css:4143:748
  4141 | ...
  4142 | ...
> 4143 | ...rgba(0, 0, 0, 0.28), rgba(0, 0, 0, 0.12) 38%, transparent 72% );
       |                                                                   ^
  4144 | ...
  4145 | ...
  4146 | ...

Import trace:
  Client Component Browser:
    ./app/globals.css [Client Component Browser]
    ./app/layout.tsx [Server Component] @ http://localhost:3000/_next/static/chunks/node_modules_next_dist_115brz8._.js:3318
[   38591ms] [ERROR] ./app/globals.css:4143:748
Parsing CSS source code failed
  4141 | ...
  4142 | ...
> 4143 | ...rgba(0, 0, 0, 0.28), rgba(0, 0, 0, 0.12) 38%, transparent 72% );
       |                                                                   ^
  4144 | ...
  4145 | ...
  4146 | ...

Unexpected token Semicolon

Generated code of PostCSS transform of file content of app/globals.css:
./app/globals.css:4143:748
  4141 | ...
  4142 | ...
> 4143 | ...rgba(0, 0, 0, 0.28), rgba(0, 0, 0, 0.12) 38%, transparent 72% );
       |                                                                   ^
  4144 | ...
  4145 | ...
  4146 | ...

Import trace:
  Client Component Browser:
    ./app/globals.css [Client Component Browser]
    ./app/layout.tsx [Server Component] @ http://localhost:3000/_next/static/chunks/node_modules_next_dist_115brz8._.js:3318
[   38653ms] [ERROR] ./app/globals.css:4143:748
Parsing CSS source code failed
  4141 | ...
  4142 | ...
> 4143 | ...rgba(0, 0, 0, 0.28), rgba(0, 0, 0, 0.12) 38%, transparent 72% );
       |                                                                   ^
  4144 | ...
  4145 | ...
  4146 | ...

Unexpected token Semicolon

Generated code of PostCSS transform of file content of app/globals.css:
./app/globals.css:4143:748
  4141 | ...
  4142 | ...
> 4143 | ...rgba(0, 0, 0, 0.28), rgba(0, 0, 0, 0.12) 38%, transparent 72% );
       |                                                                   ^
  4144 | ...
  4145 | ...
  4146 | ...

Import trace:
  Client Component Browser:
    ./app/globals.css [Client Component Browser]
    ./app/layout.tsx [Server Component] @ http://localhost:3000/_next/static/chunks/node_modules_next_dist_115brz8._.js:3318
[   38716ms] [ERROR] ./app/globals.css:4143:748
Parsing CSS source code failed
  4141 | ...
  4142 | ...
> 4143 | ...rgba(0, 0, 0, 0.28), rgba(0, 0, 0, 0.12) 38%, transparent 72% );
       |                                                                   ^
  4144 | ...
  4145 | ...
  4146 | ...

Unexpected token Semicolon

Generated code of PostCSS transform of file content of app/globals.css:
./app/globals.css:4143:748
  4141 | ...
  4142 | ...
> 4143 | ...rgba(0, 0, 0, 0.28), rgba(0, 0, 0, 0.12) 38%, transparent 72% );
       |                                                                   ^
  4144 | ...
  4145 | ...
  4146 | ...

Import trace:
  Client Component Browser:
    ./app/globals.css [Client Component Browser]
    ./app/layout.tsx [Server Component] @ http://localhost:3000/_next/static/chunks/node_modules_next_dist_115brz8._.js:3318
[   38778ms] [ERROR] ./app/globals.css:4143:748
Parsing CSS source code failed
  4141 | ...
  4142 | ...
> 4143 | ...rgba(0, 0, 0, 0.28), rgba(0, 0, 0, 0.12) 38%, transparent 72% );
       |                                                                   ^
  4144 | ...
  4145 | ...
  4146 | ...

Unexpected token Semicolon

Generated code of PostCSS transform of file content of app/globals.css:
./app/globals.css:4143:748
  4141 | ...
  4142 | ...
> 4143 | ...rgba(0, 0, 0, 0.28), rgba(0, 0, 0, 0.12) 38%, transparent 72% );
       |                                                                   ^
  4144 | ...
  4145 | ...
  4146 | ...

Import trace:
  Client Component Browser:
    ./app/globals.css [Client Component Browser]
    ./app/layout.tsx [Server Component] @ http://localhost:3000/_next/static/chunks/node_modules_next_dist_115brz8._.js:3318
[   38841ms] [ERROR] ./app/globals.css:4143:748
Parsing CSS source code failed
  4141 | ...
  4142 | ...
> 4143 | ...rgba(0, 0, 0, 0.28), rgba(0, 0, 0, 0.12) 38%, transparent 72% );
       |                                                                   ^
  4144 | ...
  4145 | ...
  4146 | ...

Unexpected token Semicolon

Generated code of PostCSS transform of file content of app/globals.css:
./app/globals.css:4143:748
  4141 | ...
  4142 | ...
> 4143 | ...rgba(0, 0, 0, 0.28), rgba(0, 0, 0, 0.12) 38%, transparent 72% );
       |                                                                   ^
  4144 | ...
  4145 | ...
  4146 | ...

Import trace:
  Client Component Browser:
    ./app/globals.css [Client Component Browser]
    ./app/layout.tsx [Server Component] @ http://localhost:3000/_next/static/chunks/node_modules_next_dist_115brz8._.js:3318
[   38903ms] [ERROR] ./app/globals.css:4143:748
Parsing CSS source code failed
  4141 | ...
  4142 | ...
> 4143 | ...rgba(0, 0, 0, 0.28), rgba(0, 0, 0, 0.12) 38%, transparent 72% );
       |                                                                   ^
  4144 | ...
  4145 | ...
  4146 | ...

Unexpected token Semicolon

Generated code of PostCSS transform of file content of app/globals.css:
./app/globals.css:4143:748
  4141 | ...
  4142 | ...
> 4143 | ...rgba(0, 0, 0, 0.28), rgba(0, 0, 0, 0.12) 38%, transparent 72% );
       |                                                                   ^
  4144 | ...
  4145 | ...
  4146 | ...

Import trace:
  Client Component Browser:
    ./app/globals.css [Client Component Browser]
    ./app/layout.tsx [Server Component] @ http://localhost:3000/_next/static/chunks/node_modules_next_dist_115brz8._.js:3318
[   38965ms] [ERROR] ./app/globals.css:4143:748
Parsing CSS source code failed
  4141 | ...
  4142 | ...
> 4143 | ...rgba(0, 0, 0, 0.28), rgba(0, 0, 0, 0.12) 38%, transparent 72% );
       |                                                                   ^
  4144 | ...
  4145 | ...
  4146 | ...

Unexpected token Semicolon

Generated code of PostCSS transform of file content of app/globals.css:
./app/globals.css:4143:748
  4141 | ...
  4142 | ...
> 4143 | ...rgba(0, 0, 0, 0.28), rgba(0, 0, 0, 0.12) 38%, transparent 72% );
       |                                                                   ^
  4144 | ...
  4145 | ...
  4146 | ...

Import trace:
  Client Component Browser:
    ./app/globals.css [Client Component Browser]
    ./app/layout.tsx [Server Component] @ http://localhost:3000/_next/static/chunks/node_modules_next_dist_115brz8._.js:3318
[   39028ms] [ERROR] ./app/globals.css:4143:748
Parsing CSS source code failed
  4141 | ...
  4142 | ...
> 4143 | ...rgba(0, 0, 0, 0.28), rgba(0, 0, 0, 0.12) 38%, transparent 72% );
       |                                                                   ^
  4144 | ...
  4145 | ...
  4146 | ...

Unexpected token Semicolon

Generated code of PostCSS transform of file content of app/globals.css:
./app/globals.css:4143:748
  4141 | ...
  4142 | ...
> 4143 | ...rgba(0, 0, 0, 0.28), rgba(0, 0, 0, 0.12) 38%, transparent 72% );
       |                                                                   ^
  4144 | ...
  4145 | ...
  4146 | ...

Import trace:
  Client Component Browser:
    ./app/globals.css [Client Component Browser]
    ./app/layout.tsx [Server Component] @ http://localhost:3000/_next/static/chunks/node_modules_next_dist_115brz8._.js:3318
[   39091ms] [ERROR] ./app/globals.css:4143:748
Parsing CSS source code failed
  4141 | ...
  4142 | ...
> 4143 | ...rgba(0, 0, 0, 0.28), rgba(0, 0, 0, 0.12) 38%, transparent 72% );
       |                                                                   ^
  4144 | ...
  4145 | ...
  4146 | ...

Unexpected token Semicolon

Generated code of PostCSS transform of file content of app/globals.css:
./app/globals.css:4143:748
  4141 | ...
  4142 | ...
> 4143 | ...rgba(0, 0, 0, 0.28), rgba(0, 0, 0, 0.12) 38%, transparent 72% );
       |                                                                   ^
  4144 | ...
  4145 | ...
  4146 | ...

Import trace:
  Client Component Browser:
    ./app/globals.css [Client Component Browser]
    ./app/layout.tsx [Server Component] @ http://localhost:3000/_next/static/chunks/node_modules_next_dist_115brz8._.js:3318
[   39153ms] [ERROR] ./app/globals.css:4143:748
Parsing CSS source code failed
  4141 | ...
  4142 | ...
> 4143 | ...rgba(0, 0, 0, 0.28), rgba(0, 0, 0, 0.12) 38%, transparent 72% );
       |                                                                   ^
  4144 | ...
  4145 | ...
  4146 | ...

Unexpected token Semicolon

Generated code of PostCSS transform of file content of app/globals.css:
./app/globals.css:4143:748
  4141 | ...
  4142 | ...
> 4143 | ...rgba(0, 0, 0, 0.28), rgba(0, 0, 0, 0.12) 38%, transparent 72% );
       |                                                                   ^
  4144 | ...
  4145 | ...
  4146 | ...

Import trace:
  Client Component Browser:
    ./app/globals.css [Client Component Browser]
    ./app/layout.tsx [Server Component] @ http://localhost:3000/_next/static/chunks/node_modules_next_dist_115brz8._.js:3318
[   39215ms] [ERROR] ./app/globals.css:4143:748
Parsing CSS source code failed
  4141 | ...
  4142 | ...
> 4143 | ...rgba(0, 0, 0, 0.28), rgba(0, 0, 0, 0.12) 38%, transparent 72% );
       |                                                                   ^
  4144 | ...
  4145 | ...
  4146 | ...

Unexpected token Semicolon

Generated code of PostCSS transform of file content of app/globals.css:
./app/globals.css:4143:748
  4141 | ...
  4142 | ...
> 4143 | ...rgba(0, 0, 0, 0.28), rgba(0, 0, 0, 0.12) 38%, transparent 72% );
       |                                                                   ^
  4144 | ...
  4145 | ...
  4146 | ...

Import trace:
  Client Component Browser:
    ./app/globals.css [Client Component Browser]
    ./app/layout.tsx [Server Component] @ http://localhost:3000/_next/static/chunks/node_modules_next_dist_115brz8._.js:3318
[   39277ms] [ERROR] ./app/globals.css:4143:748
Parsing CSS source code failed
  4141 | ...
  4142 | ...
> 4143 | ...rgba(0, 0, 0, 0.28), rgba(0, 0, 0, 0.12) 38%, transparent 72% );
       |                                                                   ^
  4144 | ...
  4145 | ...
  4146 | ...

Unexpected token Semicolon

Generated code of PostCSS transform of file content of app/globals.css:
./app/globals.css:4143:748
  4141 | ...
  4142 | ...
> 4143 | ...rgba(0, 0, 0, 0.28), rgba(0, 0, 0, 0.12) 38%, transparent 72% );
       |                                                                   ^
  4144 | ...
  4145 | ...
  4146 | ...

Import trace:
  Client Component Browser:
    ./app/globals.css [Client Component Browser]
    ./app/layout.tsx [Server Component] @ http://localhost:3000/_next/static/chunks/node_modules_next_dist_115brz8._.js:3318
[   39337ms] [ERROR] ./app/globals.css:4143:748
Parsing CSS source code failed
  4141 | ...
  4142 | ...
> 4143 | ...rgba(0, 0, 0, 0.28), rgba(0, 0, 0, 0.12) 38%, transparent 72% );
       |                                                                   ^
  4144 | ...
  4145 | ...
  4146 | ...

Unexpected token Semicolon

Generated code of PostCSS transform of file content of app/globals.css:
./app/globals.css:4143:748
  4141 | ...
  4142 | ...
> 4143 | ...rgba(0, 0, 0, 0.28), rgba(0, 0, 0, 0.12) 38%, transparent 72% );
       |                                                                   ^
  4144 | ...
  4145 | ...
  4146 | ...

Import trace:
  Client Component Browser:
    ./app/globals.css [Client Component Browser]
    ./app/layout.tsx [Server Component] @ http://localhost:3000/_next/static/chunks/node_modules_next_dist_115brz8._.js:3318
[   39400ms] [ERROR] ./app/globals.css:4143:748
Parsing CSS source code failed
  4141 | ...
  4142 | ...
> 4143 | ...rgba(0, 0, 0, 0.28), rgba(0, 0, 0, 0.12) 38%, transparent 72% );
       |                                                                   ^
  4144 | ...
  4145 | ...
  4146 | ...

Unexpected token Semicolon

Generated code of PostCSS transform of file content of app/globals.css:
./app/globals.css:4143:748
  4141 | ...
  4142 | ...
> 4143 | ...rgba(0, 0, 0, 0.28), rgba(0, 0, 0, 0.12) 38%, transparent 72% );
       |                                                                   ^
  4144 | ...
  4145 | ...
  4146 | ...

Import trace:
  Client Component Browser:
    ./app/globals.css [Client Component Browser]
    ./app/layout.tsx [Server Component] @ http://localhost:3000/_next/static/chunks/node_modules_next_dist_115brz8._.js:3318
[   39463ms] [ERROR] ./app/globals.css:4143:748
Parsing CSS source code failed
  4141 | ...
  4142 | ...
> 4143 | ...rgba(0, 0, 0, 0.28), rgba(0, 0, 0, 0.12) 38%, transparent 72% );
       |                                                                   ^
  4144 | ...
  4145 | ...
  4146 | ...

Unexpected token Semicolon

Generated code of PostCSS transform of file content of app/globals.css:
./app/globals.css:4143:748
  4141 | ...
  4142 | ...
> 4143 | ...rgba(0, 0, 0, 0.28), rgba(0, 0, 0, 0.12) 38%, transparent 72% );
       |                                                                   ^
  4144 | ...
  4145 | ...
  4146 | ...

Import trace:
  Client Component Browser:
    ./app/globals.css [Client Component Browser]
    ./app/layout.tsx [Server Component] @ http://localhost:3000/_next/static/chunks/node_modules_next_dist_115brz8._.js:3318
[   39524ms] [ERROR] ./app/globals.css:4143:748
Parsing CSS source code failed
  4141 | ...
  4142 | ...
> 4143 | ...rgba(0, 0, 0, 0.28), rgba(0, 0, 0, 0.12) 38%, transparent 72% );
       |                                                                   ^
  4144 | ...
  4145 | ...
  4146 | ...

Unexpected token Semicolon

Generated code of PostCSS transform of file content of app/globals.css:
./app/globals.css:4143:748
  4141 | ...
  4142 | ...
> 4143 | ...rgba(0, 0, 0, 0.28), rgba(0, 0, 0, 0.12) 38%, transparent 72% );
       |                                                                   ^
  4144 | ...
  4145 | ...
  4146 | ...

Import trace:
  Client Component Browser:
    ./app/globals.css [Client Component Browser]
    ./app/layout.tsx [Server Component] @ http://localhost:3000/_next/static/chunks/node_modules_next_dist_115brz8._.js:3318
[   39583ms] [ERROR] ./app/globals.css:4143:748
Parsing CSS source code failed
  4141 | ...
  4142 | ...
> 4143 | ...rgba(0, 0, 0, 0.28), rgba(0, 0, 0, 0.12) 38%, transparent 72% );
       |                                                                   ^
  4144 | ...
  4145 | ...
  4146 | ...

Unexpected token Semicolon

Generated code of PostCSS transform of file content of app/globals.css:
./app/globals.css:4143:748
  4141 | ...
  4142 | ...
> 4143 | ...rgba(0, 0, 0, 0.28), rgba(0, 0, 0, 0.12) 38%, transparent 72% );
       |                                                                   ^
  4144 | ...
  4145 | ...
  4146 | ...

Import trace:
  Client Component Browser:
    ./app/globals.css [Client Component Browser]
    ./app/layout.tsx [Server Component] @ http://localhost:3000/_next/static/chunks/node_modules_next_dist_115brz8._.js:3318
[   39644ms] [ERROR] ./app/globals.css:4143:748
Parsing CSS source code failed
  4141 | ...
  4142 | ...
> 4143 | ...rgba(0, 0, 0, 0.28), rgba(0, 0, 0, 0.12) 38%, transparent 72% );
       |                                                                   ^
  4144 | ...
  4145 | ...
  4146 | ...

Unexpected token Semicolon

Generated code of PostCSS transform of file content of app/globals.css:
./app/globals.css:4143:748
  4141 | ...
  4142 | ...
> 4143 | ...rgba(0, 0, 0, 0.28), rgba(0, 0, 0, 0.12) 38%, transparent 72% );
       |                                                                   ^
  4144 | ...
  4145 | ...
  4146 | ...

Import trace:
  Client Component Browser:
    ./app/globals.css [Client Component Browser]
    ./app/layout.tsx [Server Component] @ http://localhost:3000/_next/static/chunks/node_modules_next_dist_115brz8._.js:3318
[   39707ms] [ERROR] ./app/globals.css:4143:748
Parsing CSS source code failed
  4141 | ...
  4142 | ...
> 4143 | ...rgba(0, 0, 0, 0.28), rgba(0, 0, 0, 0.12) 38%, transparent 72% );
       |                                                                   ^
  4144 | ...
  4145 | ...
  4146 | ...

Unexpected token Semicolon

Generated code of PostCSS transform of file content of app/globals.css:
./app/globals.css:4143:748
  4141 | ...
  4142 | ...
> 4143 | ...rgba(0, 0, 0, 0.28), rgba(0, 0, 0, 0.12) 38%, transparent 72% );
       |                                                                   ^
  4144 | ...
  4145 | ...
  4146 | ...

Import trace:
  Client Component Browser:
    ./app/globals.css [Client Component Browser]
    ./app/layout.tsx [Server Component] @ http://localhost:3000/_next/static/chunks/node_modules_next_dist_115brz8._.js:3318
[   39766ms] [ERROR] ./app/globals.css:4143:748
Parsing CSS source code failed
  4141 | ...
  4142 | ...
> 4143 | ...rgba(0, 0, 0, 0.28), rgba(0, 0, 0, 0.12) 38%, transparent 72% );
       |                                                                   ^
  4144 | ...
  4145 | ...
  4146 | ...

Unexpected token Semicolon

Generated code of PostCSS transform of file content of app/globals.css:
./app/globals.css:4143:748
  4141 | ...
  4142 | ...
> 4143 | ...rgba(0, 0, 0, 0.28), rgba(0, 0, 0, 0.12) 38%, transparent 72% );
       |                                                                   ^
  4144 | ...
  4145 | ...
  4146 | ...

Import trace:
  Client Component Browser:
    ./app/globals.css [Client Component Browser]
    ./app/layout.tsx [Server Component] @ http://localhost:3000/_next/static/chunks/node_modules_next_dist_115brz8._.js:3318
[   39829ms] [ERROR] ./app/globals.css:4143:748
Parsing CSS source code failed
  4141 | ...
  4142 | ...
> 4143 | ...rgba(0, 0, 0, 0.28), rgba(0, 0, 0, 0.12) 38%, transparent 72% );
       |                                                                   ^
  4144 | ...
  4145 | ...
  4146 | ...

Unexpected token Semicolon

Generated code of PostCSS transform of file content of app/globals.css:
./app/globals.css:4143:748
  4141 | ...
  4142 | ...
> 4143 | ...rgba(0, 0, 0, 0.28), rgba(0, 0, 0, 0.12) 38%, transparent 72% );
       |                                                                   ^
  4144 | ...
  4145 | ...
  4146 | ...

Import trace:
  Client Component Browser:
    ./app/globals.css [Client Component Browser]
    ./app/layout.tsx [Server Component] @ http://localhost:3000/_next/static/chunks/node_modules_next_dist_115brz8._.js:3318
[   39890ms] [ERROR] ./app/globals.css:4143:748
Parsing CSS source code failed
  4141 | ...
  4142 | ...
> 4143 | ...rgba(0, 0, 0, 0.28), rgba(0, 0, 0, 0.12) 38%, transparent 72% );
       |                                                                   ^
  4144 | ...
  4145 | ...
  4146 | ...

Unexpected token Semicolon

Generated code of PostCSS transform of file content of app/globals.css:
./app/globals.css:4143:748
  4141 | ...
  4142 | ...
> 4143 | ...rgba(0, 0, 0, 0.28), rgba(0, 0, 0, 0.12) 38%, transparent 72% );
       |                                                                   ^
  4144 | ...
  4145 | ...
  4146 | ...

Import trace:
  Client Component Browser:
    ./app/globals.css [Client Component Browser]
    ./app/layout.tsx [Server Component] @ http://localhost:3000/_next/static/chunks/node_modules_next_dist_115brz8._.js:3318
[   39952ms] [ERROR] ./app/globals.css:4143:748
Parsing CSS source code failed
  4141 | ...
  4142 | ...
> 4143 | ...rgba(0, 0, 0, 0.28), rgba(0, 0, 0, 0.12) 38%, transparent 72% );
       |                                                                   ^
  4144 | ...
  4145 | ...
  4146 | ...

Unexpected token Semicolon

Generated code of PostCSS transform of file content of app/globals.css:
./app/globals.css:4143:748
  4141 | ...
  4142 | ...
> 4143 | ...rgba(0, 0, 0, 0.28), rgba(0, 0, 0, 0.12) 38%, transparent 72% );
       |                                                                   ^
  4144 | ...
  4145 | ...
  4146 | ...

Import trace:
  Client Component Browser:
    ./app/globals.css [Client Component Browser]
    ./app/layout.tsx [Server Component] @ http://localhost:3000/_next/static/chunks/node_modules_next_dist_115brz8._.js:3318
[   40015ms] [ERROR] ./app/globals.css:4143:748
Parsing CSS source code failed
  4141 | ...
  4142 | ...
> 4143 | ...rgba(0, 0, 0, 0.28), rgba(0, 0, 0, 0.12) 38%, transparent 72% );
       |                                                                   ^
  4144 | ...
  4145 | ...
  4146 | ...

Unexpected token Semicolon

Generated code of PostCSS transform of file content of app/globals.css:
./app/globals.css:4143:748
  4141 | ...
  4142 | ...
> 4143 | ...rgba(0, 0, 0, 0.28), rgba(0, 0, 0, 0.12) 38%, transparent 72% );
       |                                                                   ^
  4144 | ...
  4145 | ...
  4146 | ...

Import trace:
  Client Component Browser:
    ./app/globals.css [Client Component Browser]
    ./app/layout.tsx [Server Component] @ http://localhost:3000/_next/static/chunks/node_modules_next_dist_115brz8._.js:3318
[   40078ms] [ERROR] ./app/globals.css:4143:748
Parsing CSS source code failed
  4141 | ...
  4142 | ...
> 4143 | ...rgba(0, 0, 0, 0.28), rgba(0, 0, 0, 0.12) 38%, transparent 72% );
       |                                                                   ^
  4144 | ...
  4145 | ...
  4146 | ...

Unexpected token Semicolon

Generated code of PostCSS transform of file content of app/globals.css:
./app/globals.css:4143:748
  4141 | ...
  4142 | ...
> 4143 | ...rgba(0, 0, 0, 0.28), rgba(0, 0, 0, 0.12) 38%, transparent 72% );
       |                                                                   ^
  4144 | ...
  4145 | ...
  4146 | ...

Import trace:
  Client Component Browser:
    ./app/globals.css [Client Component Browser]
    ./app/layout.tsx [Server Component] @ http://localhost:3000/_next/static/chunks/node_modules_next_dist_115brz8._.js:3318
[   40138ms] [ERROR] ./app/globals.css:4143:748
Parsing CSS source code failed
  4141 | ...
  4142 | ...
> 4143 | ...rgba(0, 0, 0, 0.28), rgba(0, 0, 0, 0.12) 38%, transparent 72% );
       |                                                                   ^
  4144 | ...
  4145 | ...
  4146 | ...

Unexpected token Semicolon

Generated code of PostCSS transform of file content of app/globals.css:
./app/globals.css:4143:748
  4141 | ...
  4142 | ...
> 4143 | ...rgba(0, 0, 0, 0.28), rgba(0, 0, 0, 0.12) 38%, transparent 72% );
       |                                                                   ^
  4144 | ...
  4145 | ...
  4146 | ...

Import trace:
  Client Component Browser:
    ./app/globals.css [Client Component Browser]
    ./app/layout.tsx [Server Component] @ http://localhost:3000/_next/static/chunks/node_modules_next_dist_115brz8._.js:3318
[   40200ms] [ERROR] ./app/globals.css:4143:748
Parsing CSS source code failed
  4141 | ...
  4142 | ...
> 4143 | ...rgba(0, 0, 0, 0.28), rgba(0, 0, 0, 0.12) 38%, transparent 72% );
       |                                                                   ^
  4144 | ...
  4145 | ...
  4146 | ...

Unexpected token Semicolon

Generated code of PostCSS transform of file content of app/globals.css:
./app/globals.css:4143:748
  4141 | ...
  4142 | ...
> 4143 | ...rgba(0, 0, 0, 0.28), rgba(0, 0, 0, 0.12) 38%, transparent 72% );
       |                                                                   ^
  4144 | ...
  4145 | ...
  4146 | ...

Import trace:
  Client Component Browser:
    ./app/globals.css [Client Component Browser]
    ./app/layout.tsx [Server Component] @ http://localhost:3000/_next/static/chunks/node_modules_next_dist_115brz8._.js:3318
[   40261ms] [ERROR] ./app/globals.css:4143:748
Parsing CSS source code failed
  4141 | ...
  4142 | ...
> 4143 | ...rgba(0, 0, 0, 0.28), rgba(0, 0, 0, 0.12) 38%, transparent 72% );
       |                                                                   ^
  4144 | ...
  4145 | ...
  4146 | ...

Unexpected token Semicolon

Generated code of PostCSS transform of file content of app/globals.css:
./app/globals.css:4143:748
  4141 | ...
  4142 | ...
> 4143 | ...rgba(0, 0, 0, 0.28), rgba(0, 0, 0, 0.12) 38%, transparent 72% );
       |                                                                   ^
  4144 | ...
  4145 | ...
  4146 | ...

Import trace:
  Client Component Browser:
    ./app/globals.css [Client Component Browser]
    ./app/layout.tsx [Server Component] @ http://localhost:3000/_next/static/chunks/node_modules_next_dist_115brz8._.js:3318
[   40323ms] [ERROR] ./app/globals.css:4143:748
Parsing CSS source code failed
  4141 | ...
  4142 | ...
> 4143 | ...rgba(0, 0, 0, 0.28), rgba(0, 0, 0, 0.12) 38%, transparent 72% );
       |                                                                   ^
  4144 | ...
  4145 | ...
  4146 | ...

Unexpected token Semicolon

Generated code of PostCSS transform of file content of app/globals.css:
./app/globals.css:4143:748
  4141 | ...
  4142 | ...
> 4143 | ...rgba(0, 0, 0, 0.28), rgba(0, 0, 0, 0.12) 38%, transparent 72% );
       |                                                                   ^
  4144 | ...
  4145 | ...
  4146 | ...

Import trace:
  Client Component Browser:
    ./app/globals.css [Client Component Browser]
    ./app/layout.tsx [Server Component] @ http://localhost:3000/_next/static/chunks/node_modules_next_dist_115brz8._.js:3318
[   40384ms] [ERROR] ./app/globals.css:4143:748
Parsing CSS source code failed
  4141 | ...
  4142 | ...
> 4143 | ...rgba(0, 0, 0, 0.28), rgba(0, 0, 0, 0.12) 38%, transparent 72% );
       |                                                                   ^
  4144 | ...
  4145 | ...
  4146 | ...

Unexpected token Semicolon

Generated code of PostCSS transform of file content of app/globals.css:
./app/globals.css:4143:748
  4141 | ...
  4142 | ...
> 4143 | ...rgba(0, 0, 0, 0.28), rgba(0, 0, 0, 0.12) 38%, transparent 72% );
       |                                                                   ^
  4144 | ...
  4145 | ...
  4146 | ...

Import trace:
  Client Component Browser:
    ./app/globals.css [Client Component Browser]
    ./app/layout.tsx [Server Component] @ http://localhost:3000/_next/static/chunks/node_modules_next_dist_115brz8._.js:3318
[   40446ms] [ERROR] ./app/globals.css:4143:748
Parsing CSS source code failed
  4141 | ...
  4142 | ...
> 4143 | ...rgba(0, 0, 0, 0.28), rgba(0, 0, 0, 0.12) 38%, transparent 72% );
       |                                                                   ^
  4144 | ...
  4145 | ...
  4146 | ...

Unexpected token Semicolon

Generated code of PostCSS transform of file content of app/globals.css:
./app/globals.css:4143:748
  4141 | ...
  4142 | ...
> 4143 | ...rgba(0, 0, 0, 0.28), rgba(0, 0, 0, 0.12) 38%, transparent 72% );
       |                                                                   ^
  4144 | ...
  4145 | ...
  4146 | ...

Import trace:
  Client Component Browser:
    ./app/globals.css [Client Component Browser]
    ./app/layout.tsx [Server Component] @ http://localhost:3000/_next/static/chunks/node_modules_next_dist_115brz8._.js:3318
[   40508ms] [ERROR] ./app/globals.css:4143:748
Parsing CSS source code failed
  4141 | ...
  4142 | ...
> 4143 | ...rgba(0, 0, 0, 0.28), rgba(0, 0, 0, 0.12) 38%, transparent 72% );
       |                                                                   ^
  4144 | ...
  4145 | ...
  4146 | ...

Unexpected token Semicolon

Generated code of PostCSS transform of file content of app/globals.css:
./app/globals.css:4143:748
  4141 | ...
  4142 | ...
> 4143 | ...rgba(0, 0, 0, 0.28), rgba(0, 0, 0, 0.12) 38%, transparent 72% );
       |                                                                   ^
  4144 | ...
  4145 | ...
  4146 | ...

Import trace:
  Client Component Browser:
    ./app/globals.css [Client Component Browser]
    ./app/layout.tsx [Server Component] @ http://localhost:3000/_next/static/chunks/node_modules_next_dist_115brz8._.js:3318
[   40574ms] [ERROR] ./app/globals.css:4143:748
Parsing CSS source code failed
  4141 | ...
  4142 | ...
> 4143 | ...rgba(0, 0, 0, 0.28), rgba(0, 0, 0, 0.12) 38%, transparent 72% );
       |                                                                   ^
  4144 | ...
  4145 | ...
  4146 | ...

Unexpected token Semicolon

Generated code of PostCSS transform of file content of app/globals.css:
./app/globals.css:4143:748
  4141 | ...
  4142 | ...
> 4143 | ...rgba(0, 0, 0, 0.28), rgba(0, 0, 0, 0.12) 38%, transparent 72% );
       |                                                                   ^
  4144 | ...
  4145 | ...
  4146 | ...

Import trace:
  Client Component Browser:
    ./app/globals.css [Client Component Browser]
    ./app/layout.tsx [Server Component] @ http://localhost:3000/_next/static/chunks/node_modules_next_dist_115brz8._.js:3318
[   40634ms] [ERROR] ./app/globals.css:4143:748
Parsing CSS source code failed
  4141 | ...
  4142 | ...
> 4143 | ...rgba(0, 0, 0, 0.28), rgba(0, 0, 0, 0.12) 38%, transparent 72% );
       |                                                                   ^
  4144 | ...
  4145 | ...
  4146 | ...

Unexpected token Semicolon

Generated code of PostCSS transform of file content of app/globals.css:
./app/globals.css:4143:748
  4141 | ...
  4142 | ...
> 4143 | ...rgba(0, 0, 0, 0.28), rgba(0, 0, 0, 0.12) 38%, transparent 72% );
       |                                                                   ^
  4144 | ...
  4145 | ...
  4146 | ...

Import trace:
  Client Component Browser:
    ./app/globals.css [Client Component Browser]
    ./app/layout.tsx [Server Component] @ http://localhost:3000/_next/static/chunks/node_modules_next_dist_115brz8._.js:3318
[   40698ms] [ERROR] ./app/globals.css:4143:748
Parsing CSS source code failed
  4141 | ...
  4142 | ...
> 4143 | ...rgba(0, 0, 0, 0.28), rgba(0, 0, 0, 0.12) 38%, transparent 72% );
       |                                                                   ^
  4144 | ...
  4145 | ...
  4146 | ...

Unexpected token Semicolon

Generated code of PostCSS transform of file content of app/globals.css:
./app/globals.css:4143:748
  4141 | ...
  4142 | ...
> 4143 | ...rgba(0, 0, 0, 0.28), rgba(0, 0, 0, 0.12) 38%, transparent 72% );
       |                                                                   ^
  4144 | ...
  4145 | ...
  4146 | ...

Import trace:
  Client Component Browser:
    ./app/globals.css [Client Component Browser]
    ./app/layout.tsx [Server Component] @ http://localhost:3000/_next/static/chunks/node_modules_next_dist_115brz8._.js:3318
[   40758ms] [ERROR] ./app/globals.css:4143:748
Parsing CSS source code failed
  4141 | ...
  4142 | ...
> 4143 | ...rgba(0, 0, 0, 0.28), rgba(0, 0, 0, 0.12) 38%, transparent 72% );
       |                                                                   ^
  4144 | ...
  4145 | ...
  4146 | ...

Unexpected token Semicolon

Generated code of PostCSS transform of file content of app/globals.css:
./app/globals.css:4143:748
  4141 | ...
  4142 | ...
> 4143 | ...rgba(0, 0, 0, 0.28), rgba(0, 0, 0, 0.12) 38%, transparent 72% );
       |                                                                   ^
  4144 | ...
  4145 | ...
  4146 | ...

Import trace:
  Client Component Browser:
    ./app/globals.css [Client Component Browser]
    ./app/layout.tsx [Server Component] @ http://localhost:3000/_next/static/chunks/node_modules_next_dist_115brz8._.js:3318
[   40820ms] [ERROR] ./app/globals.css:4143:748
Parsing CSS source code failed
  4141 | ...
  4142 | ...
> 4143 | ...rgba(0, 0, 0, 0.28), rgba(0, 0, 0, 0.12) 38%, transparent 72% );
       |                                                                   ^
  4144 | ...
  4145 | ...
  4146 | ...

Unexpected token Semicolon

Generated code of PostCSS transform of file content of app/globals.css:
./app/globals.css:4143:748
  4141 | ...
  4142 | ...
> 4143 | ...rgba(0, 0, 0, 0.28), rgba(0, 0, 0, 0.12) 38%, transparent 72% );
       |                                                                   ^
  4144 | ...
  4145 | ...
  4146 | ...

Import trace:
  Client Component Browser:
    ./app/globals.css [Client Component Browser]
    ./app/layout.tsx [Server Component] @ http://localhost:3000/_next/static/chunks/node_modules_next_dist_115brz8._.js:3318
[   40883ms] [ERROR] ./app/globals.css:4143:748
Parsing CSS source code failed
  4141 | ...
  4142 | ...
> 4143 | ...rgba(0, 0, 0, 0.28), rgba(0, 0, 0, 0.12) 38%, transparent 72% );
       |                                                                   ^
  4144 | ...
  4145 | ...
  4146 | ...

Unexpected token Semicolon

Generated code of PostCSS transform of file content of app/globals.css:
./app/globals.css:4143:748
  4141 | ...
  4142 | ...
> 4143 | ...rgba(0, 0, 0, 0.28), rgba(0, 0, 0, 0.12) 38%, transparent 72% );
       |                                                                   ^
  4144 | ...
  4145 | ...
  4146 | ...

Import trace:
  Client Component Browser:
    ./app/globals.css [Client Component Browser]
    ./app/layout.tsx [Server Component] @ http://localhost:3000/_next/static/chunks/node_modules_next_dist_115brz8._.js:3318
[   40946ms] [ERROR] ./app/globals.css:4143:748
Parsing CSS source code failed
  4141 | ...
  4142 | ...
> 4143 | ...rgba(0, 0, 0, 0.28), rgba(0, 0, 0, 0.12) 38%, transparent 72% );
       |                                                                   ^
  4144 | ...
  4145 | ...
  4146 | ...

Unexpected token Semicolon

Generated code of PostCSS transform of file content of app/globals.css:
./app/globals.css:4143:748
  4141 | ...
  4142 | ...
> 4143 | ...rgba(0, 0, 0, 0.28), rgba(0, 0, 0, 0.12) 38%, transparent 72% );
       |                                                                   ^
  4144 | ...
  4145 | ...
  4146 | ...

Import trace:
  Client Component Browser:
    ./app/globals.css [Client Component Browser]
    ./app/layout.tsx [Server Component] @ http://localhost:3000/_next/static/chunks/node_modules_next_dist_115brz8._.js:3318
[   41011ms] [ERROR] ./app/globals.css:4143:748
Parsing CSS source code failed
  4141 | ...
  4142 | ...
> 4143 | ...rgba(0, 0, 0, 0.28), rgba(0, 0, 0, 0.12) 38%, transparent 72% );
       |                                                                   ^
  4144 | ...
  4145 | ...
  4146 | ...

Unexpected token Semicolon

Generated code of PostCSS transform of file content of app/globals.css:
./app/globals.css:4143:748
  4141 | ...
  4142 | ...
> 4143 | ...rgba(0, 0, 0, 0.28), rgba(0, 0, 0, 0.12) 38%, transparent 72% );
       |                                                                   ^
  4144 | ...
  4145 | ...
  4146 | ...

Import trace:
  Client Component Browser:
    ./app/globals.css [Client Component Browser]
    ./app/layout.tsx [Server Component] @ http://localhost:3000/_next/static/chunks/node_modules_next_dist_115brz8._.js:3318
[   41069ms] [ERROR] ./app/globals.css:4143:748
Parsing CSS source code failed
  4141 | ...
  4142 | ...
> 4143 | ...rgba(0, 0, 0, 0.28), rgba(0, 0, 0, 0.12) 38%, transparent 72% );
       |                                                                   ^
  4144 | ...
  4145 | ...
  4146 | ...

Unexpected token Semicolon

Generated code of PostCSS transform of file content of app/globals.css:
./app/globals.css:4143:748
  4141 | ...
  4142 | ...
> 4143 | ...rgba(0, 0, 0, 0.28), rgba(0, 0, 0, 0.12) 38%, transparent 72% );
       |                                                                   ^
  4144 | ...
  4145 | ...
  4146 | ...

Import trace:
  Client Component Browser:
    ./app/globals.css [Client Component Browser]
    ./app/layout.tsx [Server Component] @ http://localhost:3000/_next/static/chunks/node_modules_next_dist_115brz8._.js:3318
[   41131ms] [ERROR] ./app/globals.css:4143:748
Parsing CSS source code failed
  4141 | ...
  4142 | ...
> 4143 | ...rgba(0, 0, 0, 0.28), rgba(0, 0, 0, 0.12) 38%, transparent 72% );
       |                                                                   ^
  4144 | ...
  4145 | ...
  4146 | ...

Unexpected token Semicolon

Generated code of PostCSS transform of file content of app/globals.css:
./app/globals.css:4143:748
  4141 | ...
  4142 | ...
> 4143 | ...rgba(0, 0, 0, 0.28), rgba(0, 0, 0, 0.12) 38%, transparent 72% );
       |                                                                   ^
  4144 | ...
  4145 | ...
  4146 | ...

Import trace:
  Client Component Browser:
    ./app/globals.css [Client Component Browser]
    ./app/layout.tsx [Server Component] @ http://localhost:3000/_next/static/chunks/node_modules_next_dist_115brz8._.js:3318
[   41192ms] [ERROR] ./app/globals.css:4143:748
Parsing CSS source code failed
  4141 | ...
  4142 | ...
> 4143 | ...rgba(0, 0, 0, 0.28), rgba(0, 0, 0, 0.12) 38%, transparent 72% );
       |                                                                   ^
  4144 | ...
  4145 | ...
  4146 | ...

Unexpected token Semicolon

Generated code of PostCSS transform of file content of app/globals.css:
./app/globals.css:4143:748
  4141 | ...
  4142 | ...
> 4143 | ...rgba(0, 0, 0, 0.28), rgba(0, 0, 0, 0.12) 38%, transparent 72% );
       |                                                                   ^
  4144 | ...
  4145 | ...
  4146 | ...

Import trace:
  Client Component Browser:
    ./app/globals.css [Client Component Browser]
    ./app/layout.tsx [Server Component] @ http://localhost:3000/_next/static/chunks/node_modules_next_dist_115brz8._.js:3318
[   41250ms] [ERROR] ./app/globals.css:4143:748
Parsing CSS source code failed
  4141 | ...
  4142 | ...
> 4143 | ...rgba(0, 0, 0, 0.28), rgba(0, 0, 0, 0.12) 38%, transparent 72% );
       |                                                                   ^
  4144 | ...
  4145 | ...
  4146 | ...

Unexpected token Semicolon

Generated code of PostCSS transform of file content of app/globals.css:
./app/globals.css:4143:748
  4141 | ...
  4142 | ...
> 4143 | ...rgba(0, 0, 0, 0.28), rgba(0, 0, 0, 0.12) 38%, transparent 72% );
       |                                                                   ^
  4144 | ...
  4145 | ...
  4146 | ...

Import trace:
  Client Component Browser:
    ./app/globals.css [Client Component Browser]
    ./app/layout.tsx [Server Component] @ http://localhost:3000/_next/static/chunks/node_modules_next_dist_115brz8._.js:3318
[   41351ms] [LOG] [Fast Refresh] rebuilding @ http://localhost:3000/_next/static/chunks/node_modules_next_dist_115brz8._.js:2477
[   41522ms] [LOG] [Fast Refresh] done in 236ms @ http://localhost:3000/_next/static/chunks/node_modules_next_dist_115brz8._.js:2477
[   41635ms] [LOG] [Fast Refresh] rebuilding @ http://localhost:3000/_next/static/chunks/node_modules_next_dist_115brz8._.js:2477
[   41738ms] [LOG] [Fast Refresh] done in 206ms @ http://localhost:3000/_next/static/chunks/node_modules_next_dist_115brz8._.js:2477
[   42114ms] [LOG] [Fast Refresh] rebuilding @ http://localhost:3000/_next/static/chunks/node_modules_next_dist_115brz8._.js:2477
[   42211ms] [LOG] [Fast Refresh] done in 198ms @ http://localhost:3000/_next/static/chunks/node_modules_next_dist_115brz8._.js:2477
