[    1118ms] [INFO] %cDownload the React DevTools for a better development experience: https://react.dev/link/react-devtools font-weight:bold @ http://localhost:3000/_next/static/chunks/node_modules_next_dist_115brz8._.js:2477
[    1154ms] [LOG] [HMR] connected @ http://localhost:3000/_next/static/chunks/node_modules_next_dist_115brz8._.js:2477
[    1292ms] [LOG] [Fast Refresh] rebuilding @ http://localhost:3000/_next/static/chunks/node_modules_next_dist_115brz8._.js:2477
[    1342ms] [LOG] [Fast Refresh] done in 161ms @ http://localhost:3000/_next/static/chunks/node_modules_next_dist_115brz8._.js:2477
[    1424ms] [WARNING] You are trying to animate transformOrigin from "400.087px 100.3px" to "center top". "center top" is not an animatable value.. For more information and steps for solving, visit https://motion.dev/troubleshooting/value-not-animatable @ http://localhost:3000/_next/static/chunks/node_modules_next_dist_115brz8._.js:2477
[    4356ms] [WARNING] The resource http://localhost:3000/_next/image?url=%2Fassets%2Fsanae-rakik-portrait-cutout.png&w=640&q=75 was preloaded using link preload but not used within a few seconds from the window's load event. Please make sure it has an appropriate `as` value and it is preloaded intentionally. @ http://localhost:3000/:0
[   10352ms] [LOG] [Fast Refresh] rebuilding @ http://localhost:3000/_next/static/chunks/node_modules_next_dist_115brz8._.js:2477
[   10369ms] [LOG] [Fast Refresh] done in 121ms @ http://localhost:3000/_next/static/chunks/node_modules_next_dist_115brz8._.js:2477
[   10657ms] [LOG] [Fast Refresh] rebuilding @ http://localhost:3000/_next/static/chunks/node_modules_next_dist_115brz8._.js:2477
[   11029ms] [LOG] [Fast Refresh] done in 474ms @ http://localhost:3000/_next/static/chunks/node_modules_next_dist_115brz8._.js:2477
[   14004ms] [WARNING] The resource http://localhost:3000/_next/image?url=%2Fassets%2Fsanae-rakik-portrait-cutout.png&w=640&q=75 was preloaded using link preload but not used within a few seconds from the window's load event. Please make sure it has an appropriate `as` value and it is preloaded intentionally. @ http://localhost:3000/:0
[   18389ms] [LOG] [Fast Refresh] rebuilding @ http://localhost:3000/_next/static/chunks/node_modules_next_dist_115brz8._.js:2477
[   18414ms] [LOG] [Fast Refresh] done in 145ms @ http://localhost:3000/_next/static/chunks/node_modules_next_dist_115brz8._.js:2477
[   40736ms] [LOG] [Fast Refresh] rebuilding @ http://localhost:3000/_next/static/chunks/node_modules_next_dist_115brz8._.js:2477
[   40954ms] [LOG] [Fast Refresh] done in 330ms @ http://localhost:3000/_next/static/chunks/node_modules_next_dist_115brz8._.js:2477
[   63307ms] [LOG] [Fast Refresh] rebuilding @ http://localhost:3000/_next/static/chunks/node_modules_next_dist_115brz8._.js:2477
[   63435ms] [LOG] [Fast Refresh] done in 231ms @ http://localhost:3000/_next/static/chunks/node_modules_next_dist_115brz8._.js:2477
[   82333ms] [LOG] [Fast Refresh] rebuilding @ http://localhost:3000/_next/static/chunks/node_modules_next_dist_115brz8._.js:2477
[   82599ms] [LOG] [Fast Refresh] done in 311ms @ http://localhost:3000/_next/static/chunks/node_modules_next_dist_115brz8._.js:2477
[   85575ms] [WARNING] The resource http://localhost:3000/_next/image?url=%2Fassets%2Fsanae-rakik-portrait-cutout.png&w=640&q=75 was preloaded using link preload but not used within a few seconds from the window's load event. Please make sure it has an appropriate `as` value and it is preloaded intentionally. @ http://localhost:3000/:0
[   94526ms] [LOG] [Fast Refresh] rebuilding @ http://localhost:3000/_next/static/chunks/node_modules_next_dist_115brz8._.js:2477
[   94799ms] [LOG] [Fast Refresh] done in 327ms @ http://localhost:3000/_next/static/chunks/node_modules_next_dist_115brz8._.js:2477
[   97770ms] [WARNING] The resource http://localhost:3000/_next/image?url=%2Fassets%2Fsanae-rakik-portrait-cutout.png&w=640&q=75 was preloaded using link preload but not used within a few seconds from the window's load event. Please make sure it has an appropriate `as` value and it is preloaded intentionally. @ http://localhost:3000/:0
[  141925ms] [LOG] [Fast Refresh] rebuilding @ http://localhost:3000/_next/static/chunks/node_modules_next_dist_115brz8._.js:2477
[  141961ms] [LOG] [Fast Refresh] done in 139ms @ http://localhost:3000/_next/static/chunks/node_modules_next_dist_115brz8._.js:2477
[  142063ms] [LOG] [Fast Refresh] rebuilding @ http://localhost:3000/_next/static/chunks/node_modules_next_dist_115brz8._.js:2477
[  142073ms] [LOG] [Fast Refresh] done in 111ms @ http://localhost:3000/_next/static/chunks/node_modules_next_dist_115brz8._.js:2477
[  142697ms] [LOG] [Fast Refresh] rebuilding @ http://localhost:3000/_next/static/chunks/node_modules_next_dist_115brz8._.js:2477
[  142980ms] [LOG] [Fast Refresh] done in 346ms @ http://localhost:3000/_next/static/chunks/node_modules_next_dist_115brz8._.js:2477
[  145958ms] [WARNING] The resource http://localhost:3000/_next/image?url=%2Fassets%2Fsanae-rakik-portrait-cutout.png&w=640&q=75 was preloaded using link preload but not used within a few seconds from the window's load event. Please make sure it has an appropriate `as` value and it is preloaded intentionally. @ http://localhost:3000/:0
[  148510ms] [LOG] [Fast Refresh] rebuilding @ http://localhost:3000/_next/static/chunks/node_modules_next_dist_115brz8._.js:2477
[  148729ms] [LOG] [Fast Refresh] done in 275ms @ http://localhost:3000/_next/static/chunks/node_modules_next_dist_115brz8._.js:2477
[  151700ms] [WARNING] The resource http://localhost:3000/_next/image?url=%2Fassets%2Fsanae-rakik-portrait-cutout.png&w=640&q=75 was preloaded using link preload but not used within a few seconds from the window's load event. Please make sure it has an appropriate `as` value and it is preloaded intentionally. @ http://localhost:3000/:0
[  153846ms] [LOG] [Fast Refresh] rebuilding @ http://localhost:3000/_next/static/chunks/node_modules_next_dist_115brz8._.js:2477
[  154209ms] [ERROR] ./components/section-figure.tsx:91:9
Expected ',', got 'ident'
  89 |           only decides how much of the finished frame is showing. */}
  90 |       <div
> 91 |         className={`figure-uncover relative w-full overflow-hidden ${className}`}
     |         ^^^^^^^^^
  92 |         style={{ aspectRatio: ratio }}
  93 |       >
  94 |         <ProfileImage

Parsing ecmascript source code failed

Import trace:
  Server Component:
    ./components/section-figure.tsx
    ./components/about-section.tsx
    ./app/[locale]/page.tsx @ http://localhost:3000/_next/static/chunks/node_modules_next_dist_115brz8._.js:3318
[  154209ms] [ERROR] ./components/section-figure.tsx:91:9
Expected ',', got 'ident'
  89 |           only decides how much of the finished frame is showing. */}
  90 |       <div
> 91 |         className={`figure-uncover relative w-full overflow-hidden ${className}`}
     |         ^^^^^^^^^
  92 |         style={{ aspectRatio: ratio }}
  93 |       >
  94 |         <ProfileImage

Parsing ecmascript source code failed

Import trace:
  Server Component:
    ./components/section-figure.tsx
    ./components/about-section.tsx
    ./app/[locale]/page.tsx @ http://localhost:3000/_next/static/chunks/node_modules_next_dist_115brz8._.js:3318
[  154295ms] [ERROR] ./components/section-figure.tsx:91:9
Expected ',', got 'ident'
  89 |           only decides how much of the finished frame is showing. */}
  90 |       <div
> 91 |         className={`figure-uncover relative w-full overflow-hidden ${className}`}
     |         ^^^^^^^^^
  92 |         style={{ aspectRatio: ratio }}
  93 |       >
  94 |         <ProfileImage

Parsing ecmascript source code failed

Import trace:
  Server Component:
    ./components/section-figure.tsx
    ./components/about-section.tsx
    ./app/[locale]/page.tsx @ http://localhost:3000/_next/static/chunks/node_modules_next_dist_115brz8._.js:3318
[  154389ms] [ERROR] ./components/section-figure.tsx:91:9
Expected ',', got 'ident'
  89 |           only decides how much of the finished frame is showing. */}
  90 |       <div
> 91 |         className={`figure-uncover relative w-full overflow-hidden ${className}`}
     |         ^^^^^^^^^
  92 |         style={{ aspectRatio: ratio }}
  93 |       >
  94 |         <ProfileImage

Parsing ecmascript source code failed

Import trace:
  Server Component:
    ./components/section-figure.tsx
    ./components/about-section.tsx
    ./app/[locale]/page.tsx @ http://localhost:3000/_next/static/chunks/node_modules_next_dist_115brz8._.js:3318
[  154491ms] [LOG] [Fast Refresh] rebuilding @ http://localhost:3000/_next/static/chunks/node_modules_next_dist_115brz8._.js:2477
[  154498ms] [ERROR] Failed to load resource: the server responded with a status of 500 (Internal Server Error) @ http://localhost:3000/?_rsc=yWTPUyHVHtWLudsj:0
[  154505ms] [ERROR] ./components/section-figure.tsx:91:9
Expected ',', got 'ident'
  89 |           only decides how much of the finished frame is showing. */}
  90 |       <div
> 91 |         className={`figure-uncover relative w-full overflow-hidden ${className}`}
     |         ^^^^^^^^^
  92 |         style={{ aspectRatio: ratio }}
  93 |       >
  94 |         <ProfileImage

Parsing ecmascript source code failed

Import trace:
  Server Component:
    ./components/section-figure.tsx
    ./components/about-section.tsx
    ./app/[locale]/page.tsx @ http://localhost:3000/_next/static/chunks/node_modules_next_dist_115brz8._.js:3318
[  154582ms] [ERROR] ./components/section-figure.tsx:91:9
Expected ',', got 'ident'
  89 |           only decides how much of the finished frame is showing. */}
  90 |       <div
> 91 |         className={`figure-uncover relative w-full overflow-hidden ${className}`}
     |         ^^^^^^^^^
  92 |         style={{ aspectRatio: ratio }}
  93 |       >
  94 |         <ProfileImage

Parsing ecmascript source code failed

Import trace:
  Server Component:
    ./components/section-figure.tsx
    ./components/about-section.tsx
    ./app/[locale]/page.tsx @ http://localhost:3000/_next/static/chunks/node_modules_next_dist_115brz8._.js:3318
[  154697ms] [LOG] [Fast Refresh] rebuilding @ http://localhost:3000/_next/static/chunks/node_modules_next_dist_115brz8._.js:2477
[  154798ms] [ERROR] ./components/section-figure.tsx:91:9
Expected ',', got 'ident'
  89 |           only decides how much of the finished frame is showing. */}
  90 |       <div
> 91 |         className={`figure-uncover relative w-full overflow-hidden ${className}`}
     |         ^^^^^^^^^
  92 |         style={{ aspectRatio: ratio }}
  93 |       >
  94 |         <ProfileImage

Parsing ecmascript source code failed

Import trace:
  Server Component:
    ./components/section-figure.tsx
    ./components/about-section.tsx
    ./app/[locale]/page.tsx @ http://localhost:3000/_next/static/chunks/node_modules_next_dist_115brz8._.js:3318
[  154798ms] [ERROR] Failed to load resource: the server responded with a status of 500 (Internal Server Error) @ http://localhost:3000/?_rsc=yWTPUyHVHtWLudsj:0
[  154853ms] [ERROR] Failed to load resource: the server responded with a status of 500 (Internal Server Error) @ http://localhost:3000/:0
[  154970ms] [INFO] %cDownload the React DevTools for a better development experience: https://react.dev/link/react-devtools font-weight:bold @ http://localhost:3000/_next/static/chunks/node_modules_react-dom_cjs_react-dom-client_development_0z3nh7o.js:16702
[  154983ms] Error: ./components/section-figure.tsx:91:9
Expected ',', got 'ident'
  89 |           only decides how much of the finished frame is showing. */}
  90 |       <div
> 91 |         className={`figure-uncover relative w-full overflow-hidden ${className}`}
     |         ^^^^^^^^^
  92 |         style={{ aspectRatio: ratio }}
  93 |       >
  94 |         <ProfileImage

Parsing ecmascript source code failed

Import trace:
  Server Component:
    ./components/section-figure.tsx
    ./components/about-section.tsx
    ./app/[locale]/page.tsx


    at <unknown> (Error: ./components/section-figure.tsx:91:9)
    at Object.getCompilationErrors (file://C:\Users\Ibra\Documents\GitHub\sana\node_modules\next\dist\server\dev\hot-reloader-turbopack.js:1186:59)
    at DevBundlerService.getCompilationError (file://C:\Users\Ibra\Documents\GitHub\sana\node_modules\next\dist\server\lib\dev-bundler-service.js:44:55)
    at DevServer.getCompilationError (file://C:\Users\Ibra\Documents\GitHub\sana\node_modules\next\dist\server\dev\next-dev-server.js:720:42)
    at DevServer.findPageComponents (file://C:\Users\Ibra\Documents\GitHub\sana\node_modules\next\dist\server\dev\next-dev-server.js:690:43)
    at async DevServer.renderErrorToResponseImpl (file://C:\Users\Ibra\Documents\GitHub\sana\node_modules\next\dist\server\base-server.js:1753:26)
[  155010ms] [ERROR] Refused to execute script from 'http://localhost:3000/_next/static/development/_clientMiddlewareManifest.js' because its MIME type ('application/json') is not executable, and strict MIME type checking is enabled. @ http://localhost:3000/:0
[  155014ms] [LOG] [HMR] connected @ http://localhost:3000/_next/static/chunks/node_modules_next_dist_0u_w_5s._.js:1226
[  155032ms] [ERROR] ./components/section-figure.tsx:91:9
Expected ',', got 'ident'
  89 |           only decides how much of the finished frame is showing. */}
  90 |       <div
> 91 |         className={`figure-uncover relative w-full overflow-hidden ${className}`}
     |         ^^^^^^^^^
  92 |         style={{ aspectRatio: ratio }}
  93 |       >
  94 |         <ProfileImage

Parsing ecmascript source code failed

Import trace:
  Server Component:
    ./components/section-figure.tsx
    ./components/about-section.tsx
    ./app/[locale]/page.tsx @ http://localhost:3000/_next/static/chunks/node_modules_next_dist_0u_w_5s._.js:1945
[  155032ms] [ERROR] ./components/section-figure.tsx:91:9
Expected ',', got 'ident'
  89 |           only decides how much of the finished frame is showing. */}
  90 |       <div
> 91 |         className={`figure-uncover relative w-full overflow-hidden ${className}`}
     |         ^^^^^^^^^
  92 |         style={{ aspectRatio: ratio }}
  93 |       >
  94 |         <ProfileImage

Parsing ecmascript source code failed

Import trace:
  Server Component:
    ./components/section-figure.tsx
    ./components/about-section.tsx
    ./app/[locale]/about/page.tsx @ http://localhost:3000/_next/static/chunks/node_modules_next_dist_0u_w_5s._.js:1945
[  155063ms] [ERROR] Failed to load resource: the server responded with a status of 500 (Internal Server Error) @ http://localhost:3000/favicon.ico:0
[  155119ms] [ERROR] ./components/section-figure.tsx:91:9
Expected ',', got 'ident'
  89 |           only decides how much of the finished frame is showing. */}
  90 |       <div
> 91 |         className={`figure-uncover relative w-full overflow-hidden ${className}`}
     |         ^^^^^^^^^
  92 |         style={{ aspectRatio: ratio }}
  93 |       >
  94 |         <ProfileImage

Parsing ecmascript source code failed

Import trace:
  Server Component:
    ./components/section-figure.tsx
    ./components/about-section.tsx
    ./app/[locale]/page.tsx @ http://localhost:3000/_next/static/chunks/node_modules_next_dist_0u_w_5s._.js:1945
[  155181ms] [ERROR] ./components/section-figure.tsx:91:9
Expected ',', got 'ident'
  89 |           only decides how much of the finished frame is showing. */}
  90 |       <div
> 91 |         className={`figure-uncover relative w-full overflow-hidden ${className}`}
     |         ^^^^^^^^^
  92 |         style={{ aspectRatio: ratio }}
  93 |       >
  94 |         <ProfileImage

Parsing ecmascript source code failed

Import trace:
  Server Component:
    ./components/section-figure.tsx
    ./components/about-section.tsx
    ./app/[locale]/page.tsx @ http://localhost:3000/_next/static/chunks/node_modules_next_dist_0u_w_5s._.js:1945
[  155244ms] [ERROR] ./components/section-figure.tsx:91:9
Expected ',', got 'ident'
  89 |           only decides how much of the finished frame is showing. */}
  90 |       <div
> 91 |         className={`figure-uncover relative w-full overflow-hidden ${className}`}
     |         ^^^^^^^^^
  92 |         style={{ aspectRatio: ratio }}
  93 |       >
  94 |         <ProfileImage

Parsing ecmascript source code failed

Import trace:
  Server Component:
    ./components/section-figure.tsx
    ./components/about-section.tsx
    ./app/[locale]/page.tsx @ http://localhost:3000/_next/static/chunks/node_modules_next_dist_0u_w_5s._.js:1945
[  155304ms] [ERROR] ./components/section-figure.tsx:91:9
Expected ',', got 'ident'
  89 |           only decides how much of the finished frame is showing. */}
  90 |       <div
> 91 |         className={`figure-uncover relative w-full overflow-hidden ${className}`}
     |         ^^^^^^^^^
  92 |         style={{ aspectRatio: ratio }}
  93 |       >
  94 |         <ProfileImage

Parsing ecmascript source code failed

Import trace:
  Server Component:
    ./components/section-figure.tsx
    ./components/about-section.tsx
    ./app/[locale]/page.tsx @ http://localhost:3000/_next/static/chunks/node_modules_next_dist_0u_w_5s._.js:1945
[  155366ms] [ERROR] ./components/section-figure.tsx:91:9
Expected ',', got 'ident'
  89 |           only decides how much of the finished frame is showing. */}
  90 |       <div
> 91 |         className={`figure-uncover relative w-full overflow-hidden ${className}`}
     |         ^^^^^^^^^
  92 |         style={{ aspectRatio: ratio }}
  93 |       >
  94 |         <ProfileImage

Parsing ecmascript source code failed

Import trace:
  Server Component:
    ./components/section-figure.tsx
    ./components/about-section.tsx
    ./app/[locale]/page.tsx @ http://localhost:3000/_next/static/chunks/node_modules_next_dist_0u_w_5s._.js:1945
[  155428ms] [ERROR] ./components/section-figure.tsx:91:9
Expected ',', got 'ident'
  89 |           only decides how much of the finished frame is showing. */}
  90 |       <div
> 91 |         className={`figure-uncover relative w-full overflow-hidden ${className}`}
     |         ^^^^^^^^^
  92 |         style={{ aspectRatio: ratio }}
  93 |       >
  94 |         <ProfileImage

Parsing ecmascript source code failed

Import trace:
  Server Component:
    ./components/section-figure.tsx
    ./components/about-section.tsx
    ./app/[locale]/page.tsx @ http://localhost:3000/_next/static/chunks/node_modules_next_dist_0u_w_5s._.js:1945
[  155490ms] [ERROR] ./components/section-figure.tsx:91:9
Expected ',', got 'ident'
  89 |           only decides how much of the finished frame is showing. */}
  90 |       <div
> 91 |         className={`figure-uncover relative w-full overflow-hidden ${className}`}
     |         ^^^^^^^^^
  92 |         style={{ aspectRatio: ratio }}
  93 |       >
  94 |         <ProfileImage

Parsing ecmascript source code failed

Import trace:
  Server Component:
    ./components/section-figure.tsx
    ./components/about-section.tsx
    ./app/[locale]/page.tsx @ http://localhost:3000/_next/static/chunks/node_modules_next_dist_0u_w_5s._.js:1945
[  155552ms] [ERROR] ./components/section-figure.tsx:91:9
Expected ',', got 'ident'
  89 |           only decides how much of the finished frame is showing. */}
  90 |       <div
> 91 |         className={`figure-uncover relative w-full overflow-hidden ${className}`}
     |         ^^^^^^^^^
  92 |         style={{ aspectRatio: ratio }}
  93 |       >
  94 |         <ProfileImage

Parsing ecmascript source code failed

Import trace:
  Server Component:
    ./components/section-figure.tsx
    ./components/about-section.tsx
    ./app/[locale]/page.tsx @ http://localhost:3000/_next/static/chunks/node_modules_next_dist_0u_w_5s._.js:1945
[  155613ms] [ERROR] ./components/section-figure.tsx:91:9
Expected ',', got 'ident'
  89 |           only decides how much of the finished frame is showing. */}
  90 |       <div
> 91 |         className={`figure-uncover relative w-full overflow-hidden ${className}`}
     |         ^^^^^^^^^
  92 |         style={{ aspectRatio: ratio }}
  93 |       >
  94 |         <ProfileImage

Parsing ecmascript source code failed

Import trace:
  Server Component:
    ./components/section-figure.tsx
    ./components/about-section.tsx
    ./app/[locale]/page.tsx @ http://localhost:3000/_next/static/chunks/node_modules_next_dist_0u_w_5s._.js:1945
[  155677ms] [ERROR] ./components/section-figure.tsx:91:9
Expected ',', got 'ident'
  89 |           only decides how much of the finished frame is showing. */}
  90 |       <div
> 91 |         className={`figure-uncover relative w-full overflow-hidden ${className}`}
     |         ^^^^^^^^^
  92 |         style={{ aspectRatio: ratio }}
  93 |       >
  94 |         <ProfileImage

Parsing ecmascript source code failed

Import trace:
  Server Component:
    ./components/section-figure.tsx
    ./components/about-section.tsx
    ./app/[locale]/page.tsx @ http://localhost:3000/_next/static/chunks/node_modules_next_dist_0u_w_5s._.js:1945
[  155739ms] [ERROR] ./components/section-figure.tsx:91:9
Expected ',', got 'ident'
  89 |           only decides how much of the finished frame is showing. */}
  90 |       <div
> 91 |         className={`figure-uncover relative w-full overflow-hidden ${className}`}
     |         ^^^^^^^^^
  92 |         style={{ aspectRatio: ratio }}
  93 |       >
  94 |         <ProfileImage

Parsing ecmascript source code failed

Import trace:
  Server Component:
    ./components/section-figure.tsx
    ./components/about-section.tsx
    ./app/[locale]/page.tsx @ http://localhost:3000/_next/static/chunks/node_modules_next_dist_0u_w_5s._.js:1945
[  155801ms] [ERROR] ./components/section-figure.tsx:91:9
Expected ',', got 'ident'
  89 |           only decides how much of the finished frame is showing. */}
  90 |       <div
> 91 |         className={`figure-uncover relative w-full overflow-hidden ${className}`}
     |         ^^^^^^^^^
  92 |         style={{ aspectRatio: ratio }}
  93 |       >
  94 |         <ProfileImage

Parsing ecmascript source code failed

Import trace:
  Server Component:
    ./components/section-figure.tsx
    ./components/about-section.tsx
    ./app/[locale]/page.tsx @ http://localhost:3000/_next/static/chunks/node_modules_next_dist_0u_w_5s._.js:1945
[  155864ms] [ERROR] ./components/section-figure.tsx:91:9
Expected ',', got 'ident'
  89 |           only decides how much of the finished frame is showing. */}
  90 |       <div
> 91 |         className={`figure-uncover relative w-full overflow-hidden ${className}`}
     |         ^^^^^^^^^
  92 |         style={{ aspectRatio: ratio }}
  93 |       >
  94 |         <ProfileImage

Parsing ecmascript source code failed

Import trace:
  Server Component:
    ./components/section-figure.tsx
    ./components/about-section.tsx
    ./app/[locale]/page.tsx @ http://localhost:3000/_next/static/chunks/node_modules_next_dist_0u_w_5s._.js:1945
[  155924ms] [ERROR] ./components/section-figure.tsx:91:9
Expected ',', got 'ident'
  89 |           only decides how much of the finished frame is showing. */}
  90 |       <div
> 91 |         className={`figure-uncover relative w-full overflow-hidden ${className}`}
     |         ^^^^^^^^^
  92 |         style={{ aspectRatio: ratio }}
  93 |       >
  94 |         <ProfileImage

Parsing ecmascript source code failed

Import trace:
  Server Component:
    ./components/section-figure.tsx
    ./components/about-section.tsx
    ./app/[locale]/page.tsx @ http://localhost:3000/_next/static/chunks/node_modules_next_dist_0u_w_5s._.js:1945
[  155987ms] [ERROR] ./components/section-figure.tsx:91:9
Expected ',', got 'ident'
  89 |           only decides how much of the finished frame is showing. */}
  90 |       <div
> 91 |         className={`figure-uncover relative w-full overflow-hidden ${className}`}
     |         ^^^^^^^^^
  92 |         style={{ aspectRatio: ratio }}
  93 |       >
  94 |         <ProfileImage

Parsing ecmascript source code failed

Import trace:
  Server Component:
    ./components/section-figure.tsx
    ./components/about-section.tsx
    ./app/[locale]/page.tsx @ http://localhost:3000/_next/static/chunks/node_modules_next_dist_0u_w_5s._.js:1945
[  156047ms] [ERROR] ./components/section-figure.tsx:91:9
Expected ',', got 'ident'
  89 |           only decides how much of the finished frame is showing. */}
  90 |       <div
> 91 |         className={`figure-uncover relative w-full overflow-hidden ${className}`}
     |         ^^^^^^^^^
  92 |         style={{ aspectRatio: ratio }}
  93 |       >
  94 |         <ProfileImage

Parsing ecmascript source code failed

Import trace:
  Server Component:
    ./components/section-figure.tsx
    ./components/about-section.tsx
    ./app/[locale]/page.tsx @ http://localhost:3000/_next/static/chunks/node_modules_next_dist_0u_w_5s._.js:1945
[  156109ms] [ERROR] ./components/section-figure.tsx:91:9
Expected ',', got 'ident'
  89 |           only decides how much of the finished frame is showing. */}
  90 |       <div
> 91 |         className={`figure-uncover relative w-full overflow-hidden ${className}`}
     |         ^^^^^^^^^
  92 |         style={{ aspectRatio: ratio }}
  93 |       >
  94 |         <ProfileImage

Parsing ecmascript source code failed

Import trace:
  Server Component:
    ./components/section-figure.tsx
    ./components/about-section.tsx
    ./app/[locale]/page.tsx @ http://localhost:3000/_next/static/chunks/node_modules_next_dist_0u_w_5s._.js:1945
[  156172ms] [ERROR] ./components/section-figure.tsx:91:9
Expected ',', got 'ident'
  89 |           only decides how much of the finished frame is showing. */}
  90 |       <div
> 91 |         className={`figure-uncover relative w-full overflow-hidden ${className}`}
     |         ^^^^^^^^^
  92 |         style={{ aspectRatio: ratio }}
  93 |       >
  94 |         <ProfileImage

Parsing ecmascript source code failed

Import trace:
  Server Component:
    ./components/section-figure.tsx
    ./components/about-section.tsx
    ./app/[locale]/page.tsx @ http://localhost:3000/_next/static/chunks/node_modules_next_dist_0u_w_5s._.js:1945
[  156235ms] [ERROR] ./components/section-figure.tsx:91:9
Expected ',', got 'ident'
  89 |           only decides how much of the finished frame is showing. */}
  90 |       <div
> 91 |         className={`figure-uncover relative w-full overflow-hidden ${className}`}
     |         ^^^^^^^^^
  92 |         style={{ aspectRatio: ratio }}
  93 |       >
  94 |         <ProfileImage

Parsing ecmascript source code failed

Import trace:
  Server Component:
    ./components/section-figure.tsx
    ./components/about-section.tsx
    ./app/[locale]/page.tsx @ http://localhost:3000/_next/static/chunks/node_modules_next_dist_0u_w_5s._.js:1945
[  156297ms] [ERROR] ./components/section-figure.tsx:91:9
Expected ',', got 'ident'
  89 |           only decides how much of the finished frame is showing. */}
  90 |       <div
> 91 |         className={`figure-uncover relative w-full overflow-hidden ${className}`}
     |         ^^^^^^^^^
  92 |         style={{ aspectRatio: ratio }}
  93 |       >
  94 |         <ProfileImage

Parsing ecmascript source code failed

Import trace:
  Server Component:
    ./components/section-figure.tsx
    ./components/about-section.tsx
    ./app/[locale]/page.tsx @ http://localhost:3000/_next/static/chunks/node_modules_next_dist_0u_w_5s._.js:1945
[  156360ms] [ERROR] ./components/section-figure.tsx:91:9
Expected ',', got 'ident'
  89 |           only decides how much of the finished frame is showing. */}
  90 |       <div
> 91 |         className={`figure-uncover relative w-full overflow-hidden ${className}`}
     |         ^^^^^^^^^
  92 |         style={{ aspectRatio: ratio }}
  93 |       >
  94 |         <ProfileImage

Parsing ecmascript source code failed

Import trace:
  Server Component:
    ./components/section-figure.tsx
    ./components/about-section.tsx
    ./app/[locale]/page.tsx @ http://localhost:3000/_next/static/chunks/node_modules_next_dist_0u_w_5s._.js:1945
[  156422ms] [ERROR] ./components/section-figure.tsx:91:9
Expected ',', got 'ident'
  89 |           only decides how much of the finished frame is showing. */}
  90 |       <div
> 91 |         className={`figure-uncover relative w-full overflow-hidden ${className}`}
     |         ^^^^^^^^^
  92 |         style={{ aspectRatio: ratio }}
  93 |       >
  94 |         <ProfileImage

Parsing ecmascript source code failed

Import trace:
  Server Component:
    ./components/section-figure.tsx
    ./components/about-section.tsx
    ./app/[locale]/page.tsx @ http://localhost:3000/_next/static/chunks/node_modules_next_dist_0u_w_5s._.js:1945
[  156484ms] [ERROR] ./components/section-figure.tsx:91:9
Expected ',', got 'ident'
  89 |           only decides how much of the finished frame is showing. */}
  90 |       <div
> 91 |         className={`figure-uncover relative w-full overflow-hidden ${className}`}
     |         ^^^^^^^^^
  92 |         style={{ aspectRatio: ratio }}
  93 |       >
  94 |         <ProfileImage

Parsing ecmascript source code failed

Import trace:
  Server Component:
    ./components/section-figure.tsx
    ./components/about-section.tsx
    ./app/[locale]/page.tsx @ http://localhost:3000/_next/static/chunks/node_modules_next_dist_0u_w_5s._.js:1945
[  156546ms] [ERROR] ./components/section-figure.tsx:91:9
Expected ',', got 'ident'
  89 |           only decides how much of the finished frame is showing. */}
  90 |       <div
> 91 |         className={`figure-uncover relative w-full overflow-hidden ${className}`}
     |         ^^^^^^^^^
  92 |         style={{ aspectRatio: ratio }}
  93 |       >
  94 |         <ProfileImage

Parsing ecmascript source code failed

Import trace:
  Server Component:
    ./components/section-figure.tsx
    ./components/about-section.tsx
    ./app/[locale]/page.tsx @ http://localhost:3000/_next/static/chunks/node_modules_next_dist_0u_w_5s._.js:1945
[  156608ms] [ERROR] ./components/section-figure.tsx:91:9
Expected ',', got 'ident'
  89 |           only decides how much of the finished frame is showing. */}
  90 |       <div
> 91 |         className={`figure-uncover relative w-full overflow-hidden ${className}`}
     |         ^^^^^^^^^
  92 |         style={{ aspectRatio: ratio }}
  93 |       >
  94 |         <ProfileImage

Parsing ecmascript source code failed

Import trace:
  Server Component:
    ./components/section-figure.tsx
    ./components/about-section.tsx
    ./app/[locale]/page.tsx @ http://localhost:3000/_next/static/chunks/node_modules_next_dist_0u_w_5s._.js:1945
[  156670ms] [ERROR] ./components/section-figure.tsx:91:9
Expected ',', got 'ident'
  89 |           only decides how much of the finished frame is showing. */}
  90 |       <div
> 91 |         className={`figure-uncover relative w-full overflow-hidden ${className}`}
     |         ^^^^^^^^^
  92 |         style={{ aspectRatio: ratio }}
  93 |       >
  94 |         <ProfileImage

Parsing ecmascript source code failed

Import trace:
  Server Component:
    ./components/section-figure.tsx
    ./components/about-section.tsx
    ./app/[locale]/page.tsx @ http://localhost:3000/_next/static/chunks/node_modules_next_dist_0u_w_5s._.js:1945
[  156730ms] [ERROR] ./components/section-figure.tsx:91:9
Expected ',', got 'ident'
  89 |           only decides how much of the finished frame is showing. */}
  90 |       <div
> 91 |         className={`figure-uncover relative w-full overflow-hidden ${className}`}
     |         ^^^^^^^^^
  92 |         style={{ aspectRatio: ratio }}
  93 |       >
  94 |         <ProfileImage

Parsing ecmascript source code failed

Import trace:
  Server Component:
    ./components/section-figure.tsx
    ./components/about-section.tsx
    ./app/[locale]/page.tsx @ http://localhost:3000/_next/static/chunks/node_modules_next_dist_0u_w_5s._.js:1945
[  156792ms] [ERROR] ./components/section-figure.tsx:91:9
Expected ',', got 'ident'
  89 |           only decides how much of the finished frame is showing. */}
  90 |       <div
> 91 |         className={`figure-uncover relative w-full overflow-hidden ${className}`}
     |         ^^^^^^^^^
  92 |         style={{ aspectRatio: ratio }}
  93 |       >
  94 |         <ProfileImage

Parsing ecmascript source code failed

Import trace:
  Server Component:
    ./components/section-figure.tsx
    ./components/about-section.tsx
    ./app/[locale]/page.tsx @ http://localhost:3000/_next/static/chunks/node_modules_next_dist_0u_w_5s._.js:1945
[  156853ms] [ERROR] ./components/section-figure.tsx:91:9
Expected ',', got 'ident'
  89 |           only decides how much of the finished frame is showing. */}
  90 |       <div
> 91 |         className={`figure-uncover relative w-full overflow-hidden ${className}`}
     |         ^^^^^^^^^
  92 |         style={{ aspectRatio: ratio }}
  93 |       >
  94 |         <ProfileImage

Parsing ecmascript source code failed

Import trace:
  Server Component:
    ./components/section-figure.tsx
    ./components/about-section.tsx
    ./app/[locale]/page.tsx @ http://localhost:3000/_next/static/chunks/node_modules_next_dist_0u_w_5s._.js:1945
[  156916ms] [ERROR] ./components/section-figure.tsx:91:9
Expected ',', got 'ident'
  89 |           only decides how much of the finished frame is showing. */}
  90 |       <div
> 91 |         className={`figure-uncover relative w-full overflow-hidden ${className}`}
     |         ^^^^^^^^^
  92 |         style={{ aspectRatio: ratio }}
  93 |       >
  94 |         <ProfileImage

Parsing ecmascript source code failed

Import trace:
  Server Component:
    ./components/section-figure.tsx
    ./components/about-section.tsx
    ./app/[locale]/page.tsx @ http://localhost:3000/_next/static/chunks/node_modules_next_dist_0u_w_5s._.js:1945
[  156977ms] [ERROR] ./components/section-figure.tsx:91:9
Expected ',', got 'ident'
  89 |           only decides how much of the finished frame is showing. */}
  90 |       <div
> 91 |         className={`figure-uncover relative w-full overflow-hidden ${className}`}
     |         ^^^^^^^^^
  92 |         style={{ aspectRatio: ratio }}
  93 |       >
  94 |         <ProfileImage

Parsing ecmascript source code failed

Import trace:
  Server Component:
    ./components/section-figure.tsx
    ./components/about-section.tsx
    ./app/[locale]/page.tsx @ http://localhost:3000/_next/static/chunks/node_modules_next_dist_0u_w_5s._.js:1945
[  157040ms] [ERROR] ./components/section-figure.tsx:91:9
Expected ',', got 'ident'
  89 |           only decides how much of the finished frame is showing. */}
  90 |       <div
> 91 |         className={`figure-uncover relative w-full overflow-hidden ${className}`}
     |         ^^^^^^^^^
  92 |         style={{ aspectRatio: ratio }}
  93 |       >
  94 |         <ProfileImage

Parsing ecmascript source code failed

Import trace:
  Server Component:
    ./components/section-figure.tsx
    ./components/about-section.tsx
    ./app/[locale]/page.tsx @ http://localhost:3000/_next/static/chunks/node_modules_next_dist_0u_w_5s._.js:1945
[  157101ms] [ERROR] ./components/section-figure.tsx:91:9
Expected ',', got 'ident'
  89 |           only decides how much of the finished frame is showing. */}
  90 |       <div
> 91 |         className={`figure-uncover relative w-full overflow-hidden ${className}`}
     |         ^^^^^^^^^
  92 |         style={{ aspectRatio: ratio }}
  93 |       >
  94 |         <ProfileImage

Parsing ecmascript source code failed

Import trace:
  Server Component:
    ./components/section-figure.tsx
    ./components/about-section.tsx
    ./app/[locale]/page.tsx @ http://localhost:3000/_next/static/chunks/node_modules_next_dist_0u_w_5s._.js:1945
[  157163ms] [ERROR] ./components/section-figure.tsx:91:9
Expected ',', got 'ident'
  89 |           only decides how much of the finished frame is showing. */}
  90 |       <div
> 91 |         className={`figure-uncover relative w-full overflow-hidden ${className}`}
     |         ^^^^^^^^^
  92 |         style={{ aspectRatio: ratio }}
  93 |       >
  94 |         <ProfileImage

Parsing ecmascript source code failed

Import trace:
  Server Component:
    ./components/section-figure.tsx
    ./components/about-section.tsx
    ./app/[locale]/page.tsx @ http://localhost:3000/_next/static/chunks/node_modules_next_dist_0u_w_5s._.js:1945
[  157225ms] [ERROR] ./components/section-figure.tsx:91:9
Expected ',', got 'ident'
  89 |           only decides how much of the finished frame is showing. */}
  90 |       <div
> 91 |         className={`figure-uncover relative w-full overflow-hidden ${className}`}
     |         ^^^^^^^^^
  92 |         style={{ aspectRatio: ratio }}
  93 |       >
  94 |         <ProfileImage

Parsing ecmascript source code failed

Import trace:
  Server Component:
    ./components/section-figure.tsx
    ./components/about-section.tsx
    ./app/[locale]/page.tsx @ http://localhost:3000/_next/static/chunks/node_modules_next_dist_0u_w_5s._.js:1945
[  157286ms] [ERROR] ./components/section-figure.tsx:91:9
Expected ',', got 'ident'
  89 |           only decides how much of the finished frame is showing. */}
  90 |       <div
> 91 |         className={`figure-uncover relative w-full overflow-hidden ${className}`}
     |         ^^^^^^^^^
  92 |         style={{ aspectRatio: ratio }}
  93 |       >
  94 |         <ProfileImage

Parsing ecmascript source code failed

Import trace:
  Server Component:
    ./components/section-figure.tsx
    ./components/about-section.tsx
    ./app/[locale]/page.tsx @ http://localhost:3000/_next/static/chunks/node_modules_next_dist_0u_w_5s._.js:1945
[  157349ms] [ERROR] ./components/section-figure.tsx:91:9
Expected ',', got 'ident'
  89 |           only decides how much of the finished frame is showing. */}
  90 |       <div
> 91 |         className={`figure-uncover relative w-full overflow-hidden ${className}`}
     |         ^^^^^^^^^
  92 |         style={{ aspectRatio: ratio }}
  93 |       >
  94 |         <ProfileImage

Parsing ecmascript source code failed

Import trace:
  Server Component:
    ./components/section-figure.tsx
    ./components/about-section.tsx
    ./app/[locale]/page.tsx @ http://localhost:3000/_next/static/chunks/node_modules_next_dist_0u_w_5s._.js:1945
[  157410ms] [ERROR] ./components/section-figure.tsx:91:9
Expected ',', got 'ident'
  89 |           only decides how much of the finished frame is showing. */}
  90 |       <div
> 91 |         className={`figure-uncover relative w-full overflow-hidden ${className}`}
     |         ^^^^^^^^^
  92 |         style={{ aspectRatio: ratio }}
  93 |       >
  94 |         <ProfileImage

Parsing ecmascript source code failed

Import trace:
  Server Component:
    ./components/section-figure.tsx
    ./components/about-section.tsx
    ./app/[locale]/page.tsx @ http://localhost:3000/_next/static/chunks/node_modules_next_dist_0u_w_5s._.js:1945
[  157474ms] [ERROR] ./components/section-figure.tsx:91:9
Expected ',', got 'ident'
  89 |           only decides how much of the finished frame is showing. */}
  90 |       <div
> 91 |         className={`figure-uncover relative w-full overflow-hidden ${className}`}
     |         ^^^^^^^^^
  92 |         style={{ aspectRatio: ratio }}
  93 |       >
  94 |         <ProfileImage

Parsing ecmascript source code failed

Import trace:
  Server Component:
    ./components/section-figure.tsx
    ./components/about-section.tsx
    ./app/[locale]/page.tsx @ http://localhost:3000/_next/static/chunks/node_modules_next_dist_0u_w_5s._.js:1945
[  157536ms] [ERROR] ./components/section-figure.tsx:91:9
Expected ',', got 'ident'
  89 |           only decides how much of the finished frame is showing. */}
  90 |       <div
> 91 |         className={`figure-uncover relative w-full overflow-hidden ${className}`}
     |         ^^^^^^^^^
  92 |         style={{ aspectRatio: ratio }}
  93 |       >
  94 |         <ProfileImage

Parsing ecmascript source code failed

Import trace:
  Server Component:
    ./components/section-figure.tsx
    ./components/about-section.tsx
    ./app/[locale]/page.tsx @ http://localhost:3000/_next/static/chunks/node_modules_next_dist_0u_w_5s._.js:1945
[  157597ms] [ERROR] ./components/section-figure.tsx:91:9
Expected ',', got 'ident'
  89 |           only decides how much of the finished frame is showing. */}
  90 |       <div
> 91 |         className={`figure-uncover relative w-full overflow-hidden ${className}`}
     |         ^^^^^^^^^
  92 |         style={{ aspectRatio: ratio }}
  93 |       >
  94 |         <ProfileImage

Parsing ecmascript source code failed

Import trace:
  Server Component:
    ./components/section-figure.tsx
    ./components/about-section.tsx
    ./app/[locale]/page.tsx @ http://localhost:3000/_next/static/chunks/node_modules_next_dist_0u_w_5s._.js:1945
[  157659ms] [ERROR] ./components/section-figure.tsx:91:9
Expected ',', got 'ident'
  89 |           only decides how much of the finished frame is showing. */}
  90 |       <div
> 91 |         className={`figure-uncover relative w-full overflow-hidden ${className}`}
     |         ^^^^^^^^^
  92 |         style={{ aspectRatio: ratio }}
  93 |       >
  94 |         <ProfileImage

Parsing ecmascript source code failed

Import trace:
  Server Component:
    ./components/section-figure.tsx
    ./components/about-section.tsx
    ./app/[locale]/page.tsx @ http://localhost:3000/_next/static/chunks/node_modules_next_dist_0u_w_5s._.js:1945
[  157722ms] [ERROR] ./components/section-figure.tsx:91:9
Expected ',', got 'ident'
  89 |           only decides how much of the finished frame is showing. */}
  90 |       <div
> 91 |         className={`figure-uncover relative w-full overflow-hidden ${className}`}
     |         ^^^^^^^^^
  92 |         style={{ aspectRatio: ratio }}
  93 |       >
  94 |         <ProfileImage

Parsing ecmascript source code failed

Import trace:
  Server Component:
    ./components/section-figure.tsx
    ./components/about-section.tsx
    ./app/[locale]/page.tsx @ http://localhost:3000/_next/static/chunks/node_modules_next_dist_0u_w_5s._.js:1945
[  157784ms] [ERROR] ./components/section-figure.tsx:91:9
Expected ',', got 'ident'
  89 |           only decides how much of the finished frame is showing. */}
  90 |       <div
> 91 |         className={`figure-uncover relative w-full overflow-hidden ${className}`}
     |         ^^^^^^^^^
  92 |         style={{ aspectRatio: ratio }}
  93 |       >
  94 |         <ProfileImage

Parsing ecmascript source code failed

Import trace:
  Server Component:
    ./components/section-figure.tsx
    ./components/about-section.tsx
    ./app/[locale]/page.tsx @ http://localhost:3000/_next/static/chunks/node_modules_next_dist_0u_w_5s._.js:1945
[  157845ms] [ERROR] ./components/section-figure.tsx:91:9
Expected ',', got 'ident'
  89 |           only decides how much of the finished frame is showing. */}
  90 |       <div
> 91 |         className={`figure-uncover relative w-full overflow-hidden ${className}`}
     |         ^^^^^^^^^
  92 |         style={{ aspectRatio: ratio }}
  93 |       >
  94 |         <ProfileImage

Parsing ecmascript source code failed

Import trace:
  Server Component:
    ./components/section-figure.tsx
    ./components/about-section.tsx
    ./app/[locale]/page.tsx @ http://localhost:3000/_next/static/chunks/node_modules_next_dist_0u_w_5s._.js:1945
[  157908ms] [ERROR] ./components/section-figure.tsx:91:9
Expected ',', got 'ident'
  89 |           only decides how much of the finished frame is showing. */}
  90 |       <div
> 91 |         className={`figure-uncover relative w-full overflow-hidden ${className}`}
     |         ^^^^^^^^^
  92 |         style={{ aspectRatio: ratio }}
  93 |       >
  94 |         <ProfileImage

Parsing ecmascript source code failed

Import trace:
  Server Component:
    ./components/section-figure.tsx
    ./components/about-section.tsx
    ./app/[locale]/page.tsx @ http://localhost:3000/_next/static/chunks/node_modules_next_dist_0u_w_5s._.js:1945
[  157970ms] [ERROR] ./components/section-figure.tsx:91:9
Expected ',', got 'ident'
  89 |           only decides how much of the finished frame is showing. */}
  90 |       <div
> 91 |         className={`figure-uncover relative w-full overflow-hidden ${className}`}
     |         ^^^^^^^^^
  92 |         style={{ aspectRatio: ratio }}
  93 |       >
  94 |         <ProfileImage

Parsing ecmascript source code failed

Import trace:
  Server Component:
    ./components/section-figure.tsx
    ./components/about-section.tsx
    ./app/[locale]/page.tsx @ http://localhost:3000/_next/static/chunks/node_modules_next_dist_0u_w_5s._.js:1945
[  158032ms] [ERROR] ./components/section-figure.tsx:91:9
Expected ',', got 'ident'
  89 |           only decides how much of the finished frame is showing. */}
  90 |       <div
> 91 |         className={`figure-uncover relative w-full overflow-hidden ${className}`}
     |         ^^^^^^^^^
  92 |         style={{ aspectRatio: ratio }}
  93 |       >
  94 |         <ProfileImage

Parsing ecmascript source code failed

Import trace:
  Server Component:
    ./components/section-figure.tsx
    ./components/about-section.tsx
    ./app/[locale]/page.tsx @ http://localhost:3000/_next/static/chunks/node_modules_next_dist_0u_w_5s._.js:1945
[  158095ms] [ERROR] ./components/section-figure.tsx:91:9
Expected ',', got 'ident'
  89 |           only decides how much of the finished frame is showing. */}
  90 |       <div
> 91 |         className={`figure-uncover relative w-full overflow-hidden ${className}`}
     |         ^^^^^^^^^
  92 |         style={{ aspectRatio: ratio }}
  93 |       >
  94 |         <ProfileImage

Parsing ecmascript source code failed

Import trace:
  Server Component:
    ./components/section-figure.tsx
    ./components/about-section.tsx
    ./app/[locale]/page.tsx @ http://localhost:3000/_next/static/chunks/node_modules_next_dist_0u_w_5s._.js:1945
[  158158ms] [ERROR] ./components/section-figure.tsx:91:9
Expected ',', got 'ident'
  89 |           only decides how much of the finished frame is showing. */}
  90 |       <div
> 91 |         className={`figure-uncover relative w-full overflow-hidden ${className}`}
     |         ^^^^^^^^^
  92 |         style={{ aspectRatio: ratio }}
  93 |       >
  94 |         <ProfileImage

Parsing ecmascript source code failed

Import trace:
  Server Component:
    ./components/section-figure.tsx
    ./components/about-section.tsx
    ./app/[locale]/page.tsx @ http://localhost:3000/_next/static/chunks/node_modules_next_dist_0u_w_5s._.js:1945
[  158221ms] [ERROR] ./components/section-figure.tsx:91:9
Expected ',', got 'ident'
  89 |           only decides how much of the finished frame is showing. */}
  90 |       <div
> 91 |         className={`figure-uncover relative w-full overflow-hidden ${className}`}
     |         ^^^^^^^^^
  92 |         style={{ aspectRatio: ratio }}
  93 |       >
  94 |         <ProfileImage

Parsing ecmascript source code failed

Import trace:
  Server Component:
    ./components/section-figure.tsx
    ./components/about-section.tsx
    ./app/[locale]/page.tsx @ http://localhost:3000/_next/static/chunks/node_modules_next_dist_0u_w_5s._.js:1945
[  158282ms] [ERROR] ./components/section-figure.tsx:91:9
Expected ',', got 'ident'
  89 |           only decides how much of the finished frame is showing. */}
  90 |       <div
> 91 |         className={`figure-uncover relative w-full overflow-hidden ${className}`}
     |         ^^^^^^^^^
  92 |         style={{ aspectRatio: ratio }}
  93 |       >
  94 |         <ProfileImage

Parsing ecmascript source code failed

Import trace:
  Server Component:
    ./components/section-figure.tsx
    ./components/about-section.tsx
    ./app/[locale]/page.tsx @ http://localhost:3000/_next/static/chunks/node_modules_next_dist_0u_w_5s._.js:1945
[  158343ms] [ERROR] ./components/section-figure.tsx:91:9
Expected ',', got 'ident'
  89 |           only decides how much of the finished frame is showing. */}
  90 |       <div
> 91 |         className={`figure-uncover relative w-full overflow-hidden ${className}`}
     |         ^^^^^^^^^
  92 |         style={{ aspectRatio: ratio }}
  93 |       >
  94 |         <ProfileImage

Parsing ecmascript source code failed

Import trace:
  Server Component:
    ./components/section-figure.tsx
    ./components/about-section.tsx
    ./app/[locale]/page.tsx @ http://localhost:3000/_next/static/chunks/node_modules_next_dist_0u_w_5s._.js:1945
[  158405ms] [ERROR] ./components/section-figure.tsx:91:9
Expected ',', got 'ident'
  89 |           only decides how much of the finished frame is showing. */}
  90 |       <div
> 91 |         className={`figure-uncover relative w-full overflow-hidden ${className}`}
     |         ^^^^^^^^^
  92 |         style={{ aspectRatio: ratio }}
  93 |       >
  94 |         <ProfileImage

Parsing ecmascript source code failed

Import trace:
  Server Component:
    ./components/section-figure.tsx
    ./components/about-section.tsx
    ./app/[locale]/page.tsx @ http://localhost:3000/_next/static/chunks/node_modules_next_dist_0u_w_5s._.js:1945
[  158467ms] [ERROR] ./components/section-figure.tsx:91:9
Expected ',', got 'ident'
  89 |           only decides how much of the finished frame is showing. */}
  90 |       <div
> 91 |         className={`figure-uncover relative w-full overflow-hidden ${className}`}
     |         ^^^^^^^^^
  92 |         style={{ aspectRatio: ratio }}
  93 |       >
  94 |         <ProfileImage

Parsing ecmascript source code failed

Import trace:
  Server Component:
    ./components/section-figure.tsx
    ./components/about-section.tsx
    ./app/[locale]/page.tsx @ http://localhost:3000/_next/static/chunks/node_modules_next_dist_0u_w_5s._.js:1945
[  158529ms] [ERROR] ./components/section-figure.tsx:91:9
Expected ',', got 'ident'
  89 |           only decides how much of the finished frame is showing. */}
  90 |       <div
> 91 |         className={`figure-uncover relative w-full overflow-hidden ${className}`}
     |         ^^^^^^^^^
  92 |         style={{ aspectRatio: ratio }}
  93 |       >
  94 |         <ProfileImage

Parsing ecmascript source code failed

Import trace:
  Server Component:
    ./components/section-figure.tsx
    ./components/about-section.tsx
    ./app/[locale]/page.tsx @ http://localhost:3000/_next/static/chunks/node_modules_next_dist_0u_w_5s._.js:1945
[  158591ms] [ERROR] ./components/section-figure.tsx:91:9
Expected ',', got 'ident'
  89 |           only decides how much of the finished frame is showing. */}
  90 |       <div
> 91 |         className={`figure-uncover relative w-full overflow-hidden ${className}`}
     |         ^^^^^^^^^
  92 |         style={{ aspectRatio: ratio }}
  93 |       >
  94 |         <ProfileImage

Parsing ecmascript source code failed

Import trace:
  Server Component:
    ./components/section-figure.tsx
    ./components/about-section.tsx
    ./app/[locale]/page.tsx @ http://localhost:3000/_next/static/chunks/node_modules_next_dist_0u_w_5s._.js:1945
[  158654ms] [ERROR] ./components/section-figure.tsx:91:9
Expected ',', got 'ident'
  89 |           only decides how much of the finished frame is showing. */}
  90 |       <div
> 91 |         className={`figure-uncover relative w-full overflow-hidden ${className}`}
     |         ^^^^^^^^^
  92 |         style={{ aspectRatio: ratio }}
  93 |       >
  94 |         <ProfileImage

Parsing ecmascript source code failed

Import trace:
  Server Component:
    ./components/section-figure.tsx
    ./components/about-section.tsx
    ./app/[locale]/page.tsx @ http://localhost:3000/_next/static/chunks/node_modules_next_dist_0u_w_5s._.js:1945
[  158718ms] [ERROR] ./components/section-figure.tsx:91:9
Expected ',', got 'ident'
  89 |           only decides how much of the finished frame is showing. */}
  90 |       <div
> 91 |         className={`figure-uncover relative w-full overflow-hidden ${className}`}
     |         ^^^^^^^^^
  92 |         style={{ aspectRatio: ratio }}
  93 |       >
  94 |         <ProfileImage

Parsing ecmascript source code failed

Import trace:
  Server Component:
    ./components/section-figure.tsx
    ./components/about-section.tsx
    ./app/[locale]/page.tsx @ http://localhost:3000/_next/static/chunks/node_modules_next_dist_0u_w_5s._.js:1945
[  158780ms] [ERROR] ./components/section-figure.tsx:91:9
Expected ',', got 'ident'
  89 |           only decides how much of the finished frame is showing. */}
  90 |       <div
> 91 |         className={`figure-uncover relative w-full overflow-hidden ${className}`}
     |         ^^^^^^^^^
  92 |         style={{ aspectRatio: ratio }}
  93 |       >
  94 |         <ProfileImage

Parsing ecmascript source code failed

Import trace:
  Server Component:
    ./components/section-figure.tsx
    ./components/about-section.tsx
    ./app/[locale]/page.tsx @ http://localhost:3000/_next/static/chunks/node_modules_next_dist_0u_w_5s._.js:1945
[  158843ms] [ERROR] ./components/section-figure.tsx:91:9
Expected ',', got 'ident'
  89 |           only decides how much of the finished frame is showing. */}
  90 |       <div
> 91 |         className={`figure-uncover relative w-full overflow-hidden ${className}`}
     |         ^^^^^^^^^
  92 |         style={{ aspectRatio: ratio }}
  93 |       >
  94 |         <ProfileImage

Parsing ecmascript source code failed

Import trace:
  Server Component:
    ./components/section-figure.tsx
    ./components/about-section.tsx
    ./app/[locale]/page.tsx @ http://localhost:3000/_next/static/chunks/node_modules_next_dist_0u_w_5s._.js:1945
[  158905ms] [ERROR] ./components/section-figure.tsx:91:9
Expected ',', got 'ident'
  89 |           only decides how much of the finished frame is showing. */}
  90 |       <div
> 91 |         className={`figure-uncover relative w-full overflow-hidden ${className}`}
     |         ^^^^^^^^^
  92 |         style={{ aspectRatio: ratio }}
  93 |       >
  94 |         <ProfileImage

Parsing ecmascript source code failed

Import trace:
  Server Component:
    ./components/section-figure.tsx
    ./components/about-section.tsx
    ./app/[locale]/page.tsx @ http://localhost:3000/_next/static/chunks/node_modules_next_dist_0u_w_5s._.js:1945
[  158966ms] [ERROR] ./components/section-figure.tsx:91:9
Expected ',', got 'ident'
  89 |           only decides how much of the finished frame is showing. */}
  90 |       <div
> 91 |         className={`figure-uncover relative w-full overflow-hidden ${className}`}
     |         ^^^^^^^^^
  92 |         style={{ aspectRatio: ratio }}
  93 |       >
  94 |         <ProfileImage

Parsing ecmascript source code failed

Import trace:
  Server Component:
    ./components/section-figure.tsx
    ./components/about-section.tsx
    ./app/[locale]/page.tsx @ http://localhost:3000/_next/static/chunks/node_modules_next_dist_0u_w_5s._.js:1945
[  159027ms] [ERROR] ./components/section-figure.tsx:91:9
Expected ',', got 'ident'
  89 |           only decides how much of the finished frame is showing. */}
  90 |       <div
> 91 |         className={`figure-uncover relative w-full overflow-hidden ${className}`}
     |         ^^^^^^^^^
  92 |         style={{ aspectRatio: ratio }}
  93 |       >
  94 |         <ProfileImage

Parsing ecmascript source code failed

Import trace:
  Server Component:
    ./components/section-figure.tsx
    ./components/about-section.tsx
    ./app/[locale]/page.tsx @ http://localhost:3000/_next/static/chunks/node_modules_next_dist_0u_w_5s._.js:1945
[  159088ms] [ERROR] ./components/section-figure.tsx:91:9
Expected ',', got 'ident'
  89 |           only decides how much of the finished frame is showing. */}
  90 |       <div
> 91 |         className={`figure-uncover relative w-full overflow-hidden ${className}`}
     |         ^^^^^^^^^
  92 |         style={{ aspectRatio: ratio }}
  93 |       >
  94 |         <ProfileImage

Parsing ecmascript source code failed

Import trace:
  Server Component:
    ./components/section-figure.tsx
    ./components/about-section.tsx
    ./app/[locale]/page.tsx @ http://localhost:3000/_next/static/chunks/node_modules_next_dist_0u_w_5s._.js:1945
[  159151ms] [ERROR] ./components/section-figure.tsx:91:9
Expected ',', got 'ident'
  89 |           only decides how much of the finished frame is showing. */}
  90 |       <div
> 91 |         className={`figure-uncover relative w-full overflow-hidden ${className}`}
     |         ^^^^^^^^^
  92 |         style={{ aspectRatio: ratio }}
  93 |       >
  94 |         <ProfileImage

Parsing ecmascript source code failed

Import trace:
  Server Component:
    ./components/section-figure.tsx
    ./components/about-section.tsx
    ./app/[locale]/page.tsx @ http://localhost:3000/_next/static/chunks/node_modules_next_dist_0u_w_5s._.js:1945
[  159271ms] [LOG] [Fast Refresh] rebuilding @ http://localhost:3000/_next/static/chunks/node_modules_next_dist_0u_w_5s._.js:1226
[  159301ms] [ERROR] ./components/section-figure.tsx:91:9
Expected ',', got 'ident'
  89 |           only decides how much of the finished frame is showing. */}
  90 |       <div
> 91 |         className={`figure-uncover relative w-full overflow-hidden ${className}`}
     |         ^^^^^^^^^
  92 |         style={{ aspectRatio: ratio }}
  93 |       >
  94 |         <ProfileImage

Parsing ecmascript source code failed

Import trace:
  Server Component:
    ./components/section-figure.tsx
    ./components/about-section.tsx
    ./app/[locale]/page.tsx @ http://localhost:3000/_next/static/chunks/node_modules_next_dist_0u_w_5s._.js:1945
[  159365ms] [ERROR] ./components/section-figure.tsx:91:9
Expected ',', got 'ident'
  89 |           only decides how much of the finished frame is showing. */}
  90 |       <div
> 91 |         className={`figure-uncover relative w-full overflow-hidden ${className}`}
     |         ^^^^^^^^^
  92 |         style={{ aspectRatio: ratio }}
  93 |       >
  94 |         <ProfileImage

Parsing ecmascript source code failed

Import trace:
  Server Component:
    ./components/section-figure.tsx
    ./components/about-section.tsx
    ./app/[locale]/page.tsx @ http://localhost:3000/_next/static/chunks/node_modules_next_dist_0u_w_5s._.js:1945
[  159478ms] [ERROR] Failed to load resource: the server responded with a status of 500 (Internal Server Error) @ http://localhost:3000/:0
[  159524ms] [INFO] %cDownload the React DevTools for a better development experience: https://react.dev/link/react-devtools font-weight:bold @ http://localhost:3000/_next/static/chunks/node_modules_react-dom_cjs_react-dom-client_development_0z3nh7o.js:16702
[  159531ms] Error: ./components/section-figure.tsx:91:9
Expected ',', got 'ident'
  89 |           only decides how much of the finished frame is showing. */}
  90 |       <div
> 91 |         className={`figure-uncover relative w-full overflow-hidden ${className}`}
     |         ^^^^^^^^^
  92 |         style={{ aspectRatio: ratio }}
  93 |       >
  94 |         <ProfileImage

Parsing ecmascript source code failed

Import trace:
  Server Component:
    ./components/section-figure.tsx
    ./components/about-section.tsx
    ./app/[locale]/page.tsx


    at <unknown> (Error: ./components/section-figure.tsx:91:9)
    at Object.getCompilationErrors (file://C:\Users\Ibra\Documents\GitHub\sana\node_modules\next\dist\server\dev\hot-reloader-turbopack.js:1186:59)
    at DevBundlerService.getCompilationError (file://C:\Users\Ibra\Documents\GitHub\sana\node_modules\next\dist\server\lib\dev-bundler-service.js:44:55)
    at DevServer.getCompilationError (file://C:\Users\Ibra\Documents\GitHub\sana\node_modules\next\dist\server\dev\next-dev-server.js:720:42)
    at DevServer.findPageComponents (file://C:\Users\Ibra\Documents\GitHub\sana\node_modules\next\dist\server\dev\next-dev-server.js:690:43)
    at async DevServer.renderErrorToResponseImpl (file://C:\Users\Ibra\Documents\GitHub\sana\node_modules\next\dist\server\base-server.js:1753:26)
[  159539ms] [LOG] [HMR] connected @ http://localhost:3000/_next/static/chunks/node_modules_next_dist_0u_w_5s._.js:1226
[  159552ms] [ERROR] Refused to execute script from 'http://localhost:3000/_next/static/development/_clientMiddlewareManifest.js' because its MIME type ('application/json') is not executable, and strict MIME type checking is enabled. @ http://localhost:3000/:0
[  159559ms] [ERROR] ./components/section-figure.tsx:91:9
Expected ',', got 'ident'
  89 |           only decides how much of the finished frame is showing. */}
  90 |       <div
> 91 |         className={`figure-uncover relative w-full overflow-hidden ${className}`}
     |         ^^^^^^^^^
  92 |         style={{ aspectRatio: ratio }}
  93 |       >
  94 |         <ProfileImage

Parsing ecmascript source code failed

Import trace:
  Server Component:
    ./components/section-figure.tsx
    ./components/about-section.tsx
    ./app/[locale]/page.tsx @ http://localhost:3000/_next/static/chunks/node_modules_next_dist_0u_w_5s._.js:1945
[  159559ms] [ERROR] ./components/section-figure.tsx:91:9
Expected ',', got 'ident'
  89 |           only decides how much of the finished frame is showing. */}
  90 |       <div
> 91 |         className={`figure-uncover relative w-full overflow-hidden ${className}`}
     |         ^^^^^^^^^
  92 |         style={{ aspectRatio: ratio }}
  93 |       >
  94 |         <ProfileImage

Parsing ecmascript source code failed

Import trace:
  Server Component:
    ./components/section-figure.tsx
    ./components/about-section.tsx
    ./app/[locale]/about/page.tsx @ http://localhost:3000/_next/static/chunks/node_modules_next_dist_0u_w_5s._.js:1945
[  159589ms] [ERROR] Failed to load resource: the server responded with a status of 500 (Internal Server Error) @ http://localhost:3000/favicon.ico:0
[  159647ms] [ERROR] ./components/section-figure.tsx:91:9
Expected ',', got 'ident'
  89 |           only decides how much of the finished frame is showing. */}
  90 |       <div
> 91 |         className={`figure-uncover relative w-full overflow-hidden ${className}`}
     |         ^^^^^^^^^
  92 |         style={{ aspectRatio: ratio }}
  93 |       >
  94 |         <ProfileImage

Parsing ecmascript source code failed

Import trace:
  Server Component:
    ./components/section-figure.tsx
    ./components/about-section.tsx
    ./app/[locale]/page.tsx @ http://localhost:3000/_next/static/chunks/node_modules_next_dist_0u_w_5s._.js:1945
[  159710ms] [ERROR] ./components/section-figure.tsx:91:9
Expected ',', got 'ident'
  89 |           only decides how much of the finished frame is showing. */}
  90 |       <div
> 91 |         className={`figure-uncover relative w-full overflow-hidden ${className}`}
     |         ^^^^^^^^^
  92 |         style={{ aspectRatio: ratio }}
  93 |       >
  94 |         <ProfileImage

Parsing ecmascript source code failed

Import trace:
  Server Component:
    ./components/section-figure.tsx
    ./components/about-section.tsx
    ./app/[locale]/page.tsx @ http://localhost:3000/_next/static/chunks/node_modules_next_dist_0u_w_5s._.js:1945
[  159772ms] [ERROR] ./components/section-figure.tsx:91:9
Expected ',', got 'ident'
  89 |           only decides how much of the finished frame is showing. */}
  90 |       <div
> 91 |         className={`figure-uncover relative w-full overflow-hidden ${className}`}
     |         ^^^^^^^^^
  92 |         style={{ aspectRatio: ratio }}
  93 |       >
  94 |         <ProfileImage

Parsing ecmascript source code failed

Import trace:
  Server Component:
    ./components/section-figure.tsx
    ./components/about-section.tsx
    ./app/[locale]/page.tsx @ http://localhost:3000/_next/static/chunks/node_modules_next_dist_0u_w_5s._.js:1945
[  159835ms] [ERROR] ./components/section-figure.tsx:91:9
Expected ',', got 'ident'
  89 |           only decides how much of the finished frame is showing. */}
  90 |       <div
> 91 |         className={`figure-uncover relative w-full overflow-hidden ${className}`}
     |         ^^^^^^^^^
  92 |         style={{ aspectRatio: ratio }}
  93 |       >
  94 |         <ProfileImage

Parsing ecmascript source code failed

Import trace:
  Server Component:
    ./components/section-figure.tsx
    ./components/about-section.tsx
    ./app/[locale]/page.tsx @ http://localhost:3000/_next/static/chunks/node_modules_next_dist_0u_w_5s._.js:1945
[  159896ms] [ERROR] ./components/section-figure.tsx:91:9
Expected ',', got 'ident'
  89 |           only decides how much of the finished frame is showing. */}
  90 |       <div
> 91 |         className={`figure-uncover relative w-full overflow-hidden ${className}`}
     |         ^^^^^^^^^
  92 |         style={{ aspectRatio: ratio }}
  93 |       >
  94 |         <ProfileImage

Parsing ecmascript source code failed

Import trace:
  Server Component:
    ./components/section-figure.tsx
    ./components/about-section.tsx
    ./app/[locale]/page.tsx @ http://localhost:3000/_next/static/chunks/node_modules_next_dist_0u_w_5s._.js:1945
[  159958ms] [ERROR] ./components/section-figure.tsx:91:9
Expected ',', got 'ident'
  89 |           only decides how much of the finished frame is showing. */}
  90 |       <div
> 91 |         className={`figure-uncover relative w-full overflow-hidden ${className}`}
     |         ^^^^^^^^^
  92 |         style={{ aspectRatio: ratio }}
  93 |       >
  94 |         <ProfileImage

Parsing ecmascript source code failed

Import trace:
  Server Component:
    ./components/section-figure.tsx
    ./components/about-section.tsx
    ./app/[locale]/page.tsx @ http://localhost:3000/_next/static/chunks/node_modules_next_dist_0u_w_5s._.js:1945
[  160020ms] [ERROR] ./components/section-figure.tsx:91:9
Expected ',', got 'ident'
  89 |           only decides how much of the finished frame is showing. */}
  90 |       <div
> 91 |         className={`figure-uncover relative w-full overflow-hidden ${className}`}
     |         ^^^^^^^^^
  92 |         style={{ aspectRatio: ratio }}
  93 |       >
  94 |         <ProfileImage

Parsing ecmascript source code failed

Import trace:
  Server Component:
    ./components/section-figure.tsx
    ./components/about-section.tsx
    ./app/[locale]/page.tsx @ http://localhost:3000/_next/static/chunks/node_modules_next_dist_0u_w_5s._.js:1945
[  160083ms] [ERROR] ./components/section-figure.tsx:91:9
Expected ',', got 'ident'
  89 |           only decides how much of the finished frame is showing. */}
  90 |       <div
> 91 |         className={`figure-uncover relative w-full overflow-hidden ${className}`}
     |         ^^^^^^^^^
  92 |         style={{ aspectRatio: ratio }}
  93 |       >
  94 |         <ProfileImage

Parsing ecmascript source code failed

Import trace:
  Server Component:
    ./components/section-figure.tsx
    ./components/about-section.tsx
    ./app/[locale]/page.tsx @ http://localhost:3000/_next/static/chunks/node_modules_next_dist_0u_w_5s._.js:1945
[  160145ms] [ERROR] ./components/section-figure.tsx:91:9
Expected ',', got 'ident'
  89 |           only decides how much of the finished frame is showing. */}
  90 |       <div
> 91 |         className={`figure-uncover relative w-full overflow-hidden ${className}`}
     |         ^^^^^^^^^
  92 |         style={{ aspectRatio: ratio }}
  93 |       >
  94 |         <ProfileImage

Parsing ecmascript source code failed

Import trace:
  Server Component:
    ./components/section-figure.tsx
    ./components/about-section.tsx
    ./app/[locale]/page.tsx @ http://localhost:3000/_next/static/chunks/node_modules_next_dist_0u_w_5s._.js:1945
[  160207ms] [ERROR] ./components/section-figure.tsx:91:9
Expected ',', got 'ident'
  89 |           only decides how much of the finished frame is showing. */}
  90 |       <div
> 91 |         className={`figure-uncover relative w-full overflow-hidden ${className}`}
     |         ^^^^^^^^^
  92 |         style={{ aspectRatio: ratio }}
  93 |       >
  94 |         <ProfileImage

Parsing ecmascript source code failed

Import trace:
  Server Component:
    ./components/section-figure.tsx
    ./components/about-section.tsx
    ./app/[locale]/page.tsx @ http://localhost:3000/_next/static/chunks/node_modules_next_dist_0u_w_5s._.js:1945
[  160268ms] [ERROR] ./components/section-figure.tsx:91:9
Expected ',', got 'ident'
  89 |           only decides how much of the finished frame is showing. */}
  90 |       <div
> 91 |         className={`figure-uncover relative w-full overflow-hidden ${className}`}
     |         ^^^^^^^^^
  92 |         style={{ aspectRatio: ratio }}
  93 |       >
  94 |         <ProfileImage

Parsing ecmascript source code failed

Import trace:
  Server Component:
    ./components/section-figure.tsx
    ./components/about-section.tsx
    ./app/[locale]/page.tsx @ http://localhost:3000/_next/static/chunks/node_modules_next_dist_0u_w_5s._.js:1945
[  160328ms] [ERROR] ./components/section-figure.tsx:91:9
Expected ',', got 'ident'
  89 |           only decides how much of the finished frame is showing. */}
  90 |       <div
> 91 |         className={`figure-uncover relative w-full overflow-hidden ${className}`}
     |         ^^^^^^^^^
  92 |         style={{ aspectRatio: ratio }}
  93 |       >
  94 |         <ProfileImage

Parsing ecmascript source code failed

Import trace:
  Server Component:
    ./components/section-figure.tsx
    ./components/about-section.tsx
    ./app/[locale]/page.tsx @ http://localhost:3000/_next/static/chunks/node_modules_next_dist_0u_w_5s._.js:1945
[  160390ms] [ERROR] ./components/section-figure.tsx:91:9
Expected ',', got 'ident'
  89 |           only decides how much of the finished frame is showing. */}
  90 |       <div
> 91 |         className={`figure-uncover relative w-full overflow-hidden ${className}`}
     |         ^^^^^^^^^
  92 |         style={{ aspectRatio: ratio }}
  93 |       >
  94 |         <ProfileImage

Parsing ecmascript source code failed

Import trace:
  Server Component:
    ./components/section-figure.tsx
    ./components/about-section.tsx
    ./app/[locale]/page.tsx @ http://localhost:3000/_next/static/chunks/node_modules_next_dist_0u_w_5s._.js:1945
[  160451ms] [ERROR] ./components/section-figure.tsx:91:9
Expected ',', got 'ident'
  89 |           only decides how much of the finished frame is showing. */}
  90 |       <div
> 91 |         className={`figure-uncover relative w-full overflow-hidden ${className}`}
     |         ^^^^^^^^^
  92 |         style={{ aspectRatio: ratio }}
  93 |       >
  94 |         <ProfileImage

Parsing ecmascript source code failed

Import trace:
  Server Component:
    ./components/section-figure.tsx
    ./components/about-section.tsx
    ./app/[locale]/page.tsx @ http://localhost:3000/_next/static/chunks/node_modules_next_dist_0u_w_5s._.js:1945
[  160513ms] [ERROR] ./components/section-figure.tsx:91:9
Expected ',', got 'ident'
  89 |           only decides how much of the finished frame is showing. */}
  90 |       <div
> 91 |         className={`figure-uncover relative w-full overflow-hidden ${className}`}
     |         ^^^^^^^^^
  92 |         style={{ aspectRatio: ratio }}
  93 |       >
  94 |         <ProfileImage

Parsing ecmascript source code failed

Import trace:
  Server Component:
    ./components/section-figure.tsx
    ./components/about-section.tsx
    ./app/[locale]/page.tsx @ http://localhost:3000/_next/static/chunks/node_modules_next_dist_0u_w_5s._.js:1945
[  160575ms] [ERROR] ./components/section-figure.tsx:91:9
Expected ',', got 'ident'
  89 |           only decides how much of the finished frame is showing. */}
  90 |       <div
> 91 |         className={`figure-uncover relative w-full overflow-hidden ${className}`}
     |         ^^^^^^^^^
  92 |         style={{ aspectRatio: ratio }}
  93 |       >
  94 |         <ProfileImage

Parsing ecmascript source code failed

Import trace:
  Server Component:
    ./components/section-figure.tsx
    ./components/about-section.tsx
    ./app/[locale]/page.tsx @ http://localhost:3000/_next/static/chunks/node_modules_next_dist_0u_w_5s._.js:1945
[  160635ms] [ERROR] ./components/section-figure.tsx:91:9
Expected ',', got 'ident'
  89 |           only decides how much of the finished frame is showing. */}
  90 |       <div
> 91 |         className={`figure-uncover relative w-full overflow-hidden ${className}`}
     |         ^^^^^^^^^
  92 |         style={{ aspectRatio: ratio }}
  93 |       >
  94 |         <ProfileImage

Parsing ecmascript source code failed

Import trace:
  Server Component:
    ./components/section-figure.tsx
    ./components/about-section.tsx
    ./app/[locale]/page.tsx @ http://localhost:3000/_next/static/chunks/node_modules_next_dist_0u_w_5s._.js:1945
[  160697ms] [ERROR] ./components/section-figure.tsx:91:9
Expected ',', got 'ident'
  89 |           only decides how much of the finished frame is showing. */}
  90 |       <div
> 91 |         className={`figure-uncover relative w-full overflow-hidden ${className}`}
     |         ^^^^^^^^^
  92 |         style={{ aspectRatio: ratio }}
  93 |       >
  94 |         <ProfileImage

Parsing ecmascript source code failed

Import trace:
  Server Component:
    ./components/section-figure.tsx
    ./components/about-section.tsx
    ./app/[locale]/page.tsx @ http://localhost:3000/_next/static/chunks/node_modules_next_dist_0u_w_5s._.js:1945
[  160759ms] [ERROR] ./components/section-figure.tsx:91:9
Expected ',', got 'ident'
  89 |           only decides how much of the finished frame is showing. */}
  90 |       <div
> 91 |         className={`figure-uncover relative w-full overflow-hidden ${className}`}
     |         ^^^^^^^^^
  92 |         style={{ aspectRatio: ratio }}
  93 |       >
  94 |         <ProfileImage

Parsing ecmascript source code failed

Import trace:
  Server Component:
    ./components/section-figure.tsx
    ./components/about-section.tsx
    ./app/[locale]/page.tsx @ http://localhost:3000/_next/static/chunks/node_modules_next_dist_0u_w_5s._.js:1945
[  160821ms] [ERROR] ./components/section-figure.tsx:91:9
Expected ',', got 'ident'
  89 |           only decides how much of the finished frame is showing. */}
  90 |       <div
> 91 |         className={`figure-uncover relative w-full overflow-hidden ${className}`}
     |         ^^^^^^^^^
  92 |         style={{ aspectRatio: ratio }}
  93 |       >
  94 |         <ProfileImage

Parsing ecmascript source code failed

Import trace:
  Server Component:
    ./components/section-figure.tsx
    ./components/about-section.tsx
    ./app/[locale]/page.tsx @ http://localhost:3000/_next/static/chunks/node_modules_next_dist_0u_w_5s._.js:1945
[  160883ms] [ERROR] ./components/section-figure.tsx:91:9
Expected ',', got 'ident'
  89 |           only decides how much of the finished frame is showing. */}
  90 |       <div
> 91 |         className={`figure-uncover relative w-full overflow-hidden ${className}`}
     |         ^^^^^^^^^
  92 |         style={{ aspectRatio: ratio }}
  93 |       >
  94 |         <ProfileImage

Parsing ecmascript source code failed

Import trace:
  Server Component:
    ./components/section-figure.tsx
    ./components/about-section.tsx
    ./app/[locale]/page.tsx @ http://localhost:3000/_next/static/chunks/node_modules_next_dist_0u_w_5s._.js:1945
[  160943ms] [ERROR] ./components/section-figure.tsx:91:9
Expected ',', got 'ident'
  89 |           only decides how much of the finished frame is showing. */}
  90 |       <div
> 91 |         className={`figure-uncover relative w-full overflow-hidden ${className}`}
     |         ^^^^^^^^^
  92 |         style={{ aspectRatio: ratio }}
  93 |       >
  94 |         <ProfileImage

Parsing ecmascript source code failed

Import trace:
  Server Component:
    ./components/section-figure.tsx
    ./components/about-section.tsx
    ./app/[locale]/page.tsx @ http://localhost:3000/_next/static/chunks/node_modules_next_dist_0u_w_5s._.js:1945
[  161005ms] [ERROR] ./components/section-figure.tsx:91:9
Expected ',', got 'ident'
  89 |           only decides how much of the finished frame is showing. */}
  90 |       <div
> 91 |         className={`figure-uncover relative w-full overflow-hidden ${className}`}
     |         ^^^^^^^^^
  92 |         style={{ aspectRatio: ratio }}
  93 |       >
  94 |         <ProfileImage

Parsing ecmascript source code failed

Import trace:
  Server Component:
    ./components/section-figure.tsx
    ./components/about-section.tsx
    ./app/[locale]/page.tsx @ http://localhost:3000/_next/static/chunks/node_modules_next_dist_0u_w_5s._.js:1945
[  161068ms] [ERROR] ./components/section-figure.tsx:91:9
Expected ',', got 'ident'
  89 |           only decides how much of the finished frame is showing. */}
  90 |       <div
> 91 |         className={`figure-uncover relative w-full overflow-hidden ${className}`}
     |         ^^^^^^^^^
  92 |         style={{ aspectRatio: ratio }}
  93 |       >
  94 |         <ProfileImage

Parsing ecmascript source code failed

Import trace:
  Server Component:
    ./components/section-figure.tsx
    ./components/about-section.tsx
    ./app/[locale]/page.tsx @ http://localhost:3000/_next/static/chunks/node_modules_next_dist_0u_w_5s._.js:1945
[  161129ms] [ERROR] ./components/section-figure.tsx:91:9
Expected ',', got 'ident'
  89 |           only decides how much of the finished frame is showing. */}
  90 |       <div
> 91 |         className={`figure-uncover relative w-full overflow-hidden ${className}`}
     |         ^^^^^^^^^
  92 |         style={{ aspectRatio: ratio }}
  93 |       >
  94 |         <ProfileImage

Parsing ecmascript source code failed

Import trace:
  Server Component:
    ./components/section-figure.tsx
    ./components/about-section.tsx
    ./app/[locale]/page.tsx @ http://localhost:3000/_next/static/chunks/node_modules_next_dist_0u_w_5s._.js:1945
[  161190ms] [ERROR] ./components/section-figure.tsx:91:9
Expected ',', got 'ident'
  89 |           only decides how much of the finished frame is showing. */}
  90 |       <div
> 91 |         className={`figure-uncover relative w-full overflow-hidden ${className}`}
     |         ^^^^^^^^^
  92 |         style={{ aspectRatio: ratio }}
  93 |       >
  94 |         <ProfileImage

Parsing ecmascript source code failed

Import trace:
  Server Component:
    ./components/section-figure.tsx
    ./components/about-section.tsx
    ./app/[locale]/page.tsx @ http://localhost:3000/_next/static/chunks/node_modules_next_dist_0u_w_5s._.js:1945
[  161252ms] [ERROR] ./components/section-figure.tsx:91:9
Expected ',', got 'ident'
  89 |           only decides how much of the finished frame is showing. */}
  90 |       <div
> 91 |         className={`figure-uncover relative w-full overflow-hidden ${className}`}
     |         ^^^^^^^^^
  92 |         style={{ aspectRatio: ratio }}
  93 |       >
  94 |         <ProfileImage

Parsing ecmascript source code failed

Import trace:
  Server Component:
    ./components/section-figure.tsx
    ./components/about-section.tsx
    ./app/[locale]/page.tsx @ http://localhost:3000/_next/static/chunks/node_modules_next_dist_0u_w_5s._.js:1945
[  161314ms] [ERROR] ./components/section-figure.tsx:91:9
Expected ',', got 'ident'
  89 |           only decides how much of the finished frame is showing. */}
  90 |       <div
> 91 |         className={`figure-uncover relative w-full overflow-hidden ${className}`}
     |         ^^^^^^^^^
  92 |         style={{ aspectRatio: ratio }}
  93 |       >
  94 |         <ProfileImage

Parsing ecmascript source code failed

Import trace:
  Server Component:
    ./components/section-figure.tsx
    ./components/about-section.tsx
    ./app/[locale]/page.tsx @ http://localhost:3000/_next/static/chunks/node_modules_next_dist_0u_w_5s._.js:1945
[  161378ms] [ERROR] ./components/section-figure.tsx:91:9
Expected ',', got 'ident'
  89 |           only decides how much of the finished frame is showing. */}
  90 |       <div
> 91 |         className={`figure-uncover relative w-full overflow-hidden ${className}`}
     |         ^^^^^^^^^
  92 |         style={{ aspectRatio: ratio }}
  93 |       >
  94 |         <ProfileImage

Parsing ecmascript source code failed

Import trace:
  Server Component:
    ./components/section-figure.tsx
    ./components/about-section.tsx
    ./app/[locale]/page.tsx @ http://localhost:3000/_next/static/chunks/node_modules_next_dist_0u_w_5s._.js:1945
[  161439ms] [ERROR] ./components/section-figure.tsx:91:9
Expected ',', got 'ident'
  89 |           only decides how much of the finished frame is showing. */}
  90 |       <div
> 91 |         className={`figure-uncover relative w-full overflow-hidden ${className}`}
     |         ^^^^^^^^^
  92 |         style={{ aspectRatio: ratio }}
  93 |       >
  94 |         <ProfileImage

Parsing ecmascript source code failed

Import trace:
  Server Component:
    ./components/section-figure.tsx
    ./components/about-section.tsx
    ./app/[locale]/page.tsx @ http://localhost:3000/_next/static/chunks/node_modules_next_dist_0u_w_5s._.js:1945
[  161501ms] [ERROR] ./components/section-figure.tsx:91:9
Expected ',', got 'ident'
  89 |           only decides how much of the finished frame is showing. */}
  90 |       <div
> 91 |         className={`figure-uncover relative w-full overflow-hidden ${className}`}
     |         ^^^^^^^^^
  92 |         style={{ aspectRatio: ratio }}
  93 |       >
  94 |         <ProfileImage

Parsing ecmascript source code failed

Import trace:
  Server Component:
    ./components/section-figure.tsx
    ./components/about-section.tsx
    ./app/[locale]/page.tsx @ http://localhost:3000/_next/static/chunks/node_modules_next_dist_0u_w_5s._.js:1945
[  161562ms] [ERROR] ./components/section-figure.tsx:91:9
Expected ',', got 'ident'
  89 |           only decides how much of the finished frame is showing. */}
  90 |       <div
> 91 |         className={`figure-uncover relative w-full overflow-hidden ${className}`}
     |         ^^^^^^^^^
  92 |         style={{ aspectRatio: ratio }}
  93 |       >
  94 |         <ProfileImage

Parsing ecmascript source code failed

Import trace:
  Server Component:
    ./components/section-figure.tsx
    ./components/about-section.tsx
    ./app/[locale]/page.tsx @ http://localhost:3000/_next/static/chunks/node_modules_next_dist_0u_w_5s._.js:1945
[  161625ms] [ERROR] ./components/section-figure.tsx:91:9
Expected ',', got 'ident'
  89 |           only decides how much of the finished frame is showing. */}
  90 |       <div
> 91 |         className={`figure-uncover relative w-full overflow-hidden ${className}`}
     |         ^^^^^^^^^
  92 |         style={{ aspectRatio: ratio }}
  93 |       >
  94 |         <ProfileImage

Parsing ecmascript source code failed

Import trace:
  Server Component:
    ./components/section-figure.tsx
    ./components/about-section.tsx
    ./app/[locale]/page.tsx @ http://localhost:3000/_next/static/chunks/node_modules_next_dist_0u_w_5s._.js:1945
[  161687ms] [ERROR] ./components/section-figure.tsx:91:9
Expected ',', got 'ident'
  89 |           only decides how much of the finished frame is showing. */}
  90 |       <div
> 91 |         className={`figure-uncover relative w-full overflow-hidden ${className}`}
     |         ^^^^^^^^^
  92 |         style={{ aspectRatio: ratio }}
  93 |       >
  94 |         <ProfileImage

Parsing ecmascript source code failed

Import trace:
  Server Component:
    ./components/section-figure.tsx
    ./components/about-section.tsx
    ./app/[locale]/page.tsx @ http://localhost:3000/_next/static/chunks/node_modules_next_dist_0u_w_5s._.js:1945
[  161750ms] [ERROR] ./components/section-figure.tsx:91:9
Expected ',', got 'ident'
  89 |           only decides how much of the finished frame is showing. */}
  90 |       <div
> 91 |         className={`figure-uncover relative w-full overflow-hidden ${className}`}
     |         ^^^^^^^^^
  92 |         style={{ aspectRatio: ratio }}
  93 |       >
  94 |         <ProfileImage

Parsing ecmascript source code failed

Import trace:
  Server Component:
    ./components/section-figure.tsx
    ./components/about-section.tsx
    ./app/[locale]/page.tsx @ http://localhost:3000/_next/static/chunks/node_modules_next_dist_0u_w_5s._.js:1945
[  161811ms] [ERROR] ./components/section-figure.tsx:91:9
Expected ',', got 'ident'
  89 |           only decides how much of the finished frame is showing. */}
  90 |       <div
> 91 |         className={`figure-uncover relative w-full overflow-hidden ${className}`}
     |         ^^^^^^^^^
  92 |         style={{ aspectRatio: ratio }}
  93 |       >
  94 |         <ProfileImage

Parsing ecmascript source code failed

Import trace:
  Server Component:
    ./components/section-figure.tsx
    ./components/about-section.tsx
    ./app/[locale]/page.tsx @ http://localhost:3000/_next/static/chunks/node_modules_next_dist_0u_w_5s._.js:1945
[  161873ms] [ERROR] ./components/section-figure.tsx:91:9
Expected ',', got 'ident'
  89 |           only decides how much of the finished frame is showing. */}
  90 |       <div
> 91 |         className={`figure-uncover relative w-full overflow-hidden ${className}`}
     |         ^^^^^^^^^
  92 |         style={{ aspectRatio: ratio }}
  93 |       >
  94 |         <ProfileImage

Parsing ecmascript source code failed

Import trace:
  Server Component:
    ./components/section-figure.tsx
    ./components/about-section.tsx
    ./app/[locale]/page.tsx @ http://localhost:3000/_next/static/chunks/node_modules_next_dist_0u_w_5s._.js:1945
[  161936ms] [ERROR] ./components/section-figure.tsx:91:9
Expected ',', got 'ident'
  89 |           only decides how much of the finished frame is showing. */}
  90 |       <div
> 91 |         className={`figure-uncover relative w-full overflow-hidden ${className}`}
     |         ^^^^^^^^^
  92 |         style={{ aspectRatio: ratio }}
  93 |       >
  94 |         <ProfileImage

Parsing ecmascript source code failed

Import trace:
  Server Component:
    ./components/section-figure.tsx
    ./components/about-section.tsx
    ./app/[locale]/page.tsx @ http://localhost:3000/_next/static/chunks/node_modules_next_dist_0u_w_5s._.js:1945
[  161998ms] [ERROR] ./components/section-figure.tsx:91:9
Expected ',', got 'ident'
  89 |           only decides how much of the finished frame is showing. */}
  90 |       <div
> 91 |         className={`figure-uncover relative w-full overflow-hidden ${className}`}
     |         ^^^^^^^^^
  92 |         style={{ aspectRatio: ratio }}
  93 |       >
  94 |         <ProfileImage

Parsing ecmascript source code failed

Import trace:
  Server Component:
    ./components/section-figure.tsx
    ./components/about-section.tsx
    ./app/[locale]/page.tsx @ http://localhost:3000/_next/static/chunks/node_modules_next_dist_0u_w_5s._.js:1945
[  162061ms] [ERROR] ./components/section-figure.tsx:91:9
Expected ',', got 'ident'
  89 |           only decides how much of the finished frame is showing. */}
  90 |       <div
> 91 |         className={`figure-uncover relative w-full overflow-hidden ${className}`}
     |         ^^^^^^^^^
  92 |         style={{ aspectRatio: ratio }}
  93 |       >
  94 |         <ProfileImage

Parsing ecmascript source code failed

Import trace:
  Server Component:
    ./components/section-figure.tsx
    ./components/about-section.tsx
    ./app/[locale]/page.tsx @ http://localhost:3000/_next/static/chunks/node_modules_next_dist_0u_w_5s._.js:1945
[  162123ms] [ERROR] ./components/section-figure.tsx:91:9
Expected ',', got 'ident'
  89 |           only decides how much of the finished frame is showing. */}
  90 |       <div
> 91 |         className={`figure-uncover relative w-full overflow-hidden ${className}`}
     |         ^^^^^^^^^
  92 |         style={{ aspectRatio: ratio }}
  93 |       >
  94 |         <ProfileImage

Parsing ecmascript source code failed

Import trace:
  Server Component:
    ./components/section-figure.tsx
    ./components/about-section.tsx
    ./app/[locale]/page.tsx @ http://localhost:3000/_next/static/chunks/node_modules_next_dist_0u_w_5s._.js:1945
[  162185ms] [ERROR] ./components/section-figure.tsx:91:9
Expected ',', got 'ident'
  89 |           only decides how much of the finished frame is showing. */}
  90 |       <div
> 91 |         className={`figure-uncover relative w-full overflow-hidden ${className}`}
     |         ^^^^^^^^^
  92 |         style={{ aspectRatio: ratio }}
  93 |       >
  94 |         <ProfileImage

Parsing ecmascript source code failed

Import trace:
  Server Component:
    ./components/section-figure.tsx
    ./components/about-section.tsx
    ./app/[locale]/page.tsx @ http://localhost:3000/_next/static/chunks/node_modules_next_dist_0u_w_5s._.js:1945
[  162247ms] [ERROR] ./components/section-figure.tsx:91:9
Expected ',', got 'ident'
  89 |           only decides how much of the finished frame is showing. */}
  90 |       <div
> 91 |         className={`figure-uncover relative w-full overflow-hidden ${className}`}
     |         ^^^^^^^^^
  92 |         style={{ aspectRatio: ratio }}
  93 |       >
  94 |         <ProfileImage

Parsing ecmascript source code failed

Import trace:
  Server Component:
    ./components/section-figure.tsx
    ./components/about-section.tsx
    ./app/[locale]/page.tsx @ http://localhost:3000/_next/static/chunks/node_modules_next_dist_0u_w_5s._.js:1945
[  162308ms] [ERROR] ./components/section-figure.tsx:91:9
Expected ',', got 'ident'
  89 |           only decides how much of the finished frame is showing. */}
  90 |       <div
> 91 |         className={`figure-uncover relative w-full overflow-hidden ${className}`}
     |         ^^^^^^^^^
  92 |         style={{ aspectRatio: ratio }}
  93 |       >
  94 |         <ProfileImage

Parsing ecmascript source code failed

Import trace:
  Server Component:
    ./components/section-figure.tsx
    ./components/about-section.tsx
    ./app/[locale]/page.tsx @ http://localhost:3000/_next/static/chunks/node_modules_next_dist_0u_w_5s._.js:1945
[  162369ms] [ERROR] ./components/section-figure.tsx:91:9
Expected ',', got 'ident'
  89 |           only decides how much of the finished frame is showing. */}
  90 |       <div
> 91 |         className={`figure-uncover relative w-full overflow-hidden ${className}`}
     |         ^^^^^^^^^
  92 |         style={{ aspectRatio: ratio }}
  93 |       >
  94 |         <ProfileImage

Parsing ecmascript source code failed

Import trace:
  Server Component:
    ./components/section-figure.tsx
    ./components/about-section.tsx
    ./app/[locale]/page.tsx @ http://localhost:3000/_next/static/chunks/node_modules_next_dist_0u_w_5s._.js:1945
[  162432ms] [ERROR] ./components/section-figure.tsx:91:9
Expected ',', got 'ident'
  89 |           only decides how much of the finished frame is showing. */}
  90 |       <div
> 91 |         className={`figure-uncover relative w-full overflow-hidden ${className}`}
     |         ^^^^^^^^^
  92 |         style={{ aspectRatio: ratio }}
  93 |       >
  94 |         <ProfileImage

Parsing ecmascript source code failed

Import trace:
  Server Component:
    ./components/section-figure.tsx
    ./components/about-section.tsx
    ./app/[locale]/page.tsx @ http://localhost:3000/_next/static/chunks/node_modules_next_dist_0u_w_5s._.js:1945
[  162494ms] [ERROR] ./components/section-figure.tsx:91:9
Expected ',', got 'ident'
  89 |           only decides how much of the finished frame is showing. */}
  90 |       <div
> 91 |         className={`figure-uncover relative w-full overflow-hidden ${className}`}
     |         ^^^^^^^^^
  92 |         style={{ aspectRatio: ratio }}
  93 |       >
  94 |         <ProfileImage

Parsing ecmascript source code failed

Import trace:
  Server Component:
    ./components/section-figure.tsx
    ./components/about-section.tsx
    ./app/[locale]/page.tsx @ http://localhost:3000/_next/static/chunks/node_modules_next_dist_0u_w_5s._.js:1945
[  162556ms] [ERROR] ./components/section-figure.tsx:91:9
Expected ',', got 'ident'
  89 |           only decides how much of the finished frame is showing. */}
  90 |       <div
> 91 |         className={`figure-uncover relative w-full overflow-hidden ${className}`}
     |         ^^^^^^^^^
  92 |         style={{ aspectRatio: ratio }}
  93 |       >
  94 |         <ProfileImage

Parsing ecmascript source code failed

Import trace:
  Server Component:
    ./components/section-figure.tsx
    ./components/about-section.tsx
    ./app/[locale]/page.tsx @ http://localhost:3000/_next/static/chunks/node_modules_next_dist_0u_w_5s._.js:1945
[  162619ms] [ERROR] ./components/section-figure.tsx:91:9
Expected ',', got 'ident'
  89 |           only decides how much of the finished frame is showing. */}
  90 |       <div
> 91 |         className={`figure-uncover relative w-full overflow-hidden ${className}`}
     |         ^^^^^^^^^
  92 |         style={{ aspectRatio: ratio }}
  93 |       >
  94 |         <ProfileImage

Parsing ecmascript source code failed

Import trace:
  Server Component:
    ./components/section-figure.tsx
    ./components/about-section.tsx
    ./app/[locale]/page.tsx @ http://localhost:3000/_next/static/chunks/node_modules_next_dist_0u_w_5s._.js:1945
[  162681ms] [ERROR] ./components/section-figure.tsx:91:9
Expected ',', got 'ident'
  89 |           only decides how much of the finished frame is showing. */}
  90 |       <div
> 91 |         className={`figure-uncover relative w-full overflow-hidden ${className}`}
     |         ^^^^^^^^^
  92 |         style={{ aspectRatio: ratio }}
  93 |       >
  94 |         <ProfileImage

Parsing ecmascript source code failed

Import trace:
  Server Component:
    ./components/section-figure.tsx
    ./components/about-section.tsx
    ./app/[locale]/page.tsx @ http://localhost:3000/_next/static/chunks/node_modules_next_dist_0u_w_5s._.js:1945
[  162744ms] [ERROR] ./components/section-figure.tsx:91:9
Expected ',', got 'ident'
  89 |           only decides how much of the finished frame is showing. */}
  90 |       <div
> 91 |         className={`figure-uncover relative w-full overflow-hidden ${className}`}
     |         ^^^^^^^^^
  92 |         style={{ aspectRatio: ratio }}
  93 |       >
  94 |         <ProfileImage

Parsing ecmascript source code failed

Import trace:
  Server Component:
    ./components/section-figure.tsx
    ./components/about-section.tsx
    ./app/[locale]/page.tsx @ http://localhost:3000/_next/static/chunks/node_modules_next_dist_0u_w_5s._.js:1945
[  162806ms] [ERROR] ./components/section-figure.tsx:91:9
Expected ',', got 'ident'
  89 |           only decides how much of the finished frame is showing. */}
  90 |       <div
> 91 |         className={`figure-uncover relative w-full overflow-hidden ${className}`}
     |         ^^^^^^^^^
  92 |         style={{ aspectRatio: ratio }}
  93 |       >
  94 |         <ProfileImage

Parsing ecmascript source code failed

Import trace:
  Server Component:
    ./components/section-figure.tsx
    ./components/about-section.tsx
    ./app/[locale]/page.tsx @ http://localhost:3000/_next/static/chunks/node_modules_next_dist_0u_w_5s._.js:1945
[  162868ms] [ERROR] ./components/section-figure.tsx:91:9
Expected ',', got 'ident'
  89 |           only decides how much of the finished frame is showing. */}
  90 |       <div
> 91 |         className={`figure-uncover relative w-full overflow-hidden ${className}`}
     |         ^^^^^^^^^
  92 |         style={{ aspectRatio: ratio }}
  93 |       >
  94 |         <ProfileImage

Parsing ecmascript source code failed

Import trace:
  Server Component:
    ./components/section-figure.tsx
    ./components/about-section.tsx
    ./app/[locale]/page.tsx @ http://localhost:3000/_next/static/chunks/node_modules_next_dist_0u_w_5s._.js:1945
[  162930ms] [ERROR] ./components/section-figure.tsx:91:9
Expected ',', got 'ident'
  89 |           only decides how much of the finished frame is showing. */}
  90 |       <div
> 91 |         className={`figure-uncover relative w-full overflow-hidden ${className}`}
     |         ^^^^^^^^^
  92 |         style={{ aspectRatio: ratio }}
  93 |       >
  94 |         <ProfileImage

Parsing ecmascript source code failed

Import trace:
  Server Component:
    ./components/section-figure.tsx
    ./components/about-section.tsx
    ./app/[locale]/page.tsx @ http://localhost:3000/_next/static/chunks/node_modules_next_dist_0u_w_5s._.js:1945
[  162993ms] [ERROR] ./components/section-figure.tsx:91:9
Expected ',', got 'ident'
  89 |           only decides how much of the finished frame is showing. */}
  90 |       <div
> 91 |         className={`figure-uncover relative w-full overflow-hidden ${className}`}
     |         ^^^^^^^^^
  92 |         style={{ aspectRatio: ratio }}
  93 |       >
  94 |         <ProfileImage

Parsing ecmascript source code failed

Import trace:
  Server Component:
    ./components/section-figure.tsx
    ./components/about-section.tsx
    ./app/[locale]/page.tsx @ http://localhost:3000/_next/static/chunks/node_modules_next_dist_0u_w_5s._.js:1945
[  163055ms] [ERROR] ./components/section-figure.tsx:91:9
Expected ',', got 'ident'
  89 |           only decides how much of the finished frame is showing. */}
  90 |       <div
> 91 |         className={`figure-uncover relative w-full overflow-hidden ${className}`}
     |         ^^^^^^^^^
  92 |         style={{ aspectRatio: ratio }}
  93 |       >
  94 |         <ProfileImage

Parsing ecmascript source code failed

Import trace:
  Server Component:
    ./components/section-figure.tsx
    ./components/about-section.tsx
    ./app/[locale]/page.tsx @ http://localhost:3000/_next/static/chunks/node_modules_next_dist_0u_w_5s._.js:1945
[  163117ms] [ERROR] ./components/section-figure.tsx:91:9
Expected ',', got 'ident'
  89 |           only decides how much of the finished frame is showing. */}
  90 |       <div
> 91 |         className={`figure-uncover relative w-full overflow-hidden ${className}`}
     |         ^^^^^^^^^
  92 |         style={{ aspectRatio: ratio }}
  93 |       >
  94 |         <ProfileImage

Parsing ecmascript source code failed

Import trace:
  Server Component:
    ./components/section-figure.tsx
    ./components/about-section.tsx
    ./app/[locale]/page.tsx @ http://localhost:3000/_next/static/chunks/node_modules_next_dist_0u_w_5s._.js:1945
[  163178ms] [ERROR] ./components/section-figure.tsx:91:9
Expected ',', got 'ident'
  89 |           only decides how much of the finished frame is showing. */}
  90 |       <div
> 91 |         className={`figure-uncover relative w-full overflow-hidden ${className}`}
     |         ^^^^^^^^^
  92 |         style={{ aspectRatio: ratio }}
  93 |       >
  94 |         <ProfileImage

Parsing ecmascript source code failed

Import trace:
  Server Component:
    ./components/section-figure.tsx
    ./components/about-section.tsx
    ./app/[locale]/page.tsx @ http://localhost:3000/_next/static/chunks/node_modules_next_dist_0u_w_5s._.js:1945
[  163240ms] [ERROR] ./components/section-figure.tsx:91:9
Expected ',', got 'ident'
  89 |           only decides how much of the finished frame is showing. */}
  90 |       <div
> 91 |         className={`figure-uncover relative w-full overflow-hidden ${className}`}
     |         ^^^^^^^^^
  92 |         style={{ aspectRatio: ratio }}
  93 |       >
  94 |         <ProfileImage

Parsing ecmascript source code failed

Import trace:
  Server Component:
    ./components/section-figure.tsx
    ./components/about-section.tsx
    ./app/[locale]/page.tsx @ http://localhost:3000/_next/static/chunks/node_modules_next_dist_0u_w_5s._.js:1945
[  163302ms] [ERROR] ./components/section-figure.tsx:91:9
Expected ',', got 'ident'
  89 |           only decides how much of the finished frame is showing. */}
  90 |       <div
> 91 |         className={`figure-uncover relative w-full overflow-hidden ${className}`}
     |         ^^^^^^^^^
  92 |         style={{ aspectRatio: ratio }}
  93 |       >
  94 |         <ProfileImage

Parsing ecmascript source code failed

Import trace:
  Server Component:
    ./components/section-figure.tsx
    ./components/about-section.tsx
    ./app/[locale]/page.tsx @ http://localhost:3000/_next/static/chunks/node_modules_next_dist_0u_w_5s._.js:1945
[  163366ms] [ERROR] ./components/section-figure.tsx:91:9
Expected ',', got 'ident'
  89 |           only decides how much of the finished frame is showing. */}
  90 |       <div
> 91 |         className={`figure-uncover relative w-full overflow-hidden ${className}`}
     |         ^^^^^^^^^
  92 |         style={{ aspectRatio: ratio }}
  93 |       >
  94 |         <ProfileImage

Parsing ecmascript source code failed

Import trace:
  Server Component:
    ./components/section-figure.tsx
    ./components/about-section.tsx
    ./app/[locale]/page.tsx @ http://localhost:3000/_next/static/chunks/node_modules_next_dist_0u_w_5s._.js:1945
[  163426ms] [ERROR] ./components/section-figure.tsx:91:9
Expected ',', got 'ident'
  89 |           only decides how much of the finished frame is showing. */}
  90 |       <div
> 91 |         className={`figure-uncover relative w-full overflow-hidden ${className}`}
     |         ^^^^^^^^^
  92 |         style={{ aspectRatio: ratio }}
  93 |       >
  94 |         <ProfileImage

Parsing ecmascript source code failed

Import trace:
  Server Component:
    ./components/section-figure.tsx
    ./components/about-section.tsx
    ./app/[locale]/page.tsx @ http://localhost:3000/_next/static/chunks/node_modules_next_dist_0u_w_5s._.js:1945
[  163489ms] [ERROR] ./components/section-figure.tsx:91:9
Expected ',', got 'ident'
  89 |           only decides how much of the finished frame is showing. */}
  90 |       <div
> 91 |         className={`figure-uncover relative w-full overflow-hidden ${className}`}
     |         ^^^^^^^^^
  92 |         style={{ aspectRatio: ratio }}
  93 |       >
  94 |         <ProfileImage

Parsing ecmascript source code failed

Import trace:
  Server Component:
    ./components/section-figure.tsx
    ./components/about-section.tsx
    ./app/[locale]/page.tsx @ http://localhost:3000/_next/static/chunks/node_modules_next_dist_0u_w_5s._.js:1945
[  163552ms] [ERROR] ./components/section-figure.tsx:91:9
Expected ',', got 'ident'
  89 |           only decides how much of the finished frame is showing. */}
  90 |       <div
> 91 |         className={`figure-uncover relative w-full overflow-hidden ${className}`}
     |         ^^^^^^^^^
  92 |         style={{ aspectRatio: ratio }}
  93 |       >
  94 |         <ProfileImage

Parsing ecmascript source code failed

Import trace:
  Server Component:
    ./components/section-figure.tsx
    ./components/about-section.tsx
    ./app/[locale]/page.tsx @ http://localhost:3000/_next/static/chunks/node_modules_next_dist_0u_w_5s._.js:1945
[  163614ms] [ERROR] ./components/section-figure.tsx:91:9
Expected ',', got 'ident'
  89 |           only decides how much of the finished frame is showing. */}
  90 |       <div
> 91 |         className={`figure-uncover relative w-full overflow-hidden ${className}`}
     |         ^^^^^^^^^
  92 |         style={{ aspectRatio: ratio }}
  93 |       >
  94 |         <ProfileImage

Parsing ecmascript source code failed

Import trace:
  Server Component:
    ./components/section-figure.tsx
    ./components/about-section.tsx
    ./app/[locale]/page.tsx @ http://localhost:3000/_next/static/chunks/node_modules_next_dist_0u_w_5s._.js:1945
[  163676ms] [ERROR] ./components/section-figure.tsx:91:9
Expected ',', got 'ident'
  89 |           only decides how much of the finished frame is showing. */}
  90 |       <div
> 91 |         className={`figure-uncover relative w-full overflow-hidden ${className}`}
     |         ^^^^^^^^^
  92 |         style={{ aspectRatio: ratio }}
  93 |       >
  94 |         <ProfileImage

Parsing ecmascript source code failed

Import trace:
  Server Component:
    ./components/section-figure.tsx
    ./components/about-section.tsx
    ./app/[locale]/page.tsx @ http://localhost:3000/_next/static/chunks/node_modules_next_dist_0u_w_5s._.js:1945
[  163739ms] [ERROR] ./components/section-figure.tsx:91:9
Expected ',', got 'ident'
  89 |           only decides how much of the finished frame is showing. */}
  90 |       <div
> 91 |         className={`figure-uncover relative w-full overflow-hidden ${className}`}
     |         ^^^^^^^^^
  92 |         style={{ aspectRatio: ratio }}
  93 |       >
  94 |         <ProfileImage

Parsing ecmascript source code failed

Import trace:
  Server Component:
    ./components/section-figure.tsx
    ./components/about-section.tsx
    ./app/[locale]/page.tsx @ http://localhost:3000/_next/static/chunks/node_modules_next_dist_0u_w_5s._.js:1945
[  163801ms] [ERROR] ./components/section-figure.tsx:91:9
Expected ',', got 'ident'
  89 |           only decides how much of the finished frame is showing. */}
  90 |       <div
> 91 |         className={`figure-uncover relative w-full overflow-hidden ${className}`}
     |         ^^^^^^^^^
  92 |         style={{ aspectRatio: ratio }}
  93 |       >
  94 |         <ProfileImage

Parsing ecmascript source code failed

Import trace:
  Server Component:
    ./components/section-figure.tsx
    ./components/about-section.tsx
    ./app/[locale]/page.tsx @ http://localhost:3000/_next/static/chunks/node_modules_next_dist_0u_w_5s._.js:1945
[  163862ms] [ERROR] ./components/section-figure.tsx:91:9
Expected ',', got 'ident'
  89 |           only decides how much of the finished frame is showing. */}
  90 |       <div
> 91 |         className={`figure-uncover relative w-full overflow-hidden ${className}`}
     |         ^^^^^^^^^
  92 |         style={{ aspectRatio: ratio }}
  93 |       >
  94 |         <ProfileImage

Parsing ecmascript source code failed

Import trace:
  Server Component:
    ./components/section-figure.tsx
    ./components/about-section.tsx
    ./app/[locale]/page.tsx @ http://localhost:3000/_next/static/chunks/node_modules_next_dist_0u_w_5s._.js:1945
[  163924ms] [ERROR] ./components/section-figure.tsx:91:9
Expected ',', got 'ident'
  89 |           only decides how much of the finished frame is showing. */}
  90 |       <div
> 91 |         className={`figure-uncover relative w-full overflow-hidden ${className}`}
     |         ^^^^^^^^^
  92 |         style={{ aspectRatio: ratio }}
  93 |       >
  94 |         <ProfileImage

Parsing ecmascript source code failed

Import trace:
  Server Component:
    ./components/section-figure.tsx
    ./components/about-section.tsx
    ./app/[locale]/page.tsx @ http://localhost:3000/_next/static/chunks/node_modules_next_dist_0u_w_5s._.js:1945
[  163987ms] [ERROR] ./components/section-figure.tsx:91:9
Expected ',', got 'ident'
  89 |           only decides how much of the finished frame is showing. */}
  90 |       <div
> 91 |         className={`figure-uncover relative w-full overflow-hidden ${className}`}
     |         ^^^^^^^^^
  92 |         style={{ aspectRatio: ratio }}
  93 |       >
  94 |         <ProfileImage

Parsing ecmascript source code failed

Import trace:
  Server Component:
    ./components/section-figure.tsx
    ./components/about-section.tsx
    ./app/[locale]/page.tsx @ http://localhost:3000/_next/static/chunks/node_modules_next_dist_0u_w_5s._.js:1945
[  164048ms] [ERROR] ./components/section-figure.tsx:91:9
Expected ',', got 'ident'
  89 |           only decides how much of the finished frame is showing. */}
  90 |       <div
> 91 |         className={`figure-uncover relative w-full overflow-hidden ${className}`}
     |         ^^^^^^^^^
  92 |         style={{ aspectRatio: ratio }}
  93 |       >
  94 |         <ProfileImage

Parsing ecmascript source code failed

Import trace:
  Server Component:
    ./components/section-figure.tsx
    ./components/about-section.tsx
    ./app/[locale]/page.tsx @ http://localhost:3000/_next/static/chunks/node_modules_next_dist_0u_w_5s._.js:1945
[  164109ms] [ERROR] ./components/section-figure.tsx:91:9
Expected ',', got 'ident'
  89 |           only decides how much of the finished frame is showing. */}
  90 |       <div
> 91 |         className={`figure-uncover relative w-full overflow-hidden ${className}`}
     |         ^^^^^^^^^
  92 |         style={{ aspectRatio: ratio }}
  93 |       >
  94 |         <ProfileImage

Parsing ecmascript source code failed

Import trace:
  Server Component:
    ./components/section-figure.tsx
    ./components/about-section.tsx
    ./app/[locale]/page.tsx @ http://localhost:3000/_next/static/chunks/node_modules_next_dist_0u_w_5s._.js:1945
[  164171ms] [ERROR] ./components/section-figure.tsx:91:9
Expected ',', got 'ident'
  89 |           only decides how much of the finished frame is showing. */}
  90 |       <div
> 91 |         className={`figure-uncover relative w-full overflow-hidden ${className}`}
     |         ^^^^^^^^^
  92 |         style={{ aspectRatio: ratio }}
  93 |       >
  94 |         <ProfileImage

Parsing ecmascript source code failed

Import trace:
  Server Component:
    ./components/section-figure.tsx
    ./components/about-section.tsx
    ./app/[locale]/page.tsx @ http://localhost:3000/_next/static/chunks/node_modules_next_dist_0u_w_5s._.js:1945
[  164233ms] [ERROR] ./components/section-figure.tsx:91:9
Expected ',', got 'ident'
  89 |           only decides how much of the finished frame is showing. */}
  90 |       <div
> 91 |         className={`figure-uncover relative w-full overflow-hidden ${className}`}
     |         ^^^^^^^^^
  92 |         style={{ aspectRatio: ratio }}
  93 |       >
  94 |         <ProfileImage

Parsing ecmascript source code failed

Import trace:
  Server Component:
    ./components/section-figure.tsx
    ./components/about-section.tsx
    ./app/[locale]/page.tsx @ http://localhost:3000/_next/static/chunks/node_modules_next_dist_0u_w_5s._.js:1945
[  164295ms] [ERROR] ./components/section-figure.tsx:91:9
Expected ',', got 'ident'
  89 |           only decides how much of the finished frame is showing. */}
  90 |       <div
> 91 |         className={`figure-uncover relative w-full overflow-hidden ${className}`}
     |         ^^^^^^^^^
  92 |         style={{ aspectRatio: ratio }}
  93 |       >
  94 |         <ProfileImage

Parsing ecmascript source code failed

Import trace:
  Server Component:
    ./components/section-figure.tsx
    ./components/about-section.tsx
    ./app/[locale]/page.tsx @ http://localhost:3000/_next/static/chunks/node_modules_next_dist_0u_w_5s._.js:1945
[  164356ms] [ERROR] ./components/section-figure.tsx:91:9
Expected ',', got 'ident'
  89 |           only decides how much of the finished frame is showing. */}
  90 |       <div
> 91 |         className={`figure-uncover relative w-full overflow-hidden ${className}`}
     |         ^^^^^^^^^
  92 |         style={{ aspectRatio: ratio }}
  93 |       >
  94 |         <ProfileImage

Parsing ecmascript source code failed

Import trace:
  Server Component:
    ./components/section-figure.tsx
    ./components/about-section.tsx
    ./app/[locale]/page.tsx @ http://localhost:3000/_next/static/chunks/node_modules_next_dist_0u_w_5s._.js:1945
[  164418ms] [ERROR] ./components/section-figure.tsx:91:9
Expected ',', got 'ident'
  89 |           only decides how much of the finished frame is showing. */}
  90 |       <div
> 91 |         className={`figure-uncover relative w-full overflow-hidden ${className}`}
     |         ^^^^^^^^^
  92 |         style={{ aspectRatio: ratio }}
  93 |       >
  94 |         <ProfileImage

Parsing ecmascript source code failed

Import trace:
  Server Component:
    ./components/section-figure.tsx
    ./components/about-section.tsx
    ./app/[locale]/page.tsx @ http://localhost:3000/_next/static/chunks/node_modules_next_dist_0u_w_5s._.js:1945
[  164481ms] [ERROR] ./components/section-figure.tsx:91:9
Expected ',', got 'ident'
  89 |           only decides how much of the finished frame is showing. */}
  90 |       <div
> 91 |         className={`figure-uncover relative w-full overflow-hidden ${className}`}
     |         ^^^^^^^^^
  92 |         style={{ aspectRatio: ratio }}
  93 |       >
  94 |         <ProfileImage

Parsing ecmascript source code failed

Import trace:
  Server Component:
    ./components/section-figure.tsx
    ./components/about-section.tsx
    ./app/[locale]/page.tsx @ http://localhost:3000/_next/static/chunks/node_modules_next_dist_0u_w_5s._.js:1945
[  164542ms] [ERROR] ./components/section-figure.tsx:91:9
Expected ',', got 'ident'
  89 |           only decides how much of the finished frame is showing. */}
  90 |       <div
> 91 |         className={`figure-uncover relative w-full overflow-hidden ${className}`}
     |         ^^^^^^^^^
  92 |         style={{ aspectRatio: ratio }}
  93 |       >
  94 |         <ProfileImage

Parsing ecmascript source code failed

Import trace:
  Server Component:
    ./components/section-figure.tsx
    ./components/about-section.tsx
    ./app/[locale]/page.tsx @ http://localhost:3000/_next/static/chunks/node_modules_next_dist_0u_w_5s._.js:1945
[  164604ms] [ERROR] ./components/section-figure.tsx:91:9
Expected ',', got 'ident'
  89 |           only decides how much of the finished frame is showing. */}
  90 |       <div
> 91 |         className={`figure-uncover relative w-full overflow-hidden ${className}`}
     |         ^^^^^^^^^
  92 |         style={{ aspectRatio: ratio }}
  93 |       >
  94 |         <ProfileImage

Parsing ecmascript source code failed

Import trace:
  Server Component:
    ./components/section-figure.tsx
    ./components/about-section.tsx
    ./app/[locale]/page.tsx @ http://localhost:3000/_next/static/chunks/node_modules_next_dist_0u_w_5s._.js:1945
[  164666ms] [ERROR] ./components/section-figure.tsx:91:9
Expected ',', got 'ident'
  89 |           only decides how much of the finished frame is showing. */}
  90 |       <div
> 91 |         className={`figure-uncover relative w-full overflow-hidden ${className}`}
     |         ^^^^^^^^^
  92 |         style={{ aspectRatio: ratio }}
  93 |       >
  94 |         <ProfileImage

Parsing ecmascript source code failed

Import trace:
  Server Component:
    ./components/section-figure.tsx
    ./components/about-section.tsx
    ./app/[locale]/page.tsx @ http://localhost:3000/_next/static/chunks/node_modules_next_dist_0u_w_5s._.js:1945
[  164729ms] [ERROR] ./components/section-figure.tsx:91:9
Expected ',', got 'ident'
  89 |           only decides how much of the finished frame is showing. */}
  90 |       <div
> 91 |         className={`figure-uncover relative w-full overflow-hidden ${className}`}
     |         ^^^^^^^^^
  92 |         style={{ aspectRatio: ratio }}
  93 |       >
  94 |         <ProfileImage

Parsing ecmascript source code failed

Import trace:
  Server Component:
    ./components/section-figure.tsx
    ./components/about-section.tsx
    ./app/[locale]/page.tsx @ http://localhost:3000/_next/static/chunks/node_modules_next_dist_0u_w_5s._.js:1945
[  164790ms] [ERROR] ./components/section-figure.tsx:91:9
Expected ',', got 'ident'
  89 |           only decides how much of the finished frame is showing. */}
  90 |       <div
> 91 |         className={`figure-uncover relative w-full overflow-hidden ${className}`}
     |         ^^^^^^^^^
  92 |         style={{ aspectRatio: ratio }}
  93 |       >
  94 |         <ProfileImage

Parsing ecmascript source code failed

Import trace:
  Server Component:
    ./components/section-figure.tsx
    ./components/about-section.tsx
    ./app/[locale]/page.tsx @ http://localhost:3000/_next/static/chunks/node_modules_next_dist_0u_w_5s._.js:1945
[  164850ms] [ERROR] ./components/section-figure.tsx:91:9
Expected ',', got 'ident'
  89 |           only decides how much of the finished frame is showing. */}
  90 |       <div
> 91 |         className={`figure-uncover relative w-full overflow-hidden ${className}`}
     |         ^^^^^^^^^
  92 |         style={{ aspectRatio: ratio }}
  93 |       >
  94 |         <ProfileImage

Parsing ecmascript source code failed

Import trace:
  Server Component:
    ./components/section-figure.tsx
    ./components/about-section.tsx
    ./app/[locale]/page.tsx @ http://localhost:3000/_next/static/chunks/node_modules_next_dist_0u_w_5s._.js:1945
[  164912ms] [ERROR] ./components/section-figure.tsx:91:9
Expected ',', got 'ident'
  89 |           only decides how much of the finished frame is showing. */}
  90 |       <div
> 91 |         className={`figure-uncover relative w-full overflow-hidden ${className}`}
     |         ^^^^^^^^^
  92 |         style={{ aspectRatio: ratio }}
  93 |       >
  94 |         <ProfileImage

Parsing ecmascript source code failed

Import trace:
  Server Component:
    ./components/section-figure.tsx
    ./components/about-section.tsx
    ./app/[locale]/page.tsx @ http://localhost:3000/_next/static/chunks/node_modules_next_dist_0u_w_5s._.js:1945
[  164974ms] [ERROR] ./components/section-figure.tsx:91:9
Expected ',', got 'ident'
  89 |           only decides how much of the finished frame is showing. */}
  90 |       <div
> 91 |         className={`figure-uncover relative w-full overflow-hidden ${className}`}
     |         ^^^^^^^^^
  92 |         style={{ aspectRatio: ratio }}
  93 |       >
  94 |         <ProfileImage

Parsing ecmascript source code failed

Import trace:
  Server Component:
    ./components/section-figure.tsx
    ./components/about-section.tsx
    ./app/[locale]/page.tsx @ http://localhost:3000/_next/static/chunks/node_modules_next_dist_0u_w_5s._.js:1945
[  165038ms] [ERROR] ./components/section-figure.tsx:91:9
Expected ',', got 'ident'
  89 |           only decides how much of the finished frame is showing. */}
  90 |       <div
> 91 |         className={`figure-uncover relative w-full overflow-hidden ${className}`}
     |         ^^^^^^^^^
  92 |         style={{ aspectRatio: ratio }}
  93 |       >
  94 |         <ProfileImage

Parsing ecmascript source code failed

Import trace:
  Server Component:
    ./components/section-figure.tsx
    ./components/about-section.tsx
    ./app/[locale]/page.tsx @ http://localhost:3000/_next/static/chunks/node_modules_next_dist_0u_w_5s._.js:1945
[  165101ms] [ERROR] ./components/section-figure.tsx:91:9
Expected ',', got 'ident'
  89 |           only decides how much of the finished frame is showing. */}
  90 |       <div
> 91 |         className={`figure-uncover relative w-full overflow-hidden ${className}`}
     |         ^^^^^^^^^
  92 |         style={{ aspectRatio: ratio }}
  93 |       >
  94 |         <ProfileImage

Parsing ecmascript source code failed

Import trace:
  Server Component:
    ./components/section-figure.tsx
    ./components/about-section.tsx
    ./app/[locale]/page.tsx @ http://localhost:3000/_next/static/chunks/node_modules_next_dist_0u_w_5s._.js:1945
[  165162ms] [ERROR] ./components/section-figure.tsx:91:9
Expected ',', got 'ident'
  89 |           only decides how much of the finished frame is showing. */}
  90 |       <div
> 91 |         className={`figure-uncover relative w-full overflow-hidden ${className}`}
     |         ^^^^^^^^^
  92 |         style={{ aspectRatio: ratio }}
  93 |       >
  94 |         <ProfileImage

Parsing ecmascript source code failed

Import trace:
  Server Component:
    ./components/section-figure.tsx
    ./components/about-section.tsx
    ./app/[locale]/page.tsx @ http://localhost:3000/_next/static/chunks/node_modules_next_dist_0u_w_5s._.js:1945
[  165222ms] [ERROR] ./components/section-figure.tsx:91:9
Expected ',', got 'ident'
  89 |           only decides how much of the finished frame is showing. */}
  90 |       <div
> 91 |         className={`figure-uncover relative w-full overflow-hidden ${className}`}
     |         ^^^^^^^^^
  92 |         style={{ aspectRatio: ratio }}
  93 |       >
  94 |         <ProfileImage

Parsing ecmascript source code failed

Import trace:
  Server Component:
    ./components/section-figure.tsx
    ./components/about-section.tsx
    ./app/[locale]/page.tsx @ http://localhost:3000/_next/static/chunks/node_modules_next_dist_0u_w_5s._.js:1945
[  165282ms] [ERROR] ./components/section-figure.tsx:91:9
Expected ',', got 'ident'
  89 |           only decides how much of the finished frame is showing. */}
  90 |       <div
> 91 |         className={`figure-uncover relative w-full overflow-hidden ${className}`}
     |         ^^^^^^^^^
  92 |         style={{ aspectRatio: ratio }}
  93 |       >
  94 |         <ProfileImage

Parsing ecmascript source code failed

Import trace:
  Server Component:
    ./components/section-figure.tsx
    ./components/about-section.tsx
    ./app/[locale]/page.tsx @ http://localhost:3000/_next/static/chunks/node_modules_next_dist_0u_w_5s._.js:1945
[  165344ms] [ERROR] ./components/section-figure.tsx:91:9
Expected ',', got 'ident'
  89 |           only decides how much of the finished frame is showing. */}
  90 |       <div
> 91 |         className={`figure-uncover relative w-full overflow-hidden ${className}`}
     |         ^^^^^^^^^
  92 |         style={{ aspectRatio: ratio }}
  93 |       >
  94 |         <ProfileImage

Parsing ecmascript source code failed

Import trace:
  Server Component:
    ./components/section-figure.tsx
    ./components/about-section.tsx
    ./app/[locale]/page.tsx @ http://localhost:3000/_next/static/chunks/node_modules_next_dist_0u_w_5s._.js:1945
[  165406ms] [ERROR] ./components/section-figure.tsx:91:9
Expected ',', got 'ident'
  89 |           only decides how much of the finished frame is showing. */}
  90 |       <div
> 91 |         className={`figure-uncover relative w-full overflow-hidden ${className}`}
     |         ^^^^^^^^^
  92 |         style={{ aspectRatio: ratio }}
  93 |       >
  94 |         <ProfileImage

Parsing ecmascript source code failed

Import trace:
  Server Component:
    ./components/section-figure.tsx
    ./components/about-section.tsx
    ./app/[locale]/page.tsx @ http://localhost:3000/_next/static/chunks/node_modules_next_dist_0u_w_5s._.js:1945
[  165468ms] [ERROR] ./components/section-figure.tsx:91:9
Expected ',', got 'ident'
  89 |           only decides how much of the finished frame is showing. */}
  90 |       <div
> 91 |         className={`figure-uncover relative w-full overflow-hidden ${className}`}
     |         ^^^^^^^^^
  92 |         style={{ aspectRatio: ratio }}
  93 |       >
  94 |         <ProfileImage

Parsing ecmascript source code failed

Import trace:
  Server Component:
    ./components/section-figure.tsx
    ./components/about-section.tsx
    ./app/[locale]/page.tsx @ http://localhost:3000/_next/static/chunks/node_modules_next_dist_0u_w_5s._.js:1945
[  165530ms] [ERROR] ./components/section-figure.tsx:91:9
Expected ',', got 'ident'
  89 |           only decides how much of the finished frame is showing. */}
  90 |       <div
> 91 |         className={`figure-uncover relative w-full overflow-hidden ${className}`}
     |         ^^^^^^^^^
  92 |         style={{ aspectRatio: ratio }}
  93 |       >
  94 |         <ProfileImage

Parsing ecmascript source code failed

Import trace:
  Server Component:
    ./components/section-figure.tsx
    ./components/about-section.tsx
    ./app/[locale]/page.tsx @ http://localhost:3000/_next/static/chunks/node_modules_next_dist_0u_w_5s._.js:1945
[  165592ms] [ERROR] ./components/section-figure.tsx:91:9
Expected ',', got 'ident'
  89 |           only decides how much of the finished frame is showing. */}
  90 |       <div
> 91 |         className={`figure-uncover relative w-full overflow-hidden ${className}`}
     |         ^^^^^^^^^
  92 |         style={{ aspectRatio: ratio }}
  93 |       >
  94 |         <ProfileImage

Parsing ecmascript source code failed

Import trace:
  Server Component:
    ./components/section-figure.tsx
    ./components/about-section.tsx
    ./app/[locale]/page.tsx @ http://localhost:3000/_next/static/chunks/node_modules_next_dist_0u_w_5s._.js:1945
[  165655ms] [ERROR] ./components/section-figure.tsx:91:9
Expected ',', got 'ident'
  89 |           only decides how much of the finished frame is showing. */}
  90 |       <div
> 91 |         className={`figure-uncover relative w-full overflow-hidden ${className}`}
     |         ^^^^^^^^^
  92 |         style={{ aspectRatio: ratio }}
  93 |       >
  94 |         <ProfileImage

Parsing ecmascript source code failed

Import trace:
  Server Component:
    ./components/section-figure.tsx
    ./components/about-section.tsx
    ./app/[locale]/page.tsx @ http://localhost:3000/_next/static/chunks/node_modules_next_dist_0u_w_5s._.js:1945
[  165717ms] [ERROR] ./components/section-figure.tsx:91:9
Expected ',', got 'ident'
  89 |           only decides how much of the finished frame is showing. */}
  90 |       <div
> 91 |         className={`figure-uncover relative w-full overflow-hidden ${className}`}
     |         ^^^^^^^^^
  92 |         style={{ aspectRatio: ratio }}
  93 |       >
  94 |         <ProfileImage

Parsing ecmascript source code failed

Import trace:
  Server Component:
    ./components/section-figure.tsx
    ./components/about-section.tsx
    ./app/[locale]/page.tsx @ http://localhost:3000/_next/static/chunks/node_modules_next_dist_0u_w_5s._.js:1945
[  165780ms] [ERROR] ./components/section-figure.tsx:91:9
Expected ',', got 'ident'
  89 |           only decides how much of the finished frame is showing. */}
  90 |       <div
> 91 |         className={`figure-uncover relative w-full overflow-hidden ${className}`}
     |         ^^^^^^^^^
  92 |         style={{ aspectRatio: ratio }}
  93 |       >
  94 |         <ProfileImage

Parsing ecmascript source code failed

Import trace:
  Server Component:
    ./components/section-figure.tsx
    ./components/about-section.tsx
    ./app/[locale]/page.tsx @ http://localhost:3000/_next/static/chunks/node_modules_next_dist_0u_w_5s._.js:1945
[  165842ms] [ERROR] ./components/section-figure.tsx:91:9
Expected ',', got 'ident'
  89 |           only decides how much of the finished frame is showing. */}
  90 |       <div
> 91 |         className={`figure-uncover relative w-full overflow-hidden ${className}`}
     |         ^^^^^^^^^
  92 |         style={{ aspectRatio: ratio }}
  93 |       >
  94 |         <ProfileImage

Parsing ecmascript source code failed

Import trace:
  Server Component:
    ./components/section-figure.tsx
    ./components/about-section.tsx
    ./app/[locale]/page.tsx @ http://localhost:3000/_next/static/chunks/node_modules_next_dist_0u_w_5s._.js:1945
[  165906ms] [ERROR] ./components/section-figure.tsx:91:9
Expected ',', got 'ident'
  89 |           only decides how much of the finished frame is showing. */}
  90 |       <div
> 91 |         className={`figure-uncover relative w-full overflow-hidden ${className}`}
     |         ^^^^^^^^^
  92 |         style={{ aspectRatio: ratio }}
  93 |       >
  94 |         <ProfileImage

Parsing ecmascript source code failed

Import trace:
  Server Component:
    ./components/section-figure.tsx
    ./components/about-section.tsx
    ./app/[locale]/page.tsx @ http://localhost:3000/_next/static/chunks/node_modules_next_dist_0u_w_5s._.js:1945
[  165969ms] [ERROR] ./components/section-figure.tsx:91:9
Expected ',', got 'ident'
  89 |           only decides how much of the finished frame is showing. */}
  90 |       <div
> 91 |         className={`figure-uncover relative w-full overflow-hidden ${className}`}
     |         ^^^^^^^^^
  92 |         style={{ aspectRatio: ratio }}
  93 |       >
  94 |         <ProfileImage

Parsing ecmascript source code failed

Import trace:
  Server Component:
    ./components/section-figure.tsx
    ./components/about-section.tsx
    ./app/[locale]/page.tsx @ http://localhost:3000/_next/static/chunks/node_modules_next_dist_0u_w_5s._.js:1945
[  166031ms] [ERROR] ./components/section-figure.tsx:91:9
Expected ',', got 'ident'
  89 |           only decides how much of the finished frame is showing. */}
  90 |       <div
> 91 |         className={`figure-uncover relative w-full overflow-hidden ${className}`}
     |         ^^^^^^^^^
  92 |         style={{ aspectRatio: ratio }}
  93 |       >
  94 |         <ProfileImage

Parsing ecmascript source code failed

Import trace:
  Server Component:
    ./components/section-figure.tsx
    ./components/about-section.tsx
    ./app/[locale]/page.tsx @ http://localhost:3000/_next/static/chunks/node_modules_next_dist_0u_w_5s._.js:1945
[  166093ms] [ERROR] ./components/section-figure.tsx:91:9
Expected ',', got 'ident'
  89 |           only decides how much of the finished frame is showing. */}
  90 |       <div
> 91 |         className={`figure-uncover relative w-full overflow-hidden ${className}`}
     |         ^^^^^^^^^
  92 |         style={{ aspectRatio: ratio }}
  93 |       >
  94 |         <ProfileImage

Parsing ecmascript source code failed

Import trace:
  Server Component:
    ./components/section-figure.tsx
    ./components/about-section.tsx
    ./app/[locale]/page.tsx @ http://localhost:3000/_next/static/chunks/node_modules_next_dist_0u_w_5s._.js:1945
[  166156ms] [ERROR] ./components/section-figure.tsx:91:9
Expected ',', got 'ident'
  89 |           only decides how much of the finished frame is showing. */}
  90 |       <div
> 91 |         className={`figure-uncover relative w-full overflow-hidden ${className}`}
     |         ^^^^^^^^^
  92 |         style={{ aspectRatio: ratio }}
  93 |       >
  94 |         <ProfileImage

Parsing ecmascript source code failed

Import trace:
  Server Component:
    ./components/section-figure.tsx
    ./components/about-section.tsx
    ./app/[locale]/page.tsx @ http://localhost:3000/_next/static/chunks/node_modules_next_dist_0u_w_5s._.js:1945
[  166219ms] [ERROR] ./components/section-figure.tsx:91:9
Expected ',', got 'ident'
  89 |           only decides how much of the finished frame is showing. */}
  90 |       <div
> 91 |         className={`figure-uncover relative w-full overflow-hidden ${className}`}
     |         ^^^^^^^^^
  92 |         style={{ aspectRatio: ratio }}
  93 |       >
  94 |         <ProfileImage

Parsing ecmascript source code failed

Import trace:
  Server Component:
    ./components/section-figure.tsx
    ./components/about-section.tsx
    ./app/[locale]/page.tsx @ http://localhost:3000/_next/static/chunks/node_modules_next_dist_0u_w_5s._.js:1945
[  166281ms] [ERROR] ./components/section-figure.tsx:91:9
Expected ',', got 'ident'
  89 |           only decides how much of the finished frame is showing. */}
  90 |       <div
> 91 |         className={`figure-uncover relative w-full overflow-hidden ${className}`}
     |         ^^^^^^^^^
  92 |         style={{ aspectRatio: ratio }}
  93 |       >
  94 |         <ProfileImage

Parsing ecmascript source code failed

Import trace:
  Server Component:
    ./components/section-figure.tsx
    ./components/about-section.tsx
    ./app/[locale]/page.tsx @ http://localhost:3000/_next/static/chunks/node_modules_next_dist_0u_w_5s._.js:1945
[  166341ms] [ERROR] ./components/section-figure.tsx:91:9
Expected ',', got 'ident'
  89 |           only decides how much of the finished frame is showing. */}
  90 |       <div
> 91 |         className={`figure-uncover relative w-full overflow-hidden ${className}`}
     |         ^^^^^^^^^
  92 |         style={{ aspectRatio: ratio }}
  93 |       >
  94 |         <ProfileImage

Parsing ecmascript source code failed

Import trace:
  Server Component:
    ./components/section-figure.tsx
    ./components/about-section.tsx
    ./app/[locale]/page.tsx @ http://localhost:3000/_next/static/chunks/node_modules_next_dist_0u_w_5s._.js:1945
[  166403ms] [ERROR] ./components/section-figure.tsx:91:9
Expected ',', got 'ident'
  89 |           only decides how much of the finished frame is showing. */}
  90 |       <div
> 91 |         className={`figure-uncover relative w-full overflow-hidden ${className}`}
     |         ^^^^^^^^^
  92 |         style={{ aspectRatio: ratio }}
  93 |       >
  94 |         <ProfileImage

Parsing ecmascript source code failed

Import trace:
  Server Component:
    ./components/section-figure.tsx
    ./components/about-section.tsx
    ./app/[locale]/page.tsx @ http://localhost:3000/_next/static/chunks/node_modules_next_dist_0u_w_5s._.js:1945
[  166464ms] [ERROR] ./components/section-figure.tsx:91:9
Expected ',', got 'ident'
  89 |           only decides how much of the finished frame is showing. */}
  90 |       <div
> 91 |         className={`figure-uncover relative w-full overflow-hidden ${className}`}
     |         ^^^^^^^^^
  92 |         style={{ aspectRatio: ratio }}
  93 |       >
  94 |         <ProfileImage

Parsing ecmascript source code failed

Import trace:
  Server Component:
    ./components/section-figure.tsx
    ./components/about-section.tsx
    ./app/[locale]/page.tsx @ http://localhost:3000/_next/static/chunks/node_modules_next_dist_0u_w_5s._.js:1945
[  166526ms] [ERROR] ./components/section-figure.tsx:91:9
Expected ',', got 'ident'
  89 |           only decides how much of the finished frame is showing. */}
  90 |       <div
> 91 |         className={`figure-uncover relative w-full overflow-hidden ${className}`}
     |         ^^^^^^^^^
  92 |         style={{ aspectRatio: ratio }}
  93 |       >
  94 |         <ProfileImage

Parsing ecmascript source code failed

Import trace:
  Server Component:
    ./components/section-figure.tsx
    ./components/about-section.tsx
    ./app/[locale]/page.tsx @ http://localhost:3000/_next/static/chunks/node_modules_next_dist_0u_w_5s._.js:1945
[  166588ms] [ERROR] ./components/section-figure.tsx:91:9
Expected ',', got 'ident'
  89 |           only decides how much of the finished frame is showing. */}
  90 |       <div
> 91 |         className={`figure-uncover relative w-full overflow-hidden ${className}`}
     |         ^^^^^^^^^
  92 |         style={{ aspectRatio: ratio }}
  93 |       >
  94 |         <ProfileImage

Parsing ecmascript source code failed

Import trace:
  Server Component:
    ./components/section-figure.tsx
    ./components/about-section.tsx
    ./app/[locale]/page.tsx @ http://localhost:3000/_next/static/chunks/node_modules_next_dist_0u_w_5s._.js:1945
[  166650ms] [ERROR] ./components/section-figure.tsx:91:9
Expected ',', got 'ident'
  89 |           only decides how much of the finished frame is showing. */}
  90 |       <div
> 91 |         className={`figure-uncover relative w-full overflow-hidden ${className}`}
     |         ^^^^^^^^^
  92 |         style={{ aspectRatio: ratio }}
  93 |       >
  94 |         <ProfileImage

Parsing ecmascript source code failed

Import trace:
  Server Component:
    ./components/section-figure.tsx
    ./components/about-section.tsx
    ./app/[locale]/page.tsx @ http://localhost:3000/_next/static/chunks/node_modules_next_dist_0u_w_5s._.js:1945
[  166711ms] [ERROR] ./components/section-figure.tsx:91:9
Expected ',', got 'ident'
  89 |           only decides how much of the finished frame is showing. */}
  90 |       <div
> 91 |         className={`figure-uncover relative w-full overflow-hidden ${className}`}
     |         ^^^^^^^^^
  92 |         style={{ aspectRatio: ratio }}
  93 |       >
  94 |         <ProfileImage

Parsing ecmascript source code failed

Import trace:
  Server Component:
    ./components/section-figure.tsx
    ./components/about-section.tsx
    ./app/[locale]/page.tsx @ http://localhost:3000/_next/static/chunks/node_modules_next_dist_0u_w_5s._.js:1945
[  166774ms] [ERROR] ./components/section-figure.tsx:91:9
Expected ',', got 'ident'
  89 |           only decides how much of the finished frame is showing. */}
  90 |       <div
> 91 |         className={`figure-uncover relative w-full overflow-hidden ${className}`}
     |         ^^^^^^^^^
  92 |         style={{ aspectRatio: ratio }}
  93 |       >
  94 |         <ProfileImage

Parsing ecmascript source code failed

Import trace:
  Server Component:
    ./components/section-figure.tsx
    ./components/about-section.tsx
    ./app/[locale]/page.tsx @ http://localhost:3000/_next/static/chunks/node_modules_next_dist_0u_w_5s._.js:1945
[  166835ms] [ERROR] ./components/section-figure.tsx:91:9
Expected ',', got 'ident'
  89 |           only decides how much of the finished frame is showing. */}
  90 |       <div
> 91 |         className={`figure-uncover relative w-full overflow-hidden ${className}`}
     |         ^^^^^^^^^
  92 |         style={{ aspectRatio: ratio }}
  93 |       >
  94 |         <ProfileImage

Parsing ecmascript source code failed

Import trace:
  Server Component:
    ./components/section-figure.tsx
    ./components/about-section.tsx
    ./app/[locale]/page.tsx @ http://localhost:3000/_next/static/chunks/node_modules_next_dist_0u_w_5s._.js:1945
[  166897ms] [ERROR] ./components/section-figure.tsx:91:9
Expected ',', got 'ident'
  89 |           only decides how much of the finished frame is showing. */}
  90 |       <div
> 91 |         className={`figure-uncover relative w-full overflow-hidden ${className}`}
     |         ^^^^^^^^^
  92 |         style={{ aspectRatio: ratio }}
  93 |       >
  94 |         <ProfileImage

Parsing ecmascript source code failed

Import trace:
  Server Component:
    ./components/section-figure.tsx
    ./components/about-section.tsx
    ./app/[locale]/page.tsx @ http://localhost:3000/_next/static/chunks/node_modules_next_dist_0u_w_5s._.js:1945
[  166958ms] [ERROR] ./components/section-figure.tsx:91:9
Expected ',', got 'ident'
  89 |           only decides how much of the finished frame is showing. */}
  90 |       <div
> 91 |         className={`figure-uncover relative w-full overflow-hidden ${className}`}
     |         ^^^^^^^^^
  92 |         style={{ aspectRatio: ratio }}
  93 |       >
  94 |         <ProfileImage

Parsing ecmascript source code failed

Import trace:
  Server Component:
    ./components/section-figure.tsx
    ./components/about-section.tsx
    ./app/[locale]/page.tsx @ http://localhost:3000/_next/static/chunks/node_modules_next_dist_0u_w_5s._.js:1945
[  167020ms] [ERROR] ./components/section-figure.tsx:91:9
Expected ',', got 'ident'
  89 |           only decides how much of the finished frame is showing. */}
  90 |       <div
> 91 |         className={`figure-uncover relative w-full overflow-hidden ${className}`}
     |         ^^^^^^^^^
  92 |         style={{ aspectRatio: ratio }}
  93 |       >
  94 |         <ProfileImage

Parsing ecmascript source code failed

Import trace:
  Server Component:
    ./components/section-figure.tsx
    ./components/about-section.tsx
    ./app/[locale]/page.tsx @ http://localhost:3000/_next/static/chunks/node_modules_next_dist_0u_w_5s._.js:1945
[  167144ms] [LOG] [Fast Refresh] rebuilding @ http://localhost:3000/_next/static/chunks/node_modules_next_dist_0u_w_5s._.js:1226
[  167249ms] [ERROR] ./components/section-figure.tsx:91:9
Expected ',', got 'ident'
  89 |           only decides how much of the finished frame is showing. */}
  90 |       <div
> 91 |         className={`figure-uncover relative w-full overflow-hidden ${className}`}
     |         ^^^^^^^^^
  92 |         style={{ aspectRatio: ratio }}
  93 |       >
  94 |         <ProfileImage

Parsing ecmascript source code failed

Import trace:
  Server Component:
    ./components/section-figure.tsx
    ./components/about-section.tsx
    ./app/[locale]/page.tsx @ http://localhost:3000/_next/static/chunks/node_modules_next_dist_0u_w_5s._.js:1945
[  167250ms] [ERROR] ./components/section-figure.tsx:91:9
Expected ',', got 'ident'
  89 |           only decides how much of the finished frame is showing. */}
  90 |       <div
> 91 |         className={`figure-uncover relative w-full overflow-hidden ${className}`}
     |         ^^^^^^^^^
  92 |         style={{ aspectRatio: ratio }}
  93 |       >
  94 |         <ProfileImage

Parsing ecmascript source code failed

Import trace:
  Server Component:
    ./components/section-figure.tsx
    ./components/about-section.tsx
    ./app/[locale]/page.tsx @ http://localhost:3000/_next/static/chunks/node_modules_next_dist_0u_w_5s._.js:1945
[  167320ms] [ERROR] ./components/section-figure.tsx:91:9
Expected ',', got 'ident'
  89 |           only decides how much of the finished frame is showing. */}
  90 |       <div
> 91 |         className={`figure-uncover relative w-full overflow-hidden ${className}`}
     |         ^^^^^^^^^
  92 |         style={{ aspectRatio: ratio }}
  93 |       >
  94 |         <ProfileImage

Parsing ecmascript source code failed

Import trace:
  Server Component:
    ./components/section-figure.tsx
    ./components/about-section.tsx
    ./app/[locale]/page.tsx @ http://localhost:3000/_next/static/chunks/node_modules_next_dist_0u_w_5s._.js:1945
[  167451ms] [ERROR] Failed to load resource: the server responded with a status of 500 (Internal Server Error) @ http://localhost:3000/:0
[  167523ms] [INFO] %cDownload the React DevTools for a better development experience: https://react.dev/link/react-devtools font-weight:bold @ http://localhost:3000/_next/static/chunks/node_modules_react-dom_cjs_react-dom-client_development_0z3nh7o.js:16702
[  167530ms] Error: ./components/section-figure.tsx:91:9
Expected ',', got 'ident'
  89 |           only decides how much of the finished frame is showing. */}
  90 |       <div
> 91 |         className={`figure-uncover relative w-full overflow-hidden ${className}`}
     |         ^^^^^^^^^
  92 |         style={{ aspectRatio: ratio }}
  93 |       >
  94 |         <ProfileImage

Parsing ecmascript source code failed

Import trace:
  Server Component:
    ./components/section-figure.tsx
    ./components/about-section.tsx
    ./app/[locale]/page.tsx


    at <unknown> (Error: ./components/section-figure.tsx:91:9)
    at Object.getCompilationErrors (file://C:\Users\Ibra\Documents\GitHub\sana\node_modules\next\dist\server\dev\hot-reloader-turbopack.js:1186:59)
    at DevBundlerService.getCompilationError (file://C:\Users\Ibra\Documents\GitHub\sana\node_modules\next\dist\server\lib\dev-bundler-service.js:44:55)
    at DevServer.getCompilationError (file://C:\Users\Ibra\Documents\GitHub\sana\node_modules\next\dist\server\dev\next-dev-server.js:720:42)
    at DevServer.findPageComponents (file://C:\Users\Ibra\Documents\GitHub\sana\node_modules\next\dist\server\dev\next-dev-server.js:690:43)
    at async DevServer.renderErrorToResponseImpl (file://C:\Users\Ibra\Documents\GitHub\sana\node_modules\next\dist\server\base-server.js:1753:26)
[  167553ms] [LOG] [HMR] connected @ http://localhost:3000/_next/static/chunks/node_modules_next_dist_0u_w_5s._.js:1226
[  167558ms] [ERROR] Refused to execute script from 'http://localhost:3000/_next/static/development/_clientMiddlewareManifest.js' because its MIME type ('application/json') is not executable, and strict MIME type checking is enabled. @ http://localhost:3000/:0
[  167567ms] [ERROR] ./components/section-figure.tsx:91:9
Expected ',', got 'ident'
  89 |           only decides how much of the finished frame is showing. */}
  90 |       <div
> 91 |         className={`figure-uncover relative w-full overflow-hidden ${className}`}
     |         ^^^^^^^^^
  92 |         style={{ aspectRatio: ratio }}
  93 |       >
  94 |         <ProfileImage

Parsing ecmascript source code failed

Import trace:
  Server Component:
    ./components/section-figure.tsx
    ./components/about-section.tsx
    ./app/[locale]/page.tsx @ http://localhost:3000/_next/static/chunks/node_modules_next_dist_0u_w_5s._.js:1945
[  167567ms] [ERROR] ./components/section-figure.tsx:91:9
Expected ',', got 'ident'
  89 |           only decides how much of the finished frame is showing. */}
  90 |       <div
> 91 |         className={`figure-uncover relative w-full overflow-hidden ${className}`}
     |         ^^^^^^^^^
  92 |         style={{ aspectRatio: ratio }}
  93 |       >
  94 |         <ProfileImage

Parsing ecmascript source code failed

Import trace:
  Server Component:
    ./components/section-figure.tsx
    ./components/about-section.tsx
    ./app/[locale]/about/page.tsx @ http://localhost:3000/_next/static/chunks/node_modules_next_dist_0u_w_5s._.js:1945
[  167596ms] [ERROR] Failed to load resource: the server responded with a status of 500 (Internal Server Error) @ http://localhost:3000/favicon.ico:0
[  167653ms] [ERROR] ./components/section-figure.tsx:91:9
Expected ',', got 'ident'
  89 |           only decides how much of the finished frame is showing. */}
  90 |       <div
> 91 |         className={`figure-uncover relative w-full overflow-hidden ${className}`}
     |         ^^^^^^^^^
  92 |         style={{ aspectRatio: ratio }}
  93 |       >
  94 |         <ProfileImage

Parsing ecmascript source code failed

Import trace:
  Server Component:
    ./components/section-figure.tsx
    ./components/about-section.tsx
    ./app/[locale]/page.tsx @ http://localhost:3000/_next/static/chunks/node_modules_next_dist_0u_w_5s._.js:1945
[  167714ms] [ERROR] ./components/section-figure.tsx:91:9
Expected ',', got 'ident'
  89 |           only decides how much of the finished frame is showing. */}
  90 |       <div
> 91 |         className={`figure-uncover relative w-full overflow-hidden ${className}`}
     |         ^^^^^^^^^
  92 |         style={{ aspectRatio: ratio }}
  93 |       >
  94 |         <ProfileImage

Parsing ecmascript source code failed

Import trace:
  Server Component:
    ./components/section-figure.tsx
    ./components/about-section.tsx
    ./app/[locale]/page.tsx @ http://localhost:3000/_next/static/chunks/node_modules_next_dist_0u_w_5s._.js:1945
[  167776ms] [ERROR] ./components/section-figure.tsx:91:9
Expected ',', got 'ident'
  89 |           only decides how much of the finished frame is showing. */}
  90 |       <div
> 91 |         className={`figure-uncover relative w-full overflow-hidden ${className}`}
     |         ^^^^^^^^^
  92 |         style={{ aspectRatio: ratio }}
  93 |       >
  94 |         <ProfileImage

Parsing ecmascript source code failed

Import trace:
  Server Component:
    ./components/section-figure.tsx
    ./components/about-section.tsx
    ./app/[locale]/page.tsx @ http://localhost:3000/_next/static/chunks/node_modules_next_dist_0u_w_5s._.js:1945
[  167838ms] [ERROR] ./components/section-figure.tsx:91:9
Expected ',', got 'ident'
  89 |           only decides how much of the finished frame is showing. */}
  90 |       <div
> 91 |         className={`figure-uncover relative w-full overflow-hidden ${className}`}
     |         ^^^^^^^^^
  92 |         style={{ aspectRatio: ratio }}
  93 |       >
  94 |         <ProfileImage

Parsing ecmascript source code failed

Import trace:
  Server Component:
    ./components/section-figure.tsx
    ./components/about-section.tsx
    ./app/[locale]/page.tsx @ http://localhost:3000/_next/static/chunks/node_modules_next_dist_0u_w_5s._.js:1945
[  167898ms] [ERROR] ./components/section-figure.tsx:91:9
Expected ',', got 'ident'
  89 |           only decides how much of the finished frame is showing. */}
  90 |       <div
> 91 |         className={`figure-uncover relative w-full overflow-hidden ${className}`}
     |         ^^^^^^^^^
  92 |         style={{ aspectRatio: ratio }}
  93 |       >
  94 |         <ProfileImage

Parsing ecmascript source code failed

Import trace:
  Server Component:
    ./components/section-figure.tsx
    ./components/about-section.tsx
    ./app/[locale]/page.tsx @ http://localhost:3000/_next/static/chunks/node_modules_next_dist_0u_w_5s._.js:1945
[  167959ms] [ERROR] ./components/section-figure.tsx:91:9
Expected ',', got 'ident'
  89 |           only decides how much of the finished frame is showing. */}
  90 |       <div
> 91 |         className={`figure-uncover relative w-full overflow-hidden ${className}`}
     |         ^^^^^^^^^
  92 |         style={{ aspectRatio: ratio }}
  93 |       >
  94 |         <ProfileImage

Parsing ecmascript source code failed

Import trace:
  Server Component:
    ./components/section-figure.tsx
    ./components/about-section.tsx
    ./app/[locale]/page.tsx @ http://localhost:3000/_next/static/chunks/node_modules_next_dist_0u_w_5s._.js:1945
[  168021ms] [ERROR] ./components/section-figure.tsx:91:9
Expected ',', got 'ident'
  89 |           only decides how much of the finished frame is showing. */}
  90 |       <div
> 91 |         className={`figure-uncover relative w-full overflow-hidden ${className}`}
     |         ^^^^^^^^^
  92 |         style={{ aspectRatio: ratio }}
  93 |       >
  94 |         <ProfileImage

Parsing ecmascript source code failed

Import trace:
  Server Component:
    ./components/section-figure.tsx
    ./components/about-section.tsx
    ./app/[locale]/page.tsx @ http://localhost:3000/_next/static/chunks/node_modules_next_dist_0u_w_5s._.js:1945
[  168084ms] [ERROR] ./components/section-figure.tsx:91:9
Expected ',', got 'ident'
  89 |           only decides how much of the finished frame is showing. */}
  90 |       <div
> 91 |         className={`figure-uncover relative w-full overflow-hidden ${className}`}
     |         ^^^^^^^^^
  92 |         style={{ aspectRatio: ratio }}
  93 |       >
  94 |         <ProfileImage

Parsing ecmascript source code failed

Import trace:
  Server Component:
    ./components/section-figure.tsx
    ./components/about-section.tsx
    ./app/[locale]/page.tsx @ http://localhost:3000/_next/static/chunks/node_modules_next_dist_0u_w_5s._.js:1945
[  168144ms] [ERROR] ./components/section-figure.tsx:91:9
Expected ',', got 'ident'
  89 |           only decides how much of the finished frame is showing. */}
  90 |       <div
> 91 |         className={`figure-uncover relative w-full overflow-hidden ${className}`}
     |         ^^^^^^^^^
  92 |         style={{ aspectRatio: ratio }}
  93 |       >
  94 |         <ProfileImage

Parsing ecmascript source code failed

Import trace:
  Server Component:
    ./components/section-figure.tsx
    ./components/about-section.tsx
    ./app/[locale]/page.tsx @ http://localhost:3000/_next/static/chunks/node_modules_next_dist_0u_w_5s._.js:1945
[  168206ms] [ERROR] ./components/section-figure.tsx:91:9
Expected ',', got 'ident'
  89 |           only decides how much of the finished frame is showing. */}
  90 |       <div
> 91 |         className={`figure-uncover relative w-full overflow-hidden ${className}`}
     |         ^^^^^^^^^
  92 |         style={{ aspectRatio: ratio }}
  93 |       >
  94 |         <ProfileImage

Parsing ecmascript source code failed

Import trace:
  Server Component:
    ./components/section-figure.tsx
    ./components/about-section.tsx
    ./app/[locale]/page.tsx @ http://localhost:3000/_next/static/chunks/node_modules_next_dist_0u_w_5s._.js:1945
[  168269ms] [ERROR] ./components/section-figure.tsx:91:9
Expected ',', got 'ident'
  89 |           only decides how much of the finished frame is showing. */}
  90 |       <div
> 91 |         className={`figure-uncover relative w-full overflow-hidden ${className}`}
     |         ^^^^^^^^^
  92 |         style={{ aspectRatio: ratio }}
  93 |       >
  94 |         <ProfileImage

Parsing ecmascript source code failed

Import trace:
  Server Component:
    ./components/section-figure.tsx
    ./components/about-section.tsx
    ./app/[locale]/page.tsx @ http://localhost:3000/_next/static/chunks/node_modules_next_dist_0u_w_5s._.js:1945
[  168332ms] [ERROR] ./components/section-figure.tsx:91:9
Expected ',', got 'ident'
  89 |           only decides how much of the finished frame is showing. */}
  90 |       <div
> 91 |         className={`figure-uncover relative w-full overflow-hidden ${className}`}
     |         ^^^^^^^^^
  92 |         style={{ aspectRatio: ratio }}
  93 |       >
  94 |         <ProfileImage

Parsing ecmascript source code failed

Import trace:
  Server Component:
    ./components/section-figure.tsx
    ./components/about-section.tsx
    ./app/[locale]/page.tsx @ http://localhost:3000/_next/static/chunks/node_modules_next_dist_0u_w_5s._.js:1945
[  168394ms] [ERROR] ./components/section-figure.tsx:91:9
Expected ',', got 'ident'
  89 |           only decides how much of the finished frame is showing. */}
  90 |       <div
> 91 |         className={`figure-uncover relative w-full overflow-hidden ${className}`}
     |         ^^^^^^^^^
  92 |         style={{ aspectRatio: ratio }}
  93 |       >
  94 |         <ProfileImage

Parsing ecmascript source code failed

Import trace:
  Server Component:
    ./components/section-figure.tsx
    ./components/about-section.tsx
    ./app/[locale]/page.tsx @ http://localhost:3000/_next/static/chunks/node_modules_next_dist_0u_w_5s._.js:1945
[  168457ms] [ERROR] ./components/section-figure.tsx:91:9
Expected ',', got 'ident'
  89 |           only decides how much of the finished frame is showing. */}
  90 |       <div
> 91 |         className={`figure-uncover relative w-full overflow-hidden ${className}`}
     |         ^^^^^^^^^
  92 |         style={{ aspectRatio: ratio }}
  93 |       >
  94 |         <ProfileImage

Parsing ecmascript source code failed

Import trace:
  Server Component:
    ./components/section-figure.tsx
    ./components/about-section.tsx
    ./app/[locale]/page.tsx @ http://localhost:3000/_next/static/chunks/node_modules_next_dist_0u_w_5s._.js:1945
[  168517ms] [ERROR] ./components/section-figure.tsx:91:9
Expected ',', got 'ident'
  89 |           only decides how much of the finished frame is showing. */}
  90 |       <div
> 91 |         className={`figure-uncover relative w-full overflow-hidden ${className}`}
     |         ^^^^^^^^^
  92 |         style={{ aspectRatio: ratio }}
  93 |       >
  94 |         <ProfileImage

Parsing ecmascript source code failed

Import trace:
  Server Component:
    ./components/section-figure.tsx
    ./components/about-section.tsx
    ./app/[locale]/page.tsx @ http://localhost:3000/_next/static/chunks/node_modules_next_dist_0u_w_5s._.js:1945
[  168580ms] [ERROR] ./components/section-figure.tsx:91:9
Expected ',', got 'ident'
  89 |           only decides how much of the finished frame is showing. */}
  90 |       <div
> 91 |         className={`figure-uncover relative w-full overflow-hidden ${className}`}
     |         ^^^^^^^^^
  92 |         style={{ aspectRatio: ratio }}
  93 |       >
  94 |         <ProfileImage

Parsing ecmascript source code failed

Import trace:
  Server Component:
    ./components/section-figure.tsx
    ./components/about-section.tsx
    ./app/[locale]/page.tsx @ http://localhost:3000/_next/static/chunks/node_modules_next_dist_0u_w_5s._.js:1945
[  168642ms] [ERROR] ./components/section-figure.tsx:91:9
Expected ',', got 'ident'
  89 |           only decides how much of the finished frame is showing. */}
  90 |       <div
> 91 |         className={`figure-uncover relative w-full overflow-hidden ${className}`}
     |         ^^^^^^^^^
  92 |         style={{ aspectRatio: ratio }}
  93 |       >
  94 |         <ProfileImage

Parsing ecmascript source code failed

Import trace:
  Server Component:
    ./components/section-figure.tsx
    ./components/about-section.tsx
    ./app/[locale]/page.tsx @ http://localhost:3000/_next/static/chunks/node_modules_next_dist_0u_w_5s._.js:1945
[  168704ms] [ERROR] ./components/section-figure.tsx:91:9
Expected ',', got 'ident'
  89 |           only decides how much of the finished frame is showing. */}
  90 |       <div
> 91 |         className={`figure-uncover relative w-full overflow-hidden ${className}`}
     |         ^^^^^^^^^
  92 |         style={{ aspectRatio: ratio }}
  93 |       >
  94 |         <ProfileImage

Parsing ecmascript source code failed

Import trace:
  Server Component:
    ./components/section-figure.tsx
    ./components/about-section.tsx
    ./app/[locale]/page.tsx @ http://localhost:3000/_next/static/chunks/node_modules_next_dist_0u_w_5s._.js:1945
[  168765ms] [ERROR] ./components/section-figure.tsx:91:9
Expected ',', got 'ident'
  89 |           only decides how much of the finished frame is showing. */}
  90 |       <div
> 91 |         className={`figure-uncover relative w-full overflow-hidden ${className}`}
     |         ^^^^^^^^^
  92 |         style={{ aspectRatio: ratio }}
  93 |       >
  94 |         <ProfileImage

Parsing ecmascript source code failed

Import trace:
  Server Component:
    ./components/section-figure.tsx
    ./components/about-section.tsx
    ./app/[locale]/page.tsx @ http://localhost:3000/_next/static/chunks/node_modules_next_dist_0u_w_5s._.js:1945
[  168827ms] [ERROR] ./components/section-figure.tsx:91:9
Expected ',', got 'ident'
  89 |           only decides how much of the finished frame is showing. */}
  90 |       <div
> 91 |         className={`figure-uncover relative w-full overflow-hidden ${className}`}
     |         ^^^^^^^^^
  92 |         style={{ aspectRatio: ratio }}
  93 |       >
  94 |         <ProfileImage

Parsing ecmascript source code failed

Import trace:
  Server Component:
    ./components/section-figure.tsx
    ./components/about-section.tsx
    ./app/[locale]/page.tsx @ http://localhost:3000/_next/static/chunks/node_modules_next_dist_0u_w_5s._.js:1945
[  168889ms] [ERROR] ./components/section-figure.tsx:91:9
Expected ',', got 'ident'
  89 |           only decides how much of the finished frame is showing. */}
  90 |       <div
> 91 |         className={`figure-uncover relative w-full overflow-hidden ${className}`}
     |         ^^^^^^^^^
  92 |         style={{ aspectRatio: ratio }}
  93 |       >
  94 |         <ProfileImage

Parsing ecmascript source code failed

Import trace:
  Server Component:
    ./components/section-figure.tsx
    ./components/about-section.tsx
    ./app/[locale]/page.tsx @ http://localhost:3000/_next/static/chunks/node_modules_next_dist_0u_w_5s._.js:1945
[  168951ms] [ERROR] ./components/section-figure.tsx:91:9
Expected ',', got 'ident'
  89 |           only decides how much of the finished frame is showing. */}
  90 |       <div
> 91 |         className={`figure-uncover relative w-full overflow-hidden ${className}`}
     |         ^^^^^^^^^
  92 |         style={{ aspectRatio: ratio }}
  93 |       >
  94 |         <ProfileImage

Parsing ecmascript source code failed

Import trace:
  Server Component:
    ./components/section-figure.tsx
    ./components/about-section.tsx
    ./app/[locale]/page.tsx @ http://localhost:3000/_next/static/chunks/node_modules_next_dist_0u_w_5s._.js:1945
[  169012ms] [ERROR] ./components/section-figure.tsx:91:9
Expected ',', got 'ident'
  89 |           only decides how much of the finished frame is showing. */}
  90 |       <div
> 91 |         className={`figure-uncover relative w-full overflow-hidden ${className}`}
     |         ^^^^^^^^^
  92 |         style={{ aspectRatio: ratio }}
  93 |       >
  94 |         <ProfileImage

Parsing ecmascript source code failed

Import trace:
  Server Component:
    ./components/section-figure.tsx
    ./components/about-section.tsx
    ./app/[locale]/page.tsx @ http://localhost:3000/_next/static/chunks/node_modules_next_dist_0u_w_5s._.js:1945
[  169074ms] [ERROR] ./components/section-figure.tsx:91:9
Expected ',', got 'ident'
  89 |           only decides how much of the finished frame is showing. */}
  90 |       <div
> 91 |         className={`figure-uncover relative w-full overflow-hidden ${className}`}
     |         ^^^^^^^^^
  92 |         style={{ aspectRatio: ratio }}
  93 |       >
  94 |         <ProfileImage

Parsing ecmascript source code failed

Import trace:
  Server Component:
    ./components/section-figure.tsx
    ./components/about-section.tsx
    ./app/[locale]/page.tsx @ http://localhost:3000/_next/static/chunks/node_modules_next_dist_0u_w_5s._.js:1945
[  169135ms] [ERROR] ./components/section-figure.tsx:91:9
Expected ',', got 'ident'
  89 |           only decides how much of the finished frame is showing. */}
  90 |       <div
> 91 |         className={`figure-uncover relative w-full overflow-hidden ${className}`}
     |         ^^^^^^^^^
  92 |         style={{ aspectRatio: ratio }}
  93 |       >
  94 |         <ProfileImage

Parsing ecmascript source code failed

Import trace:
  Server Component:
    ./components/section-figure.tsx
    ./components/about-section.tsx
    ./app/[locale]/page.tsx @ http://localhost:3000/_next/static/chunks/node_modules_next_dist_0u_w_5s._.js:1945
[  169196ms] [ERROR] ./components/section-figure.tsx:91:9
Expected ',', got 'ident'
  89 |           only decides how much of the finished frame is showing. */}
  90 |       <div
> 91 |         className={`figure-uncover relative w-full overflow-hidden ${className}`}
     |         ^^^^^^^^^
  92 |         style={{ aspectRatio: ratio }}
  93 |       >
  94 |         <ProfileImage

Parsing ecmascript source code failed

Import trace:
  Server Component:
    ./components/section-figure.tsx
    ./components/about-section.tsx
    ./app/[locale]/page.tsx @ http://localhost:3000/_next/static/chunks/node_modules_next_dist_0u_w_5s._.js:1945
[  169257ms] [ERROR] ./components/section-figure.tsx:91:9
Expected ',', got 'ident'
  89 |           only decides how much of the finished frame is showing. */}
  90 |       <div
> 91 |         className={`figure-uncover relative w-full overflow-hidden ${className}`}
     |         ^^^^^^^^^
  92 |         style={{ aspectRatio: ratio }}
  93 |       >
  94 |         <ProfileImage

Parsing ecmascript source code failed

Import trace:
  Server Component:
    ./components/section-figure.tsx
    ./components/about-section.tsx
    ./app/[locale]/page.tsx @ http://localhost:3000/_next/static/chunks/node_modules_next_dist_0u_w_5s._.js:1945
[  169318ms] [ERROR] ./components/section-figure.tsx:91:9
Expected ',', got 'ident'
  89 |           only decides how much of the finished frame is showing. */}
  90 |       <div
> 91 |         className={`figure-uncover relative w-full overflow-hidden ${className}`}
     |         ^^^^^^^^^
  92 |         style={{ aspectRatio: ratio }}
  93 |       >
  94 |         <ProfileImage

Parsing ecmascript source code failed

Import trace:
  Server Component:
    ./components/section-figure.tsx
    ./components/about-section.tsx
    ./app/[locale]/page.tsx @ http://localhost:3000/_next/static/chunks/node_modules_next_dist_0u_w_5s._.js:1945
[  169380ms] [ERROR] ./components/section-figure.tsx:91:9
Expected ',', got 'ident'
  89 |           only decides how much of the finished frame is showing. */}
  90 |       <div
> 91 |         className={`figure-uncover relative w-full overflow-hidden ${className}`}
     |         ^^^^^^^^^
  92 |         style={{ aspectRatio: ratio }}
  93 |       >
  94 |         <ProfileImage

Parsing ecmascript source code failed

Import trace:
  Server Component:
    ./components/section-figure.tsx
    ./components/about-section.tsx
    ./app/[locale]/page.tsx @ http://localhost:3000/_next/static/chunks/node_modules_next_dist_0u_w_5s._.js:1945
[  169440ms] [ERROR] ./components/section-figure.tsx:91:9
Expected ',', got 'ident'
  89 |           only decides how much of the finished frame is showing. */}
  90 |       <div
> 91 |         className={`figure-uncover relative w-full overflow-hidden ${className}`}
     |         ^^^^^^^^^
  92 |         style={{ aspectRatio: ratio }}
  93 |       >
  94 |         <ProfileImage

Parsing ecmascript source code failed

Import trace:
  Server Component:
    ./components/section-figure.tsx
    ./components/about-section.tsx
    ./app/[locale]/page.tsx @ http://localhost:3000/_next/static/chunks/node_modules_next_dist_0u_w_5s._.js:1945
[  169503ms] [ERROR] ./components/section-figure.tsx:91:9
Expected ',', got 'ident'
  89 |           only decides how much of the finished frame is showing. */}
  90 |       <div
> 91 |         className={`figure-uncover relative w-full overflow-hidden ${className}`}
     |         ^^^^^^^^^
  92 |         style={{ aspectRatio: ratio }}
  93 |       >
  94 |         <ProfileImage

Parsing ecmascript source code failed

Import trace:
  Server Component:
    ./components/section-figure.tsx
    ./components/about-section.tsx
    ./app/[locale]/page.tsx @ http://localhost:3000/_next/static/chunks/node_modules_next_dist_0u_w_5s._.js:1945
[  169563ms] [ERROR] ./components/section-figure.tsx:91:9
Expected ',', got 'ident'
  89 |           only decides how much of the finished frame is showing. */}
  90 |       <div
> 91 |         className={`figure-uncover relative w-full overflow-hidden ${className}`}
     |         ^^^^^^^^^
  92 |         style={{ aspectRatio: ratio }}
  93 |       >
  94 |         <ProfileImage

Parsing ecmascript source code failed

Import trace:
  Server Component:
    ./components/section-figure.tsx
    ./components/about-section.tsx
    ./app/[locale]/page.tsx @ http://localhost:3000/_next/static/chunks/node_modules_next_dist_0u_w_5s._.js:1945
[  169625ms] [ERROR] ./components/section-figure.tsx:91:9
Expected ',', got 'ident'
  89 |           only decides how much of the finished frame is showing. */}
  90 |       <div
> 91 |         className={`figure-uncover relative w-full overflow-hidden ${className}`}
     |         ^^^^^^^^^
  92 |         style={{ aspectRatio: ratio }}
  93 |       >
  94 |         <ProfileImage

Parsing ecmascript source code failed

Import trace:
  Server Component:
    ./components/section-figure.tsx
    ./components/about-section.tsx
    ./app/[locale]/page.tsx @ http://localhost:3000/_next/static/chunks/node_modules_next_dist_0u_w_5s._.js:1945
[  169687ms] [ERROR] ./components/section-figure.tsx:91:9
Expected ',', got 'ident'
  89 |           only decides how much of the finished frame is showing. */}
  90 |       <div
> 91 |         className={`figure-uncover relative w-full overflow-hidden ${className}`}
     |         ^^^^^^^^^
  92 |         style={{ aspectRatio: ratio }}
  93 |       >
  94 |         <ProfileImage

Parsing ecmascript source code failed

Import trace:
  Server Component:
    ./components/section-figure.tsx
    ./components/about-section.tsx
    ./app/[locale]/page.tsx @ http://localhost:3000/_next/static/chunks/node_modules_next_dist_0u_w_5s._.js:1945
[  169748ms] [ERROR] ./components/section-figure.tsx:91:9
Expected ',', got 'ident'
  89 |           only decides how much of the finished frame is showing. */}
  90 |       <div
> 91 |         className={`figure-uncover relative w-full overflow-hidden ${className}`}
     |         ^^^^^^^^^
  92 |         style={{ aspectRatio: ratio }}
  93 |       >
  94 |         <ProfileImage

Parsing ecmascript source code failed

Import trace:
  Server Component:
    ./components/section-figure.tsx
    ./components/about-section.tsx
    ./app/[locale]/page.tsx @ http://localhost:3000/_next/static/chunks/node_modules_next_dist_0u_w_5s._.js:1945
[  169808ms] [ERROR] ./components/section-figure.tsx:91:9
Expected ',', got 'ident'
  89 |           only decides how much of the finished frame is showing. */}
  90 |       <div
> 91 |         className={`figure-uncover relative w-full overflow-hidden ${className}`}
     |         ^^^^^^^^^
  92 |         style={{ aspectRatio: ratio }}
  93 |       >
  94 |         <ProfileImage

Parsing ecmascript source code failed

Import trace:
  Server Component:
    ./components/section-figure.tsx
    ./components/about-section.tsx
    ./app/[locale]/page.tsx @ http://localhost:3000/_next/static/chunks/node_modules_next_dist_0u_w_5s._.js:1945
[  169869ms] [ERROR] ./components/section-figure.tsx:91:9
Expected ',', got 'ident'
  89 |           only decides how much of the finished frame is showing. */}
  90 |       <div
> 91 |         className={`figure-uncover relative w-full overflow-hidden ${className}`}
     |         ^^^^^^^^^
  92 |         style={{ aspectRatio: ratio }}
  93 |       >
  94 |         <ProfileImage

Parsing ecmascript source code failed

Import trace:
  Server Component:
    ./components/section-figure.tsx
    ./components/about-section.tsx
    ./app/[locale]/page.tsx @ http://localhost:3000/_next/static/chunks/node_modules_next_dist_0u_w_5s._.js:1945
[  169932ms] [ERROR] ./components/section-figure.tsx:91:9
Expected ',', got 'ident'
  89 |           only decides how much of the finished frame is showing. */}
  90 |       <div
> 91 |         className={`figure-uncover relative w-full overflow-hidden ${className}`}
     |         ^^^^^^^^^
  92 |         style={{ aspectRatio: ratio }}
  93 |       >
  94 |         <ProfileImage

Parsing ecmascript source code failed

Import trace:
  Server Component:
    ./components/section-figure.tsx
    ./components/about-section.tsx
    ./app/[locale]/page.tsx @ http://localhost:3000/_next/static/chunks/node_modules_next_dist_0u_w_5s._.js:1945
[  169993ms] [ERROR] ./components/section-figure.tsx:91:9
Expected ',', got 'ident'
  89 |           only decides how much of the finished frame is showing. */}
  90 |       <div
> 91 |         className={`figure-uncover relative w-full overflow-hidden ${className}`}
     |         ^^^^^^^^^
  92 |         style={{ aspectRatio: ratio }}
  93 |       >
  94 |         <ProfileImage

Parsing ecmascript source code failed

Import trace:
  Server Component:
    ./components/section-figure.tsx
    ./components/about-section.tsx
    ./app/[locale]/page.tsx @ http://localhost:3000/_next/static/chunks/node_modules_next_dist_0u_w_5s._.js:1945
[  170054ms] [ERROR] ./components/section-figure.tsx:91:9
Expected ',', got 'ident'
  89 |           only decides how much of the finished frame is showing. */}
  90 |       <div
> 91 |         className={`figure-uncover relative w-full overflow-hidden ${className}`}
     |         ^^^^^^^^^
  92 |         style={{ aspectRatio: ratio }}
  93 |       >
  94 |         <ProfileImage

Parsing ecmascript source code failed

Import trace:
  Server Component:
    ./components/section-figure.tsx
    ./components/about-section.tsx
    ./app/[locale]/page.tsx @ http://localhost:3000/_next/static/chunks/node_modules_next_dist_0u_w_5s._.js:1945
[  170116ms] [ERROR] ./components/section-figure.tsx:91:9
Expected ',', got 'ident'
  89 |           only decides how much of the finished frame is showing. */}
  90 |       <div
> 91 |         className={`figure-uncover relative w-full overflow-hidden ${className}`}
     |         ^^^^^^^^^
  92 |         style={{ aspectRatio: ratio }}
  93 |       >
  94 |         <ProfileImage

Parsing ecmascript source code failed

Import trace:
  Server Component:
    ./components/section-figure.tsx
    ./components/about-section.tsx
    ./app/[locale]/page.tsx @ http://localhost:3000/_next/static/chunks/node_modules_next_dist_0u_w_5s._.js:1945
[  170180ms] [ERROR] ./components/section-figure.tsx:91:9
Expected ',', got 'ident'
  89 |           only decides how much of the finished frame is showing. */}
  90 |       <div
> 91 |         className={`figure-uncover relative w-full overflow-hidden ${className}`}
     |         ^^^^^^^^^
  92 |         style={{ aspectRatio: ratio }}
  93 |       >
  94 |         <ProfileImage

Parsing ecmascript source code failed

Import trace:
  Server Component:
    ./components/section-figure.tsx
    ./components/about-section.tsx
    ./app/[locale]/page.tsx @ http://localhost:3000/_next/static/chunks/node_modules_next_dist_0u_w_5s._.js:1945
[  170242ms] [ERROR] ./components/section-figure.tsx:91:9
Expected ',', got 'ident'
  89 |           only decides how much of the finished frame is showing. */}
  90 |       <div
> 91 |         className={`figure-uncover relative w-full overflow-hidden ${className}`}
     |         ^^^^^^^^^
  92 |         style={{ aspectRatio: ratio }}
  93 |       >
  94 |         <ProfileImage

Parsing ecmascript source code failed

Import trace:
  Server Component:
    ./components/section-figure.tsx
    ./components/about-section.tsx
    ./app/[locale]/page.tsx @ http://localhost:3000/_next/static/chunks/node_modules_next_dist_0u_w_5s._.js:1945
[  170304ms] [ERROR] ./components/section-figure.tsx:91:9
Expected ',', got 'ident'
  89 |           only decides how much of the finished frame is showing. */}
  90 |       <div
> 91 |         className={`figure-uncover relative w-full overflow-hidden ${className}`}
     |         ^^^^^^^^^
  92 |         style={{ aspectRatio: ratio }}
  93 |       >
  94 |         <ProfileImage

Parsing ecmascript source code failed

Import trace:
  Server Component:
    ./components/section-figure.tsx
    ./components/about-section.tsx
    ./app/[locale]/page.tsx @ http://localhost:3000/_next/static/chunks/node_modules_next_dist_0u_w_5s._.js:1945
[  170366ms] [ERROR] ./components/section-figure.tsx:91:9
Expected ',', got 'ident'
  89 |           only decides how much of the finished frame is showing. */}
  90 |       <div
> 91 |         className={`figure-uncover relative w-full overflow-hidden ${className}`}
     |         ^^^^^^^^^
  92 |         style={{ aspectRatio: ratio }}
  93 |       >
  94 |         <ProfileImage

Parsing ecmascript source code failed

Import trace:
  Server Component:
    ./components/section-figure.tsx
    ./components/about-section.tsx
    ./app/[locale]/page.tsx @ http://localhost:3000/_next/static/chunks/node_modules_next_dist_0u_w_5s._.js:1945
[  170430ms] [ERROR] ./components/section-figure.tsx:91:9
Expected ',', got 'ident'
  89 |           only decides how much of the finished frame is showing. */}
  90 |       <div
> 91 |         className={`figure-uncover relative w-full overflow-hidden ${className}`}
     |         ^^^^^^^^^
  92 |         style={{ aspectRatio: ratio }}
  93 |       >
  94 |         <ProfileImage

Parsing ecmascript source code failed

Import trace:
  Server Component:
    ./components/section-figure.tsx
    ./components/about-section.tsx
    ./app/[locale]/page.tsx @ http://localhost:3000/_next/static/chunks/node_modules_next_dist_0u_w_5s._.js:1945
[  170491ms] [ERROR] ./components/section-figure.tsx:91:9
Expected ',', got 'ident'
  89 |           only decides how much of the finished frame is showing. */}
  90 |       <div
> 91 |         className={`figure-uncover relative w-full overflow-hidden ${className}`}
     |         ^^^^^^^^^
  92 |         style={{ aspectRatio: ratio }}
  93 |       >
  94 |         <ProfileImage

Parsing ecmascript source code failed

Import trace:
  Server Component:
    ./components/section-figure.tsx
    ./components/about-section.tsx
    ./app/[locale]/page.tsx @ http://localhost:3000/_next/static/chunks/node_modules_next_dist_0u_w_5s._.js:1945
[  170552ms] [ERROR] ./components/section-figure.tsx:91:9
Expected ',', got 'ident'
  89 |           only decides how much of the finished frame is showing. */}
  90 |       <div
> 91 |         className={`figure-uncover relative w-full overflow-hidden ${className}`}
     |         ^^^^^^^^^
  92 |         style={{ aspectRatio: ratio }}
  93 |       >
  94 |         <ProfileImage

Parsing ecmascript source code failed

Import trace:
  Server Component:
    ./components/section-figure.tsx
    ./components/about-section.tsx
    ./app/[locale]/page.tsx @ http://localhost:3000/_next/static/chunks/node_modules_next_dist_0u_w_5s._.js:1945
[  170613ms] [ERROR] ./components/section-figure.tsx:91:9
Expected ',', got 'ident'
  89 |           only decides how much of the finished frame is showing. */}
  90 |       <div
> 91 |         className={`figure-uncover relative w-full overflow-hidden ${className}`}
     |         ^^^^^^^^^
  92 |         style={{ aspectRatio: ratio }}
  93 |       >
  94 |         <ProfileImage

Parsing ecmascript source code failed

Import trace:
  Server Component:
    ./components/section-figure.tsx
    ./components/about-section.tsx
    ./app/[locale]/page.tsx @ http://localhost:3000/_next/static/chunks/node_modules_next_dist_0u_w_5s._.js:1945
[  170675ms] [ERROR] ./components/section-figure.tsx:91:9
Expected ',', got 'ident'
  89 |           only decides how much of the finished frame is showing. */}
  90 |       <div
> 91 |         className={`figure-uncover relative w-full overflow-hidden ${className}`}
     |         ^^^^^^^^^
  92 |         style={{ aspectRatio: ratio }}
  93 |       >
  94 |         <ProfileImage

Parsing ecmascript source code failed

Import trace:
  Server Component:
    ./components/section-figure.tsx
    ./components/about-section.tsx
    ./app/[locale]/page.tsx @ http://localhost:3000/_next/static/chunks/node_modules_next_dist_0u_w_5s._.js:1945
[  170736ms] [ERROR] ./components/section-figure.tsx:91:9
Expected ',', got 'ident'
  89 |           only decides how much of the finished frame is showing. */}
  90 |       <div
> 91 |         className={`figure-uncover relative w-full overflow-hidden ${className}`}
     |         ^^^^^^^^^
  92 |         style={{ aspectRatio: ratio }}
  93 |       >
  94 |         <ProfileImage

Parsing ecmascript source code failed

Import trace:
  Server Component:
    ./components/section-figure.tsx
    ./components/about-section.tsx
    ./app/[locale]/page.tsx @ http://localhost:3000/_next/static/chunks/node_modules_next_dist_0u_w_5s._.js:1945
[  170799ms] [ERROR] ./components/section-figure.tsx:91:9
Expected ',', got 'ident'
  89 |           only decides how much of the finished frame is showing. */}
  90 |       <div
> 91 |         className={`figure-uncover relative w-full overflow-hidden ${className}`}
     |         ^^^^^^^^^
  92 |         style={{ aspectRatio: ratio }}
  93 |       >
  94 |         <ProfileImage

Parsing ecmascript source code failed

Import trace:
  Server Component:
    ./components/section-figure.tsx
    ./components/about-section.tsx
    ./app/[locale]/page.tsx @ http://localhost:3000/_next/static/chunks/node_modules_next_dist_0u_w_5s._.js:1945
[  170862ms] [ERROR] ./components/section-figure.tsx:91:9
Expected ',', got 'ident'
  89 |           only decides how much of the finished frame is showing. */}
  90 |       <div
> 91 |         className={`figure-uncover relative w-full overflow-hidden ${className}`}
     |         ^^^^^^^^^
  92 |         style={{ aspectRatio: ratio }}
  93 |       >
  94 |         <ProfileImage

Parsing ecmascript source code failed

Import trace:
  Server Component:
    ./components/section-figure.tsx
    ./components/about-section.tsx
    ./app/[locale]/page.tsx @ http://localhost:3000/_next/static/chunks/node_modules_next_dist_0u_w_5s._.js:1945
[  170925ms] [ERROR] ./components/section-figure.tsx:91:9
Expected ',', got 'ident'
  89 |           only decides how much of the finished frame is showing. */}
  90 |       <div
> 91 |         className={`figure-uncover relative w-full overflow-hidden ${className}`}
     |         ^^^^^^^^^
  92 |         style={{ aspectRatio: ratio }}
  93 |       >
  94 |         <ProfileImage

Parsing ecmascript source code failed

Import trace:
  Server Component:
    ./components/section-figure.tsx
    ./components/about-section.tsx
    ./app/[locale]/page.tsx @ http://localhost:3000/_next/static/chunks/node_modules_next_dist_0u_w_5s._.js:1945
[  170986ms] [ERROR] ./components/section-figure.tsx:91:9
Expected ',', got 'ident'
  89 |           only decides how much of the finished frame is showing. */}
  90 |       <div
> 91 |         className={`figure-uncover relative w-full overflow-hidden ${className}`}
     |         ^^^^^^^^^
  92 |         style={{ aspectRatio: ratio }}
  93 |       >
  94 |         <ProfileImage

Parsing ecmascript source code failed

Import trace:
  Server Component:
    ./components/section-figure.tsx
    ./components/about-section.tsx
    ./app/[locale]/page.tsx @ http://localhost:3000/_next/static/chunks/node_modules_next_dist_0u_w_5s._.js:1945
[  171049ms] [ERROR] ./components/section-figure.tsx:91:9
Expected ',', got 'ident'
  89 |           only decides how much of the finished frame is showing. */}
  90 |       <div
> 91 |         className={`figure-uncover relative w-full overflow-hidden ${className}`}
     |         ^^^^^^^^^
  92 |         style={{ aspectRatio: ratio }}
  93 |       >
  94 |         <ProfileImage

Parsing ecmascript source code failed

Import trace:
  Server Component:
    ./components/section-figure.tsx
    ./components/about-section.tsx
    ./app/[locale]/page.tsx @ http://localhost:3000/_next/static/chunks/node_modules_next_dist_0u_w_5s._.js:1945
[  171111ms] [ERROR] ./components/section-figure.tsx:91:9
Expected ',', got 'ident'
  89 |           only decides how much of the finished frame is showing. */}
  90 |       <div
> 91 |         className={`figure-uncover relative w-full overflow-hidden ${className}`}
     |         ^^^^^^^^^
  92 |         style={{ aspectRatio: ratio }}
  93 |       >
  94 |         <ProfileImage

Parsing ecmascript source code failed

Import trace:
  Server Component:
    ./components/section-figure.tsx
    ./components/about-section.tsx
    ./app/[locale]/page.tsx @ http://localhost:3000/_next/static/chunks/node_modules_next_dist_0u_w_5s._.js:1945
[  171174ms] [ERROR] ./components/section-figure.tsx:91:9
Expected ',', got 'ident'
  89 |           only decides how much of the finished frame is showing. */}
  90 |       <div
> 91 |         className={`figure-uncover relative w-full overflow-hidden ${className}`}
     |         ^^^^^^^^^
  92 |         style={{ aspectRatio: ratio }}
  93 |       >
  94 |         <ProfileImage

Parsing ecmascript source code failed

Import trace:
  Server Component:
    ./components/section-figure.tsx
    ./components/about-section.tsx
    ./app/[locale]/page.tsx @ http://localhost:3000/_next/static/chunks/node_modules_next_dist_0u_w_5s._.js:1945
[  171235ms] [ERROR] ./components/section-figure.tsx:91:9
Expected ',', got 'ident'
  89 |           only decides how much of the finished frame is showing. */}
  90 |       <div
> 91 |         className={`figure-uncover relative w-full overflow-hidden ${className}`}
     |         ^^^^^^^^^
  92 |         style={{ aspectRatio: ratio }}
  93 |       >
  94 |         <ProfileImage

Parsing ecmascript source code failed

Import trace:
  Server Component:
    ./components/section-figure.tsx
    ./components/about-section.tsx
    ./app/[locale]/page.tsx @ http://localhost:3000/_next/static/chunks/node_modules_next_dist_0u_w_5s._.js:1945
[  171297ms] [ERROR] ./components/section-figure.tsx:91:9
Expected ',', got 'ident'
  89 |           only decides how much of the finished frame is showing. */}
  90 |       <div
> 91 |         className={`figure-uncover relative w-full overflow-hidden ${className}`}
     |         ^^^^^^^^^
  92 |         style={{ aspectRatio: ratio }}
  93 |       >
  94 |         <ProfileImage

Parsing ecmascript source code failed

Import trace:
  Server Component:
    ./components/section-figure.tsx
    ./components/about-section.tsx
    ./app/[locale]/page.tsx @ http://localhost:3000/_next/static/chunks/node_modules_next_dist_0u_w_5s._.js:1945
[  171358ms] [ERROR] ./components/section-figure.tsx:91:9
Expected ',', got 'ident'
  89 |           only decides how much of the finished frame is showing. */}
  90 |       <div
> 91 |         className={`figure-uncover relative w-full overflow-hidden ${className}`}
     |         ^^^^^^^^^
  92 |         style={{ aspectRatio: ratio }}
  93 |       >
  94 |         <ProfileImage

Parsing ecmascript source code failed

Import trace:
  Server Component:
    ./components/section-figure.tsx
    ./components/about-section.tsx
    ./app/[locale]/page.tsx @ http://localhost:3000/_next/static/chunks/node_modules_next_dist_0u_w_5s._.js:1945
[  171419ms] [ERROR] ./components/section-figure.tsx:91:9
Expected ',', got 'ident'
  89 |           only decides how much of the finished frame is showing. */}
  90 |       <div
> 91 |         className={`figure-uncover relative w-full overflow-hidden ${className}`}
     |         ^^^^^^^^^
  92 |         style={{ aspectRatio: ratio }}
  93 |       >
  94 |         <ProfileImage

Parsing ecmascript source code failed

Import trace:
  Server Component:
    ./components/section-figure.tsx
    ./components/about-section.tsx
    ./app/[locale]/page.tsx @ http://localhost:3000/_next/static/chunks/node_modules_next_dist_0u_w_5s._.js:1945
[  171481ms] [ERROR] ./components/section-figure.tsx:91:9
Expected ',', got 'ident'
  89 |           only decides how much of the finished frame is showing. */}
  90 |       <div
> 91 |         className={`figure-uncover relative w-full overflow-hidden ${className}`}
     |         ^^^^^^^^^
  92 |         style={{ aspectRatio: ratio }}
  93 |       >
  94 |         <ProfileImage

Parsing ecmascript source code failed

Import trace:
  Server Component:
    ./components/section-figure.tsx
    ./components/about-section.tsx
    ./app/[locale]/page.tsx @ http://localhost:3000/_next/static/chunks/node_modules_next_dist_0u_w_5s._.js:1945
[  171542ms] [ERROR] ./components/section-figure.tsx:91:9
Expected ',', got 'ident'
  89 |           only decides how much of the finished frame is showing. */}
  90 |       <div
> 91 |         className={`figure-uncover relative w-full overflow-hidden ${className}`}
     |         ^^^^^^^^^
  92 |         style={{ aspectRatio: ratio }}
  93 |       >
  94 |         <ProfileImage

Parsing ecmascript source code failed

Import trace:
  Server Component:
    ./components/section-figure.tsx
    ./components/about-section.tsx
    ./app/[locale]/page.tsx @ http://localhost:3000/_next/static/chunks/node_modules_next_dist_0u_w_5s._.js:1945
[  171604ms] [ERROR] ./components/section-figure.tsx:91:9
Expected ',', got 'ident'
  89 |           only decides how much of the finished frame is showing. */}
  90 |       <div
> 91 |         className={`figure-uncover relative w-full overflow-hidden ${className}`}
     |         ^^^^^^^^^
  92 |         style={{ aspectRatio: ratio }}
  93 |       >
  94 |         <ProfileImage

Parsing ecmascript source code failed

Import trace:
  Server Component:
    ./components/section-figure.tsx
    ./components/about-section.tsx
    ./app/[locale]/page.tsx @ http://localhost:3000/_next/static/chunks/node_modules_next_dist_0u_w_5s._.js:1945
[  171665ms] [ERROR] ./components/section-figure.tsx:91:9
Expected ',', got 'ident'
  89 |           only decides how much of the finished frame is showing. */}
  90 |       <div
> 91 |         className={`figure-uncover relative w-full overflow-hidden ${className}`}
     |         ^^^^^^^^^
  92 |         style={{ aspectRatio: ratio }}
  93 |       >
  94 |         <ProfileImage

Parsing ecmascript source code failed

Import trace:
  Server Component:
    ./components/section-figure.tsx
    ./components/about-section.tsx
    ./app/[locale]/page.tsx @ http://localhost:3000/_next/static/chunks/node_modules_next_dist_0u_w_5s._.js:1945
[  171727ms] [ERROR] ./components/section-figure.tsx:91:9
Expected ',', got 'ident'
  89 |           only decides how much of the finished frame is showing. */}
  90 |       <div
> 91 |         className={`figure-uncover relative w-full overflow-hidden ${className}`}
     |         ^^^^^^^^^
  92 |         style={{ aspectRatio: ratio }}
  93 |       >
  94 |         <ProfileImage

Parsing ecmascript source code failed

Import trace:
  Server Component:
    ./components/section-figure.tsx
    ./components/about-section.tsx
    ./app/[locale]/page.tsx @ http://localhost:3000/_next/static/chunks/node_modules_next_dist_0u_w_5s._.js:1945
[  171790ms] [ERROR] ./components/section-figure.tsx:91:9
Expected ',', got 'ident'
  89 |           only decides how much of the finished frame is showing. */}
  90 |       <div
> 91 |         className={`figure-uncover relative w-full overflow-hidden ${className}`}
     |         ^^^^^^^^^
  92 |         style={{ aspectRatio: ratio }}
  93 |       >
  94 |         <ProfileImage

Parsing ecmascript source code failed

Import trace:
  Server Component:
    ./components/section-figure.tsx
    ./components/about-section.tsx
    ./app/[locale]/page.tsx @ http://localhost:3000/_next/static/chunks/node_modules_next_dist_0u_w_5s._.js:1945
[  171852ms] [ERROR] ./components/section-figure.tsx:91:9
Expected ',', got 'ident'
  89 |           only decides how much of the finished frame is showing. */}
  90 |       <div
> 91 |         className={`figure-uncover relative w-full overflow-hidden ${className}`}
     |         ^^^^^^^^^
  92 |         style={{ aspectRatio: ratio }}
  93 |       >
  94 |         <ProfileImage

Parsing ecmascript source code failed

Import trace:
  Server Component:
    ./components/section-figure.tsx
    ./components/about-section.tsx
    ./app/[locale]/page.tsx @ http://localhost:3000/_next/static/chunks/node_modules_next_dist_0u_w_5s._.js:1945
[  171914ms] [ERROR] ./components/section-figure.tsx:91:9
Expected ',', got 'ident'
  89 |           only decides how much of the finished frame is showing. */}
  90 |       <div
> 91 |         className={`figure-uncover relative w-full overflow-hidden ${className}`}
     |         ^^^^^^^^^
  92 |         style={{ aspectRatio: ratio }}
  93 |       >
  94 |         <ProfileImage

Parsing ecmascript source code failed

Import trace:
  Server Component:
    ./components/section-figure.tsx
    ./components/about-section.tsx
    ./app/[locale]/page.tsx @ http://localhost:3000/_next/static/chunks/node_modules_next_dist_0u_w_5s._.js:1945
[  171975ms] [ERROR] ./components/section-figure.tsx:91:9
Expected ',', got 'ident'
  89 |           only decides how much of the finished frame is showing. */}
  90 |       <div
> 91 |         className={`figure-uncover relative w-full overflow-hidden ${className}`}
     |         ^^^^^^^^^
  92 |         style={{ aspectRatio: ratio }}
  93 |       >
  94 |         <ProfileImage

Parsing ecmascript source code failed

Import trace:
  Server Component:
    ./components/section-figure.tsx
    ./components/about-section.tsx
    ./app/[locale]/page.tsx @ http://localhost:3000/_next/static/chunks/node_modules_next_dist_0u_w_5s._.js:1945
[  172037ms] [ERROR] ./components/section-figure.tsx:91:9
Expected ',', got 'ident'
  89 |           only decides how much of the finished frame is showing. */}
  90 |       <div
> 91 |         className={`figure-uncover relative w-full overflow-hidden ${className}`}
     |         ^^^^^^^^^
  92 |         style={{ aspectRatio: ratio }}
  93 |       >
  94 |         <ProfileImage

Parsing ecmascript source code failed

Import trace:
  Server Component:
    ./components/section-figure.tsx
    ./components/about-section.tsx
    ./app/[locale]/page.tsx @ http://localhost:3000/_next/static/chunks/node_modules_next_dist_0u_w_5s._.js:1945
[  172099ms] [ERROR] ./components/section-figure.tsx:91:9
Expected ',', got 'ident'
  89 |           only decides how much of the finished frame is showing. */}
  90 |       <div
> 91 |         className={`figure-uncover relative w-full overflow-hidden ${className}`}
     |         ^^^^^^^^^
  92 |         style={{ aspectRatio: ratio }}
  93 |       >
  94 |         <ProfileImage

Parsing ecmascript source code failed

Import trace:
  Server Component:
    ./components/section-figure.tsx
    ./components/about-section.tsx
    ./app/[locale]/page.tsx @ http://localhost:3000/_next/static/chunks/node_modules_next_dist_0u_w_5s._.js:1945
[  172161ms] [ERROR] ./components/section-figure.tsx:91:9
Expected ',', got 'ident'
  89 |           only decides how much of the finished frame is showing. */}
  90 |       <div
> 91 |         className={`figure-uncover relative w-full overflow-hidden ${className}`}
     |         ^^^^^^^^^
  92 |         style={{ aspectRatio: ratio }}
  93 |       >
  94 |         <ProfileImage

Parsing ecmascript source code failed

Import trace:
  Server Component:
    ./components/section-figure.tsx
    ./components/about-section.tsx
    ./app/[locale]/page.tsx @ http://localhost:3000/_next/static/chunks/node_modules_next_dist_0u_w_5s._.js:1945
[  172224ms] [ERROR] ./components/section-figure.tsx:91:9
Expected ',', got 'ident'
  89 |           only decides how much of the finished frame is showing. */}
  90 |       <div
> 91 |         className={`figure-uncover relative w-full overflow-hidden ${className}`}
     |         ^^^^^^^^^
  92 |         style={{ aspectRatio: ratio }}
  93 |       >
  94 |         <ProfileImage

Parsing ecmascript source code failed

Import trace:
  Server Component:
    ./components/section-figure.tsx
    ./components/about-section.tsx
    ./app/[locale]/page.tsx @ http://localhost:3000/_next/static/chunks/node_modules_next_dist_0u_w_5s._.js:1945
[  172287ms] [ERROR] ./components/section-figure.tsx:91:9
Expected ',', got 'ident'
  89 |           only decides how much of the finished frame is showing. */}
  90 |       <div
> 91 |         className={`figure-uncover relative w-full overflow-hidden ${className}`}
     |         ^^^^^^^^^
  92 |         style={{ aspectRatio: ratio }}
  93 |       >
  94 |         <ProfileImage

Parsing ecmascript source code failed

Import trace:
  Server Component:
    ./components/section-figure.tsx
    ./components/about-section.tsx
    ./app/[locale]/page.tsx @ http://localhost:3000/_next/static/chunks/node_modules_next_dist_0u_w_5s._.js:1945
[  172349ms] [ERROR] ./components/section-figure.tsx:91:9
Expected ',', got 'ident'
  89 |           only decides how much of the finished frame is showing. */}
  90 |       <div
> 91 |         className={`figure-uncover relative w-full overflow-hidden ${className}`}
     |         ^^^^^^^^^
  92 |         style={{ aspectRatio: ratio }}
  93 |       >
  94 |         <ProfileImage

Parsing ecmascript source code failed

Import trace:
  Server Component:
    ./components/section-figure.tsx
    ./components/about-section.tsx
    ./app/[locale]/page.tsx @ http://localhost:3000/_next/static/chunks/node_modules_next_dist_0u_w_5s._.js:1945
[  172412ms] [ERROR] ./components/section-figure.tsx:91:9
Expected ',', got 'ident'
  89 |           only decides how much of the finished frame is showing. */}
  90 |       <div
> 91 |         className={`figure-uncover relative w-full overflow-hidden ${className}`}
     |         ^^^^^^^^^
  92 |         style={{ aspectRatio: ratio }}
  93 |       >
  94 |         <ProfileImage

Parsing ecmascript source code failed

Import trace:
  Server Component:
    ./components/section-figure.tsx
    ./components/about-section.tsx
    ./app/[locale]/page.tsx @ http://localhost:3000/_next/static/chunks/node_modules_next_dist_0u_w_5s._.js:1945
[  172473ms] [ERROR] ./components/section-figure.tsx:91:9
Expected ',', got 'ident'
  89 |           only decides how much of the finished frame is showing. */}
  90 |       <div
> 91 |         className={`figure-uncover relative w-full overflow-hidden ${className}`}
     |         ^^^^^^^^^
  92 |         style={{ aspectRatio: ratio }}
  93 |       >
  94 |         <ProfileImage

Parsing ecmascript source code failed

Import trace:
  Server Component:
    ./components/section-figure.tsx
    ./components/about-section.tsx
    ./app/[locale]/page.tsx @ http://localhost:3000/_next/static/chunks/node_modules_next_dist_0u_w_5s._.js:1945
[  172537ms] [ERROR] ./components/section-figure.tsx:91:9
Expected ',', got 'ident'
  89 |           only decides how much of the finished frame is showing. */}
  90 |       <div
> 91 |         className={`figure-uncover relative w-full overflow-hidden ${className}`}
     |         ^^^^^^^^^
  92 |         style={{ aspectRatio: ratio }}
  93 |       >
  94 |         <ProfileImage

Parsing ecmascript source code failed

Import trace:
  Server Component:
    ./components/section-figure.tsx
    ./components/about-section.tsx
    ./app/[locale]/page.tsx @ http://localhost:3000/_next/static/chunks/node_modules_next_dist_0u_w_5s._.js:1945
[  172599ms] [ERROR] ./components/section-figure.tsx:91:9
Expected ',', got 'ident'
  89 |           only decides how much of the finished frame is showing. */}
  90 |       <div
> 91 |         className={`figure-uncover relative w-full overflow-hidden ${className}`}
     |         ^^^^^^^^^
  92 |         style={{ aspectRatio: ratio }}
  93 |       >
  94 |         <ProfileImage

Parsing ecmascript source code failed

Import trace:
  Server Component:
    ./components/section-figure.tsx
    ./components/about-section.tsx
    ./app/[locale]/page.tsx @ http://localhost:3000/_next/static/chunks/node_modules_next_dist_0u_w_5s._.js:1945
[  172662ms] [ERROR] ./components/section-figure.tsx:91:9
Expected ',', got 'ident'
  89 |           only decides how much of the finished frame is showing. */}
  90 |       <div
> 91 |         className={`figure-uncover relative w-full overflow-hidden ${className}`}
     |         ^^^^^^^^^
  92 |         style={{ aspectRatio: ratio }}
  93 |       >
  94 |         <ProfileImage

Parsing ecmascript source code failed

Import trace:
  Server Component:
    ./components/section-figure.tsx
    ./components/about-section.tsx
    ./app/[locale]/page.tsx @ http://localhost:3000/_next/static/chunks/node_modules_next_dist_0u_w_5s._.js:1945
[  172724ms] [ERROR] ./components/section-figure.tsx:91:9
Expected ',', got 'ident'
  89 |           only decides how much of the finished frame is showing. */}
  90 |       <div
> 91 |         className={`figure-uncover relative w-full overflow-hidden ${className}`}
     |         ^^^^^^^^^
  92 |         style={{ aspectRatio: ratio }}
  93 |       >
  94 |         <ProfileImage

Parsing ecmascript source code failed

Import trace:
  Server Component:
    ./components/section-figure.tsx
    ./components/about-section.tsx
    ./app/[locale]/page.tsx @ http://localhost:3000/_next/static/chunks/node_modules_next_dist_0u_w_5s._.js:1945
[  172786ms] [ERROR] ./components/section-figure.tsx:91:9
Expected ',', got 'ident'
  89 |           only decides how much of the finished frame is showing. */}
  90 |       <div
> 91 |         className={`figure-uncover relative w-full overflow-hidden ${className}`}
     |         ^^^^^^^^^
  92 |         style={{ aspectRatio: ratio }}
  93 |       >
  94 |         <ProfileImage

Parsing ecmascript source code failed

Import trace:
  Server Component:
    ./components/section-figure.tsx
    ./components/about-section.tsx
    ./app/[locale]/page.tsx @ http://localhost:3000/_next/static/chunks/node_modules_next_dist_0u_w_5s._.js:1945
[  172849ms] [ERROR] ./components/section-figure.tsx:91:9
Expected ',', got 'ident'
  89 |           only decides how much of the finished frame is showing. */}
  90 |       <div
> 91 |         className={`figure-uncover relative w-full overflow-hidden ${className}`}
     |         ^^^^^^^^^
  92 |         style={{ aspectRatio: ratio }}
  93 |       >
  94 |         <ProfileImage

Parsing ecmascript source code failed

Import trace:
  Server Component:
    ./components/section-figure.tsx
    ./components/about-section.tsx
    ./app/[locale]/page.tsx @ http://localhost:3000/_next/static/chunks/node_modules_next_dist_0u_w_5s._.js:1945
[  172912ms] [ERROR] ./components/section-figure.tsx:91:9
Expected ',', got 'ident'
  89 |           only decides how much of the finished frame is showing. */}
  90 |       <div
> 91 |         className={`figure-uncover relative w-full overflow-hidden ${className}`}
     |         ^^^^^^^^^
  92 |         style={{ aspectRatio: ratio }}
  93 |       >
  94 |         <ProfileImage

Parsing ecmascript source code failed

Import trace:
  Server Component:
    ./components/section-figure.tsx
    ./components/about-section.tsx
    ./app/[locale]/page.tsx @ http://localhost:3000/_next/static/chunks/node_modules_next_dist_0u_w_5s._.js:1945
[  172974ms] [ERROR] ./components/section-figure.tsx:91:9
Expected ',', got 'ident'
  89 |           only decides how much of the finished frame is showing. */}
  90 |       <div
> 91 |         className={`figure-uncover relative w-full overflow-hidden ${className}`}
     |         ^^^^^^^^^
  92 |         style={{ aspectRatio: ratio }}
  93 |       >
  94 |         <ProfileImage

Parsing ecmascript source code failed

Import trace:
  Server Component:
    ./components/section-figure.tsx
    ./components/about-section.tsx
    ./app/[locale]/page.tsx @ http://localhost:3000/_next/static/chunks/node_modules_next_dist_0u_w_5s._.js:1945
[  173034ms] [ERROR] ./components/section-figure.tsx:91:9
Expected ',', got 'ident'
  89 |           only decides how much of the finished frame is showing. */}
  90 |       <div
> 91 |         className={`figure-uncover relative w-full overflow-hidden ${className}`}
     |         ^^^^^^^^^
  92 |         style={{ aspectRatio: ratio }}
  93 |       >
  94 |         <ProfileImage

Parsing ecmascript source code failed

Import trace:
  Server Component:
    ./components/section-figure.tsx
    ./components/about-section.tsx
    ./app/[locale]/page.tsx @ http://localhost:3000/_next/static/chunks/node_modules_next_dist_0u_w_5s._.js:1945
[  173095ms] [ERROR] ./components/section-figure.tsx:91:9
Expected ',', got 'ident'
  89 |           only decides how much of the finished frame is showing. */}
  90 |       <div
> 91 |         className={`figure-uncover relative w-full overflow-hidden ${className}`}
     |         ^^^^^^^^^
  92 |         style={{ aspectRatio: ratio }}
  93 |       >
  94 |         <ProfileImage

Parsing ecmascript source code failed

Import trace:
  Server Component:
    ./components/section-figure.tsx
    ./components/about-section.tsx
    ./app/[locale]/page.tsx @ http://localhost:3000/_next/static/chunks/node_modules_next_dist_0u_w_5s._.js:1945
[  173158ms] [ERROR] ./components/section-figure.tsx:91:9
Expected ',', got 'ident'
  89 |           only decides how much of the finished frame is showing. */}
  90 |       <div
> 91 |         className={`figure-uncover relative w-full overflow-hidden ${className}`}
     |         ^^^^^^^^^
  92 |         style={{ aspectRatio: ratio }}
  93 |       >
  94 |         <ProfileImage

Parsing ecmascript source code failed

Import trace:
  Server Component:
    ./components/section-figure.tsx
    ./components/about-section.tsx
    ./app/[locale]/page.tsx @ http://localhost:3000/_next/static/chunks/node_modules_next_dist_0u_w_5s._.js:1945
[  173220ms] [ERROR] ./components/section-figure.tsx:91:9
Expected ',', got 'ident'
  89 |           only decides how much of the finished frame is showing. */}
  90 |       <div
> 91 |         className={`figure-uncover relative w-full overflow-hidden ${className}`}
     |         ^^^^^^^^^
  92 |         style={{ aspectRatio: ratio }}
  93 |       >
  94 |         <ProfileImage

Parsing ecmascript source code failed

Import trace:
  Server Component:
    ./components/section-figure.tsx
    ./components/about-section.tsx
    ./app/[locale]/page.tsx @ http://localhost:3000/_next/static/chunks/node_modules_next_dist_0u_w_5s._.js:1945
[  173283ms] [ERROR] ./components/section-figure.tsx:91:9
Expected ',', got 'ident'
  89 |           only decides how much of the finished frame is showing. */}
  90 |       <div
> 91 |         className={`figure-uncover relative w-full overflow-hidden ${className}`}
     |         ^^^^^^^^^
  92 |         style={{ aspectRatio: ratio }}
  93 |       >
  94 |         <ProfileImage

Parsing ecmascript source code failed

Import trace:
  Server Component:
    ./components/section-figure.tsx
    ./components/about-section.tsx
    ./app/[locale]/page.tsx @ http://localhost:3000/_next/static/chunks/node_modules_next_dist_0u_w_5s._.js:1945
[  173345ms] [ERROR] ./components/section-figure.tsx:91:9
Expected ',', got 'ident'
  89 |           only decides how much of the finished frame is showing. */}
  90 |       <div
> 91 |         className={`figure-uncover relative w-full overflow-hidden ${className}`}
     |         ^^^^^^^^^
  92 |         style={{ aspectRatio: ratio }}
  93 |       >
  94 |         <ProfileImage

Parsing ecmascript source code failed

Import trace:
  Server Component:
    ./components/section-figure.tsx
    ./components/about-section.tsx
    ./app/[locale]/page.tsx @ http://localhost:3000/_next/static/chunks/node_modules_next_dist_0u_w_5s._.js:1945
[  173407ms] [ERROR] ./components/section-figure.tsx:91:9
Expected ',', got 'ident'
  89 |           only decides how much of the finished frame is showing. */}
  90 |       <div
> 91 |         className={`figure-uncover relative w-full overflow-hidden ${className}`}
     |         ^^^^^^^^^
  92 |         style={{ aspectRatio: ratio }}
  93 |       >
  94 |         <ProfileImage

Parsing ecmascript source code failed

Import trace:
  Server Component:
    ./components/section-figure.tsx
    ./components/about-section.tsx
    ./app/[locale]/page.tsx @ http://localhost:3000/_next/static/chunks/node_modules_next_dist_0u_w_5s._.js:1945
[  173469ms] [ERROR] ./components/section-figure.tsx:91:9
Expected ',', got 'ident'
  89 |           only decides how much of the finished frame is showing. */}
  90 |       <div
> 91 |         className={`figure-uncover relative w-full overflow-hidden ${className}`}
     |         ^^^^^^^^^
  92 |         style={{ aspectRatio: ratio }}
  93 |       >
  94 |         <ProfileImage

Parsing ecmascript source code failed

Import trace:
  Server Component:
    ./components/section-figure.tsx
    ./components/about-section.tsx
    ./app/[locale]/page.tsx @ http://localhost:3000/_next/static/chunks/node_modules_next_dist_0u_w_5s._.js:1945
[  173531ms] [ERROR] ./components/section-figure.tsx:91:9
Expected ',', got 'ident'
  89 |           only decides how much of the finished frame is showing. */}
  90 |       <div
> 91 |         className={`figure-uncover relative w-full overflow-hidden ${className}`}
     |         ^^^^^^^^^
  92 |         style={{ aspectRatio: ratio }}
  93 |       >
  94 |         <ProfileImage

Parsing ecmascript source code failed

Import trace:
  Server Component:
    ./components/section-figure.tsx
    ./components/about-section.tsx
    ./app/[locale]/page.tsx @ http://localhost:3000/_next/static/chunks/node_modules_next_dist_0u_w_5s._.js:1945
[  173593ms] [ERROR] ./components/section-figure.tsx:91:9
Expected ',', got 'ident'
  89 |           only decides how much of the finished frame is showing. */}
  90 |       <div
> 91 |         className={`figure-uncover relative w-full overflow-hidden ${className}`}
     |         ^^^^^^^^^
  92 |         style={{ aspectRatio: ratio }}
  93 |       >
  94 |         <ProfileImage

Parsing ecmascript source code failed

Import trace:
  Server Component:
    ./components/section-figure.tsx
    ./components/about-section.tsx
    ./app/[locale]/page.tsx @ http://localhost:3000/_next/static/chunks/node_modules_next_dist_0u_w_5s._.js:1945
[  173655ms] [ERROR] ./components/section-figure.tsx:91:9
Expected ',', got 'ident'
  89 |           only decides how much of the finished frame is showing. */}
  90 |       <div
> 91 |         className={`figure-uncover relative w-full overflow-hidden ${className}`}
     |         ^^^^^^^^^
  92 |         style={{ aspectRatio: ratio }}
  93 |       >
  94 |         <ProfileImage

Parsing ecmascript source code failed

Import trace:
  Server Component:
    ./components/section-figure.tsx
    ./components/about-section.tsx
    ./app/[locale]/page.tsx @ http://localhost:3000/_next/static/chunks/node_modules_next_dist_0u_w_5s._.js:1945
[  173717ms] [ERROR] ./components/section-figure.tsx:91:9
Expected ',', got 'ident'
  89 |           only decides how much of the finished frame is showing. */}
  90 |       <div
> 91 |         className={`figure-uncover relative w-full overflow-hidden ${className}`}
     |         ^^^^^^^^^
  92 |         style={{ aspectRatio: ratio }}
  93 |       >
  94 |         <ProfileImage

Parsing ecmascript source code failed

Import trace:
  Server Component:
    ./components/section-figure.tsx
    ./components/about-section.tsx
    ./app/[locale]/page.tsx @ http://localhost:3000/_next/static/chunks/node_modules_next_dist_0u_w_5s._.js:1945
[  173779ms] [ERROR] ./components/section-figure.tsx:91:9
Expected ',', got 'ident'
  89 |           only decides how much of the finished frame is showing. */}
  90 |       <div
> 91 |         className={`figure-uncover relative w-full overflow-hidden ${className}`}
     |         ^^^^^^^^^
  92 |         style={{ aspectRatio: ratio }}
  93 |       >
  94 |         <ProfileImage

Parsing ecmascript source code failed

Import trace:
  Server Component:
    ./components/section-figure.tsx
    ./components/about-section.tsx
    ./app/[locale]/page.tsx @ http://localhost:3000/_next/static/chunks/node_modules_next_dist_0u_w_5s._.js:1945
[  173841ms] [ERROR] ./components/section-figure.tsx:91:9
Expected ',', got 'ident'
  89 |           only decides how much of the finished frame is showing. */}
  90 |       <div
> 91 |         className={`figure-uncover relative w-full overflow-hidden ${className}`}
     |         ^^^^^^^^^
  92 |         style={{ aspectRatio: ratio }}
  93 |       >
  94 |         <ProfileImage

Parsing ecmascript source code failed

Import trace:
  Server Component:
    ./components/section-figure.tsx
    ./components/about-section.tsx
    ./app/[locale]/page.tsx @ http://localhost:3000/_next/static/chunks/node_modules_next_dist_0u_w_5s._.js:1945
[  173903ms] [ERROR] ./components/section-figure.tsx:91:9
Expected ',', got 'ident'
  89 |           only decides how much of the finished frame is showing. */}
  90 |       <div
> 91 |         className={`figure-uncover relative w-full overflow-hidden ${className}`}
     |         ^^^^^^^^^
  92 |         style={{ aspectRatio: ratio }}
  93 |       >
  94 |         <ProfileImage

Parsing ecmascript source code failed

Import trace:
  Server Component:
    ./components/section-figure.tsx
    ./components/about-section.tsx
    ./app/[locale]/page.tsx @ http://localhost:3000/_next/static/chunks/node_modules_next_dist_0u_w_5s._.js:1945
[  173964ms] [ERROR] ./components/section-figure.tsx:91:9
Expected ',', got 'ident'
  89 |           only decides how much of the finished frame is showing. */}
  90 |       <div
> 91 |         className={`figure-uncover relative w-full overflow-hidden ${className}`}
     |         ^^^^^^^^^
  92 |         style={{ aspectRatio: ratio }}
  93 |       >
  94 |         <ProfileImage

Parsing ecmascript source code failed

Import trace:
  Server Component:
    ./components/section-figure.tsx
    ./components/about-section.tsx
    ./app/[locale]/page.tsx @ http://localhost:3000/_next/static/chunks/node_modules_next_dist_0u_w_5s._.js:1945
[  174027ms] [ERROR] ./components/section-figure.tsx:91:9
Expected ',', got 'ident'
  89 |           only decides how much of the finished frame is showing. */}
  90 |       <div
> 91 |         className={`figure-uncover relative w-full overflow-hidden ${className}`}
     |         ^^^^^^^^^
  92 |         style={{ aspectRatio: ratio }}
  93 |       >
  94 |         <ProfileImage

Parsing ecmascript source code failed

Import trace:
  Server Component:
    ./components/section-figure.tsx
    ./components/about-section.tsx
    ./app/[locale]/page.tsx @ http://localhost:3000/_next/static/chunks/node_modules_next_dist_0u_w_5s._.js:1945
[  174090ms] [ERROR] ./components/section-figure.tsx:91:9
Expected ',', got 'ident'
  89 |           only decides how much of the finished frame is showing. */}
  90 |       <div
> 91 |         className={`figure-uncover relative w-full overflow-hidden ${className}`}
     |         ^^^^^^^^^
  92 |         style={{ aspectRatio: ratio }}
  93 |       >
  94 |         <ProfileImage

Parsing ecmascript source code failed

Import trace:
  Server Component:
    ./components/section-figure.tsx
    ./components/about-section.tsx
    ./app/[locale]/page.tsx @ http://localhost:3000/_next/static/chunks/node_modules_next_dist_0u_w_5s._.js:1945
[  174151ms] [ERROR] ./components/section-figure.tsx:91:9
Expected ',', got 'ident'
  89 |           only decides how much of the finished frame is showing. */}
  90 |       <div
> 91 |         className={`figure-uncover relative w-full overflow-hidden ${className}`}
     |         ^^^^^^^^^
  92 |         style={{ aspectRatio: ratio }}
  93 |       >
  94 |         <ProfileImage

Parsing ecmascript source code failed

Import trace:
  Server Component:
    ./components/section-figure.tsx
    ./components/about-section.tsx
    ./app/[locale]/page.tsx @ http://localhost:3000/_next/static/chunks/node_modules_next_dist_0u_w_5s._.js:1945
[  174214ms] [ERROR] ./components/section-figure.tsx:91:9
Expected ',', got 'ident'
  89 |           only decides how much of the finished frame is showing. */}
  90 |       <div
> 91 |         className={`figure-uncover relative w-full overflow-hidden ${className}`}
     |         ^^^^^^^^^
  92 |         style={{ aspectRatio: ratio }}
  93 |       >
  94 |         <ProfileImage

Parsing ecmascript source code failed

Import trace:
  Server Component:
    ./components/section-figure.tsx
    ./components/about-section.tsx
    ./app/[locale]/page.tsx @ http://localhost:3000/_next/static/chunks/node_modules_next_dist_0u_w_5s._.js:1945
[  174275ms] [ERROR] ./components/section-figure.tsx:91:9
Expected ',', got 'ident'
  89 |           only decides how much of the finished frame is showing. */}
  90 |       <div
> 91 |         className={`figure-uncover relative w-full overflow-hidden ${className}`}
     |         ^^^^^^^^^
  92 |         style={{ aspectRatio: ratio }}
  93 |       >
  94 |         <ProfileImage

Parsing ecmascript source code failed

Import trace:
  Server Component:
    ./components/section-figure.tsx
    ./components/about-section.tsx
    ./app/[locale]/page.tsx @ http://localhost:3000/_next/static/chunks/node_modules_next_dist_0u_w_5s._.js:1945
[  174337ms] [ERROR] ./components/section-figure.tsx:91:9
Expected ',', got 'ident'
  89 |           only decides how much of the finished frame is showing. */}
  90 |       <div
> 91 |         className={`figure-uncover relative w-full overflow-hidden ${className}`}
     |         ^^^^^^^^^
  92 |         style={{ aspectRatio: ratio }}
  93 |       >
  94 |         <ProfileImage

Parsing ecmascript source code failed

Import trace:
  Server Component:
    ./components/section-figure.tsx
    ./components/about-section.tsx
    ./app/[locale]/page.tsx @ http://localhost:3000/_next/static/chunks/node_modules_next_dist_0u_w_5s._.js:1945
[  174400ms] [ERROR] ./components/section-figure.tsx:91:9
Expected ',', got 'ident'
  89 |           only decides how much of the finished frame is showing. */}
  90 |       <div
> 91 |         className={`figure-uncover relative w-full overflow-hidden ${className}`}
     |         ^^^^^^^^^
  92 |         style={{ aspectRatio: ratio }}
  93 |       >
  94 |         <ProfileImage

Parsing ecmascript source code failed

Import trace:
  Server Component:
    ./components/section-figure.tsx
    ./components/about-section.tsx
    ./app/[locale]/page.tsx @ http://localhost:3000/_next/static/chunks/node_modules_next_dist_0u_w_5s._.js:1945
[  174462ms] [ERROR] ./components/section-figure.tsx:91:9
Expected ',', got 'ident'
  89 |           only decides how much of the finished frame is showing. */}
  90 |       <div
> 91 |         className={`figure-uncover relative w-full overflow-hidden ${className}`}
     |         ^^^^^^^^^
  92 |         style={{ aspectRatio: ratio }}
  93 |       >
  94 |         <ProfileImage

Parsing ecmascript source code failed

Import trace:
  Server Component:
    ./components/section-figure.tsx
    ./components/about-section.tsx
    ./app/[locale]/page.tsx @ http://localhost:3000/_next/static/chunks/node_modules_next_dist_0u_w_5s._.js:1945
[  174524ms] [ERROR] ./components/section-figure.tsx:91:9
Expected ',', got 'ident'
  89 |           only decides how much of the finished frame is showing. */}
  90 |       <div
> 91 |         className={`figure-uncover relative w-full overflow-hidden ${className}`}
     |         ^^^^^^^^^
  92 |         style={{ aspectRatio: ratio }}
  93 |       >
  94 |         <ProfileImage

Parsing ecmascript source code failed

Import trace:
  Server Component:
    ./components/section-figure.tsx
    ./components/about-section.tsx
    ./app/[locale]/page.tsx @ http://localhost:3000/_next/static/chunks/node_modules_next_dist_0u_w_5s._.js:1945
[  174585ms] [ERROR] ./components/section-figure.tsx:91:9
Expected ',', got 'ident'
  89 |           only decides how much of the finished frame is showing. */}
  90 |       <div
> 91 |         className={`figure-uncover relative w-full overflow-hidden ${className}`}
     |         ^^^^^^^^^
  92 |         style={{ aspectRatio: ratio }}
  93 |       >
  94 |         <ProfileImage

Parsing ecmascript source code failed

Import trace:
  Server Component:
    ./components/section-figure.tsx
    ./components/about-section.tsx
    ./app/[locale]/page.tsx @ http://localhost:3000/_next/static/chunks/node_modules_next_dist_0u_w_5s._.js:1945
[  174647ms] [ERROR] ./components/section-figure.tsx:91:9
Expected ',', got 'ident'
  89 |           only decides how much of the finished frame is showing. */}
  90 |       <div
> 91 |         className={`figure-uncover relative w-full overflow-hidden ${className}`}
     |         ^^^^^^^^^
  92 |         style={{ aspectRatio: ratio }}
  93 |       >
  94 |         <ProfileImage

Parsing ecmascript source code failed

Import trace:
  Server Component:
    ./components/section-figure.tsx
    ./components/about-section.tsx
    ./app/[locale]/page.tsx @ http://localhost:3000/_next/static/chunks/node_modules_next_dist_0u_w_5s._.js:1945
[  174709ms] [ERROR] ./components/section-figure.tsx:91:9
Expected ',', got 'ident'
  89 |           only decides how much of the finished frame is showing. */}
  90 |       <div
> 91 |         className={`figure-uncover relative w-full overflow-hidden ${className}`}
     |         ^^^^^^^^^
  92 |         style={{ aspectRatio: ratio }}
  93 |       >
  94 |         <ProfileImage

Parsing ecmascript source code failed

Import trace:
  Server Component:
    ./components/section-figure.tsx
    ./components/about-section.tsx
    ./app/[locale]/page.tsx @ http://localhost:3000/_next/static/chunks/node_modules_next_dist_0u_w_5s._.js:1945
[  174771ms] [ERROR] ./components/section-figure.tsx:91:9
Expected ',', got 'ident'
  89 |           only decides how much of the finished frame is showing. */}
  90 |       <div
> 91 |         className={`figure-uncover relative w-full overflow-hidden ${className}`}
     |         ^^^^^^^^^
  92 |         style={{ aspectRatio: ratio }}
  93 |       >
  94 |         <ProfileImage

Parsing ecmascript source code failed

Import trace:
  Server Component:
    ./components/section-figure.tsx
    ./components/about-section.tsx
    ./app/[locale]/page.tsx @ http://localhost:3000/_next/static/chunks/node_modules_next_dist_0u_w_5s._.js:1945
[  174834ms] [ERROR] ./components/section-figure.tsx:91:9
Expected ',', got 'ident'
  89 |           only decides how much of the finished frame is showing. */}
  90 |       <div
> 91 |         className={`figure-uncover relative w-full overflow-hidden ${className}`}
     |         ^^^^^^^^^
  92 |         style={{ aspectRatio: ratio }}
  93 |       >
  94 |         <ProfileImage

Parsing ecmascript source code failed

Import trace:
  Server Component:
    ./components/section-figure.tsx
    ./components/about-section.tsx
    ./app/[locale]/page.tsx @ http://localhost:3000/_next/static/chunks/node_modules_next_dist_0u_w_5s._.js:1945
[  174896ms] [ERROR] ./components/section-figure.tsx:91:9
Expected ',', got 'ident'
  89 |           only decides how much of the finished frame is showing. */}
  90 |       <div
> 91 |         className={`figure-uncover relative w-full overflow-hidden ${className}`}
     |         ^^^^^^^^^
  92 |         style={{ aspectRatio: ratio }}
  93 |       >
  94 |         <ProfileImage

Parsing ecmascript source code failed

Import trace:
  Server Component:
    ./components/section-figure.tsx
    ./components/about-section.tsx
    ./app/[locale]/page.tsx @ http://localhost:3000/_next/static/chunks/node_modules_next_dist_0u_w_5s._.js:1945
[  174957ms] [ERROR] ./components/section-figure.tsx:91:9
Expected ',', got 'ident'
  89 |           only decides how much of the finished frame is showing. */}
  90 |       <div
> 91 |         className={`figure-uncover relative w-full overflow-hidden ${className}`}
     |         ^^^^^^^^^
  92 |         style={{ aspectRatio: ratio }}
  93 |       >
  94 |         <ProfileImage

Parsing ecmascript source code failed

Import trace:
  Server Component:
    ./components/section-figure.tsx
    ./components/about-section.tsx
    ./app/[locale]/page.tsx @ http://localhost:3000/_next/static/chunks/node_modules_next_dist_0u_w_5s._.js:1945
[  175019ms] [ERROR] ./components/section-figure.tsx:91:9
Expected ',', got 'ident'
  89 |           only decides how much of the finished frame is showing. */}
  90 |       <div
> 91 |         className={`figure-uncover relative w-full overflow-hidden ${className}`}
     |         ^^^^^^^^^
  92 |         style={{ aspectRatio: ratio }}
  93 |       >
  94 |         <ProfileImage

Parsing ecmascript source code failed

Import trace:
  Server Component:
    ./components/section-figure.tsx
    ./components/about-section.tsx
    ./app/[locale]/page.tsx @ http://localhost:3000/_next/static/chunks/node_modules_next_dist_0u_w_5s._.js:1945
[  175080ms] [ERROR] ./components/section-figure.tsx:91:9
Expected ',', got 'ident'
  89 |           only decides how much of the finished frame is showing. */}
  90 |       <div
> 91 |         className={`figure-uncover relative w-full overflow-hidden ${className}`}
     |         ^^^^^^^^^
  92 |         style={{ aspectRatio: ratio }}
  93 |       >
  94 |         <ProfileImage

Parsing ecmascript source code failed

Import trace:
  Server Component:
    ./components/section-figure.tsx
    ./components/about-section.tsx
    ./app/[locale]/page.tsx @ http://localhost:3000/_next/static/chunks/node_modules_next_dist_0u_w_5s._.js:1945
[  175143ms] [ERROR] ./components/section-figure.tsx:91:9
Expected ',', got 'ident'
  89 |           only decides how much of the finished frame is showing. */}
  90 |       <div
> 91 |         className={`figure-uncover relative w-full overflow-hidden ${className}`}
     |         ^^^^^^^^^
  92 |         style={{ aspectRatio: ratio }}
  93 |       >
  94 |         <ProfileImage

Parsing ecmascript source code failed

Import trace:
  Server Component:
    ./components/section-figure.tsx
    ./components/about-section.tsx
    ./app/[locale]/page.tsx @ http://localhost:3000/_next/static/chunks/node_modules_next_dist_0u_w_5s._.js:1945
[  175205ms] [ERROR] ./components/section-figure.tsx:91:9
Expected ',', got 'ident'
  89 |           only decides how much of the finished frame is showing. */}
  90 |       <div
> 91 |         className={`figure-uncover relative w-full overflow-hidden ${className}`}
     |         ^^^^^^^^^
  92 |         style={{ aspectRatio: ratio }}
  93 |       >
  94 |         <ProfileImage

Parsing ecmascript source code failed

Import trace:
  Server Component:
    ./components/section-figure.tsx
    ./components/about-section.tsx
    ./app/[locale]/page.tsx @ http://localhost:3000/_next/static/chunks/node_modules_next_dist_0u_w_5s._.js:1945
[  175267ms] [ERROR] ./components/section-figure.tsx:91:9
Expected ',', got 'ident'
  89 |           only decides how much of the finished frame is showing. */}
  90 |       <div
> 91 |         className={`figure-uncover relative w-full overflow-hidden ${className}`}
     |         ^^^^^^^^^
  92 |         style={{ aspectRatio: ratio }}
  93 |       >
  94 |         <ProfileImage

Parsing ecmascript source code failed

Import trace:
  Server Component:
    ./components/section-figure.tsx
    ./components/about-section.tsx
    ./app/[locale]/page.tsx @ http://localhost:3000/_next/static/chunks/node_modules_next_dist_0u_w_5s._.js:1945
[  175328ms] [ERROR] ./components/section-figure.tsx:91:9
Expected ',', got 'ident'
  89 |           only decides how much of the finished frame is showing. */}
  90 |       <div
> 91 |         className={`figure-uncover relative w-full overflow-hidden ${className}`}
     |         ^^^^^^^^^
  92 |         style={{ aspectRatio: ratio }}
  93 |       >
  94 |         <ProfileImage

Parsing ecmascript source code failed

Import trace:
  Server Component:
    ./components/section-figure.tsx
    ./components/about-section.tsx
    ./app/[locale]/page.tsx @ http://localhost:3000/_next/static/chunks/node_modules_next_dist_0u_w_5s._.js:1945
[  175389ms] [ERROR] ./components/section-figure.tsx:91:9
Expected ',', got 'ident'
  89 |           only decides how much of the finished frame is showing. */}
  90 |       <div
> 91 |         className={`figure-uncover relative w-full overflow-hidden ${className}`}
     |         ^^^^^^^^^
  92 |         style={{ aspectRatio: ratio }}
  93 |       >
  94 |         <ProfileImage

Parsing ecmascript source code failed

Import trace:
  Server Component:
    ./components/section-figure.tsx
    ./components/about-section.tsx
    ./app/[locale]/page.tsx @ http://localhost:3000/_next/static/chunks/node_modules_next_dist_0u_w_5s._.js:1945
[  175451ms] [ERROR] ./components/section-figure.tsx:91:9
Expected ',', got 'ident'
  89 |           only decides how much of the finished frame is showing. */}
  90 |       <div
> 91 |         className={`figure-uncover relative w-full overflow-hidden ${className}`}
     |         ^^^^^^^^^
  92 |         style={{ aspectRatio: ratio }}
  93 |       >
  94 |         <ProfileImage

Parsing ecmascript source code failed

Import trace:
  Server Component:
    ./components/section-figure.tsx
    ./components/about-section.tsx
    ./app/[locale]/page.tsx @ http://localhost:3000/_next/static/chunks/node_modules_next_dist_0u_w_5s._.js:1945
[  175513ms] [ERROR] ./components/section-figure.tsx:91:9
Expected ',', got 'ident'
  89 |           only decides how much of the finished frame is showing. */}
  90 |       <div
> 91 |         className={`figure-uncover relative w-full overflow-hidden ${className}`}
     |         ^^^^^^^^^
  92 |         style={{ aspectRatio: ratio }}
  93 |       >
  94 |         <ProfileImage

Parsing ecmascript source code failed

Import trace:
  Server Component:
    ./components/section-figure.tsx
    ./components/about-section.tsx
    ./app/[locale]/page.tsx @ http://localhost:3000/_next/static/chunks/node_modules_next_dist_0u_w_5s._.js:1945
[  175575ms] [ERROR] ./components/section-figure.tsx:91:9
Expected ',', got 'ident'
  89 |           only decides how much of the finished frame is showing. */}
  90 |       <div
> 91 |         className={`figure-uncover relative w-full overflow-hidden ${className}`}
     |         ^^^^^^^^^
  92 |         style={{ aspectRatio: ratio }}
  93 |       >
  94 |         <ProfileImage

Parsing ecmascript source code failed

Import trace:
  Server Component:
    ./components/section-figure.tsx
    ./components/about-section.tsx
    ./app/[locale]/page.tsx @ http://localhost:3000/_next/static/chunks/node_modules_next_dist_0u_w_5s._.js:1945
[  175637ms] [ERROR] ./components/section-figure.tsx:91:9
Expected ',', got 'ident'
  89 |           only decides how much of the finished frame is showing. */}
  90 |       <div
> 91 |         className={`figure-uncover relative w-full overflow-hidden ${className}`}
     |         ^^^^^^^^^
  92 |         style={{ aspectRatio: ratio }}
  93 |       >
  94 |         <ProfileImage

Parsing ecmascript source code failed

Import trace:
  Server Component:
    ./components/section-figure.tsx
    ./components/about-section.tsx
    ./app/[locale]/page.tsx @ http://localhost:3000/_next/static/chunks/node_modules_next_dist_0u_w_5s._.js:1945
[  175698ms] [ERROR] ./components/section-figure.tsx:91:9
Expected ',', got 'ident'
  89 |           only decides how much of the finished frame is showing. */}
  90 |       <div
> 91 |         className={`figure-uncover relative w-full overflow-hidden ${className}`}
     |         ^^^^^^^^^
  92 |         style={{ aspectRatio: ratio }}
  93 |       >
  94 |         <ProfileImage

Parsing ecmascript source code failed

Import trace:
  Server Component:
    ./components/section-figure.tsx
    ./components/about-section.tsx
    ./app/[locale]/page.tsx @ http://localhost:3000/_next/static/chunks/node_modules_next_dist_0u_w_5s._.js:1945
[  175759ms] [ERROR] ./components/section-figure.tsx:91:9
Expected ',', got 'ident'
  89 |           only decides how much of the finished frame is showing. */}
  90 |       <div
> 91 |         className={`figure-uncover relative w-full overflow-hidden ${className}`}
     |         ^^^^^^^^^
  92 |         style={{ aspectRatio: ratio }}
  93 |       >
  94 |         <ProfileImage

Parsing ecmascript source code failed

Import trace:
  Server Component:
    ./components/section-figure.tsx
    ./components/about-section.tsx
    ./app/[locale]/page.tsx @ http://localhost:3000/_next/static/chunks/node_modules_next_dist_0u_w_5s._.js:1945
[  175823ms] [ERROR] ./components/section-figure.tsx:91:9
Expected ',', got 'ident'
  89 |           only decides how much of the finished frame is showing. */}
  90 |       <div
> 91 |         className={`figure-uncover relative w-full overflow-hidden ${className}`}
     |         ^^^^^^^^^
  92 |         style={{ aspectRatio: ratio }}
  93 |       >
  94 |         <ProfileImage

Parsing ecmascript source code failed

Import trace:
  Server Component:
    ./components/section-figure.tsx
    ./components/about-section.tsx
    ./app/[locale]/page.tsx @ http://localhost:3000/_next/static/chunks/node_modules_next_dist_0u_w_5s._.js:1945
[  175884ms] [ERROR] ./components/section-figure.tsx:91:9
Expected ',', got 'ident'
  89 |           only decides how much of the finished frame is showing. */}
  90 |       <div
> 91 |         className={`figure-uncover relative w-full overflow-hidden ${className}`}
     |         ^^^^^^^^^
  92 |         style={{ aspectRatio: ratio }}
  93 |       >
  94 |         <ProfileImage

Parsing ecmascript source code failed

Import trace:
  Server Component:
    ./components/section-figure.tsx
    ./components/about-section.tsx
    ./app/[locale]/page.tsx @ http://localhost:3000/_next/static/chunks/node_modules_next_dist_0u_w_5s._.js:1945
[  175945ms] [ERROR] ./components/section-figure.tsx:91:9
Expected ',', got 'ident'
  89 |           only decides how much of the finished frame is showing. */}
  90 |       <div
> 91 |         className={`figure-uncover relative w-full overflow-hidden ${className}`}
     |         ^^^^^^^^^
  92 |         style={{ aspectRatio: ratio }}
  93 |       >
  94 |         <ProfileImage

Parsing ecmascript source code failed

Import trace:
  Server Component:
    ./components/section-figure.tsx
    ./components/about-section.tsx
    ./app/[locale]/page.tsx @ http://localhost:3000/_next/static/chunks/node_modules_next_dist_0u_w_5s._.js:1945
[  176007ms] [ERROR] ./components/section-figure.tsx:91:9
Expected ',', got 'ident'
  89 |           only decides how much of the finished frame is showing. */}
  90 |       <div
> 91 |         className={`figure-uncover relative w-full overflow-hidden ${className}`}
     |         ^^^^^^^^^
  92 |         style={{ aspectRatio: ratio }}
  93 |       >
  94 |         <ProfileImage

Parsing ecmascript source code failed

Import trace:
  Server Component:
    ./components/section-figure.tsx
    ./components/about-section.tsx
    ./app/[locale]/page.tsx @ http://localhost:3000/_next/static/chunks/node_modules_next_dist_0u_w_5s._.js:1945
[  176069ms] [ERROR] ./components/section-figure.tsx:91:9
Expected ',', got 'ident'
  89 |           only decides how much of the finished frame is showing. */}
  90 |       <div
> 91 |         className={`figure-uncover relative w-full overflow-hidden ${className}`}
     |         ^^^^^^^^^
  92 |         style={{ aspectRatio: ratio }}
  93 |       >
  94 |         <ProfileImage

Parsing ecmascript source code failed

Import trace:
  Server Component:
    ./components/section-figure.tsx
    ./components/about-section.tsx
    ./app/[locale]/page.tsx @ http://localhost:3000/_next/static/chunks/node_modules_next_dist_0u_w_5s._.js:1945
[  176133ms] [ERROR] ./components/section-figure.tsx:91:9
Expected ',', got 'ident'
  89 |           only decides how much of the finished frame is showing. */}
  90 |       <div
> 91 |         className={`figure-uncover relative w-full overflow-hidden ${className}`}
     |         ^^^^^^^^^
  92 |         style={{ aspectRatio: ratio }}
  93 |       >
  94 |         <ProfileImage

Parsing ecmascript source code failed

Import trace:
  Server Component:
    ./components/section-figure.tsx
    ./components/about-section.tsx
    ./app/[locale]/page.tsx @ http://localhost:3000/_next/static/chunks/node_modules_next_dist_0u_w_5s._.js:1945
[  176194ms] [ERROR] ./components/section-figure.tsx:91:9
Expected ',', got 'ident'
  89 |           only decides how much of the finished frame is showing. */}
  90 |       <div
> 91 |         className={`figure-uncover relative w-full overflow-hidden ${className}`}
     |         ^^^^^^^^^
  92 |         style={{ aspectRatio: ratio }}
  93 |       >
  94 |         <ProfileImage

Parsing ecmascript source code failed

Import trace:
  Server Component:
    ./components/section-figure.tsx
    ./components/about-section.tsx
    ./app/[locale]/page.tsx @ http://localhost:3000/_next/static/chunks/node_modules_next_dist_0u_w_5s._.js:1945
[  176256ms] [ERROR] ./components/section-figure.tsx:91:9
Expected ',', got 'ident'
  89 |           only decides how much of the finished frame is showing. */}
  90 |       <div
> 91 |         className={`figure-uncover relative w-full overflow-hidden ${className}`}
     |         ^^^^^^^^^
  92 |         style={{ aspectRatio: ratio }}
  93 |       >
  94 |         <ProfileImage

Parsing ecmascript source code failed

Import trace:
  Server Component:
    ./components/section-figure.tsx
    ./components/about-section.tsx
    ./app/[locale]/page.tsx @ http://localhost:3000/_next/static/chunks/node_modules_next_dist_0u_w_5s._.js:1945
[  176363ms] [ERROR] ./components/section-figure.tsx:91:9
Expected ',', got 'ident'
  89 |           only decides how much of the finished frame is showing. */}
  90 |       <div
> 91 |         className={`figure-uncover relative w-full overflow-hidden ${className}`}
     |         ^^^^^^^^^
  92 |         style={{ aspectRatio: ratio }}
  93 |       >
  94 |         <ProfileImage

Parsing ecmascript source code failed

Import trace:
  Server Component:
    ./components/section-figure.tsx
    ./components/about-section.tsx
    ./app/[locale]/page.tsx @ http://localhost:3000/_next/static/chunks/node_modules_next_dist_0u_w_5s._.js:1945
[  176425ms] [ERROR] ./components/section-figure.tsx:91:9
Expected ',', got 'ident'
  89 |           only decides how much of the finished frame is showing. */}
  90 |       <div
> 91 |         className={`figure-uncover relative w-full overflow-hidden ${className}`}
     |         ^^^^^^^^^
  92 |         style={{ aspectRatio: ratio }}
  93 |       >
  94 |         <ProfileImage

Parsing ecmascript source code failed

Import trace:
  Server Component:
    ./components/section-figure.tsx
    ./components/about-section.tsx
    ./app/[locale]/page.tsx @ http://localhost:3000/_next/static/chunks/node_modules_next_dist_0u_w_5s._.js:1945
[  176487ms] [ERROR] ./components/section-figure.tsx:91:9
Expected ',', got 'ident'
  89 |           only decides how much of the finished frame is showing. */}
  90 |       <div
> 91 |         className={`figure-uncover relative w-full overflow-hidden ${className}`}
     |         ^^^^^^^^^
  92 |         style={{ aspectRatio: ratio }}
  93 |       >
  94 |         <ProfileImage

Parsing ecmascript source code failed

Import trace:
  Server Component:
    ./components/section-figure.tsx
    ./components/about-section.tsx
    ./app/[locale]/page.tsx @ http://localhost:3000/_next/static/chunks/node_modules_next_dist_0u_w_5s._.js:1945
[  176547ms] [ERROR] ./components/section-figure.tsx:91:9
Expected ',', got 'ident'
  89 |           only decides how much of the finished frame is showing. */}
  90 |       <div
> 91 |         className={`figure-uncover relative w-full overflow-hidden ${className}`}
     |         ^^^^^^^^^
  92 |         style={{ aspectRatio: ratio }}
  93 |       >
  94 |         <ProfileImage

Parsing ecmascript source code failed

Import trace:
  Server Component:
    ./components/section-figure.tsx
    ./components/about-section.tsx
    ./app/[locale]/page.tsx @ http://localhost:3000/_next/static/chunks/node_modules_next_dist_0u_w_5s._.js:1945
[  176609ms] [ERROR] ./components/section-figure.tsx:91:9
Expected ',', got 'ident'
  89 |           only decides how much of the finished frame is showing. */}
  90 |       <div
> 91 |         className={`figure-uncover relative w-full overflow-hidden ${className}`}
     |         ^^^^^^^^^
  92 |         style={{ aspectRatio: ratio }}
  93 |       >
  94 |         <ProfileImage

Parsing ecmascript source code failed

Import trace:
  Server Component:
    ./components/section-figure.tsx
    ./components/about-section.tsx
    ./app/[locale]/page.tsx @ http://localhost:3000/_next/static/chunks/node_modules_next_dist_0u_w_5s._.js:1945
[  176671ms] [ERROR] ./components/section-figure.tsx:91:9
Expected ',', got 'ident'
  89 |           only decides how much of the finished frame is showing. */}
  90 |       <div
> 91 |         className={`figure-uncover relative w-full overflow-hidden ${className}`}
     |         ^^^^^^^^^
  92 |         style={{ aspectRatio: ratio }}
  93 |       >
  94 |         <ProfileImage

Parsing ecmascript source code failed

Import trace:
  Server Component:
    ./components/section-figure.tsx
    ./components/about-section.tsx
    ./app/[locale]/page.tsx @ http://localhost:3000/_next/static/chunks/node_modules_next_dist_0u_w_5s._.js:1945
[  176732ms] [ERROR] ./components/section-figure.tsx:91:9
Expected ',', got 'ident'
  89 |           only decides how much of the finished frame is showing. */}
  90 |       <div
> 91 |         className={`figure-uncover relative w-full overflow-hidden ${className}`}
     |         ^^^^^^^^^
  92 |         style={{ aspectRatio: ratio }}
  93 |       >
  94 |         <ProfileImage

Parsing ecmascript source code failed

Import trace:
  Server Component:
    ./components/section-figure.tsx
    ./components/about-section.tsx
    ./app/[locale]/page.tsx @ http://localhost:3000/_next/static/chunks/node_modules_next_dist_0u_w_5s._.js:1945
[  176795ms] [ERROR] ./components/section-figure.tsx:91:9
Expected ',', got 'ident'
  89 |           only decides how much of the finished frame is showing. */}
  90 |       <div
> 91 |         className={`figure-uncover relative w-full overflow-hidden ${className}`}
     |         ^^^^^^^^^
  92 |         style={{ aspectRatio: ratio }}
  93 |       >
  94 |         <ProfileImage

Parsing ecmascript source code failed

Import trace:
  Server Component:
    ./components/section-figure.tsx
    ./components/about-section.tsx
    ./app/[locale]/page.tsx @ http://localhost:3000/_next/static/chunks/node_modules_next_dist_0u_w_5s._.js:1945
[  176856ms] [ERROR] ./components/section-figure.tsx:91:9
Expected ',', got 'ident'
  89 |           only decides how much of the finished frame is showing. */}
  90 |       <div
> 91 |         className={`figure-uncover relative w-full overflow-hidden ${className}`}
     |         ^^^^^^^^^
  92 |         style={{ aspectRatio: ratio }}
  93 |       >
  94 |         <ProfileImage

Parsing ecmascript source code failed

Import trace:
  Server Component:
    ./components/section-figure.tsx
    ./components/about-section.tsx
    ./app/[locale]/page.tsx @ http://localhost:3000/_next/static/chunks/node_modules_next_dist_0u_w_5s._.js:1945
[  176917ms] [ERROR] ./components/section-figure.tsx:91:9
Expected ',', got 'ident'
  89 |           only decides how much of the finished frame is showing. */}
  90 |       <div
> 91 |         className={`figure-uncover relative w-full overflow-hidden ${className}`}
     |         ^^^^^^^^^
  92 |         style={{ aspectRatio: ratio }}
  93 |       >
  94 |         <ProfileImage

Parsing ecmascript source code failed

Import trace:
  Server Component:
    ./components/section-figure.tsx
    ./components/about-section.tsx
    ./app/[locale]/page.tsx @ http://localhost:3000/_next/static/chunks/node_modules_next_dist_0u_w_5s._.js:1945
[  176980ms] [ERROR] ./components/section-figure.tsx:91:9
Expected ',', got 'ident'
  89 |           only decides how much of the finished frame is showing. */}
  90 |       <div
> 91 |         className={`figure-uncover relative w-full overflow-hidden ${className}`}
     |         ^^^^^^^^^
  92 |         style={{ aspectRatio: ratio }}
  93 |       >
  94 |         <ProfileImage

Parsing ecmascript source code failed

Import trace:
  Server Component:
    ./components/section-figure.tsx
    ./components/about-section.tsx
    ./app/[locale]/page.tsx @ http://localhost:3000/_next/static/chunks/node_modules_next_dist_0u_w_5s._.js:1945
[  177041ms] [ERROR] ./components/section-figure.tsx:91:9
Expected ',', got 'ident'
  89 |           only decides how much of the finished frame is showing. */}
  90 |       <div
> 91 |         className={`figure-uncover relative w-full overflow-hidden ${className}`}
     |         ^^^^^^^^^
  92 |         style={{ aspectRatio: ratio }}
  93 |       >
  94 |         <ProfileImage

Parsing ecmascript source code failed

Import trace:
  Server Component:
    ./components/section-figure.tsx
    ./components/about-section.tsx
    ./app/[locale]/page.tsx @ http://localhost:3000/_next/static/chunks/node_modules_next_dist_0u_w_5s._.js:1945
[  177102ms] [ERROR] ./components/section-figure.tsx:91:9
Expected ',', got 'ident'
  89 |           only decides how much of the finished frame is showing. */}
  90 |       <div
> 91 |         className={`figure-uncover relative w-full overflow-hidden ${className}`}
     |         ^^^^^^^^^
  92 |         style={{ aspectRatio: ratio }}
  93 |       >
  94 |         <ProfileImage

Parsing ecmascript source code failed

Import trace:
  Server Component:
    ./components/section-figure.tsx
    ./components/about-section.tsx
    ./app/[locale]/page.tsx @ http://localhost:3000/_next/static/chunks/node_modules_next_dist_0u_w_5s._.js:1945
[  177164ms] [ERROR] ./components/section-figure.tsx:91:9
Expected ',', got 'ident'
  89 |           only decides how much of the finished frame is showing. */}
  90 |       <div
> 91 |         className={`figure-uncover relative w-full overflow-hidden ${className}`}
     |         ^^^^^^^^^
  92 |         style={{ aspectRatio: ratio }}
  93 |       >
  94 |         <ProfileImage

Parsing ecmascript source code failed

Import trace:
  Server Component:
    ./components/section-figure.tsx
    ./components/about-section.tsx
    ./app/[locale]/page.tsx @ http://localhost:3000/_next/static/chunks/node_modules_next_dist_0u_w_5s._.js:1945
[  177224ms] [ERROR] ./components/section-figure.tsx:91:9
Expected ',', got 'ident'
  89 |           only decides how much of the finished frame is showing. */}
  90 |       <div
> 91 |         className={`figure-uncover relative w-full overflow-hidden ${className}`}
     |         ^^^^^^^^^
  92 |         style={{ aspectRatio: ratio }}
  93 |       >
  94 |         <ProfileImage

Parsing ecmascript source code failed

Import trace:
  Server Component:
    ./components/section-figure.tsx
    ./components/about-section.tsx
    ./app/[locale]/page.tsx @ http://localhost:3000/_next/static/chunks/node_modules_next_dist_0u_w_5s._.js:1945
[  177285ms] [ERROR] ./components/section-figure.tsx:91:9
Expected ',', got 'ident'
  89 |           only decides how much of the finished frame is showing. */}
  90 |       <div
> 91 |         className={`figure-uncover relative w-full overflow-hidden ${className}`}
     |         ^^^^^^^^^
  92 |         style={{ aspectRatio: ratio }}
  93 |       >
  94 |         <ProfileImage

Parsing ecmascript source code failed

Import trace:
  Server Component:
    ./components/section-figure.tsx
    ./components/about-section.tsx
    ./app/[locale]/page.tsx @ http://localhost:3000/_next/static/chunks/node_modules_next_dist_0u_w_5s._.js:1945
[  177346ms] [ERROR] ./components/section-figure.tsx:91:9
Expected ',', got 'ident'
  89 |           only decides how much of the finished frame is showing. */}
  90 |       <div
> 91 |         className={`figure-uncover relative w-full overflow-hidden ${className}`}
     |         ^^^^^^^^^
  92 |         style={{ aspectRatio: ratio }}
  93 |       >
  94 |         <ProfileImage

Parsing ecmascript source code failed

Import trace:
  Server Component:
    ./components/section-figure.tsx
    ./components/about-section.tsx
    ./app/[locale]/page.tsx @ http://localhost:3000/_next/static/chunks/node_modules_next_dist_0u_w_5s._.js:1945
[  177407ms] [ERROR] ./components/section-figure.tsx:91:9
Expected ',', got 'ident'
  89 |           only decides how much of the finished frame is showing. */}
  90 |       <div
> 91 |         className={`figure-uncover relative w-full overflow-hidden ${className}`}
     |         ^^^^^^^^^
  92 |         style={{ aspectRatio: ratio }}
  93 |       >
  94 |         <ProfileImage

Parsing ecmascript source code failed

Import trace:
  Server Component:
    ./components/section-figure.tsx
    ./components/about-section.tsx
    ./app/[locale]/page.tsx @ http://localhost:3000/_next/static/chunks/node_modules_next_dist_0u_w_5s._.js:1945
[  177470ms] [ERROR] ./components/section-figure.tsx:91:9
Expected ',', got 'ident'
  89 |           only decides how much of the finished frame is showing. */}
  90 |       <div
> 91 |         className={`figure-uncover relative w-full overflow-hidden ${className}`}
     |         ^^^^^^^^^
  92 |         style={{ aspectRatio: ratio }}
  93 |       >
  94 |         <ProfileImage

Parsing ecmascript source code failed

Import trace:
  Server Component:
    ./components/section-figure.tsx
    ./components/about-section.tsx
    ./app/[locale]/page.tsx @ http://localhost:3000/_next/static/chunks/node_modules_next_dist_0u_w_5s._.js:1945
[  177532ms] [ERROR] ./components/section-figure.tsx:91:9
Expected ',', got 'ident'
  89 |           only decides how much of the finished frame is showing. */}
  90 |       <div
> 91 |         className={`figure-uncover relative w-full overflow-hidden ${className}`}
     |         ^^^^^^^^^
  92 |         style={{ aspectRatio: ratio }}
  93 |       >
  94 |         <ProfileImage

Parsing ecmascript source code failed

Import trace:
  Server Component:
    ./components/section-figure.tsx
    ./components/about-section.tsx
    ./app/[locale]/page.tsx @ http://localhost:3000/_next/static/chunks/node_modules_next_dist_0u_w_5s._.js:1945
[  177593ms] [ERROR] ./components/section-figure.tsx:91:9
Expected ',', got 'ident'
  89 |           only decides how much of the finished frame is showing. */}
  90 |       <div
> 91 |         className={`figure-uncover relative w-full overflow-hidden ${className}`}
     |         ^^^^^^^^^
  92 |         style={{ aspectRatio: ratio }}
  93 |       >
  94 |         <ProfileImage

Parsing ecmascript source code failed

Import trace:
  Server Component:
    ./components/section-figure.tsx
    ./components/about-section.tsx
    ./app/[locale]/page.tsx @ http://localhost:3000/_next/static/chunks/node_modules_next_dist_0u_w_5s._.js:1945
[  177655ms] [ERROR] ./components/section-figure.tsx:91:9
Expected ',', got 'ident'
  89 |           only decides how much of the finished frame is showing. */}
  90 |       <div
> 91 |         className={`figure-uncover relative w-full overflow-hidden ${className}`}
     |         ^^^^^^^^^
  92 |         style={{ aspectRatio: ratio }}
  93 |       >
  94 |         <ProfileImage

Parsing ecmascript source code failed

Import trace:
  Server Component:
    ./components/section-figure.tsx
    ./components/about-section.tsx
    ./app/[locale]/page.tsx @ http://localhost:3000/_next/static/chunks/node_modules_next_dist_0u_w_5s._.js:1945
[  177715ms] [ERROR] ./components/section-figure.tsx:91:9
Expected ',', got 'ident'
  89 |           only decides how much of the finished frame is showing. */}
  90 |       <div
> 91 |         className={`figure-uncover relative w-full overflow-hidden ${className}`}
     |         ^^^^^^^^^
  92 |         style={{ aspectRatio: ratio }}
  93 |       >
  94 |         <ProfileImage

Parsing ecmascript source code failed

Import trace:
  Server Component:
    ./components/section-figure.tsx
    ./components/about-section.tsx
    ./app/[locale]/page.tsx @ http://localhost:3000/_next/static/chunks/node_modules_next_dist_0u_w_5s._.js:1945
[  177775ms] [ERROR] ./components/section-figure.tsx:91:9
Expected ',', got 'ident'
  89 |           only decides how much of the finished frame is showing. */}
  90 |       <div
> 91 |         className={`figure-uncover relative w-full overflow-hidden ${className}`}
     |         ^^^^^^^^^
  92 |         style={{ aspectRatio: ratio }}
  93 |       >
  94 |         <ProfileImage

Parsing ecmascript source code failed

Import trace:
  Server Component:
    ./components/section-figure.tsx
    ./components/about-section.tsx
    ./app/[locale]/page.tsx @ http://localhost:3000/_next/static/chunks/node_modules_next_dist_0u_w_5s._.js:1945
[  177838ms] [ERROR] ./components/section-figure.tsx:91:9
Expected ',', got 'ident'
  89 |           only decides how much of the finished frame is showing. */}
  90 |       <div
> 91 |         className={`figure-uncover relative w-full overflow-hidden ${className}`}
     |         ^^^^^^^^^
  92 |         style={{ aspectRatio: ratio }}
  93 |       >
  94 |         <ProfileImage

Parsing ecmascript source code failed

Import trace:
  Server Component:
    ./components/section-figure.tsx
    ./components/about-section.tsx
    ./app/[locale]/page.tsx @ http://localhost:3000/_next/static/chunks/node_modules_next_dist_0u_w_5s._.js:1945
[  177899ms] [ERROR] ./components/section-figure.tsx:91:9
Expected ',', got 'ident'
  89 |           only decides how much of the finished frame is showing. */}
  90 |       <div
> 91 |         className={`figure-uncover relative w-full overflow-hidden ${className}`}
     |         ^^^^^^^^^
  92 |         style={{ aspectRatio: ratio }}
  93 |       >
  94 |         <ProfileImage

Parsing ecmascript source code failed

Import trace:
  Server Component:
    ./components/section-figure.tsx
    ./components/about-section.tsx
    ./app/[locale]/page.tsx @ http://localhost:3000/_next/static/chunks/node_modules_next_dist_0u_w_5s._.js:1945
[  177960ms] [ERROR] ./components/section-figure.tsx:91:9
Expected ',', got 'ident'
  89 |           only decides how much of the finished frame is showing. */}
  90 |       <div
> 91 |         className={`figure-uncover relative w-full overflow-hidden ${className}`}
     |         ^^^^^^^^^
  92 |         style={{ aspectRatio: ratio }}
  93 |       >
  94 |         <ProfileImage

Parsing ecmascript source code failed

Import trace:
  Server Component:
    ./components/section-figure.tsx
    ./components/about-section.tsx
    ./app/[locale]/page.tsx @ http://localhost:3000/_next/static/chunks/node_modules_next_dist_0u_w_5s._.js:1945
[  178022ms] [ERROR] ./components/section-figure.tsx:91:9
Expected ',', got 'ident'
  89 |           only decides how much of the finished frame is showing. */}
  90 |       <div
> 91 |         className={`figure-uncover relative w-full overflow-hidden ${className}`}
     |         ^^^^^^^^^
  92 |         style={{ aspectRatio: ratio }}
  93 |       >
  94 |         <ProfileImage

Parsing ecmascript source code failed

Import trace:
  Server Component:
    ./components/section-figure.tsx
    ./components/about-section.tsx
    ./app/[locale]/page.tsx @ http://localhost:3000/_next/static/chunks/node_modules_next_dist_0u_w_5s._.js:1945
[  178085ms] [ERROR] ./components/section-figure.tsx:91:9
Expected ',', got 'ident'
  89 |           only decides how much of the finished frame is showing. */}
  90 |       <div
> 91 |         className={`figure-uncover relative w-full overflow-hidden ${className}`}
     |         ^^^^^^^^^
  92 |         style={{ aspectRatio: ratio }}
  93 |       >
  94 |         <ProfileImage

Parsing ecmascript source code failed

Import trace:
  Server Component:
    ./components/section-figure.tsx
    ./components/about-section.tsx
    ./app/[locale]/page.tsx @ http://localhost:3000/_next/static/chunks/node_modules_next_dist_0u_w_5s._.js:1945
[  178146ms] [ERROR] ./components/section-figure.tsx:91:9
Expected ',', got 'ident'
  89 |           only decides how much of the finished frame is showing. */}
  90 |       <div
> 91 |         className={`figure-uncover relative w-full overflow-hidden ${className}`}
     |         ^^^^^^^^^
  92 |         style={{ aspectRatio: ratio }}
  93 |       >
  94 |         <ProfileImage

Parsing ecmascript source code failed

Import trace:
  Server Component:
    ./components/section-figure.tsx
    ./components/about-section.tsx
    ./app/[locale]/page.tsx @ http://localhost:3000/_next/static/chunks/node_modules_next_dist_0u_w_5s._.js:1945
[  178211ms] [ERROR] ./components/section-figure.tsx:91:9
Expected ',', got 'ident'
  89 |           only decides how much of the finished frame is showing. */}
  90 |       <div
> 91 |         className={`figure-uncover relative w-full overflow-hidden ${className}`}
     |         ^^^^^^^^^
  92 |         style={{ aspectRatio: ratio }}
  93 |       >
  94 |         <ProfileImage

Parsing ecmascript source code failed

Import trace:
  Server Component:
    ./components/section-figure.tsx
    ./components/about-section.tsx
    ./app/[locale]/page.tsx @ http://localhost:3000/_next/static/chunks/node_modules_next_dist_0u_w_5s._.js:1945
[  178273ms] [ERROR] ./components/section-figure.tsx:91:9
Expected ',', got 'ident'
  89 |           only decides how much of the finished frame is showing. */}
  90 |       <div
> 91 |         className={`figure-uncover relative w-full overflow-hidden ${className}`}
     |         ^^^^^^^^^
  92 |         style={{ aspectRatio: ratio }}
  93 |       >
  94 |         <ProfileImage

Parsing ecmascript source code failed

Import trace:
  Server Component:
    ./components/section-figure.tsx
    ./components/about-section.tsx
    ./app/[locale]/page.tsx @ http://localhost:3000/_next/static/chunks/node_modules_next_dist_0u_w_5s._.js:1945
[  178335ms] [ERROR] ./components/section-figure.tsx:91:9
Expected ',', got 'ident'
  89 |           only decides how much of the finished frame is showing. */}
  90 |       <div
> 91 |         className={`figure-uncover relative w-full overflow-hidden ${className}`}
     |         ^^^^^^^^^
  92 |         style={{ aspectRatio: ratio }}
  93 |       >
  94 |         <ProfileImage

Parsing ecmascript source code failed

Import trace:
  Server Component:
    ./components/section-figure.tsx
    ./components/about-section.tsx
    ./app/[locale]/page.tsx @ http://localhost:3000/_next/static/chunks/node_modules_next_dist_0u_w_5s._.js:1945
[  178396ms] [ERROR] ./components/section-figure.tsx:91:9
Expected ',', got 'ident'
  89 |           only decides how much of the finished frame is showing. */}
  90 |       <div
> 91 |         className={`figure-uncover relative w-full overflow-hidden ${className}`}
     |         ^^^^^^^^^
  92 |         style={{ aspectRatio: ratio }}
  93 |       >
  94 |         <ProfileImage

Parsing ecmascript source code failed

Import trace:
  Server Component:
    ./components/section-figure.tsx
    ./components/about-section.tsx
    ./app/[locale]/page.tsx @ http://localhost:3000/_next/static/chunks/node_modules_next_dist_0u_w_5s._.js:1945
[  178457ms] [ERROR] ./components/section-figure.tsx:91:9
Expected ',', got 'ident'
  89 |           only decides how much of the finished frame is showing. */}
  90 |       <div
> 91 |         className={`figure-uncover relative w-full overflow-hidden ${className}`}
     |         ^^^^^^^^^
  92 |         style={{ aspectRatio: ratio }}
  93 |       >
  94 |         <ProfileImage

Parsing ecmascript source code failed

Import trace:
  Server Component:
    ./components/section-figure.tsx
    ./components/about-section.tsx
    ./app/[locale]/page.tsx @ http://localhost:3000/_next/static/chunks/node_modules_next_dist_0u_w_5s._.js:1945
[  178517ms] [ERROR] ./components/section-figure.tsx:91:9
Expected ',', got 'ident'
  89 |           only decides how much of the finished frame is showing. */}
  90 |       <div
> 91 |         className={`figure-uncover relative w-full overflow-hidden ${className}`}
     |         ^^^^^^^^^
  92 |         style={{ aspectRatio: ratio }}
  93 |       >
  94 |         <ProfileImage

Parsing ecmascript source code failed

Import trace:
  Server Component:
    ./components/section-figure.tsx
    ./components/about-section.tsx
    ./app/[locale]/page.tsx @ http://localhost:3000/_next/static/chunks/node_modules_next_dist_0u_w_5s._.js:1945
[  178579ms] [ERROR] ./components/section-figure.tsx:91:9
Expected ',', got 'ident'
  89 |           only decides how much of the finished frame is showing. */}
  90 |       <div
> 91 |         className={`figure-uncover relative w-full overflow-hidden ${className}`}
     |         ^^^^^^^^^
  92 |         style={{ aspectRatio: ratio }}
  93 |       >
  94 |         <ProfileImage

Parsing ecmascript source code failed

Import trace:
  Server Component:
    ./components/section-figure.tsx
    ./components/about-section.tsx
    ./app/[locale]/page.tsx @ http://localhost:3000/_next/static/chunks/node_modules_next_dist_0u_w_5s._.js:1945
[  178642ms] [ERROR] ./components/section-figure.tsx:91:9
Expected ',', got 'ident'
  89 |           only decides how much of the finished frame is showing. */}
  90 |       <div
> 91 |         className={`figure-uncover relative w-full overflow-hidden ${className}`}
     |         ^^^^^^^^^
  92 |         style={{ aspectRatio: ratio }}
  93 |       >
  94 |         <ProfileImage

Parsing ecmascript source code failed

Import trace:
  Server Component:
    ./components/section-figure.tsx
    ./components/about-section.tsx
    ./app/[locale]/page.tsx @ http://localhost:3000/_next/static/chunks/node_modules_next_dist_0u_w_5s._.js:1945
[  178704ms] [ERROR] ./components/section-figure.tsx:91:9
Expected ',', got 'ident'
  89 |           only decides how much of the finished frame is showing. */}
  90 |       <div
> 91 |         className={`figure-uncover relative w-full overflow-hidden ${className}`}
     |         ^^^^^^^^^
  92 |         style={{ aspectRatio: ratio }}
  93 |       >
  94 |         <ProfileImage

Parsing ecmascript source code failed

Import trace:
  Server Component:
    ./components/section-figure.tsx
    ./components/about-section.tsx
    ./app/[locale]/page.tsx @ http://localhost:3000/_next/static/chunks/node_modules_next_dist_0u_w_5s._.js:1945
[  178765ms] [ERROR] ./components/section-figure.tsx:91:9
Expected ',', got 'ident'
  89 |           only decides how much of the finished frame is showing. */}
  90 |       <div
> 91 |         className={`figure-uncover relative w-full overflow-hidden ${className}`}
     |         ^^^^^^^^^
  92 |         style={{ aspectRatio: ratio }}
  93 |       >
  94 |         <ProfileImage

Parsing ecmascript source code failed

Import trace:
  Server Component:
    ./components/section-figure.tsx
    ./components/about-section.tsx
    ./app/[locale]/page.tsx @ http://localhost:3000/_next/static/chunks/node_modules_next_dist_0u_w_5s._.js:1945
[  178827ms] [ERROR] ./components/section-figure.tsx:91:9
Expected ',', got 'ident'
  89 |           only decides how much of the finished frame is showing. */}
  90 |       <div
> 91 |         className={`figure-uncover relative w-full overflow-hidden ${className}`}
     |         ^^^^^^^^^
  92 |         style={{ aspectRatio: ratio }}
  93 |       >
  94 |         <ProfileImage

Parsing ecmascript source code failed

Import trace:
  Server Component:
    ./components/section-figure.tsx
    ./components/about-section.tsx
    ./app/[locale]/page.tsx @ http://localhost:3000/_next/static/chunks/node_modules_next_dist_0u_w_5s._.js:1945
[  178888ms] [ERROR] ./components/section-figure.tsx:91:9
Expected ',', got 'ident'
  89 |           only decides how much of the finished frame is showing. */}
  90 |       <div
> 91 |         className={`figure-uncover relative w-full overflow-hidden ${className}`}
     |         ^^^^^^^^^
  92 |         style={{ aspectRatio: ratio }}
  93 |       >
  94 |         <ProfileImage

Parsing ecmascript source code failed

Import trace:
  Server Component:
    ./components/section-figure.tsx
    ./components/about-section.tsx
    ./app/[locale]/page.tsx @ http://localhost:3000/_next/static/chunks/node_modules_next_dist_0u_w_5s._.js:1945
[  178949ms] [ERROR] ./components/section-figure.tsx:91:9
Expected ',', got 'ident'
  89 |           only decides how much of the finished frame is showing. */}
  90 |       <div
> 91 |         className={`figure-uncover relative w-full overflow-hidden ${className}`}
     |         ^^^^^^^^^
  92 |         style={{ aspectRatio: ratio }}
  93 |       >
  94 |         <ProfileImage

Parsing ecmascript source code failed

Import trace:
  Server Component:
    ./components/section-figure.tsx
    ./components/about-section.tsx
    ./app/[locale]/page.tsx @ http://localhost:3000/_next/static/chunks/node_modules_next_dist_0u_w_5s._.js:1945
[  179011ms] [ERROR] ./components/section-figure.tsx:91:9
Expected ',', got 'ident'
  89 |           only decides how much of the finished frame is showing. */}
  90 |       <div
> 91 |         className={`figure-uncover relative w-full overflow-hidden ${className}`}
     |         ^^^^^^^^^
  92 |         style={{ aspectRatio: ratio }}
  93 |       >
  94 |         <ProfileImage

Parsing ecmascript source code failed

Import trace:
  Server Component:
    ./components/section-figure.tsx
    ./components/about-section.tsx
    ./app/[locale]/page.tsx @ http://localhost:3000/_next/static/chunks/node_modules_next_dist_0u_w_5s._.js:1945
[  179072ms] [ERROR] ./components/section-figure.tsx:91:9
Expected ',', got 'ident'
  89 |           only decides how much of the finished frame is showing. */}
  90 |       <div
> 91 |         className={`figure-uncover relative w-full overflow-hidden ${className}`}
     |         ^^^^^^^^^
  92 |         style={{ aspectRatio: ratio }}
  93 |       >
  94 |         <ProfileImage

Parsing ecmascript source code failed

Import trace:
  Server Component:
    ./components/section-figure.tsx
    ./components/about-section.tsx
    ./app/[locale]/page.tsx @ http://localhost:3000/_next/static/chunks/node_modules_next_dist_0u_w_5s._.js:1945
[  179133ms] [ERROR] ./components/section-figure.tsx:91:9
Expected ',', got 'ident'
  89 |           only decides how much of the finished frame is showing. */}
  90 |       <div
> 91 |         className={`figure-uncover relative w-full overflow-hidden ${className}`}
     |         ^^^^^^^^^
  92 |         style={{ aspectRatio: ratio }}
  93 |       >
  94 |         <ProfileImage

Parsing ecmascript source code failed

Import trace:
  Server Component:
    ./components/section-figure.tsx
    ./components/about-section.tsx
    ./app/[locale]/page.tsx @ http://localhost:3000/_next/static/chunks/node_modules_next_dist_0u_w_5s._.js:1945
[  179195ms] [ERROR] ./components/section-figure.tsx:91:9
Expected ',', got 'ident'
  89 |           only decides how much of the finished frame is showing. */}
  90 |       <div
> 91 |         className={`figure-uncover relative w-full overflow-hidden ${className}`}
     |         ^^^^^^^^^
  92 |         style={{ aspectRatio: ratio }}
  93 |       >
  94 |         <ProfileImage

Parsing ecmascript source code failed

Import trace:
  Server Component:
    ./components/section-figure.tsx
    ./components/about-section.tsx
    ./app/[locale]/page.tsx @ http://localhost:3000/_next/static/chunks/node_modules_next_dist_0u_w_5s._.js:1945
[  179257ms] [ERROR] ./components/section-figure.tsx:91:9
Expected ',', got 'ident'
  89 |           only decides how much of the finished frame is showing. */}
  90 |       <div
> 91 |         className={`figure-uncover relative w-full overflow-hidden ${className}`}
     |         ^^^^^^^^^
  92 |         style={{ aspectRatio: ratio }}
  93 |       >
  94 |         <ProfileImage

Parsing ecmascript source code failed

Import trace:
  Server Component:
    ./components/section-figure.tsx
    ./components/about-section.tsx
    ./app/[locale]/page.tsx @ http://localhost:3000/_next/static/chunks/node_modules_next_dist_0u_w_5s._.js:1945
[  179319ms] [ERROR] ./components/section-figure.tsx:91:9
Expected ',', got 'ident'
  89 |           only decides how much of the finished frame is showing. */}
  90 |       <div
> 91 |         className={`figure-uncover relative w-full overflow-hidden ${className}`}
     |         ^^^^^^^^^
  92 |         style={{ aspectRatio: ratio }}
  93 |       >
  94 |         <ProfileImage

Parsing ecmascript source code failed

Import trace:
  Server Component:
    ./components/section-figure.tsx
    ./components/about-section.tsx
    ./app/[locale]/page.tsx @ http://localhost:3000/_next/static/chunks/node_modules_next_dist_0u_w_5s._.js:1945
[  179381ms] [ERROR] ./components/section-figure.tsx:91:9
Expected ',', got 'ident'
  89 |           only decides how much of the finished frame is showing. */}
  90 |       <div
> 91 |         className={`figure-uncover relative w-full overflow-hidden ${className}`}
     |         ^^^^^^^^^
  92 |         style={{ aspectRatio: ratio }}
  93 |       >
  94 |         <ProfileImage

Parsing ecmascript source code failed

Import trace:
  Server Component:
    ./components/section-figure.tsx
    ./components/about-section.tsx
    ./app/[locale]/page.tsx @ http://localhost:3000/_next/static/chunks/node_modules_next_dist_0u_w_5s._.js:1945
[  179443ms] [ERROR] ./components/section-figure.tsx:91:9
Expected ',', got 'ident'
  89 |           only decides how much of the finished frame is showing. */}
  90 |       <div
> 91 |         className={`figure-uncover relative w-full overflow-hidden ${className}`}
     |         ^^^^^^^^^
  92 |         style={{ aspectRatio: ratio }}
  93 |       >
  94 |         <ProfileImage

Parsing ecmascript source code failed

Import trace:
  Server Component:
    ./components/section-figure.tsx
    ./components/about-section.tsx
    ./app/[locale]/page.tsx @ http://localhost:3000/_next/static/chunks/node_modules_next_dist_0u_w_5s._.js:1945
[  179505ms] [ERROR] ./components/section-figure.tsx:91:9
Expected ',', got 'ident'
  89 |           only decides how much of the finished frame is showing. */}
  90 |       <div
> 91 |         className={`figure-uncover relative w-full overflow-hidden ${className}`}
     |         ^^^^^^^^^
  92 |         style={{ aspectRatio: ratio }}
  93 |       >
  94 |         <ProfileImage

Parsing ecmascript source code failed

Import trace:
  Server Component:
    ./components/section-figure.tsx
    ./components/about-section.tsx
    ./app/[locale]/page.tsx @ http://localhost:3000/_next/static/chunks/node_modules_next_dist_0u_w_5s._.js:1945
[  179567ms] [ERROR] ./components/section-figure.tsx:91:9
Expected ',', got 'ident'
  89 |           only decides how much of the finished frame is showing. */}
  90 |       <div
> 91 |         className={`figure-uncover relative w-full overflow-hidden ${className}`}
     |         ^^^^^^^^^
  92 |         style={{ aspectRatio: ratio }}
  93 |       >
  94 |         <ProfileImage

Parsing ecmascript source code failed

Import trace:
  Server Component:
    ./components/section-figure.tsx
    ./components/about-section.tsx
    ./app/[locale]/page.tsx @ http://localhost:3000/_next/static/chunks/node_modules_next_dist_0u_w_5s._.js:1945
[  179629ms] [ERROR] ./components/section-figure.tsx:91:9
Expected ',', got 'ident'
  89 |           only decides how much of the finished frame is showing. */}
  90 |       <div
> 91 |         className={`figure-uncover relative w-full overflow-hidden ${className}`}
     |         ^^^^^^^^^
  92 |         style={{ aspectRatio: ratio }}
  93 |       >
  94 |         <ProfileImage

Parsing ecmascript source code failed

Import trace:
  Server Component:
    ./components/section-figure.tsx
    ./components/about-section.tsx
    ./app/[locale]/page.tsx @ http://localhost:3000/_next/static/chunks/node_modules_next_dist_0u_w_5s._.js:1945
[  179691ms] [ERROR] ./components/section-figure.tsx:91:9
Expected ',', got 'ident'
  89 |           only decides how much of the finished frame is showing. */}
  90 |       <div
> 91 |         className={`figure-uncover relative w-full overflow-hidden ${className}`}
     |         ^^^^^^^^^
  92 |         style={{ aspectRatio: ratio }}
  93 |       >
  94 |         <ProfileImage

Parsing ecmascript source code failed

Import trace:
  Server Component:
    ./components/section-figure.tsx
    ./components/about-section.tsx
    ./app/[locale]/page.tsx @ http://localhost:3000/_next/static/chunks/node_modules_next_dist_0u_w_5s._.js:1945
[  179753ms] [ERROR] ./components/section-figure.tsx:91:9
Expected ',', got 'ident'
  89 |           only decides how much of the finished frame is showing. */}
  90 |       <div
> 91 |         className={`figure-uncover relative w-full overflow-hidden ${className}`}
     |         ^^^^^^^^^
  92 |         style={{ aspectRatio: ratio }}
  93 |       >
  94 |         <ProfileImage

Parsing ecmascript source code failed

Import trace:
  Server Component:
    ./components/section-figure.tsx
    ./components/about-section.tsx
    ./app/[locale]/page.tsx @ http://localhost:3000/_next/static/chunks/node_modules_next_dist_0u_w_5s._.js:1945
[  179813ms] [ERROR] ./components/section-figure.tsx:91:9
Expected ',', got 'ident'
  89 |           only decides how much of the finished frame is showing. */}
  90 |       <div
> 91 |         className={`figure-uncover relative w-full overflow-hidden ${className}`}
     |         ^^^^^^^^^
  92 |         style={{ aspectRatio: ratio }}
  93 |       >
  94 |         <ProfileImage

Parsing ecmascript source code failed

Import trace:
  Server Component:
    ./components/section-figure.tsx
    ./components/about-section.tsx
    ./app/[locale]/page.tsx @ http://localhost:3000/_next/static/chunks/node_modules_next_dist_0u_w_5s._.js:1945
[  179875ms] [ERROR] ./components/section-figure.tsx:91:9
Expected ',', got 'ident'
  89 |           only decides how much of the finished frame is showing. */}
  90 |       <div
> 91 |         className={`figure-uncover relative w-full overflow-hidden ${className}`}
     |         ^^^^^^^^^
  92 |         style={{ aspectRatio: ratio }}
  93 |       >
  94 |         <ProfileImage

Parsing ecmascript source code failed

Import trace:
  Server Component:
    ./components/section-figure.tsx
    ./components/about-section.tsx
    ./app/[locale]/page.tsx @ http://localhost:3000/_next/static/chunks/node_modules_next_dist_0u_w_5s._.js:1945
[  179937ms] [ERROR] ./components/section-figure.tsx:91:9
Expected ',', got 'ident'
  89 |           only decides how much of the finished frame is showing. */}
  90 |       <div
> 91 |         className={`figure-uncover relative w-full overflow-hidden ${className}`}
     |         ^^^^^^^^^
  92 |         style={{ aspectRatio: ratio }}
  93 |       >
  94 |         <ProfileImage

Parsing ecmascript source code failed

Import trace:
  Server Component:
    ./components/section-figure.tsx
    ./components/about-section.tsx
    ./app/[locale]/page.tsx @ http://localhost:3000/_next/static/chunks/node_modules_next_dist_0u_w_5s._.js:1945
[  179999ms] [ERROR] ./components/section-figure.tsx:91:9
Expected ',', got 'ident'
  89 |           only decides how much of the finished frame is showing. */}
  90 |       <div
> 91 |         className={`figure-uncover relative w-full overflow-hidden ${className}`}
     |         ^^^^^^^^^
  92 |         style={{ aspectRatio: ratio }}
  93 |       >
  94 |         <ProfileImage

Parsing ecmascript source code failed

Import trace:
  Server Component:
    ./components/section-figure.tsx
    ./components/about-section.tsx
    ./app/[locale]/page.tsx @ http://localhost:3000/_next/static/chunks/node_modules_next_dist_0u_w_5s._.js:1945
[  180062ms] [ERROR] ./components/section-figure.tsx:91:9
Expected ',', got 'ident'
  89 |           only decides how much of the finished frame is showing. */}
  90 |       <div
> 91 |         className={`figure-uncover relative w-full overflow-hidden ${className}`}
     |         ^^^^^^^^^
  92 |         style={{ aspectRatio: ratio }}
  93 |       >
  94 |         <ProfileImage

Parsing ecmascript source code failed

Import trace:
  Server Component:
    ./components/section-figure.tsx
    ./components/about-section.tsx
    ./app/[locale]/page.tsx @ http://localhost:3000/_next/static/chunks/node_modules_next_dist_0u_w_5s._.js:1945
[  180124ms] [ERROR] ./components/section-figure.tsx:91:9
Expected ',', got 'ident'
  89 |           only decides how much of the finished frame is showing. */}
  90 |       <div
> 91 |         className={`figure-uncover relative w-full overflow-hidden ${className}`}
     |         ^^^^^^^^^
  92 |         style={{ aspectRatio: ratio }}
  93 |       >
  94 |         <ProfileImage

Parsing ecmascript source code failed

Import trace:
  Server Component:
    ./components/section-figure.tsx
    ./components/about-section.tsx
    ./app/[locale]/page.tsx @ http://localhost:3000/_next/static/chunks/node_modules_next_dist_0u_w_5s._.js:1945
[  180185ms] [ERROR] ./components/section-figure.tsx:91:9
Expected ',', got 'ident'
  89 |           only decides how much of the finished frame is showing. */}
  90 |       <div
> 91 |         className={`figure-uncover relative w-full overflow-hidden ${className}`}
     |         ^^^^^^^^^
  92 |         style={{ aspectRatio: ratio }}
  93 |       >
  94 |         <ProfileImage

Parsing ecmascript source code failed

Import trace:
  Server Component:
    ./components/section-figure.tsx
    ./components/about-section.tsx
    ./app/[locale]/page.tsx @ http://localhost:3000/_next/static/chunks/node_modules_next_dist_0u_w_5s._.js:1945
[  180248ms] [ERROR] ./components/section-figure.tsx:91:9
Expected ',', got 'ident'
  89 |           only decides how much of the finished frame is showing. */}
  90 |       <div
> 91 |         className={`figure-uncover relative w-full overflow-hidden ${className}`}
     |         ^^^^^^^^^
  92 |         style={{ aspectRatio: ratio }}
  93 |       >
  94 |         <ProfileImage

Parsing ecmascript source code failed

Import trace:
  Server Component:
    ./components/section-figure.tsx
    ./components/about-section.tsx
    ./app/[locale]/page.tsx @ http://localhost:3000/_next/static/chunks/node_modules_next_dist_0u_w_5s._.js:1945
[  180310ms] [ERROR] ./components/section-figure.tsx:91:9
Expected ',', got 'ident'
  89 |           only decides how much of the finished frame is showing. */}
  90 |       <div
> 91 |         className={`figure-uncover relative w-full overflow-hidden ${className}`}
     |         ^^^^^^^^^
  92 |         style={{ aspectRatio: ratio }}
  93 |       >
  94 |         <ProfileImage

Parsing ecmascript source code failed

Import trace:
  Server Component:
    ./components/section-figure.tsx
    ./components/about-section.tsx
    ./app/[locale]/page.tsx @ http://localhost:3000/_next/static/chunks/node_modules_next_dist_0u_w_5s._.js:1945
[  180372ms] [ERROR] ./components/section-figure.tsx:91:9
Expected ',', got 'ident'
  89 |           only decides how much of the finished frame is showing. */}
  90 |       <div
> 91 |         className={`figure-uncover relative w-full overflow-hidden ${className}`}
     |         ^^^^^^^^^
  92 |         style={{ aspectRatio: ratio }}
  93 |       >
  94 |         <ProfileImage

Parsing ecmascript source code failed

Import trace:
  Server Component:
    ./components/section-figure.tsx
    ./components/about-section.tsx
    ./app/[locale]/page.tsx @ http://localhost:3000/_next/static/chunks/node_modules_next_dist_0u_w_5s._.js:1945
[  180433ms] [ERROR] ./components/section-figure.tsx:91:9
Expected ',', got 'ident'
  89 |           only decides how much of the finished frame is showing. */}
  90 |       <div
> 91 |         className={`figure-uncover relative w-full overflow-hidden ${className}`}
     |         ^^^^^^^^^
  92 |         style={{ aspectRatio: ratio }}
  93 |       >
  94 |         <ProfileImage

Parsing ecmascript source code failed

Import trace:
  Server Component:
    ./components/section-figure.tsx
    ./components/about-section.tsx
    ./app/[locale]/page.tsx @ http://localhost:3000/_next/static/chunks/node_modules_next_dist_0u_w_5s._.js:1945
[  180494ms] [ERROR] ./components/section-figure.tsx:91:9
Expected ',', got 'ident'
  89 |           only decides how much of the finished frame is showing. */}
  90 |       <div
> 91 |         className={`figure-uncover relative w-full overflow-hidden ${className}`}
     |         ^^^^^^^^^
  92 |         style={{ aspectRatio: ratio }}
  93 |       >
  94 |         <ProfileImage

Parsing ecmascript source code failed

Import trace:
  Server Component:
    ./components/section-figure.tsx
    ./components/about-section.tsx
    ./app/[locale]/page.tsx @ http://localhost:3000/_next/static/chunks/node_modules_next_dist_0u_w_5s._.js:1945
[  180556ms] [ERROR] ./components/section-figure.tsx:91:9
Expected ',', got 'ident'
  89 |           only decides how much of the finished frame is showing. */}
  90 |       <div
> 91 |         className={`figure-uncover relative w-full overflow-hidden ${className}`}
     |         ^^^^^^^^^
  92 |         style={{ aspectRatio: ratio }}
  93 |       >
  94 |         <ProfileImage

Parsing ecmascript source code failed

Import trace:
  Server Component:
    ./components/section-figure.tsx
    ./components/about-section.tsx
    ./app/[locale]/page.tsx @ http://localhost:3000/_next/static/chunks/node_modules_next_dist_0u_w_5s._.js:1945
[  180617ms] [ERROR] ./components/section-figure.tsx:91:9
Expected ',', got 'ident'
  89 |           only decides how much of the finished frame is showing. */}
  90 |       <div
> 91 |         className={`figure-uncover relative w-full overflow-hidden ${className}`}
     |         ^^^^^^^^^
  92 |         style={{ aspectRatio: ratio }}
  93 |       >
  94 |         <ProfileImage

Parsing ecmascript source code failed

Import trace:
  Server Component:
    ./components/section-figure.tsx
    ./components/about-section.tsx
    ./app/[locale]/page.tsx @ http://localhost:3000/_next/static/chunks/node_modules_next_dist_0u_w_5s._.js:1945
[  180680ms] [ERROR] ./components/section-figure.tsx:91:9
Expected ',', got 'ident'
  89 |           only decides how much of the finished frame is showing. */}
  90 |       <div
> 91 |         className={`figure-uncover relative w-full overflow-hidden ${className}`}
     |         ^^^^^^^^^
  92 |         style={{ aspectRatio: ratio }}
  93 |       >
  94 |         <ProfileImage

Parsing ecmascript source code failed

Import trace:
  Server Component:
    ./components/section-figure.tsx
    ./components/about-section.tsx
    ./app/[locale]/page.tsx @ http://localhost:3000/_next/static/chunks/node_modules_next_dist_0u_w_5s._.js:1945
[  180741ms] [ERROR] ./components/section-figure.tsx:91:9
Expected ',', got 'ident'
  89 |           only decides how much of the finished frame is showing. */}
  90 |       <div
> 91 |         className={`figure-uncover relative w-full overflow-hidden ${className}`}
     |         ^^^^^^^^^
  92 |         style={{ aspectRatio: ratio }}
  93 |       >
  94 |         <ProfileImage

Parsing ecmascript source code failed

Import trace:
  Server Component:
    ./components/section-figure.tsx
    ./components/about-section.tsx
    ./app/[locale]/page.tsx @ http://localhost:3000/_next/static/chunks/node_modules_next_dist_0u_w_5s._.js:1945
[  180803ms] [ERROR] ./components/section-figure.tsx:91:9
Expected ',', got 'ident'
  89 |           only decides how much of the finished frame is showing. */}
  90 |       <div
> 91 |         className={`figure-uncover relative w-full overflow-hidden ${className}`}
     |         ^^^^^^^^^
  92 |         style={{ aspectRatio: ratio }}
  93 |       >
  94 |         <ProfileImage

Parsing ecmascript source code failed

Import trace:
  Server Component:
    ./components/section-figure.tsx
    ./components/about-section.tsx
    ./app/[locale]/page.tsx @ http://localhost:3000/_next/static/chunks/node_modules_next_dist_0u_w_5s._.js:1945
[  180865ms] [ERROR] ./components/section-figure.tsx:91:9
Expected ',', got 'ident'
  89 |           only decides how much of the finished frame is showing. */}
  90 |       <div
> 91 |         className={`figure-uncover relative w-full overflow-hidden ${className}`}
     |         ^^^^^^^^^
  92 |         style={{ aspectRatio: ratio }}
  93 |       >
  94 |         <ProfileImage

Parsing ecmascript source code failed

Import trace:
  Server Component:
    ./components/section-figure.tsx
    ./components/about-section.tsx
    ./app/[locale]/page.tsx @ http://localhost:3000/_next/static/chunks/node_modules_next_dist_0u_w_5s._.js:1945
[  180927ms] [ERROR] ./components/section-figure.tsx:91:9
Expected ',', got 'ident'
  89 |           only decides how much of the finished frame is showing. */}
  90 |       <div
> 91 |         className={`figure-uncover relative w-full overflow-hidden ${className}`}
     |         ^^^^^^^^^
  92 |         style={{ aspectRatio: ratio }}
  93 |       >
  94 |         <ProfileImage

Parsing ecmascript source code failed

Import trace:
  Server Component:
    ./components/section-figure.tsx
    ./components/about-section.tsx
    ./app/[locale]/page.tsx @ http://localhost:3000/_next/static/chunks/node_modules_next_dist_0u_w_5s._.js:1945
[  180989ms] [ERROR] ./components/section-figure.tsx:91:9
Expected ',', got 'ident'
  89 |           only decides how much of the finished frame is showing. */}
  90 |       <div
> 91 |         className={`figure-uncover relative w-full overflow-hidden ${className}`}
     |         ^^^^^^^^^
  92 |         style={{ aspectRatio: ratio }}
  93 |       >
  94 |         <ProfileImage

Parsing ecmascript source code failed

Import trace:
  Server Component:
    ./components/section-figure.tsx
    ./components/about-section.tsx
    ./app/[locale]/page.tsx @ http://localhost:3000/_next/static/chunks/node_modules_next_dist_0u_w_5s._.js:1945
[  181052ms] [ERROR] ./components/section-figure.tsx:91:9
Expected ',', got 'ident'
  89 |           only decides how much of the finished frame is showing. */}
  90 |       <div
> 91 |         className={`figure-uncover relative w-full overflow-hidden ${className}`}
     |         ^^^^^^^^^
  92 |         style={{ aspectRatio: ratio }}
  93 |       >
  94 |         <ProfileImage

Parsing ecmascript source code failed

Import trace:
  Server Component:
    ./components/section-figure.tsx
    ./components/about-section.tsx
    ./app/[locale]/page.tsx @ http://localhost:3000/_next/static/chunks/node_modules_next_dist_0u_w_5s._.js:1945
[  181114ms] [ERROR] ./components/section-figure.tsx:91:9
Expected ',', got 'ident'
  89 |           only decides how much of the finished frame is showing. */}
  90 |       <div
> 91 |         className={`figure-uncover relative w-full overflow-hidden ${className}`}
     |         ^^^^^^^^^
  92 |         style={{ aspectRatio: ratio }}
  93 |       >
  94 |         <ProfileImage

Parsing ecmascript source code failed

Import trace:
  Server Component:
    ./components/section-figure.tsx
    ./components/about-section.tsx
    ./app/[locale]/page.tsx @ http://localhost:3000/_next/static/chunks/node_modules_next_dist_0u_w_5s._.js:1945
[  181175ms] [ERROR] ./components/section-figure.tsx:91:9
Expected ',', got 'ident'
  89 |           only decides how much of the finished frame is showing. */}
  90 |       <div
> 91 |         className={`figure-uncover relative w-full overflow-hidden ${className}`}
     |         ^^^^^^^^^
  92 |         style={{ aspectRatio: ratio }}
  93 |       >
  94 |         <ProfileImage

Parsing ecmascript source code failed

Import trace:
  Server Component:
    ./components/section-figure.tsx
    ./components/about-section.tsx
    ./app/[locale]/page.tsx @ http://localhost:3000/_next/static/chunks/node_modules_next_dist_0u_w_5s._.js:1945
[  181238ms] [ERROR] ./components/section-figure.tsx:91:9
Expected ',', got 'ident'
  89 |           only decides how much of the finished frame is showing. */}
  90 |       <div
> 91 |         className={`figure-uncover relative w-full overflow-hidden ${className}`}
     |         ^^^^^^^^^
  92 |         style={{ aspectRatio: ratio }}
  93 |       >
  94 |         <ProfileImage

Parsing ecmascript source code failed

Import trace:
  Server Component:
    ./components/section-figure.tsx
    ./components/about-section.tsx
    ./app/[locale]/page.tsx @ http://localhost:3000/_next/static/chunks/node_modules_next_dist_0u_w_5s._.js:1945
[  181300ms] [ERROR] ./components/section-figure.tsx:91:9
Expected ',', got 'ident'
  89 |           only decides how much of the finished frame is showing. */}
  90 |       <div
> 91 |         className={`figure-uncover relative w-full overflow-hidden ${className}`}
     |         ^^^^^^^^^
  92 |         style={{ aspectRatio: ratio }}
  93 |       >
  94 |         <ProfileImage

Parsing ecmascript source code failed

Import trace:
  Server Component:
    ./components/section-figure.tsx
    ./components/about-section.tsx
    ./app/[locale]/page.tsx @ http://localhost:3000/_next/static/chunks/node_modules_next_dist_0u_w_5s._.js:1945
[  181361ms] [ERROR] ./components/section-figure.tsx:91:9
Expected ',', got 'ident'
  89 |           only decides how much of the finished frame is showing. */}
  90 |       <div
> 91 |         className={`figure-uncover relative w-full overflow-hidden ${className}`}
     |         ^^^^^^^^^
  92 |         style={{ aspectRatio: ratio }}
  93 |       >
  94 |         <ProfileImage

Parsing ecmascript source code failed

Import trace:
  Server Component:
    ./components/section-figure.tsx
    ./components/about-section.tsx
    ./app/[locale]/page.tsx @ http://localhost:3000/_next/static/chunks/node_modules_next_dist_0u_w_5s._.js:1945
[  181424ms] [ERROR] ./components/section-figure.tsx:91:9
Expected ',', got 'ident'
  89 |           only decides how much of the finished frame is showing. */}
  90 |       <div
> 91 |         className={`figure-uncover relative w-full overflow-hidden ${className}`}
     |         ^^^^^^^^^
  92 |         style={{ aspectRatio: ratio }}
  93 |       >
  94 |         <ProfileImage

Parsing ecmascript source code failed

Import trace:
  Server Component:
    ./components/section-figure.tsx
    ./components/about-section.tsx
    ./app/[locale]/page.tsx @ http://localhost:3000/_next/static/chunks/node_modules_next_dist_0u_w_5s._.js:1945
[  181485ms] [ERROR] ./components/section-figure.tsx:91:9
Expected ',', got 'ident'
  89 |           only decides how much of the finished frame is showing. */}
  90 |       <div
> 91 |         className={`figure-uncover relative w-full overflow-hidden ${className}`}
     |         ^^^^^^^^^
  92 |         style={{ aspectRatio: ratio }}
  93 |       >
  94 |         <ProfileImage

Parsing ecmascript source code failed

Import trace:
  Server Component:
    ./components/section-figure.tsx
    ./components/about-section.tsx
    ./app/[locale]/page.tsx @ http://localhost:3000/_next/static/chunks/node_modules_next_dist_0u_w_5s._.js:1945
[  181547ms] [ERROR] ./components/section-figure.tsx:91:9
Expected ',', got 'ident'
  89 |           only decides how much of the finished frame is showing. */}
  90 |       <div
> 91 |         className={`figure-uncover relative w-full overflow-hidden ${className}`}
     |         ^^^^^^^^^
  92 |         style={{ aspectRatio: ratio }}
  93 |       >
  94 |         <ProfileImage

Parsing ecmascript source code failed

Import trace:
  Server Component:
    ./components/section-figure.tsx
    ./components/about-section.tsx
    ./app/[locale]/page.tsx @ http://localhost:3000/_next/static/chunks/node_modules_next_dist_0u_w_5s._.js:1945
[  181609ms] [ERROR] ./components/section-figure.tsx:91:9
Expected ',', got 'ident'
  89 |           only decides how much of the finished frame is showing. */}
  90 |       <div
> 91 |         className={`figure-uncover relative w-full overflow-hidden ${className}`}
     |         ^^^^^^^^^
  92 |         style={{ aspectRatio: ratio }}
  93 |       >
  94 |         <ProfileImage

Parsing ecmascript source code failed

Import trace:
  Server Component:
    ./components/section-figure.tsx
    ./components/about-section.tsx
    ./app/[locale]/page.tsx @ http://localhost:3000/_next/static/chunks/node_modules_next_dist_0u_w_5s._.js:1945
[  181672ms] [ERROR] ./components/section-figure.tsx:91:9
Expected ',', got 'ident'
  89 |           only decides how much of the finished frame is showing. */}
  90 |       <div
> 91 |         className={`figure-uncover relative w-full overflow-hidden ${className}`}
     |         ^^^^^^^^^
  92 |         style={{ aspectRatio: ratio }}
  93 |       >
  94 |         <ProfileImage

Parsing ecmascript source code failed

Import trace:
  Server Component:
    ./components/section-figure.tsx
    ./components/about-section.tsx
    ./app/[locale]/page.tsx @ http://localhost:3000/_next/static/chunks/node_modules_next_dist_0u_w_5s._.js:1945
[  181733ms] [ERROR] ./components/section-figure.tsx:91:9
Expected ',', got 'ident'
  89 |           only decides how much of the finished frame is showing. */}
  90 |       <div
> 91 |         className={`figure-uncover relative w-full overflow-hidden ${className}`}
     |         ^^^^^^^^^
  92 |         style={{ aspectRatio: ratio }}
  93 |       >
  94 |         <ProfileImage

Parsing ecmascript source code failed

Import trace:
  Server Component:
    ./components/section-figure.tsx
    ./components/about-section.tsx
    ./app/[locale]/page.tsx @ http://localhost:3000/_next/static/chunks/node_modules_next_dist_0u_w_5s._.js:1945
[  181796ms] [ERROR] ./components/section-figure.tsx:91:9
Expected ',', got 'ident'
  89 |           only decides how much of the finished frame is showing. */}
  90 |       <div
> 91 |         className={`figure-uncover relative w-full overflow-hidden ${className}`}
     |         ^^^^^^^^^
  92 |         style={{ aspectRatio: ratio }}
  93 |       >
  94 |         <ProfileImage

Parsing ecmascript source code failed

Import trace:
  Server Component:
    ./components/section-figure.tsx
    ./components/about-section.tsx
    ./app/[locale]/page.tsx @ http://localhost:3000/_next/static/chunks/node_modules_next_dist_0u_w_5s._.js:1945
[  181859ms] [ERROR] ./components/section-figure.tsx:91:9
Expected ',', got 'ident'
  89 |           only decides how much of the finished frame is showing. */}
  90 |       <div
> 91 |         className={`figure-uncover relative w-full overflow-hidden ${className}`}
     |         ^^^^^^^^^
  92 |         style={{ aspectRatio: ratio }}
  93 |       >
  94 |         <ProfileImage

Parsing ecmascript source code failed

Import trace:
  Server Component:
    ./components/section-figure.tsx
    ./components/about-section.tsx
    ./app/[locale]/page.tsx @ http://localhost:3000/_next/static/chunks/node_modules_next_dist_0u_w_5s._.js:1945
[  181921ms] [ERROR] ./components/section-figure.tsx:91:9
Expected ',', got 'ident'
  89 |           only decides how much of the finished frame is showing. */}
  90 |       <div
> 91 |         className={`figure-uncover relative w-full overflow-hidden ${className}`}
     |         ^^^^^^^^^
  92 |         style={{ aspectRatio: ratio }}
  93 |       >
  94 |         <ProfileImage

Parsing ecmascript source code failed

Import trace:
  Server Component:
    ./components/section-figure.tsx
    ./components/about-section.tsx
    ./app/[locale]/page.tsx @ http://localhost:3000/_next/static/chunks/node_modules_next_dist_0u_w_5s._.js:1945
[  181982ms] [ERROR] ./components/section-figure.tsx:91:9
Expected ',', got 'ident'
  89 |           only decides how much of the finished frame is showing. */}
  90 |       <div
> 91 |         className={`figure-uncover relative w-full overflow-hidden ${className}`}
     |         ^^^^^^^^^
  92 |         style={{ aspectRatio: ratio }}
  93 |       >
  94 |         <ProfileImage

Parsing ecmascript source code failed

Import trace:
  Server Component:
    ./components/section-figure.tsx
    ./components/about-section.tsx
    ./app/[locale]/page.tsx @ http://localhost:3000/_next/static/chunks/node_modules_next_dist_0u_w_5s._.js:1945
[  182044ms] [ERROR] ./components/section-figure.tsx:91:9
Expected ',', got 'ident'
  89 |           only decides how much of the finished frame is showing. */}
  90 |       <div
> 91 |         className={`figure-uncover relative w-full overflow-hidden ${className}`}
     |         ^^^^^^^^^
  92 |         style={{ aspectRatio: ratio }}
  93 |       >
  94 |         <ProfileImage

Parsing ecmascript source code failed

Import trace:
  Server Component:
    ./components/section-figure.tsx
    ./components/about-section.tsx
    ./app/[locale]/page.tsx @ http://localhost:3000/_next/static/chunks/node_modules_next_dist_0u_w_5s._.js:1945
[  182107ms] [ERROR] ./components/section-figure.tsx:91:9
Expected ',', got 'ident'
  89 |           only decides how much of the finished frame is showing. */}
  90 |       <div
> 91 |         className={`figure-uncover relative w-full overflow-hidden ${className}`}
     |         ^^^^^^^^^
  92 |         style={{ aspectRatio: ratio }}
  93 |       >
  94 |         <ProfileImage

Parsing ecmascript source code failed

Import trace:
  Server Component:
    ./components/section-figure.tsx
    ./components/about-section.tsx
    ./app/[locale]/page.tsx @ http://localhost:3000/_next/static/chunks/node_modules_next_dist_0u_w_5s._.js:1945
[  182170ms] [ERROR] ./components/section-figure.tsx:91:9
Expected ',', got 'ident'
  89 |           only decides how much of the finished frame is showing. */}
  90 |       <div
> 91 |         className={`figure-uncover relative w-full overflow-hidden ${className}`}
     |         ^^^^^^^^^
  92 |         style={{ aspectRatio: ratio }}
  93 |       >
  94 |         <ProfileImage

Parsing ecmascript source code failed

Import trace:
  Server Component:
    ./components/section-figure.tsx
    ./components/about-section.tsx
    ./app/[locale]/page.tsx @ http://localhost:3000/_next/static/chunks/node_modules_next_dist_0u_w_5s._.js:1945
[  182231ms] [ERROR] ./components/section-figure.tsx:91:9
Expected ',', got 'ident'
  89 |           only decides how much of the finished frame is showing. */}
  90 |       <div
> 91 |         className={`figure-uncover relative w-full overflow-hidden ${className}`}
     |         ^^^^^^^^^
  92 |         style={{ aspectRatio: ratio }}
  93 |       >
  94 |         <ProfileImage

Parsing ecmascript source code failed

Import trace:
  Server Component:
    ./components/section-figure.tsx
    ./components/about-section.tsx
    ./app/[locale]/page.tsx @ http://localhost:3000/_next/static/chunks/node_modules_next_dist_0u_w_5s._.js:1945
[  182293ms] [ERROR] ./components/section-figure.tsx:91:9
Expected ',', got 'ident'
  89 |           only decides how much of the finished frame is showing. */}
  90 |       <div
> 91 |         className={`figure-uncover relative w-full overflow-hidden ${className}`}
     |         ^^^^^^^^^
  92 |         style={{ aspectRatio: ratio }}
  93 |       >
  94 |         <ProfileImage

Parsing ecmascript source code failed

Import trace:
  Server Component:
    ./components/section-figure.tsx
    ./components/about-section.tsx
    ./app/[locale]/page.tsx @ http://localhost:3000/_next/static/chunks/node_modules_next_dist_0u_w_5s._.js:1945
[  182356ms] [ERROR] ./components/section-figure.tsx:91:9
Expected ',', got 'ident'
  89 |           only decides how much of the finished frame is showing. */}
  90 |       <div
> 91 |         className={`figure-uncover relative w-full overflow-hidden ${className}`}
     |         ^^^^^^^^^
  92 |         style={{ aspectRatio: ratio }}
  93 |       >
  94 |         <ProfileImage

Parsing ecmascript source code failed

Import trace:
  Server Component:
    ./components/section-figure.tsx
    ./components/about-section.tsx
    ./app/[locale]/page.tsx @ http://localhost:3000/_next/static/chunks/node_modules_next_dist_0u_w_5s._.js:1945
[  182419ms] [ERROR] ./components/section-figure.tsx:91:9
Expected ',', got 'ident'
  89 |           only decides how much of the finished frame is showing. */}
  90 |       <div
> 91 |         className={`figure-uncover relative w-full overflow-hidden ${className}`}
     |         ^^^^^^^^^
  92 |         style={{ aspectRatio: ratio }}
  93 |       >
  94 |         <ProfileImage

Parsing ecmascript source code failed

Import trace:
  Server Component:
    ./components/section-figure.tsx
    ./components/about-section.tsx
    ./app/[locale]/page.tsx @ http://localhost:3000/_next/static/chunks/node_modules_next_dist_0u_w_5s._.js:1945
[  182482ms] [ERROR] ./components/section-figure.tsx:91:9
Expected ',', got 'ident'
  89 |           only decides how much of the finished frame is showing. */}
  90 |       <div
> 91 |         className={`figure-uncover relative w-full overflow-hidden ${className}`}
     |         ^^^^^^^^^
  92 |         style={{ aspectRatio: ratio }}
  93 |       >
  94 |         <ProfileImage

Parsing ecmascript source code failed

Import trace:
  Server Component:
    ./components/section-figure.tsx
    ./components/about-section.tsx
    ./app/[locale]/page.tsx @ http://localhost:3000/_next/static/chunks/node_modules_next_dist_0u_w_5s._.js:1945
[  182544ms] [ERROR] ./components/section-figure.tsx:91:9
Expected ',', got 'ident'
  89 |           only decides how much of the finished frame is showing. */}
  90 |       <div
> 91 |         className={`figure-uncover relative w-full overflow-hidden ${className}`}
     |         ^^^^^^^^^
  92 |         style={{ aspectRatio: ratio }}
  93 |       >
  94 |         <ProfileImage

Parsing ecmascript source code failed

Import trace:
  Server Component:
    ./components/section-figure.tsx
    ./components/about-section.tsx
    ./app/[locale]/page.tsx @ http://localhost:3000/_next/static/chunks/node_modules_next_dist_0u_w_5s._.js:1945
[  182607ms] [ERROR] ./components/section-figure.tsx:91:9
Expected ',', got 'ident'
  89 |           only decides how much of the finished frame is showing. */}
  90 |       <div
> 91 |         className={`figure-uncover relative w-full overflow-hidden ${className}`}
     |         ^^^^^^^^^
  92 |         style={{ aspectRatio: ratio }}
  93 |       >
  94 |         <ProfileImage

Parsing ecmascript source code failed

Import trace:
  Server Component:
    ./components/section-figure.tsx
    ./components/about-section.tsx
    ./app/[locale]/page.tsx @ http://localhost:3000/_next/static/chunks/node_modules_next_dist_0u_w_5s._.js:1945
[  182668ms] [ERROR] ./components/section-figure.tsx:91:9
Expected ',', got 'ident'
  89 |           only decides how much of the finished frame is showing. */}
  90 |       <div
> 91 |         className={`figure-uncover relative w-full overflow-hidden ${className}`}
     |         ^^^^^^^^^
  92 |         style={{ aspectRatio: ratio }}
  93 |       >
  94 |         <ProfileImage

Parsing ecmascript source code failed

Import trace:
  Server Component:
    ./components/section-figure.tsx
    ./components/about-section.tsx
    ./app/[locale]/page.tsx @ http://localhost:3000/_next/static/chunks/node_modules_next_dist_0u_w_5s._.js:1945
[  182731ms] [ERROR] ./components/section-figure.tsx:91:9
Expected ',', got 'ident'
  89 |           only decides how much of the finished frame is showing. */}
  90 |       <div
> 91 |         className={`figure-uncover relative w-full overflow-hidden ${className}`}
     |         ^^^^^^^^^
  92 |         style={{ aspectRatio: ratio }}
  93 |       >
  94 |         <ProfileImage

Parsing ecmascript source code failed

Import trace:
  Server Component:
    ./components/section-figure.tsx
    ./components/about-section.tsx
    ./app/[locale]/page.tsx @ http://localhost:3000/_next/static/chunks/node_modules_next_dist_0u_w_5s._.js:1945
[  182793ms] [ERROR] ./components/section-figure.tsx:91:9
Expected ',', got 'ident'
  89 |           only decides how much of the finished frame is showing. */}
  90 |       <div
> 91 |         className={`figure-uncover relative w-full overflow-hidden ${className}`}
     |         ^^^^^^^^^
  92 |         style={{ aspectRatio: ratio }}
  93 |       >
  94 |         <ProfileImage

Parsing ecmascript source code failed

Import trace:
  Server Component:
    ./components/section-figure.tsx
    ./components/about-section.tsx
    ./app/[locale]/page.tsx @ http://localhost:3000/_next/static/chunks/node_modules_next_dist_0u_w_5s._.js:1945
[  182855ms] [ERROR] ./components/section-figure.tsx:91:9
Expected ',', got 'ident'
  89 |           only decides how much of the finished frame is showing. */}
  90 |       <div
> 91 |         className={`figure-uncover relative w-full overflow-hidden ${className}`}
     |         ^^^^^^^^^
  92 |         style={{ aspectRatio: ratio }}
  93 |       >
  94 |         <ProfileImage

Parsing ecmascript source code failed

Import trace:
  Server Component:
    ./components/section-figure.tsx
    ./components/about-section.tsx
    ./app/[locale]/page.tsx @ http://localhost:3000/_next/static/chunks/node_modules_next_dist_0u_w_5s._.js:1945
[  182916ms] [ERROR] ./components/section-figure.tsx:91:9
Expected ',', got 'ident'
  89 |           only decides how much of the finished frame is showing. */}
  90 |       <div
> 91 |         className={`figure-uncover relative w-full overflow-hidden ${className}`}
     |         ^^^^^^^^^
  92 |         style={{ aspectRatio: ratio }}
  93 |       >
  94 |         <ProfileImage

Parsing ecmascript source code failed

Import trace:
  Server Component:
    ./components/section-figure.tsx
    ./components/about-section.tsx
    ./app/[locale]/page.tsx @ http://localhost:3000/_next/static/chunks/node_modules_next_dist_0u_w_5s._.js:1945
[  182980ms] [ERROR] ./components/section-figure.tsx:91:9
Expected ',', got 'ident'
  89 |           only decides how much of the finished frame is showing. */}
  90 |       <div
> 91 |         className={`figure-uncover relative w-full overflow-hidden ${className}`}
     |         ^^^^^^^^^
  92 |         style={{ aspectRatio: ratio }}
  93 |       >
  94 |         <ProfileImage

Parsing ecmascript source code failed

Import trace:
  Server Component:
    ./components/section-figure.tsx
    ./components/about-section.tsx
    ./app/[locale]/page.tsx @ http://localhost:3000/_next/static/chunks/node_modules_next_dist_0u_w_5s._.js:1945
[  183041ms] [ERROR] ./components/section-figure.tsx:91:9
Expected ',', got 'ident'
  89 |           only decides how much of the finished frame is showing. */}
  90 |       <div
> 91 |         className={`figure-uncover relative w-full overflow-hidden ${className}`}
     |         ^^^^^^^^^
  92 |         style={{ aspectRatio: ratio }}
  93 |       >
  94 |         <ProfileImage

Parsing ecmascript source code failed

Import trace:
  Server Component:
    ./components/section-figure.tsx
    ./components/about-section.tsx
    ./app/[locale]/page.tsx @ http://localhost:3000/_next/static/chunks/node_modules_next_dist_0u_w_5s._.js:1945
[  183103ms] [ERROR] ./components/section-figure.tsx:91:9
Expected ',', got 'ident'
  89 |           only decides how much of the finished frame is showing. */}
  90 |       <div
> 91 |         className={`figure-uncover relative w-full overflow-hidden ${className}`}
     |         ^^^^^^^^^
  92 |         style={{ aspectRatio: ratio }}
  93 |       >
  94 |         <ProfileImage

Parsing ecmascript source code failed

Import trace:
  Server Component:
    ./components/section-figure.tsx
    ./components/about-section.tsx
    ./app/[locale]/page.tsx @ http://localhost:3000/_next/static/chunks/node_modules_next_dist_0u_w_5s._.js:1945
[  183166ms] [ERROR] ./components/section-figure.tsx:91:9
Expected ',', got 'ident'
  89 |           only decides how much of the finished frame is showing. */}
  90 |       <div
> 91 |         className={`figure-uncover relative w-full overflow-hidden ${className}`}
     |         ^^^^^^^^^
  92 |         style={{ aspectRatio: ratio }}
  93 |       >
  94 |         <ProfileImage

Parsing ecmascript source code failed

Import trace:
  Server Component:
    ./components/section-figure.tsx
    ./components/about-section.tsx
    ./app/[locale]/page.tsx @ http://localhost:3000/_next/static/chunks/node_modules_next_dist_0u_w_5s._.js:1945
[  183229ms] [ERROR] ./components/section-figure.tsx:91:9
Expected ',', got 'ident'
  89 |           only decides how much of the finished frame is showing. */}
  90 |       <div
> 91 |         className={`figure-uncover relative w-full overflow-hidden ${className}`}
     |         ^^^^^^^^^
  92 |         style={{ aspectRatio: ratio }}
  93 |       >
  94 |         <ProfileImage

Parsing ecmascript source code failed

Import trace:
  Server Component:
    ./components/section-figure.tsx
    ./components/about-section.tsx
    ./app/[locale]/page.tsx @ http://localhost:3000/_next/static/chunks/node_modules_next_dist_0u_w_5s._.js:1945
[  183290ms] [ERROR] ./components/section-figure.tsx:91:9
Expected ',', got 'ident'
  89 |           only decides how much of the finished frame is showing. */}
  90 |       <div
> 91 |         className={`figure-uncover relative w-full overflow-hidden ${className}`}
     |         ^^^^^^^^^
  92 |         style={{ aspectRatio: ratio }}
  93 |       >
  94 |         <ProfileImage

Parsing ecmascript source code failed

Import trace:
  Server Component:
    ./components/section-figure.tsx
    ./components/about-section.tsx
    ./app/[locale]/page.tsx @ http://localhost:3000/_next/static/chunks/node_modules_next_dist_0u_w_5s._.js:1945
[  183352ms] [ERROR] ./components/section-figure.tsx:91:9
Expected ',', got 'ident'
  89 |           only decides how much of the finished frame is showing. */}
  90 |       <div
> 91 |         className={`figure-uncover relative w-full overflow-hidden ${className}`}
     |         ^^^^^^^^^
  92 |         style={{ aspectRatio: ratio }}
  93 |       >
  94 |         <ProfileImage

Parsing ecmascript source code failed

Import trace:
  Server Component:
    ./components/section-figure.tsx
    ./components/about-section.tsx
    ./app/[locale]/page.tsx @ http://localhost:3000/_next/static/chunks/node_modules_next_dist_0u_w_5s._.js:1945
[  183415ms] [ERROR] ./components/section-figure.tsx:91:9
Expected ',', got 'ident'
  89 |           only decides how much of the finished frame is showing. */}
  90 |       <div
> 91 |         className={`figure-uncover relative w-full overflow-hidden ${className}`}
     |         ^^^^^^^^^
  92 |         style={{ aspectRatio: ratio }}
  93 |       >
  94 |         <ProfileImage

Parsing ecmascript source code failed

Import trace:
  Server Component:
    ./components/section-figure.tsx
    ./components/about-section.tsx
    ./app/[locale]/page.tsx @ http://localhost:3000/_next/static/chunks/node_modules_next_dist_0u_w_5s._.js:1945
[  183477ms] [ERROR] ./components/section-figure.tsx:91:9
Expected ',', got 'ident'
  89 |           only decides how much of the finished frame is showing. */}
  90 |       <div
> 91 |         className={`figure-uncover relative w-full overflow-hidden ${className}`}
     |         ^^^^^^^^^
  92 |         style={{ aspectRatio: ratio }}
  93 |       >
  94 |         <ProfileImage

Parsing ecmascript source code failed

Import trace:
  Server Component:
    ./components/section-figure.tsx
    ./components/about-section.tsx
    ./app/[locale]/page.tsx @ http://localhost:3000/_next/static/chunks/node_modules_next_dist_0u_w_5s._.js:1945
[  183541ms] [ERROR] ./components/section-figure.tsx:91:9
Expected ',', got 'ident'
  89 |           only decides how much of the finished frame is showing. */}
  90 |       <div
> 91 |         className={`figure-uncover relative w-full overflow-hidden ${className}`}
     |         ^^^^^^^^^
  92 |         style={{ aspectRatio: ratio }}
  93 |       >
  94 |         <ProfileImage

Parsing ecmascript source code failed

Import trace:
  Server Component:
    ./components/section-figure.tsx
    ./components/about-section.tsx
    ./app/[locale]/page.tsx @ http://localhost:3000/_next/static/chunks/node_modules_next_dist_0u_w_5s._.js:1945
[  183603ms] [ERROR] ./components/section-figure.tsx:91:9
Expected ',', got 'ident'
  89 |           only decides how much of the finished frame is showing. */}
  90 |       <div
> 91 |         className={`figure-uncover relative w-full overflow-hidden ${className}`}
     |         ^^^^^^^^^
  92 |         style={{ aspectRatio: ratio }}
  93 |       >
  94 |         <ProfileImage

Parsing ecmascript source code failed

Import trace:
  Server Component:
    ./components/section-figure.tsx
    ./components/about-section.tsx
    ./app/[locale]/page.tsx @ http://localhost:3000/_next/static/chunks/node_modules_next_dist_0u_w_5s._.js:1945
[  183665ms] [ERROR] ./components/section-figure.tsx:91:9
Expected ',', got 'ident'
  89 |           only decides how much of the finished frame is showing. */}
  90 |       <div
> 91 |         className={`figure-uncover relative w-full overflow-hidden ${className}`}
     |         ^^^^^^^^^
  92 |         style={{ aspectRatio: ratio }}
  93 |       >
  94 |         <ProfileImage

Parsing ecmascript source code failed

Import trace:
  Server Component:
    ./components/section-figure.tsx
    ./components/about-section.tsx
    ./app/[locale]/page.tsx @ http://localhost:3000/_next/static/chunks/node_modules_next_dist_0u_w_5s._.js:1945
[  183727ms] [ERROR] ./components/section-figure.tsx:91:9
Expected ',', got 'ident'
  89 |           only decides how much of the finished frame is showing. */}
  90 |       <div
> 91 |         className={`figure-uncover relative w-full overflow-hidden ${className}`}
     |         ^^^^^^^^^
  92 |         style={{ aspectRatio: ratio }}
  93 |       >
  94 |         <ProfileImage

Parsing ecmascript source code failed

Import trace:
  Server Component:
    ./components/section-figure.tsx
    ./components/about-section.tsx
    ./app/[locale]/page.tsx @ http://localhost:3000/_next/static/chunks/node_modules_next_dist_0u_w_5s._.js:1945
[  183788ms] [ERROR] ./components/section-figure.tsx:91:9
Expected ',', got 'ident'
  89 |           only decides how much of the finished frame is showing. */}
  90 |       <div
> 91 |         className={`figure-uncover relative w-full overflow-hidden ${className}`}
     |         ^^^^^^^^^
  92 |         style={{ aspectRatio: ratio }}
  93 |       >
  94 |         <ProfileImage

Parsing ecmascript source code failed

Import trace:
  Server Component:
    ./components/section-figure.tsx
    ./components/about-section.tsx
    ./app/[locale]/page.tsx @ http://localhost:3000/_next/static/chunks/node_modules_next_dist_0u_w_5s._.js:1945
[  183850ms] [ERROR] ./components/section-figure.tsx:91:9
Expected ',', got 'ident'
  89 |           only decides how much of the finished frame is showing. */}
  90 |       <div
> 91 |         className={`figure-uncover relative w-full overflow-hidden ${className}`}
     |         ^^^^^^^^^
  92 |         style={{ aspectRatio: ratio }}
  93 |       >
  94 |         <ProfileImage

Parsing ecmascript source code failed

Import trace:
  Server Component:
    ./components/section-figure.tsx
    ./components/about-section.tsx
    ./app/[locale]/page.tsx @ http://localhost:3000/_next/static/chunks/node_modules_next_dist_0u_w_5s._.js:1945
[  183912ms] [ERROR] ./components/section-figure.tsx:91:9
Expected ',', got 'ident'
  89 |           only decides how much of the finished frame is showing. */}
  90 |       <div
> 91 |         className={`figure-uncover relative w-full overflow-hidden ${className}`}
     |         ^^^^^^^^^
  92 |         style={{ aspectRatio: ratio }}
  93 |       >
  94 |         <ProfileImage

Parsing ecmascript source code failed

Import trace:
  Server Component:
    ./components/section-figure.tsx
    ./components/about-section.tsx
    ./app/[locale]/page.tsx @ http://localhost:3000/_next/static/chunks/node_modules_next_dist_0u_w_5s._.js:1945
[  183975ms] [ERROR] ./components/section-figure.tsx:91:9
Expected ',', got 'ident'
  89 |           only decides how much of the finished frame is showing. */}
  90 |       <div
> 91 |         className={`figure-uncover relative w-full overflow-hidden ${className}`}
     |         ^^^^^^^^^
  92 |         style={{ aspectRatio: ratio }}
  93 |       >
  94 |         <ProfileImage

Parsing ecmascript source code failed

Import trace:
  Server Component:
    ./components/section-figure.tsx
    ./components/about-section.tsx
    ./app/[locale]/page.tsx @ http://localhost:3000/_next/static/chunks/node_modules_next_dist_0u_w_5s._.js:1945
[  184037ms] [ERROR] ./components/section-figure.tsx:91:9
Expected ',', got 'ident'
  89 |           only decides how much of the finished frame is showing. */}
  90 |       <div
> 91 |         className={`figure-uncover relative w-full overflow-hidden ${className}`}
     |         ^^^^^^^^^
  92 |         style={{ aspectRatio: ratio }}
  93 |       >
  94 |         <ProfileImage

Parsing ecmascript source code failed

Import trace:
  Server Component:
    ./components/section-figure.tsx
    ./components/about-section.tsx
    ./app/[locale]/page.tsx @ http://localhost:3000/_next/static/chunks/node_modules_next_dist_0u_w_5s._.js:1945
[  184099ms] [ERROR] ./components/section-figure.tsx:91:9
Expected ',', got 'ident'
  89 |           only decides how much of the finished frame is showing. */}
  90 |       <div
> 91 |         className={`figure-uncover relative w-full overflow-hidden ${className}`}
     |         ^^^^^^^^^
  92 |         style={{ aspectRatio: ratio }}
  93 |       >
  94 |         <ProfileImage

Parsing ecmascript source code failed

Import trace:
  Server Component:
    ./components/section-figure.tsx
    ./components/about-section.tsx
    ./app/[locale]/page.tsx @ http://localhost:3000/_next/static/chunks/node_modules_next_dist_0u_w_5s._.js:1945
[  184160ms] [ERROR] ./components/section-figure.tsx:91:9
Expected ',', got 'ident'
  89 |           only decides how much of the finished frame is showing. */}
  90 |       <div
> 91 |         className={`figure-uncover relative w-full overflow-hidden ${className}`}
     |         ^^^^^^^^^
  92 |         style={{ aspectRatio: ratio }}
  93 |       >
  94 |         <ProfileImage

Parsing ecmascript source code failed

Import trace:
  Server Component:
    ./components/section-figure.tsx
    ./components/about-section.tsx
    ./app/[locale]/page.tsx @ http://localhost:3000/_next/static/chunks/node_modules_next_dist_0u_w_5s._.js:1945
[  184221ms] [ERROR] ./components/section-figure.tsx:91:9
Expected ',', got 'ident'
  89 |           only decides how much of the finished frame is showing. */}
  90 |       <div
> 91 |         className={`figure-uncover relative w-full overflow-hidden ${className}`}
     |         ^^^^^^^^^
  92 |         style={{ aspectRatio: ratio }}
  93 |       >
  94 |         <ProfileImage

Parsing ecmascript source code failed

Import trace:
  Server Component:
    ./components/section-figure.tsx
    ./components/about-section.tsx
    ./app/[locale]/page.tsx @ http://localhost:3000/_next/static/chunks/node_modules_next_dist_0u_w_5s._.js:1945
[  184285ms] [ERROR] ./components/section-figure.tsx:91:9
Expected ',', got 'ident'
  89 |           only decides how much of the finished frame is showing. */}
  90 |       <div
> 91 |         className={`figure-uncover relative w-full overflow-hidden ${className}`}
     |         ^^^^^^^^^
  92 |         style={{ aspectRatio: ratio }}
  93 |       >
  94 |         <ProfileImage

Parsing ecmascript source code failed

Import trace:
  Server Component:
    ./components/section-figure.tsx
    ./components/about-section.tsx
    ./app/[locale]/page.tsx @ http://localhost:3000/_next/static/chunks/node_modules_next_dist_0u_w_5s._.js:1945
[  184405ms] [LOG] [Fast Refresh] rebuilding @ http://localhost:3000/_next/static/chunks/node_modules_next_dist_0u_w_5s._.js:1226
[  184497ms] [ERROR] ./components/section-figure.tsx:91:9
Expected ',', got 'ident'
  89 |           only decides how much of the finished frame is showing. */}
  90 |       <div
> 91 |         className={`figure-uncover relative w-full overflow-hidden ${className}`}
     |         ^^^^^^^^^
  92 |         style={{ aspectRatio: ratio }}
  93 |       >
  94 |         <ProfileImage

Parsing ecmascript source code failed

Import trace:
  Server Component:
    ./components/section-figure.tsx
    ./components/about-section.tsx
    ./app/[locale]/page.tsx @ http://localhost:3000/_next/static/chunks/node_modules_next_dist_0u_w_5s._.js:1945
[  184498ms] [ERROR] ./components/section-figure.tsx:91:9
Expected ',', got 'ident'
  89 |           only decides how much of the finished frame is showing. */}
  90 |       <div
> 91 |         className={`figure-uncover relative w-full overflow-hidden ${className}`}
     |         ^^^^^^^^^
  92 |         style={{ aspectRatio: ratio }}
  93 |       >
  94 |         <ProfileImage

Parsing ecmascript source code failed

Import trace:
  Server Component:
    ./components/section-figure.tsx
    ./components/about-section.tsx
    ./app/[locale]/page.tsx @ http://localhost:3000/_next/static/chunks/node_modules_next_dist_0u_w_5s._.js:1945
[  184561ms] [ERROR] ./components/section-figure.tsx:91:9
Expected ',', got 'ident'
  89 |           only decides how much of the finished frame is showing. */}
  90 |       <div
> 91 |         className={`figure-uncover relative w-full overflow-hidden ${className}`}
     |         ^^^^^^^^^
  92 |         style={{ aspectRatio: ratio }}
  93 |       >
  94 |         <ProfileImage

Parsing ecmascript source code failed

Import trace:
  Server Component:
    ./components/section-figure.tsx
    ./components/about-section.tsx
    ./app/[locale]/page.tsx @ http://localhost:3000/_next/static/chunks/node_modules_next_dist_0u_w_5s._.js:1945
[  184624ms] [ERROR] ./components/section-figure.tsx:91:9
Expected ',', got 'ident'
  89 |           only decides how much of the finished frame is showing. */}
  90 |       <div
> 91 |         className={`figure-uncover relative w-full overflow-hidden ${className}`}
     |         ^^^^^^^^^
  92 |         style={{ aspectRatio: ratio }}
  93 |       >
  94 |         <ProfileImage

Parsing ecmascript source code failed

Import trace:
  Server Component:
    ./components/section-figure.tsx
    ./components/about-section.tsx
    ./app/[locale]/page.tsx @ http://localhost:3000/_next/static/chunks/node_modules_next_dist_0u_w_5s._.js:1945
[  184687ms] [ERROR] ./components/section-figure.tsx:91:9
Expected ',', got 'ident'
  89 |           only decides how much of the finished frame is showing. */}
  90 |       <div
> 91 |         className={`figure-uncover relative w-full overflow-hidden ${className}`}
     |         ^^^^^^^^^
  92 |         style={{ aspectRatio: ratio }}
  93 |       >
  94 |         <ProfileImage

Parsing ecmascript source code failed

Import trace:
  Server Component:
    ./components/section-figure.tsx
    ./components/about-section.tsx
    ./app/[locale]/page.tsx @ http://localhost:3000/_next/static/chunks/node_modules_next_dist_0u_w_5s._.js:1945
[  184747ms] [ERROR] ./components/section-figure.tsx:91:9
Expected ',', got 'ident'
  89 |           only decides how much of the finished frame is showing. */}
  90 |       <div
> 91 |         className={`figure-uncover relative w-full overflow-hidden ${className}`}
     |         ^^^^^^^^^
  92 |         style={{ aspectRatio: ratio }}
  93 |       >
  94 |         <ProfileImage

Parsing ecmascript source code failed

Import trace:
  Server Component:
    ./components/section-figure.tsx
    ./components/about-section.tsx
    ./app/[locale]/page.tsx @ http://localhost:3000/_next/static/chunks/node_modules_next_dist_0u_w_5s._.js:1945
[  184809ms] [ERROR] ./components/section-figure.tsx:91:9
Expected ',', got 'ident'
  89 |           only decides how much of the finished frame is showing. */}
  90 |       <div
> 91 |         className={`figure-uncover relative w-full overflow-hidden ${className}`}
     |         ^^^^^^^^^
  92 |         style={{ aspectRatio: ratio }}
  93 |       >
  94 |         <ProfileImage

Parsing ecmascript source code failed

Import trace:
  Server Component:
    ./components/section-figure.tsx
    ./components/about-section.tsx
    ./app/[locale]/page.tsx @ http://localhost:3000/_next/static/chunks/node_modules_next_dist_0u_w_5s._.js:1945
[  184870ms] [ERROR] ./components/section-figure.tsx:91:9
Expected ',', got 'ident'
  89 |           only decides how much of the finished frame is showing. */}
  90 |       <div
> 91 |         className={`figure-uncover relative w-full overflow-hidden ${className}`}
     |         ^^^^^^^^^
  92 |         style={{ aspectRatio: ratio }}
  93 |       >
  94 |         <ProfileImage

Parsing ecmascript source code failed

Import trace:
  Server Component:
    ./components/section-figure.tsx
    ./components/about-section.tsx
    ./app/[locale]/page.tsx @ http://localhost:3000/_next/static/chunks/node_modules_next_dist_0u_w_5s._.js:1945
[  184931ms] [ERROR] ./components/section-figure.tsx:91:9
Expected ',', got 'ident'
  89 |           only decides how much of the finished frame is showing. */}
  90 |       <div
> 91 |         className={`figure-uncover relative w-full overflow-hidden ${className}`}
     |         ^^^^^^^^^
  92 |         style={{ aspectRatio: ratio }}
  93 |       >
  94 |         <ProfileImage

Parsing ecmascript source code failed

Import trace:
  Server Component:
    ./components/section-figure.tsx
    ./components/about-section.tsx
    ./app/[locale]/page.tsx @ http://localhost:3000/_next/static/chunks/node_modules_next_dist_0u_w_5s._.js:1945
[  184993ms] [ERROR] ./components/section-figure.tsx:91:9
Expected ',', got 'ident'
  89 |           only decides how much of the finished frame is showing. */}
  90 |       <div
> 91 |         className={`figure-uncover relative w-full overflow-hidden ${className}`}
     |         ^^^^^^^^^
  92 |         style={{ aspectRatio: ratio }}
  93 |       >
  94 |         <ProfileImage

Parsing ecmascript source code failed

Import trace:
  Server Component:
    ./components/section-figure.tsx
    ./components/about-section.tsx
    ./app/[locale]/page.tsx @ http://localhost:3000/_next/static/chunks/node_modules_next_dist_0u_w_5s._.js:1945
[  185055ms] [ERROR] ./components/section-figure.tsx:91:9
Expected ',', got 'ident'
  89 |           only decides how much of the finished frame is showing. */}
  90 |       <div
> 91 |         className={`figure-uncover relative w-full overflow-hidden ${className}`}
     |         ^^^^^^^^^
  92 |         style={{ aspectRatio: ratio }}
  93 |       >
  94 |         <ProfileImage

Parsing ecmascript source code failed

Import trace:
  Server Component:
    ./components/section-figure.tsx
    ./components/about-section.tsx
    ./app/[locale]/page.tsx @ http://localhost:3000/_next/static/chunks/node_modules_next_dist_0u_w_5s._.js:1945
[  185116ms] [ERROR] ./components/section-figure.tsx:91:9
Expected ',', got 'ident'
  89 |           only decides how much of the finished frame is showing. */}
  90 |       <div
> 91 |         className={`figure-uncover relative w-full overflow-hidden ${className}`}
     |         ^^^^^^^^^
  92 |         style={{ aspectRatio: ratio }}
  93 |       >
  94 |         <ProfileImage

Parsing ecmascript source code failed

Import trace:
  Server Component:
    ./components/section-figure.tsx
    ./components/about-section.tsx
    ./app/[locale]/page.tsx @ http://localhost:3000/_next/static/chunks/node_modules_next_dist_0u_w_5s._.js:1945
[  185179ms] [ERROR] ./components/section-figure.tsx:91:9
Expected ',', got 'ident'
  89 |           only decides how much of the finished frame is showing. */}
  90 |       <div
> 91 |         className={`figure-uncover relative w-full overflow-hidden ${className}`}
     |         ^^^^^^^^^
  92 |         style={{ aspectRatio: ratio }}
  93 |       >
  94 |         <ProfileImage

Parsing ecmascript source code failed

Import trace:
  Server Component:
    ./components/section-figure.tsx
    ./components/about-section.tsx
    ./app/[locale]/page.tsx @ http://localhost:3000/_next/static/chunks/node_modules_next_dist_0u_w_5s._.js:1945
[  185241ms] [ERROR] ./components/section-figure.tsx:91:9
Expected ',', got 'ident'
  89 |           only decides how much of the finished frame is showing. */}
  90 |       <div
> 91 |         className={`figure-uncover relative w-full overflow-hidden ${className}`}
     |         ^^^^^^^^^
  92 |         style={{ aspectRatio: ratio }}
  93 |       >
  94 |         <ProfileImage

Parsing ecmascript source code failed

Import trace:
  Server Component:
    ./components/section-figure.tsx
    ./components/about-section.tsx
    ./app/[locale]/page.tsx @ http://localhost:3000/_next/static/chunks/node_modules_next_dist_0u_w_5s._.js:1945
[  185303ms] [ERROR] ./components/section-figure.tsx:91:9
Expected ',', got 'ident'
  89 |           only decides how much of the finished frame is showing. */}
  90 |       <div
> 91 |         className={`figure-uncover relative w-full overflow-hidden ${className}`}
     |         ^^^^^^^^^
  92 |         style={{ aspectRatio: ratio }}
  93 |       >
  94 |         <ProfileImage

Parsing ecmascript source code failed

Import trace:
  Server Component:
    ./components/section-figure.tsx
    ./components/about-section.tsx
    ./app/[locale]/page.tsx @ http://localhost:3000/_next/static/chunks/node_modules_next_dist_0u_w_5s._.js:1945
[  185364ms] [ERROR] ./components/section-figure.tsx:91:9
Expected ',', got 'ident'
  89 |           only decides how much of the finished frame is showing. */}
  90 |       <div
> 91 |         className={`figure-uncover relative w-full overflow-hidden ${className}`}
     |         ^^^^^^^^^
  92 |         style={{ aspectRatio: ratio }}
  93 |       >
  94 |         <ProfileImage

Parsing ecmascript source code failed

Import trace:
  Server Component:
    ./components/section-figure.tsx
    ./components/about-section.tsx
    ./app/[locale]/page.tsx @ http://localhost:3000/_next/static/chunks/node_modules_next_dist_0u_w_5s._.js:1945
[  185426ms] [ERROR] ./components/section-figure.tsx:91:9
Expected ',', got 'ident'
  89 |           only decides how much of the finished frame is showing. */}
  90 |       <div
> 91 |         className={`figure-uncover relative w-full overflow-hidden ${className}`}
     |         ^^^^^^^^^
  92 |         style={{ aspectRatio: ratio }}
  93 |       >
  94 |         <ProfileImage

Parsing ecmascript source code failed

Import trace:
  Server Component:
    ./components/section-figure.tsx
    ./components/about-section.tsx
    ./app/[locale]/page.tsx @ http://localhost:3000/_next/static/chunks/node_modules_next_dist_0u_w_5s._.js:1945
[  185486ms] [ERROR] ./components/section-figure.tsx:91:9
Expected ',', got 'ident'
  89 |           only decides how much of the finished frame is showing. */}
  90 |       <div
> 91 |         className={`figure-uncover relative w-full overflow-hidden ${className}`}
     |         ^^^^^^^^^
  92 |         style={{ aspectRatio: ratio }}
  93 |       >
  94 |         <ProfileImage

Parsing ecmascript source code failed

Import trace:
  Server Component:
    ./components/section-figure.tsx
    ./components/about-section.tsx
    ./app/[locale]/page.tsx @ http://localhost:3000/_next/static/chunks/node_modules_next_dist_0u_w_5s._.js:1945
[  185548ms] [ERROR] ./components/section-figure.tsx:91:9
Expected ',', got 'ident'
  89 |           only decides how much of the finished frame is showing. */}
  90 |       <div
> 91 |         className={`figure-uncover relative w-full overflow-hidden ${className}`}
     |         ^^^^^^^^^
  92 |         style={{ aspectRatio: ratio }}
  93 |       >
  94 |         <ProfileImage

Parsing ecmascript source code failed

Import trace:
  Server Component:
    ./components/section-figure.tsx
    ./components/about-section.tsx
    ./app/[locale]/page.tsx @ http://localhost:3000/_next/static/chunks/node_modules_next_dist_0u_w_5s._.js:1945
[  185610ms] [ERROR] ./components/section-figure.tsx:91:9
Expected ',', got 'ident'
  89 |           only decides how much of the finished frame is showing. */}
  90 |       <div
> 91 |         className={`figure-uncover relative w-full overflow-hidden ${className}`}
     |         ^^^^^^^^^
  92 |         style={{ aspectRatio: ratio }}
  93 |       >
  94 |         <ProfileImage

Parsing ecmascript source code failed

Import trace:
  Server Component:
    ./components/section-figure.tsx
    ./components/about-section.tsx
    ./app/[locale]/page.tsx @ http://localhost:3000/_next/static/chunks/node_modules_next_dist_0u_w_5s._.js:1945
[  185673ms] [ERROR] ./components/section-figure.tsx:91:9
Expected ',', got 'ident'
  89 |           only decides how much of the finished frame is showing. */}
  90 |       <div
> 91 |         className={`figure-uncover relative w-full overflow-hidden ${className}`}
     |         ^^^^^^^^^
  92 |         style={{ aspectRatio: ratio }}
  93 |       >
  94 |         <ProfileImage

Parsing ecmascript source code failed

Import trace:
  Server Component:
    ./components/section-figure.tsx
    ./components/about-section.tsx
    ./app/[locale]/page.tsx @ http://localhost:3000/_next/static/chunks/node_modules_next_dist_0u_w_5s._.js:1945
[  185733ms] [ERROR] ./components/section-figure.tsx:91:9
Expected ',', got 'ident'
  89 |           only decides how much of the finished frame is showing. */}
  90 |       <div
> 91 |         className={`figure-uncover relative w-full overflow-hidden ${className}`}
     |         ^^^^^^^^^
  92 |         style={{ aspectRatio: ratio }}
  93 |       >
  94 |         <ProfileImage

Parsing ecmascript source code failed

Import trace:
  Server Component:
    ./components/section-figure.tsx
    ./components/about-section.tsx
    ./app/[locale]/page.tsx @ http://localhost:3000/_next/static/chunks/node_modules_next_dist_0u_w_5s._.js:1945
[  185794ms] [ERROR] ./components/section-figure.tsx:91:9
Expected ',', got 'ident'
  89 |           only decides how much of the finished frame is showing. */}
  90 |       <div
> 91 |         className={`figure-uncover relative w-full overflow-hidden ${className}`}
     |         ^^^^^^^^^
  92 |         style={{ aspectRatio: ratio }}
  93 |       >
  94 |         <ProfileImage

Parsing ecmascript source code failed

Import trace:
  Server Component:
    ./components/section-figure.tsx
    ./components/about-section.tsx
    ./app/[locale]/page.tsx @ http://localhost:3000/_next/static/chunks/node_modules_next_dist_0u_w_5s._.js:1945
[  185856ms] [ERROR] ./components/section-figure.tsx:91:9
Expected ',', got 'ident'
  89 |           only decides how much of the finished frame is showing. */}
  90 |       <div
> 91 |         className={`figure-uncover relative w-full overflow-hidden ${className}`}
     |         ^^^^^^^^^
  92 |         style={{ aspectRatio: ratio }}
  93 |       >
  94 |         <ProfileImage

Parsing ecmascript source code failed

Import trace:
  Server Component:
    ./components/section-figure.tsx
    ./components/about-section.tsx
    ./app/[locale]/page.tsx @ http://localhost:3000/_next/static/chunks/node_modules_next_dist_0u_w_5s._.js:1945
[  185918ms] [ERROR] ./components/section-figure.tsx:91:9
Expected ',', got 'ident'
  89 |           only decides how much of the finished frame is showing. */}
  90 |       <div
> 91 |         className={`figure-uncover relative w-full overflow-hidden ${className}`}
     |         ^^^^^^^^^
  92 |         style={{ aspectRatio: ratio }}
  93 |       >
  94 |         <ProfileImage

Parsing ecmascript source code failed

Import trace:
  Server Component:
    ./components/section-figure.tsx
    ./components/about-section.tsx
    ./app/[locale]/page.tsx @ http://localhost:3000/_next/static/chunks/node_modules_next_dist_0u_w_5s._.js:1945
[  185979ms] [ERROR] ./components/section-figure.tsx:91:9
Expected ',', got 'ident'
  89 |           only decides how much of the finished frame is showing. */}
  90 |       <div
> 91 |         className={`figure-uncover relative w-full overflow-hidden ${className}`}
     |         ^^^^^^^^^
  92 |         style={{ aspectRatio: ratio }}
  93 |       >
  94 |         <ProfileImage

Parsing ecmascript source code failed

Import trace:
  Server Component:
    ./components/section-figure.tsx
    ./components/about-section.tsx
    ./app/[locale]/page.tsx @ http://localhost:3000/_next/static/chunks/node_modules_next_dist_0u_w_5s._.js:1945
[  186041ms] [ERROR] ./components/section-figure.tsx:91:9
Expected ',', got 'ident'
  89 |           only decides how much of the finished frame is showing. */}
  90 |       <div
> 91 |         className={`figure-uncover relative w-full overflow-hidden ${className}`}
     |         ^^^^^^^^^
  92 |         style={{ aspectRatio: ratio }}
  93 |       >
  94 |         <ProfileImage

Parsing ecmascript source code failed

Import trace:
  Server Component:
    ./components/section-figure.tsx
    ./components/about-section.tsx
    ./app/[locale]/page.tsx @ http://localhost:3000/_next/static/chunks/node_modules_next_dist_0u_w_5s._.js:1945
[  186104ms] [ERROR] ./components/section-figure.tsx:91:9
Expected ',', got 'ident'
  89 |           only decides how much of the finished frame is showing. */}
  90 |       <div
> 91 |         className={`figure-uncover relative w-full overflow-hidden ${className}`}
     |         ^^^^^^^^^
  92 |         style={{ aspectRatio: ratio }}
  93 |       >
  94 |         <ProfileImage

Parsing ecmascript source code failed

Import trace:
  Server Component:
    ./components/section-figure.tsx
    ./components/about-section.tsx
    ./app/[locale]/page.tsx @ http://localhost:3000/_next/static/chunks/node_modules_next_dist_0u_w_5s._.js:1945
[  186165ms] [ERROR] ./components/section-figure.tsx:91:9
Expected ',', got 'ident'
  89 |           only decides how much of the finished frame is showing. */}
  90 |       <div
> 91 |         className={`figure-uncover relative w-full overflow-hidden ${className}`}
     |         ^^^^^^^^^
  92 |         style={{ aspectRatio: ratio }}
  93 |       >
  94 |         <ProfileImage

Parsing ecmascript source code failed

Import trace:
  Server Component:
    ./components/section-figure.tsx
    ./components/about-section.tsx
    ./app/[locale]/page.tsx @ http://localhost:3000/_next/static/chunks/node_modules_next_dist_0u_w_5s._.js:1945
[  186226ms] [ERROR] ./components/section-figure.tsx:91:9
Expected ',', got 'ident'
  89 |           only decides how much of the finished frame is showing. */}
  90 |       <div
> 91 |         className={`figure-uncover relative w-full overflow-hidden ${className}`}
     |         ^^^^^^^^^
  92 |         style={{ aspectRatio: ratio }}
  93 |       >
  94 |         <ProfileImage

Parsing ecmascript source code failed

Import trace:
  Server Component:
    ./components/section-figure.tsx
    ./components/about-section.tsx
    ./app/[locale]/page.tsx @ http://localhost:3000/_next/static/chunks/node_modules_next_dist_0u_w_5s._.js:1945
[  186288ms] [ERROR] ./components/section-figure.tsx:91:9
Expected ',', got 'ident'
  89 |           only decides how much of the finished frame is showing. */}
  90 |       <div
> 91 |         className={`figure-uncover relative w-full overflow-hidden ${className}`}
     |         ^^^^^^^^^
  92 |         style={{ aspectRatio: ratio }}
  93 |       >
  94 |         <ProfileImage

Parsing ecmascript source code failed

Import trace:
  Server Component:
    ./components/section-figure.tsx
    ./components/about-section.tsx
    ./app/[locale]/page.tsx @ http://localhost:3000/_next/static/chunks/node_modules_next_dist_0u_w_5s._.js:1945
[  186351ms] [ERROR] ./components/section-figure.tsx:91:9
Expected ',', got 'ident'
  89 |           only decides how much of the finished frame is showing. */}
  90 |       <div
> 91 |         className={`figure-uncover relative w-full overflow-hidden ${className}`}
     |         ^^^^^^^^^
  92 |         style={{ aspectRatio: ratio }}
  93 |       >
  94 |         <ProfileImage

Parsing ecmascript source code failed

Import trace:
  Server Component:
    ./components/section-figure.tsx
    ./components/about-section.tsx
    ./app/[locale]/page.tsx @ http://localhost:3000/_next/static/chunks/node_modules_next_dist_0u_w_5s._.js:1945
[  186412ms] [ERROR] ./components/section-figure.tsx:91:9
Expected ',', got 'ident'
  89 |           only decides how much of the finished frame is showing. */}
  90 |       <div
> 91 |         className={`figure-uncover relative w-full overflow-hidden ${className}`}
     |         ^^^^^^^^^
  92 |         style={{ aspectRatio: ratio }}
  93 |       >
  94 |         <ProfileImage

Parsing ecmascript source code failed

Import trace:
  Server Component:
    ./components/section-figure.tsx
    ./components/about-section.tsx
    ./app/[locale]/page.tsx @ http://localhost:3000/_next/static/chunks/node_modules_next_dist_0u_w_5s._.js:1945
[  186474ms] [ERROR] ./components/section-figure.tsx:91:9
Expected ',', got 'ident'
  89 |           only decides how much of the finished frame is showing. */}
  90 |       <div
> 91 |         className={`figure-uncover relative w-full overflow-hidden ${className}`}
     |         ^^^^^^^^^
  92 |         style={{ aspectRatio: ratio }}
  93 |       >
  94 |         <ProfileImage

Parsing ecmascript source code failed

Import trace:
  Server Component:
    ./components/section-figure.tsx
    ./components/about-section.tsx
    ./app/[locale]/page.tsx @ http://localhost:3000/_next/static/chunks/node_modules_next_dist_0u_w_5s._.js:1945
[  186535ms] [ERROR] ./components/section-figure.tsx:91:9
Expected ',', got 'ident'
  89 |           only decides how much of the finished frame is showing. */}
  90 |       <div
> 91 |         className={`figure-uncover relative w-full overflow-hidden ${className}`}
     |         ^^^^^^^^^
  92 |         style={{ aspectRatio: ratio }}
  93 |       >
  94 |         <ProfileImage

Parsing ecmascript source code failed

Import trace:
  Server Component:
    ./components/section-figure.tsx
    ./components/about-section.tsx
    ./app/[locale]/page.tsx @ http://localhost:3000/_next/static/chunks/node_modules_next_dist_0u_w_5s._.js:1945
[  186597ms] [ERROR] ./components/section-figure.tsx:91:9
Expected ',', got 'ident'
  89 |           only decides how much of the finished frame is showing. */}
  90 |       <div
> 91 |         className={`figure-uncover relative w-full overflow-hidden ${className}`}
     |         ^^^^^^^^^
  92 |         style={{ aspectRatio: ratio }}
  93 |       >
  94 |         <ProfileImage

Parsing ecmascript source code failed

Import trace:
  Server Component:
    ./components/section-figure.tsx
    ./components/about-section.tsx
    ./app/[locale]/page.tsx @ http://localhost:3000/_next/static/chunks/node_modules_next_dist_0u_w_5s._.js:1945
[  186657ms] [ERROR] ./components/section-figure.tsx:91:9
Expected ',', got 'ident'
  89 |           only decides how much of the finished frame is showing. */}
  90 |       <div
> 91 |         className={`figure-uncover relative w-full overflow-hidden ${className}`}
     |         ^^^^^^^^^
  92 |         style={{ aspectRatio: ratio }}
  93 |       >
  94 |         <ProfileImage

Parsing ecmascript source code failed

Import trace:
  Server Component:
    ./components/section-figure.tsx
    ./components/about-section.tsx
    ./app/[locale]/page.tsx @ http://localhost:3000/_next/static/chunks/node_modules_next_dist_0u_w_5s._.js:1945
[  186717ms] [ERROR] ./components/section-figure.tsx:91:9
Expected ',', got 'ident'
  89 |           only decides how much of the finished frame is showing. */}
  90 |       <div
> 91 |         className={`figure-uncover relative w-full overflow-hidden ${className}`}
     |         ^^^^^^^^^
  92 |         style={{ aspectRatio: ratio }}
  93 |       >
  94 |         <ProfileImage

Parsing ecmascript source code failed

Import trace:
  Server Component:
    ./components/section-figure.tsx
    ./components/about-section.tsx
    ./app/[locale]/page.tsx @ http://localhost:3000/_next/static/chunks/node_modules_next_dist_0u_w_5s._.js:1945
[  186779ms] [ERROR] ./components/section-figure.tsx:91:9
Expected ',', got 'ident'
  89 |           only decides how much of the finished frame is showing. */}
  90 |       <div
> 91 |         className={`figure-uncover relative w-full overflow-hidden ${className}`}
     |         ^^^^^^^^^
  92 |         style={{ aspectRatio: ratio }}
  93 |       >
  94 |         <ProfileImage

Parsing ecmascript source code failed

Import trace:
  Server Component:
    ./components/section-figure.tsx
    ./components/about-section.tsx
    ./app/[locale]/page.tsx @ http://localhost:3000/_next/static/chunks/node_modules_next_dist_0u_w_5s._.js:1945
[  186840ms] [ERROR] ./components/section-figure.tsx:91:9
Expected ',', got 'ident'
  89 |           only decides how much of the finished frame is showing. */}
  90 |       <div
> 91 |         className={`figure-uncover relative w-full overflow-hidden ${className}`}
     |         ^^^^^^^^^
  92 |         style={{ aspectRatio: ratio }}
  93 |       >
  94 |         <ProfileImage

Parsing ecmascript source code failed

Import trace:
  Server Component:
    ./components/section-figure.tsx
    ./components/about-section.tsx
    ./app/[locale]/page.tsx @ http://localhost:3000/_next/static/chunks/node_modules_next_dist_0u_w_5s._.js:1945
[  186899ms] [ERROR] ./components/section-figure.tsx:91:9
Expected ',', got 'ident'
  89 |           only decides how much of the finished frame is showing. */}
  90 |       <div
> 91 |         className={`figure-uncover relative w-full overflow-hidden ${className}`}
     |         ^^^^^^^^^
  92 |         style={{ aspectRatio: ratio }}
  93 |       >
  94 |         <ProfileImage

Parsing ecmascript source code failed

Import trace:
  Server Component:
    ./components/section-figure.tsx
    ./components/about-section.tsx
    ./app/[locale]/page.tsx @ http://localhost:3000/_next/static/chunks/node_modules_next_dist_0u_w_5s._.js:1945
[  186961ms] [ERROR] ./components/section-figure.tsx:91:9
Expected ',', got 'ident'
  89 |           only decides how much of the finished frame is showing. */}
  90 |       <div
> 91 |         className={`figure-uncover relative w-full overflow-hidden ${className}`}
     |         ^^^^^^^^^
  92 |         style={{ aspectRatio: ratio }}
  93 |       >
  94 |         <ProfileImage

Parsing ecmascript source code failed

Import trace:
  Server Component:
    ./components/section-figure.tsx
    ./components/about-section.tsx
    ./app/[locale]/page.tsx @ http://localhost:3000/_next/static/chunks/node_modules_next_dist_0u_w_5s._.js:1945
[  187022ms] [ERROR] ./components/section-figure.tsx:91:9
Expected ',', got 'ident'
  89 |           only decides how much of the finished frame is showing. */}
  90 |       <div
> 91 |         className={`figure-uncover relative w-full overflow-hidden ${className}`}
     |         ^^^^^^^^^
  92 |         style={{ aspectRatio: ratio }}
  93 |       >
  94 |         <ProfileImage

Parsing ecmascript source code failed

Import trace:
  Server Component:
    ./components/section-figure.tsx
    ./components/about-section.tsx
    ./app/[locale]/page.tsx @ http://localhost:3000/_next/static/chunks/node_modules_next_dist_0u_w_5s._.js:1945
[  187084ms] [ERROR] ./components/section-figure.tsx:91:9
Expected ',', got 'ident'
  89 |           only decides how much of the finished frame is showing. */}
  90 |       <div
> 91 |         className={`figure-uncover relative w-full overflow-hidden ${className}`}
     |         ^^^^^^^^^
  92 |         style={{ aspectRatio: ratio }}
  93 |       >
  94 |         <ProfileImage

Parsing ecmascript source code failed

Import trace:
  Server Component:
    ./components/section-figure.tsx
    ./components/about-section.tsx
    ./app/[locale]/page.tsx @ http://localhost:3000/_next/static/chunks/node_modules_next_dist_0u_w_5s._.js:1945
[  187145ms] [ERROR] ./components/section-figure.tsx:91:9
Expected ',', got 'ident'
  89 |           only decides how much of the finished frame is showing. */}
  90 |       <div
> 91 |         className={`figure-uncover relative w-full overflow-hidden ${className}`}
     |         ^^^^^^^^^
  92 |         style={{ aspectRatio: ratio }}
  93 |       >
  94 |         <ProfileImage

Parsing ecmascript source code failed

Import trace:
  Server Component:
    ./components/section-figure.tsx
    ./components/about-section.tsx
    ./app/[locale]/page.tsx @ http://localhost:3000/_next/static/chunks/node_modules_next_dist_0u_w_5s._.js:1945
[  187207ms] [ERROR] ./components/section-figure.tsx:91:9
Expected ',', got 'ident'
  89 |           only decides how much of the finished frame is showing. */}
  90 |       <div
> 91 |         className={`figure-uncover relative w-full overflow-hidden ${className}`}
     |         ^^^^^^^^^
  92 |         style={{ aspectRatio: ratio }}
  93 |       >
  94 |         <ProfileImage

Parsing ecmascript source code failed

Import trace:
  Server Component:
    ./components/section-figure.tsx
    ./components/about-section.tsx
    ./app/[locale]/page.tsx @ http://localhost:3000/_next/static/chunks/node_modules_next_dist_0u_w_5s._.js:1945
[  187268ms] [ERROR] ./components/section-figure.tsx:91:9
Expected ',', got 'ident'
  89 |           only decides how much of the finished frame is showing. */}
  90 |       <div
> 91 |         className={`figure-uncover relative w-full overflow-hidden ${className}`}
     |         ^^^^^^^^^
  92 |         style={{ aspectRatio: ratio }}
  93 |       >
  94 |         <ProfileImage

Parsing ecmascript source code failed

Import trace:
  Server Component:
    ./components/section-figure.tsx
    ./components/about-section.tsx
    ./app/[locale]/page.tsx @ http://localhost:3000/_next/static/chunks/node_modules_next_dist_0u_w_5s._.js:1945
[  187329ms] [ERROR] ./components/section-figure.tsx:91:9
Expected ',', got 'ident'
  89 |           only decides how much of the finished frame is showing. */}
  90 |       <div
> 91 |         className={`figure-uncover relative w-full overflow-hidden ${className}`}
     |         ^^^^^^^^^
  92 |         style={{ aspectRatio: ratio }}
  93 |       >
  94 |         <ProfileImage

Parsing ecmascript source code failed

Import trace:
  Server Component:
    ./components/section-figure.tsx
    ./components/about-section.tsx
    ./app/[locale]/page.tsx @ http://localhost:3000/_next/static/chunks/node_modules_next_dist_0u_w_5s._.js:1945
[  187392ms] [ERROR] ./components/section-figure.tsx:91:9
Expected ',', got 'ident'
  89 |           only decides how much of the finished frame is showing. */}
  90 |       <div
> 91 |         className={`figure-uncover relative w-full overflow-hidden ${className}`}
     |         ^^^^^^^^^
  92 |         style={{ aspectRatio: ratio }}
  93 |       >
  94 |         <ProfileImage

Parsing ecmascript source code failed

Import trace:
  Server Component:
    ./components/section-figure.tsx
    ./components/about-section.tsx
    ./app/[locale]/page.tsx @ http://localhost:3000/_next/static/chunks/node_modules_next_dist_0u_w_5s._.js:1945
[  187454ms] [ERROR] ./components/section-figure.tsx:91:9
Expected ',', got 'ident'
  89 |           only decides how much of the finished frame is showing. */}
  90 |       <div
> 91 |         className={`figure-uncover relative w-full overflow-hidden ${className}`}
     |         ^^^^^^^^^
  92 |         style={{ aspectRatio: ratio }}
  93 |       >
  94 |         <ProfileImage

Parsing ecmascript source code failed

Import trace:
  Server Component:
    ./components/section-figure.tsx
    ./components/about-section.tsx
    ./app/[locale]/page.tsx @ http://localhost:3000/_next/static/chunks/node_modules_next_dist_0u_w_5s._.js:1945
[  187515ms] [ERROR] ./components/section-figure.tsx:91:9
Expected ',', got 'ident'
  89 |           only decides how much of the finished frame is showing. */}
  90 |       <div
> 91 |         className={`figure-uncover relative w-full overflow-hidden ${className}`}
     |         ^^^^^^^^^
  92 |         style={{ aspectRatio: ratio }}
  93 |       >
  94 |         <ProfileImage

Parsing ecmascript source code failed

Import trace:
  Server Component:
    ./components/section-figure.tsx
    ./components/about-section.tsx
    ./app/[locale]/page.tsx @ http://localhost:3000/_next/static/chunks/node_modules_next_dist_0u_w_5s._.js:1945
[  187576ms] [ERROR] ./components/section-figure.tsx:91:9
Expected ',', got 'ident'
  89 |           only decides how much of the finished frame is showing. */}
  90 |       <div
> 91 |         className={`figure-uncover relative w-full overflow-hidden ${className}`}
     |         ^^^^^^^^^
  92 |         style={{ aspectRatio: ratio }}
  93 |       >
  94 |         <ProfileImage

Parsing ecmascript source code failed

Import trace:
  Server Component:
    ./components/section-figure.tsx
    ./components/about-section.tsx
    ./app/[locale]/page.tsx @ http://localhost:3000/_next/static/chunks/node_modules_next_dist_0u_w_5s._.js:1945
[  187639ms] [ERROR] ./components/section-figure.tsx:91:9
Expected ',', got 'ident'
  89 |           only decides how much of the finished frame is showing. */}
  90 |       <div
> 91 |         className={`figure-uncover relative w-full overflow-hidden ${className}`}
     |         ^^^^^^^^^
  92 |         style={{ aspectRatio: ratio }}
  93 |       >
  94 |         <ProfileImage

Parsing ecmascript source code failed

Import trace:
  Server Component:
    ./components/section-figure.tsx
    ./components/about-section.tsx
    ./app/[locale]/page.tsx @ http://localhost:3000/_next/static/chunks/node_modules_next_dist_0u_w_5s._.js:1945
[  187702ms] [ERROR] ./components/section-figure.tsx:91:9
Expected ',', got 'ident'
  89 |           only decides how much of the finished frame is showing. */}
  90 |       <div
> 91 |         className={`figure-uncover relative w-full overflow-hidden ${className}`}
     |         ^^^^^^^^^
  92 |         style={{ aspectRatio: ratio }}
  93 |       >
  94 |         <ProfileImage

Parsing ecmascript source code failed

Import trace:
  Server Component:
    ./components/section-figure.tsx
    ./components/about-section.tsx
    ./app/[locale]/page.tsx @ http://localhost:3000/_next/static/chunks/node_modules_next_dist_0u_w_5s._.js:1945
[  187764ms] [ERROR] ./components/section-figure.tsx:91:9
Expected ',', got 'ident'
  89 |           only decides how much of the finished frame is showing. */}
  90 |       <div
> 91 |         className={`figure-uncover relative w-full overflow-hidden ${className}`}
     |         ^^^^^^^^^
  92 |         style={{ aspectRatio: ratio }}
  93 |       >
  94 |         <ProfileImage

Parsing ecmascript source code failed

Import trace:
  Server Component:
    ./components/section-figure.tsx
    ./components/about-section.tsx
    ./app/[locale]/page.tsx @ http://localhost:3000/_next/static/chunks/node_modules_next_dist_0u_w_5s._.js:1945
[  187825ms] [ERROR] ./components/section-figure.tsx:91:9
Expected ',', got 'ident'
  89 |           only decides how much of the finished frame is showing. */}
  90 |       <div
> 91 |         className={`figure-uncover relative w-full overflow-hidden ${className}`}
     |         ^^^^^^^^^
  92 |         style={{ aspectRatio: ratio }}
  93 |       >
  94 |         <ProfileImage

Parsing ecmascript source code failed

Import trace:
  Server Component:
    ./components/section-figure.tsx
    ./components/about-section.tsx
    ./app/[locale]/page.tsx @ http://localhost:3000/_next/static/chunks/node_modules_next_dist_0u_w_5s._.js:1945
[  187886ms] [ERROR] ./components/section-figure.tsx:91:9
Expected ',', got 'ident'
  89 |           only decides how much of the finished frame is showing. */}
  90 |       <div
> 91 |         className={`figure-uncover relative w-full overflow-hidden ${className}`}
     |         ^^^^^^^^^
  92 |         style={{ aspectRatio: ratio }}
  93 |       >
  94 |         <ProfileImage

Parsing ecmascript source code failed

Import trace:
  Server Component:
    ./components/section-figure.tsx
    ./components/about-section.tsx
    ./app/[locale]/page.tsx @ http://localhost:3000/_next/static/chunks/node_modules_next_dist_0u_w_5s._.js:1945
[  187947ms] [ERROR] ./components/section-figure.tsx:91:9
Expected ',', got 'ident'
  89 |           only decides how much of the finished frame is showing. */}
  90 |       <div
> 91 |         className={`figure-uncover relative w-full overflow-hidden ${className}`}
     |         ^^^^^^^^^
  92 |         style={{ aspectRatio: ratio }}
  93 |       >
  94 |         <ProfileImage

Parsing ecmascript source code failed

Import trace:
  Server Component:
    ./components/section-figure.tsx
    ./components/about-section.tsx
    ./app/[locale]/page.tsx @ http://localhost:3000/_next/static/chunks/node_modules_next_dist_0u_w_5s._.js:1945
[  188009ms] [ERROR] ./components/section-figure.tsx:91:9
Expected ',', got 'ident'
  89 |           only decides how much of the finished frame is showing. */}
  90 |       <div
> 91 |         className={`figure-uncover relative w-full overflow-hidden ${className}`}
     |         ^^^^^^^^^
  92 |         style={{ aspectRatio: ratio }}
  93 |       >
  94 |         <ProfileImage

Parsing ecmascript source code failed

Import trace:
  Server Component:
    ./components/section-figure.tsx
    ./components/about-section.tsx
    ./app/[locale]/page.tsx @ http://localhost:3000/_next/static/chunks/node_modules_next_dist_0u_w_5s._.js:1945
[  188069ms] [ERROR] ./components/section-figure.tsx:91:9
Expected ',', got 'ident'
  89 |           only decides how much of the finished frame is showing. */}
  90 |       <div
> 91 |         className={`figure-uncover relative w-full overflow-hidden ${className}`}
     |         ^^^^^^^^^
  92 |         style={{ aspectRatio: ratio }}
  93 |       >
  94 |         <ProfileImage

Parsing ecmascript source code failed

Import trace:
  Server Component:
    ./components/section-figure.tsx
    ./components/about-section.tsx
    ./app/[locale]/page.tsx @ http://localhost:3000/_next/static/chunks/node_modules_next_dist_0u_w_5s._.js:1945
[  188129ms] [ERROR] ./components/section-figure.tsx:91:9
Expected ',', got 'ident'
  89 |           only decides how much of the finished frame is showing. */}
  90 |       <div
> 91 |         className={`figure-uncover relative w-full overflow-hidden ${className}`}
     |         ^^^^^^^^^
  92 |         style={{ aspectRatio: ratio }}
  93 |       >
  94 |         <ProfileImage

Parsing ecmascript source code failed

Import trace:
  Server Component:
    ./components/section-figure.tsx
    ./components/about-section.tsx
    ./app/[locale]/page.tsx @ http://localhost:3000/_next/static/chunks/node_modules_next_dist_0u_w_5s._.js:1945
[  188190ms] [ERROR] ./components/section-figure.tsx:91:9
Expected ',', got 'ident'
  89 |           only decides how much of the finished frame is showing. */}
  90 |       <div
> 91 |         className={`figure-uncover relative w-full overflow-hidden ${className}`}
     |         ^^^^^^^^^
  92 |         style={{ aspectRatio: ratio }}
  93 |       >
  94 |         <ProfileImage

Parsing ecmascript source code failed

Import trace:
  Server Component:
    ./components/section-figure.tsx
    ./components/about-section.tsx
    ./app/[locale]/page.tsx @ http://localhost:3000/_next/static/chunks/node_modules_next_dist_0u_w_5s._.js:1945
[  188251ms] [ERROR] ./components/section-figure.tsx:91:9
Expected ',', got 'ident'
  89 |           only decides how much of the finished frame is showing. */}
  90 |       <div
> 91 |         className={`figure-uncover relative w-full overflow-hidden ${className}`}
     |         ^^^^^^^^^
  92 |         style={{ aspectRatio: ratio }}
  93 |       >
  94 |         <ProfileImage

Parsing ecmascript source code failed

Import trace:
  Server Component:
    ./components/section-figure.tsx
    ./components/about-section.tsx
    ./app/[locale]/page.tsx @ http://localhost:3000/_next/static/chunks/node_modules_next_dist_0u_w_5s._.js:1945
[  188313ms] [ERROR] ./components/section-figure.tsx:91:9
Expected ',', got 'ident'
  89 |           only decides how much of the finished frame is showing. */}
  90 |       <div
> 91 |         className={`figure-uncover relative w-full overflow-hidden ${className}`}
     |         ^^^^^^^^^
  92 |         style={{ aspectRatio: ratio }}
  93 |       >
  94 |         <ProfileImage

Parsing ecmascript source code failed

Import trace:
  Server Component:
    ./components/section-figure.tsx
    ./components/about-section.tsx
    ./app/[locale]/page.tsx @ http://localhost:3000/_next/static/chunks/node_modules_next_dist_0u_w_5s._.js:1945
[  188373ms] [ERROR] ./components/section-figure.tsx:91:9
Expected ',', got 'ident'
  89 |           only decides how much of the finished frame is showing. */}
  90 |       <div
> 91 |         className={`figure-uncover relative w-full overflow-hidden ${className}`}
     |         ^^^^^^^^^
  92 |         style={{ aspectRatio: ratio }}
  93 |       >
  94 |         <ProfileImage

Parsing ecmascript source code failed

Import trace:
  Server Component:
    ./components/section-figure.tsx
    ./components/about-section.tsx
    ./app/[locale]/page.tsx @ http://localhost:3000/_next/static/chunks/node_modules_next_dist_0u_w_5s._.js:1945
[  188434ms] [ERROR] ./components/section-figure.tsx:91:9
Expected ',', got 'ident'
  89 |           only decides how much of the finished frame is showing. */}
  90 |       <div
> 91 |         className={`figure-uncover relative w-full overflow-hidden ${className}`}
     |         ^^^^^^^^^
  92 |         style={{ aspectRatio: ratio }}
  93 |       >
  94 |         <ProfileImage

Parsing ecmascript source code failed

Import trace:
  Server Component:
    ./components/section-figure.tsx
    ./components/about-section.tsx
    ./app/[locale]/page.tsx @ http://localhost:3000/_next/static/chunks/node_modules_next_dist_0u_w_5s._.js:1945
[  188495ms] [ERROR] ./components/section-figure.tsx:91:9
Expected ',', got 'ident'
  89 |           only decides how much of the finished frame is showing. */}
  90 |       <div
> 91 |         className={`figure-uncover relative w-full overflow-hidden ${className}`}
     |         ^^^^^^^^^
  92 |         style={{ aspectRatio: ratio }}
  93 |       >
  94 |         <ProfileImage

Parsing ecmascript source code failed

Import trace:
  Server Component:
    ./components/section-figure.tsx
    ./components/about-section.tsx
    ./app/[locale]/page.tsx @ http://localhost:3000/_next/static/chunks/node_modules_next_dist_0u_w_5s._.js:1945
[  188556ms] [ERROR] ./components/section-figure.tsx:91:9
Expected ',', got 'ident'
  89 |           only decides how much of the finished frame is showing. */}
  90 |       <div
> 91 |         className={`figure-uncover relative w-full overflow-hidden ${className}`}
     |         ^^^^^^^^^
  92 |         style={{ aspectRatio: ratio }}
  93 |       >
  94 |         <ProfileImage

Parsing ecmascript source code failed

Import trace:
  Server Component:
    ./components/section-figure.tsx
    ./components/about-section.tsx
    ./app/[locale]/page.tsx @ http://localhost:3000/_next/static/chunks/node_modules_next_dist_0u_w_5s._.js:1945
[  188618ms] [ERROR] ./components/section-figure.tsx:91:9
Expected ',', got 'ident'
  89 |           only decides how much of the finished frame is showing. */}
  90 |       <div
> 91 |         className={`figure-uncover relative w-full overflow-hidden ${className}`}
     |         ^^^^^^^^^
  92 |         style={{ aspectRatio: ratio }}
  93 |       >
  94 |         <ProfileImage

Parsing ecmascript source code failed

Import trace:
  Server Component:
    ./components/section-figure.tsx
    ./components/about-section.tsx
    ./app/[locale]/page.tsx @ http://localhost:3000/_next/static/chunks/node_modules_next_dist_0u_w_5s._.js:1945
[  188679ms] [ERROR] ./components/section-figure.tsx:91:9
Expected ',', got 'ident'
  89 |           only decides how much of the finished frame is showing. */}
  90 |       <div
> 91 |         className={`figure-uncover relative w-full overflow-hidden ${className}`}
     |         ^^^^^^^^^
  92 |         style={{ aspectRatio: ratio }}
  93 |       >
  94 |         <ProfileImage

Parsing ecmascript source code failed

Import trace:
  Server Component:
    ./components/section-figure.tsx
    ./components/about-section.tsx
    ./app/[locale]/page.tsx @ http://localhost:3000/_next/static/chunks/node_modules_next_dist_0u_w_5s._.js:1945
[  188741ms] [ERROR] ./components/section-figure.tsx:91:9
Expected ',', got 'ident'
  89 |           only decides how much of the finished frame is showing. */}
  90 |       <div
> 91 |         className={`figure-uncover relative w-full overflow-hidden ${className}`}
     |         ^^^^^^^^^
  92 |         style={{ aspectRatio: ratio }}
  93 |       >
  94 |         <ProfileImage

Parsing ecmascript source code failed

Import trace:
  Server Component:
    ./components/section-figure.tsx
    ./components/about-section.tsx
    ./app/[locale]/page.tsx @ http://localhost:3000/_next/static/chunks/node_modules_next_dist_0u_w_5s._.js:1945
[  188803ms] [ERROR] ./components/section-figure.tsx:91:9
Expected ',', got 'ident'
  89 |           only decides how much of the finished frame is showing. */}
  90 |       <div
> 91 |         className={`figure-uncover relative w-full overflow-hidden ${className}`}
     |         ^^^^^^^^^
  92 |         style={{ aspectRatio: ratio }}
  93 |       >
  94 |         <ProfileImage

Parsing ecmascript source code failed

Import trace:
  Server Component:
    ./components/section-figure.tsx
    ./components/about-section.tsx
    ./app/[locale]/page.tsx @ http://localhost:3000/_next/static/chunks/node_modules_next_dist_0u_w_5s._.js:1945
[  188862ms] [ERROR] ./components/section-figure.tsx:91:9
Expected ',', got 'ident'
  89 |           only decides how much of the finished frame is showing. */}
  90 |       <div
> 91 |         className={`figure-uncover relative w-full overflow-hidden ${className}`}
     |         ^^^^^^^^^
  92 |         style={{ aspectRatio: ratio }}
  93 |       >
  94 |         <ProfileImage

Parsing ecmascript source code failed

Import trace:
  Server Component:
    ./components/section-figure.tsx
    ./components/about-section.tsx
    ./app/[locale]/page.tsx @ http://localhost:3000/_next/static/chunks/node_modules_next_dist_0u_w_5s._.js:1945
[  188925ms] [ERROR] ./components/section-figure.tsx:91:9
Expected ',', got 'ident'
  89 |           only decides how much of the finished frame is showing. */}
  90 |       <div
> 91 |         className={`figure-uncover relative w-full overflow-hidden ${className}`}
     |         ^^^^^^^^^
  92 |         style={{ aspectRatio: ratio }}
  93 |       >
  94 |         <ProfileImage

Parsing ecmascript source code failed

Import trace:
  Server Component:
    ./components/section-figure.tsx
    ./components/about-section.tsx
    ./app/[locale]/page.tsx @ http://localhost:3000/_next/static/chunks/node_modules_next_dist_0u_w_5s._.js:1945
[  188985ms] [ERROR] ./components/section-figure.tsx:91:9
Expected ',', got 'ident'
  89 |           only decides how much of the finished frame is showing. */}
  90 |       <div
> 91 |         className={`figure-uncover relative w-full overflow-hidden ${className}`}
     |         ^^^^^^^^^
  92 |         style={{ aspectRatio: ratio }}
  93 |       >
  94 |         <ProfileImage

Parsing ecmascript source code failed

Import trace:
  Server Component:
    ./components/section-figure.tsx
    ./components/about-section.tsx
    ./app/[locale]/page.tsx @ http://localhost:3000/_next/static/chunks/node_modules_next_dist_0u_w_5s._.js:1945
[  189047ms] [ERROR] ./components/section-figure.tsx:91:9
Expected ',', got 'ident'
  89 |           only decides how much of the finished frame is showing. */}
  90 |       <div
> 91 |         className={`figure-uncover relative w-full overflow-hidden ${className}`}
     |         ^^^^^^^^^
  92 |         style={{ aspectRatio: ratio }}
  93 |       >
  94 |         <ProfileImage

Parsing ecmascript source code failed

Import trace:
  Server Component:
    ./components/section-figure.tsx
    ./components/about-section.tsx
    ./app/[locale]/page.tsx @ http://localhost:3000/_next/static/chunks/node_modules_next_dist_0u_w_5s._.js:1945
[  189107ms] [ERROR] ./components/section-figure.tsx:91:9
Expected ',', got 'ident'
  89 |           only decides how much of the finished frame is showing. */}
  90 |       <div
> 91 |         className={`figure-uncover relative w-full overflow-hidden ${className}`}
     |         ^^^^^^^^^
  92 |         style={{ aspectRatio: ratio }}
  93 |       >
  94 |         <ProfileImage

Parsing ecmascript source code failed

Import trace:
  Server Component:
    ./components/section-figure.tsx
    ./components/about-section.tsx
    ./app/[locale]/page.tsx @ http://localhost:3000/_next/static/chunks/node_modules_next_dist_0u_w_5s._.js:1945
[  189170ms] [ERROR] ./components/section-figure.tsx:91:9
Expected ',', got 'ident'
  89 |           only decides how much of the finished frame is showing. */}
  90 |       <div
> 91 |         className={`figure-uncover relative w-full overflow-hidden ${className}`}
     |         ^^^^^^^^^
  92 |         style={{ aspectRatio: ratio }}
  93 |       >
  94 |         <ProfileImage

Parsing ecmascript source code failed

Import trace:
  Server Component:
    ./components/section-figure.tsx
    ./components/about-section.tsx
    ./app/[locale]/page.tsx @ http://localhost:3000/_next/static/chunks/node_modules_next_dist_0u_w_5s._.js:1945
[  189231ms] [ERROR] ./components/section-figure.tsx:91:9
Expected ',', got 'ident'
  89 |           only decides how much of the finished frame is showing. */}
  90 |       <div
> 91 |         className={`figure-uncover relative w-full overflow-hidden ${className}`}
     |         ^^^^^^^^^
  92 |         style={{ aspectRatio: ratio }}
  93 |       >
  94 |         <ProfileImage

Parsing ecmascript source code failed

Import trace:
  Server Component:
    ./components/section-figure.tsx
    ./components/about-section.tsx
    ./app/[locale]/page.tsx @ http://localhost:3000/_next/static/chunks/node_modules_next_dist_0u_w_5s._.js:1945
[  189292ms] [ERROR] ./components/section-figure.tsx:91:9
Expected ',', got 'ident'
  89 |           only decides how much of the finished frame is showing. */}
  90 |       <div
> 91 |         className={`figure-uncover relative w-full overflow-hidden ${className}`}
     |         ^^^^^^^^^
  92 |         style={{ aspectRatio: ratio }}
  93 |       >
  94 |         <ProfileImage

Parsing ecmascript source code failed

Import trace:
  Server Component:
    ./components/section-figure.tsx
    ./components/about-section.tsx
    ./app/[locale]/page.tsx @ http://localhost:3000/_next/static/chunks/node_modules_next_dist_0u_w_5s._.js:1945
[  189354ms] [ERROR] ./components/section-figure.tsx:91:9
Expected ',', got 'ident'
  89 |           only decides how much of the finished frame is showing. */}
  90 |       <div
> 91 |         className={`figure-uncover relative w-full overflow-hidden ${className}`}
     |         ^^^^^^^^^
  92 |         style={{ aspectRatio: ratio }}
  93 |       >
  94 |         <ProfileImage

Parsing ecmascript source code failed

Import trace:
  Server Component:
    ./components/section-figure.tsx
    ./components/about-section.tsx
    ./app/[locale]/page.tsx @ http://localhost:3000/_next/static/chunks/node_modules_next_dist_0u_w_5s._.js:1945
[  189417ms] [ERROR] ./components/section-figure.tsx:91:9
Expected ',', got 'ident'
  89 |           only decides how much of the finished frame is showing. */}
  90 |       <div
> 91 |         className={`figure-uncover relative w-full overflow-hidden ${className}`}
     |         ^^^^^^^^^
  92 |         style={{ aspectRatio: ratio }}
  93 |       >
  94 |         <ProfileImage

Parsing ecmascript source code failed

Import trace:
  Server Component:
    ./components/section-figure.tsx
    ./components/about-section.tsx
    ./app/[locale]/page.tsx @ http://localhost:3000/_next/static/chunks/node_modules_next_dist_0u_w_5s._.js:1945
[  189478ms] [ERROR] ./components/section-figure.tsx:91:9
Expected ',', got 'ident'
  89 |           only decides how much of the finished frame is showing. */}
  90 |       <div
> 91 |         className={`figure-uncover relative w-full overflow-hidden ${className}`}
     |         ^^^^^^^^^
  92 |         style={{ aspectRatio: ratio }}
  93 |       >
  94 |         <ProfileImage

Parsing ecmascript source code failed

Import trace:
  Server Component:
    ./components/section-figure.tsx
    ./components/about-section.tsx
    ./app/[locale]/page.tsx @ http://localhost:3000/_next/static/chunks/node_modules_next_dist_0u_w_5s._.js:1945
[  189540ms] [ERROR] ./components/section-figure.tsx:91:9
Expected ',', got 'ident'
  89 |           only decides how much of the finished frame is showing. */}
  90 |       <div
> 91 |         className={`figure-uncover relative w-full overflow-hidden ${className}`}
     |         ^^^^^^^^^
  92 |         style={{ aspectRatio: ratio }}
  93 |       >
  94 |         <ProfileImage

Parsing ecmascript source code failed

Import trace:
  Server Component:
    ./components/section-figure.tsx
    ./components/about-section.tsx
    ./app/[locale]/page.tsx @ http://localhost:3000/_next/static/chunks/node_modules_next_dist_0u_w_5s._.js:1945
[  189601ms] [ERROR] ./components/section-figure.tsx:91:9
Expected ',', got 'ident'
  89 |           only decides how much of the finished frame is showing. */}
  90 |       <div
> 91 |         className={`figure-uncover relative w-full overflow-hidden ${className}`}
     |         ^^^^^^^^^
  92 |         style={{ aspectRatio: ratio }}
  93 |       >
  94 |         <ProfileImage

Parsing ecmascript source code failed

Import trace:
  Server Component:
    ./components/section-figure.tsx
    ./components/about-section.tsx
    ./app/[locale]/page.tsx @ http://localhost:3000/_next/static/chunks/node_modules_next_dist_0u_w_5s._.js:1945
[  189663ms] [ERROR] ./components/section-figure.tsx:91:9
Expected ',', got 'ident'
  89 |           only decides how much of the finished frame is showing. */}
  90 |       <div
> 91 |         className={`figure-uncover relative w-full overflow-hidden ${className}`}
     |         ^^^^^^^^^
  92 |         style={{ aspectRatio: ratio }}
  93 |       >
  94 |         <ProfileImage

Parsing ecmascript source code failed

Import trace:
  Server Component:
    ./components/section-figure.tsx
    ./components/about-section.tsx
    ./app/[locale]/page.tsx @ http://localhost:3000/_next/static/chunks/node_modules_next_dist_0u_w_5s._.js:1945
[  189725ms] [ERROR] ./components/section-figure.tsx:91:9
Expected ',', got 'ident'
  89 |           only decides how much of the finished frame is showing. */}
  90 |       <div
> 91 |         className={`figure-uncover relative w-full overflow-hidden ${className}`}
     |         ^^^^^^^^^
  92 |         style={{ aspectRatio: ratio }}
  93 |       >
  94 |         <ProfileImage

Parsing ecmascript source code failed

Import trace:
  Server Component:
    ./components/section-figure.tsx
    ./components/about-section.tsx
    ./app/[locale]/page.tsx @ http://localhost:3000/_next/static/chunks/node_modules_next_dist_0u_w_5s._.js:1945
[  189788ms] [ERROR] ./components/section-figure.tsx:91:9
Expected ',', got 'ident'
  89 |           only decides how much of the finished frame is showing. */}
  90 |       <div
> 91 |         className={`figure-uncover relative w-full overflow-hidden ${className}`}
     |         ^^^^^^^^^
  92 |         style={{ aspectRatio: ratio }}
  93 |       >
  94 |         <ProfileImage

Parsing ecmascript source code failed

Import trace:
  Server Component:
    ./components/section-figure.tsx
    ./components/about-section.tsx
    ./app/[locale]/page.tsx @ http://localhost:3000/_next/static/chunks/node_modules_next_dist_0u_w_5s._.js:1945
[  189850ms] [ERROR] ./components/section-figure.tsx:91:9
Expected ',', got 'ident'
  89 |           only decides how much of the finished frame is showing. */}
  90 |       <div
> 91 |         className={`figure-uncover relative w-full overflow-hidden ${className}`}
     |         ^^^^^^^^^
  92 |         style={{ aspectRatio: ratio }}
  93 |       >
  94 |         <ProfileImage

Parsing ecmascript source code failed

Import trace:
  Server Component:
    ./components/section-figure.tsx
    ./components/about-section.tsx
    ./app/[locale]/page.tsx @ http://localhost:3000/_next/static/chunks/node_modules_next_dist_0u_w_5s._.js:1945
[  189911ms] [ERROR] ./components/section-figure.tsx:91:9
Expected ',', got 'ident'
  89 |           only decides how much of the finished frame is showing. */}
  90 |       <div
> 91 |         className={`figure-uncover relative w-full overflow-hidden ${className}`}
     |         ^^^^^^^^^
  92 |         style={{ aspectRatio: ratio }}
  93 |       >
  94 |         <ProfileImage

Parsing ecmascript source code failed

Import trace:
  Server Component:
    ./components/section-figure.tsx
    ./components/about-section.tsx
    ./app/[locale]/page.tsx @ http://localhost:3000/_next/static/chunks/node_modules_next_dist_0u_w_5s._.js:1945
[  189973ms] [ERROR] ./components/section-figure.tsx:91:9
Expected ',', got 'ident'
  89 |           only decides how much of the finished frame is showing. */}
  90 |       <div
> 91 |         className={`figure-uncover relative w-full overflow-hidden ${className}`}
     |         ^^^^^^^^^
  92 |         style={{ aspectRatio: ratio }}
  93 |       >
  94 |         <ProfileImage

Parsing ecmascript source code failed

Import trace:
  Server Component:
    ./components/section-figure.tsx
    ./components/about-section.tsx
    ./app/[locale]/page.tsx @ http://localhost:3000/_next/static/chunks/node_modules_next_dist_0u_w_5s._.js:1945
[  190035ms] [ERROR] ./components/section-figure.tsx:91:9
Expected ',', got 'ident'
  89 |           only decides how much of the finished frame is showing. */}
  90 |       <div
> 91 |         className={`figure-uncover relative w-full overflow-hidden ${className}`}
     |         ^^^^^^^^^
  92 |         style={{ aspectRatio: ratio }}
  93 |       >
  94 |         <ProfileImage

Parsing ecmascript source code failed

Import trace:
  Server Component:
    ./components/section-figure.tsx
    ./components/about-section.tsx
    ./app/[locale]/page.tsx @ http://localhost:3000/_next/static/chunks/node_modules_next_dist_0u_w_5s._.js:1945
[  190097ms] [ERROR] ./components/section-figure.tsx:91:9
Expected ',', got 'ident'
  89 |           only decides how much of the finished frame is showing. */}
  90 |       <div
> 91 |         className={`figure-uncover relative w-full overflow-hidden ${className}`}
     |         ^^^^^^^^^
  92 |         style={{ aspectRatio: ratio }}
  93 |       >
  94 |         <ProfileImage

Parsing ecmascript source code failed

Import trace:
  Server Component:
    ./components/section-figure.tsx
    ./components/about-section.tsx
    ./app/[locale]/page.tsx @ http://localhost:3000/_next/static/chunks/node_modules_next_dist_0u_w_5s._.js:1945
[  190160ms] [ERROR] ./components/section-figure.tsx:91:9
Expected ',', got 'ident'
  89 |           only decides how much of the finished frame is showing. */}
  90 |       <div
> 91 |         className={`figure-uncover relative w-full overflow-hidden ${className}`}
     |         ^^^^^^^^^
  92 |         style={{ aspectRatio: ratio }}
  93 |       >
  94 |         <ProfileImage

Parsing ecmascript source code failed

Import trace:
  Server Component:
    ./components/section-figure.tsx
    ./components/about-section.tsx
    ./app/[locale]/page.tsx @ http://localhost:3000/_next/static/chunks/node_modules_next_dist_0u_w_5s._.js:1945
[  190221ms] [ERROR] ./components/section-figure.tsx:91:9
Expected ',', got 'ident'
  89 |           only decides how much of the finished frame is showing. */}
  90 |       <div
> 91 |         className={`figure-uncover relative w-full overflow-hidden ${className}`}
     |         ^^^^^^^^^
  92 |         style={{ aspectRatio: ratio }}
  93 |       >
  94 |         <ProfileImage

Parsing ecmascript source code failed

Import trace:
  Server Component:
    ./components/section-figure.tsx
    ./components/about-section.tsx
    ./app/[locale]/page.tsx @ http://localhost:3000/_next/static/chunks/node_modules_next_dist_0u_w_5s._.js:1945
[  190283ms] [ERROR] ./components/section-figure.tsx:91:9
Expected ',', got 'ident'
  89 |           only decides how much of the finished frame is showing. */}
  90 |       <div
> 91 |         className={`figure-uncover relative w-full overflow-hidden ${className}`}
     |         ^^^^^^^^^
  92 |         style={{ aspectRatio: ratio }}
  93 |       >
  94 |         <ProfileImage

Parsing ecmascript source code failed

Import trace:
  Server Component:
    ./components/section-figure.tsx
    ./components/about-section.tsx
    ./app/[locale]/page.tsx @ http://localhost:3000/_next/static/chunks/node_modules_next_dist_0u_w_5s._.js:1945
[  190346ms] [ERROR] ./components/section-figure.tsx:91:9
Expected ',', got 'ident'
  89 |           only decides how much of the finished frame is showing. */}
  90 |       <div
> 91 |         className={`figure-uncover relative w-full overflow-hidden ${className}`}
     |         ^^^^^^^^^
  92 |         style={{ aspectRatio: ratio }}
  93 |       >
  94 |         <ProfileImage

Parsing ecmascript source code failed

Import trace:
  Server Component:
    ./components/section-figure.tsx
    ./components/about-section.tsx
    ./app/[locale]/page.tsx @ http://localhost:3000/_next/static/chunks/node_modules_next_dist_0u_w_5s._.js:1945
[  190408ms] [ERROR] ./components/section-figure.tsx:91:9
Expected ',', got 'ident'
  89 |           only decides how much of the finished frame is showing. */}
  90 |       <div
> 91 |         className={`figure-uncover relative w-full overflow-hidden ${className}`}
     |         ^^^^^^^^^
  92 |         style={{ aspectRatio: ratio }}
  93 |       >
  94 |         <ProfileImage

Parsing ecmascript source code failed

Import trace:
  Server Component:
    ./components/section-figure.tsx
    ./components/about-section.tsx
    ./app/[locale]/page.tsx @ http://localhost:3000/_next/static/chunks/node_modules_next_dist_0u_w_5s._.js:1945
[  190471ms] [ERROR] ./components/section-figure.tsx:91:9
Expected ',', got 'ident'
  89 |           only decides how much of the finished frame is showing. */}
  90 |       <div
> 91 |         className={`figure-uncover relative w-full overflow-hidden ${className}`}
     |         ^^^^^^^^^
  92 |         style={{ aspectRatio: ratio }}
  93 |       >
  94 |         <ProfileImage

Parsing ecmascript source code failed

Import trace:
  Server Component:
    ./components/section-figure.tsx
    ./components/about-section.tsx
    ./app/[locale]/page.tsx @ http://localhost:3000/_next/static/chunks/node_modules_next_dist_0u_w_5s._.js:1945
[  190533ms] [ERROR] ./components/section-figure.tsx:91:9
Expected ',', got 'ident'
  89 |           only decides how much of the finished frame is showing. */}
  90 |       <div
> 91 |         className={`figure-uncover relative w-full overflow-hidden ${className}`}
     |         ^^^^^^^^^
  92 |         style={{ aspectRatio: ratio }}
  93 |       >
  94 |         <ProfileImage

Parsing ecmascript source code failed

Import trace:
  Server Component:
    ./components/section-figure.tsx
    ./components/about-section.tsx
    ./app/[locale]/page.tsx @ http://localhost:3000/_next/static/chunks/node_modules_next_dist_0u_w_5s._.js:1945
[  190594ms] [ERROR] ./components/section-figure.tsx:91:9
Expected ',', got 'ident'
  89 |           only decides how much of the finished frame is showing. */}
  90 |       <div
> 91 |         className={`figure-uncover relative w-full overflow-hidden ${className}`}
     |         ^^^^^^^^^
  92 |         style={{ aspectRatio: ratio }}
  93 |       >
  94 |         <ProfileImage

Parsing ecmascript source code failed

Import trace:
  Server Component:
    ./components/section-figure.tsx
    ./components/about-section.tsx
    ./app/[locale]/page.tsx @ http://localhost:3000/_next/static/chunks/node_modules_next_dist_0u_w_5s._.js:1945
[  190654ms] [ERROR] ./components/section-figure.tsx:91:9
Expected ',', got 'ident'
  89 |           only decides how much of the finished frame is showing. */}
  90 |       <div
> 91 |         className={`figure-uncover relative w-full overflow-hidden ${className}`}
     |         ^^^^^^^^^
  92 |         style={{ aspectRatio: ratio }}
  93 |       >
  94 |         <ProfileImage

Parsing ecmascript source code failed

Import trace:
  Server Component:
    ./components/section-figure.tsx
    ./components/about-section.tsx
    ./app/[locale]/page.tsx @ http://localhost:3000/_next/static/chunks/node_modules_next_dist_0u_w_5s._.js:1945
[  190716ms] [ERROR] ./components/section-figure.tsx:91:9
Expected ',', got 'ident'
  89 |           only decides how much of the finished frame is showing. */}
  90 |       <div
> 91 |         className={`figure-uncover relative w-full overflow-hidden ${className}`}
     |         ^^^^^^^^^
  92 |         style={{ aspectRatio: ratio }}
  93 |       >
  94 |         <ProfileImage

Parsing ecmascript source code failed

Import trace:
  Server Component:
    ./components/section-figure.tsx
    ./components/about-section.tsx
    ./app/[locale]/page.tsx @ http://localhost:3000/_next/static/chunks/node_modules_next_dist_0u_w_5s._.js:1945
[  190777ms] [ERROR] ./components/section-figure.tsx:91:9
Expected ',', got 'ident'
  89 |           only decides how much of the finished frame is showing. */}
  90 |       <div
> 91 |         className={`figure-uncover relative w-full overflow-hidden ${className}`}
     |         ^^^^^^^^^
  92 |         style={{ aspectRatio: ratio }}
  93 |       >
  94 |         <ProfileImage

Parsing ecmascript source code failed

Import trace:
  Server Component:
    ./components/section-figure.tsx
    ./components/about-section.tsx
    ./app/[locale]/page.tsx @ http://localhost:3000/_next/static/chunks/node_modules_next_dist_0u_w_5s._.js:1945
[  190842ms] [ERROR] ./components/section-figure.tsx:91:9
Expected ',', got 'ident'
  89 |           only decides how much of the finished frame is showing. */}
  90 |       <div
> 91 |         className={`figure-uncover relative w-full overflow-hidden ${className}`}
     |         ^^^^^^^^^
  92 |         style={{ aspectRatio: ratio }}
  93 |       >
  94 |         <ProfileImage

Parsing ecmascript source code failed

Import trace:
  Server Component:
    ./components/section-figure.tsx
    ./components/about-section.tsx
    ./app/[locale]/page.tsx @ http://localhost:3000/_next/static/chunks/node_modules_next_dist_0u_w_5s._.js:1945
[  190903ms] [ERROR] ./components/section-figure.tsx:91:9
Expected ',', got 'ident'
  89 |           only decides how much of the finished frame is showing. */}
  90 |       <div
> 91 |         className={`figure-uncover relative w-full overflow-hidden ${className}`}
     |         ^^^^^^^^^
  92 |         style={{ aspectRatio: ratio }}
  93 |       >
  94 |         <ProfileImage

Parsing ecmascript source code failed

Import trace:
  Server Component:
    ./components/section-figure.tsx
    ./components/about-section.tsx
    ./app/[locale]/page.tsx @ http://localhost:3000/_next/static/chunks/node_modules_next_dist_0u_w_5s._.js:1945
[  190965ms] [ERROR] ./components/section-figure.tsx:91:9
Expected ',', got 'ident'
  89 |           only decides how much of the finished frame is showing. */}
  90 |       <div
> 91 |         className={`figure-uncover relative w-full overflow-hidden ${className}`}
     |         ^^^^^^^^^
  92 |         style={{ aspectRatio: ratio }}
  93 |       >
  94 |         <ProfileImage

Parsing ecmascript source code failed

Import trace:
  Server Component:
    ./components/section-figure.tsx
    ./components/about-section.tsx
    ./app/[locale]/page.tsx @ http://localhost:3000/_next/static/chunks/node_modules_next_dist_0u_w_5s._.js:1945
[  191027ms] [ERROR] ./components/section-figure.tsx:91:9
Expected ',', got 'ident'
  89 |           only decides how much of the finished frame is showing. */}
  90 |       <div
> 91 |         className={`figure-uncover relative w-full overflow-hidden ${className}`}
     |         ^^^^^^^^^
  92 |         style={{ aspectRatio: ratio }}
  93 |       >
  94 |         <ProfileImage

Parsing ecmascript source code failed

Import trace:
  Server Component:
    ./components/section-figure.tsx
    ./components/about-section.tsx
    ./app/[locale]/page.tsx @ http://localhost:3000/_next/static/chunks/node_modules_next_dist_0u_w_5s._.js:1945
[  191089ms] [ERROR] ./components/section-figure.tsx:91:9
Expected ',', got 'ident'
  89 |           only decides how much of the finished frame is showing. */}
  90 |       <div
> 91 |         className={`figure-uncover relative w-full overflow-hidden ${className}`}
     |         ^^^^^^^^^
  92 |         style={{ aspectRatio: ratio }}
  93 |       >
  94 |         <ProfileImage

Parsing ecmascript source code failed

Import trace:
  Server Component:
    ./components/section-figure.tsx
    ./components/about-section.tsx
    ./app/[locale]/page.tsx @ http://localhost:3000/_next/static/chunks/node_modules_next_dist_0u_w_5s._.js:1945
[  191151ms] [ERROR] ./components/section-figure.tsx:91:9
Expected ',', got 'ident'
  89 |           only decides how much of the finished frame is showing. */}
  90 |       <div
> 91 |         className={`figure-uncover relative w-full overflow-hidden ${className}`}
     |         ^^^^^^^^^
  92 |         style={{ aspectRatio: ratio }}
  93 |       >
  94 |         <ProfileImage

Parsing ecmascript source code failed

Import trace:
  Server Component:
    ./components/section-figure.tsx
    ./components/about-section.tsx
    ./app/[locale]/page.tsx @ http://localhost:3000/_next/static/chunks/node_modules_next_dist_0u_w_5s._.js:1945
[  191214ms] [ERROR] ./components/section-figure.tsx:91:9
Expected ',', got 'ident'
  89 |           only decides how much of the finished frame is showing. */}
  90 |       <div
> 91 |         className={`figure-uncover relative w-full overflow-hidden ${className}`}
     |         ^^^^^^^^^
  92 |         style={{ aspectRatio: ratio }}
  93 |       >
  94 |         <ProfileImage

Parsing ecmascript source code failed

Import trace:
  Server Component:
    ./components/section-figure.tsx
    ./components/about-section.tsx
    ./app/[locale]/page.tsx @ http://localhost:3000/_next/static/chunks/node_modules_next_dist_0u_w_5s._.js:1945
[  191277ms] [ERROR] ./components/section-figure.tsx:91:9
Expected ',', got 'ident'
  89 |           only decides how much of the finished frame is showing. */}
  90 |       <div
> 91 |         className={`figure-uncover relative w-full overflow-hidden ${className}`}
     |         ^^^^^^^^^
  92 |         style={{ aspectRatio: ratio }}
  93 |       >
  94 |         <ProfileImage

Parsing ecmascript source code failed

Import trace:
  Server Component:
    ./components/section-figure.tsx
    ./components/about-section.tsx
    ./app/[locale]/page.tsx @ http://localhost:3000/_next/static/chunks/node_modules_next_dist_0u_w_5s._.js:1945
[  191340ms] [ERROR] ./components/section-figure.tsx:91:9
Expected ',', got 'ident'
  89 |           only decides how much of the finished frame is showing. */}
  90 |       <div
> 91 |         className={`figure-uncover relative w-full overflow-hidden ${className}`}
     |         ^^^^^^^^^
  92 |         style={{ aspectRatio: ratio }}
  93 |       >
  94 |         <ProfileImage

Parsing ecmascript source code failed

Import trace:
  Server Component:
    ./components/section-figure.tsx
    ./components/about-section.tsx
    ./app/[locale]/page.tsx @ http://localhost:3000/_next/static/chunks/node_modules_next_dist_0u_w_5s._.js:1945
[  191403ms] [ERROR] ./components/section-figure.tsx:91:9
Expected ',', got 'ident'
  89 |           only decides how much of the finished frame is showing. */}
  90 |       <div
> 91 |         className={`figure-uncover relative w-full overflow-hidden ${className}`}
     |         ^^^^^^^^^
  92 |         style={{ aspectRatio: ratio }}
  93 |       >
  94 |         <ProfileImage

Parsing ecmascript source code failed

Import trace:
  Server Component:
    ./components/section-figure.tsx
    ./components/about-section.tsx
    ./app/[locale]/page.tsx @ http://localhost:3000/_next/static/chunks/node_modules_next_dist_0u_w_5s._.js:1945
[  191464ms] [ERROR] ./components/section-figure.tsx:91:9
Expected ',', got 'ident'
  89 |           only decides how much of the finished frame is showing. */}
  90 |       <div
> 91 |         className={`figure-uncover relative w-full overflow-hidden ${className}`}
     |         ^^^^^^^^^
  92 |         style={{ aspectRatio: ratio }}
  93 |       >
  94 |         <ProfileImage

Parsing ecmascript source code failed

Import trace:
  Server Component:
    ./components/section-figure.tsx
    ./components/about-section.tsx
    ./app/[locale]/page.tsx @ http://localhost:3000/_next/static/chunks/node_modules_next_dist_0u_w_5s._.js:1945
[  191527ms] [ERROR] ./components/section-figure.tsx:91:9
Expected ',', got 'ident'
  89 |           only decides how much of the finished frame is showing. */}
  90 |       <div
> 91 |         className={`figure-uncover relative w-full overflow-hidden ${className}`}
     |         ^^^^^^^^^
  92 |         style={{ aspectRatio: ratio }}
  93 |       >
  94 |         <ProfileImage

Parsing ecmascript source code failed

Import trace:
  Server Component:
    ./components/section-figure.tsx
    ./components/about-section.tsx
    ./app/[locale]/page.tsx @ http://localhost:3000/_next/static/chunks/node_modules_next_dist_0u_w_5s._.js:1945
[  191589ms] [ERROR] ./components/section-figure.tsx:91:9
Expected ',', got 'ident'
  89 |           only decides how much of the finished frame is showing. */}
  90 |       <div
> 91 |         className={`figure-uncover relative w-full overflow-hidden ${className}`}
     |         ^^^^^^^^^
  92 |         style={{ aspectRatio: ratio }}
  93 |       >
  94 |         <ProfileImage

Parsing ecmascript source code failed

Import trace:
  Server Component:
    ./components/section-figure.tsx
    ./components/about-section.tsx
    ./app/[locale]/page.tsx @ http://localhost:3000/_next/static/chunks/node_modules_next_dist_0u_w_5s._.js:1945
[  191652ms] [ERROR] ./components/section-figure.tsx:91:9
Expected ',', got 'ident'
  89 |           only decides how much of the finished frame is showing. */}
  90 |       <div
> 91 |         className={`figure-uncover relative w-full overflow-hidden ${className}`}
     |         ^^^^^^^^^
  92 |         style={{ aspectRatio: ratio }}
  93 |       >
  94 |         <ProfileImage

Parsing ecmascript source code failed

Import trace:
  Server Component:
    ./components/section-figure.tsx
    ./components/about-section.tsx
    ./app/[locale]/page.tsx @ http://localhost:3000/_next/static/chunks/node_modules_next_dist_0u_w_5s._.js:1945
[  191714ms] [ERROR] ./components/section-figure.tsx:91:9
Expected ',', got 'ident'
  89 |           only decides how much of the finished frame is showing. */}
  90 |       <div
> 91 |         className={`figure-uncover relative w-full overflow-hidden ${className}`}
     |         ^^^^^^^^^
  92 |         style={{ aspectRatio: ratio }}
  93 |       >
  94 |         <ProfileImage

Parsing ecmascript source code failed

Import trace:
  Server Component:
    ./components/section-figure.tsx
    ./components/about-section.tsx
    ./app/[locale]/page.tsx @ http://localhost:3000/_next/static/chunks/node_modules_next_dist_0u_w_5s._.js:1945
[  191776ms] [ERROR] ./components/section-figure.tsx:91:9
Expected ',', got 'ident'
  89 |           only decides how much of the finished frame is showing. */}
  90 |       <div
> 91 |         className={`figure-uncover relative w-full overflow-hidden ${className}`}
     |         ^^^^^^^^^
  92 |         style={{ aspectRatio: ratio }}
  93 |       >
  94 |         <ProfileImage

Parsing ecmascript source code failed

Import trace:
  Server Component:
    ./components/section-figure.tsx
    ./components/about-section.tsx
    ./app/[locale]/page.tsx @ http://localhost:3000/_next/static/chunks/node_modules_next_dist_0u_w_5s._.js:1945
[  191838ms] [ERROR] ./components/section-figure.tsx:91:9
Expected ',', got 'ident'
  89 |           only decides how much of the finished frame is showing. */}
  90 |       <div
> 91 |         className={`figure-uncover relative w-full overflow-hidden ${className}`}
     |         ^^^^^^^^^
  92 |         style={{ aspectRatio: ratio }}
  93 |       >
  94 |         <ProfileImage

Parsing ecmascript source code failed

Import trace:
  Server Component:
    ./components/section-figure.tsx
    ./components/about-section.tsx
    ./app/[locale]/page.tsx @ http://localhost:3000/_next/static/chunks/node_modules_next_dist_0u_w_5s._.js:1945
[  191899ms] [ERROR] ./components/section-figure.tsx:91:9
Expected ',', got 'ident'
  89 |           only decides how much of the finished frame is showing. */}
  90 |       <div
> 91 |         className={`figure-uncover relative w-full overflow-hidden ${className}`}
     |         ^^^^^^^^^
  92 |         style={{ aspectRatio: ratio }}
  93 |       >
  94 |         <ProfileImage

Parsing ecmascript source code failed

Import trace:
  Server Component:
    ./components/section-figure.tsx
    ./components/about-section.tsx
    ./app/[locale]/page.tsx @ http://localhost:3000/_next/static/chunks/node_modules_next_dist_0u_w_5s._.js:1945
[  191961ms] [ERROR] ./components/section-figure.tsx:91:9
Expected ',', got 'ident'
  89 |           only decides how much of the finished frame is showing. */}
  90 |       <div
> 91 |         className={`figure-uncover relative w-full overflow-hidden ${className}`}
     |         ^^^^^^^^^
  92 |         style={{ aspectRatio: ratio }}
  93 |       >
  94 |         <ProfileImage

Parsing ecmascript source code failed

Import trace:
  Server Component:
    ./components/section-figure.tsx
    ./components/about-section.tsx
    ./app/[locale]/page.tsx @ http://localhost:3000/_next/static/chunks/node_modules_next_dist_0u_w_5s._.js:1945
[  192022ms] [ERROR] ./components/section-figure.tsx:91:9
Expected ',', got 'ident'
  89 |           only decides how much of the finished frame is showing. */}
  90 |       <div
> 91 |         className={`figure-uncover relative w-full overflow-hidden ${className}`}
     |         ^^^^^^^^^
  92 |         style={{ aspectRatio: ratio }}
  93 |       >
  94 |         <ProfileImage

Parsing ecmascript source code failed

Import trace:
  Server Component:
    ./components/section-figure.tsx
    ./components/about-section.tsx
    ./app/[locale]/page.tsx @ http://localhost:3000/_next/static/chunks/node_modules_next_dist_0u_w_5s._.js:1945
[  192083ms] [ERROR] ./components/section-figure.tsx:91:9
Expected ',', got 'ident'
  89 |           only decides how much of the finished frame is showing. */}
  90 |       <div
> 91 |         className={`figure-uncover relative w-full overflow-hidden ${className}`}
     |         ^^^^^^^^^
  92 |         style={{ aspectRatio: ratio }}
  93 |       >
  94 |         <ProfileImage

Parsing ecmascript source code failed

Import trace:
  Server Component:
    ./components/section-figure.tsx
    ./components/about-section.tsx
    ./app/[locale]/page.tsx @ http://localhost:3000/_next/static/chunks/node_modules_next_dist_0u_w_5s._.js:1945
[  192143ms] [ERROR] ./components/section-figure.tsx:91:9
Expected ',', got 'ident'
  89 |           only decides how much of the finished frame is showing. */}
  90 |       <div
> 91 |         className={`figure-uncover relative w-full overflow-hidden ${className}`}
     |         ^^^^^^^^^
  92 |         style={{ aspectRatio: ratio }}
  93 |       >
  94 |         <ProfileImage

Parsing ecmascript source code failed

Import trace:
  Server Component:
    ./components/section-figure.tsx
    ./components/about-section.tsx
    ./app/[locale]/page.tsx @ http://localhost:3000/_next/static/chunks/node_modules_next_dist_0u_w_5s._.js:1945
[  192204ms] [ERROR] ./components/section-figure.tsx:91:9
Expected ',', got 'ident'
  89 |           only decides how much of the finished frame is showing. */}
  90 |       <div
> 91 |         className={`figure-uncover relative w-full overflow-hidden ${className}`}
     |         ^^^^^^^^^
  92 |         style={{ aspectRatio: ratio }}
  93 |       >
  94 |         <ProfileImage

Parsing ecmascript source code failed

Import trace:
  Server Component:
    ./components/section-figure.tsx
    ./components/about-section.tsx
    ./app/[locale]/page.tsx @ http://localhost:3000/_next/static/chunks/node_modules_next_dist_0u_w_5s._.js:1945
[  192265ms] [ERROR] ./components/section-figure.tsx:91:9
Expected ',', got 'ident'
  89 |           only decides how much of the finished frame is showing. */}
  90 |       <div
> 91 |         className={`figure-uncover relative w-full overflow-hidden ${className}`}
     |         ^^^^^^^^^
  92 |         style={{ aspectRatio: ratio }}
  93 |       >
  94 |         <ProfileImage

Parsing ecmascript source code failed

Import trace:
  Server Component:
    ./components/section-figure.tsx
    ./components/about-section.tsx
    ./app/[locale]/page.tsx @ http://localhost:3000/_next/static/chunks/node_modules_next_dist_0u_w_5s._.js:1945
[  192327ms] [ERROR] ./components/section-figure.tsx:91:9
Expected ',', got 'ident'
  89 |           only decides how much of the finished frame is showing. */}
  90 |       <div
> 91 |         className={`figure-uncover relative w-full overflow-hidden ${className}`}
     |         ^^^^^^^^^
  92 |         style={{ aspectRatio: ratio }}
  93 |       >
  94 |         <ProfileImage

Parsing ecmascript source code failed

Import trace:
  Server Component:
    ./components/section-figure.tsx
    ./components/about-section.tsx
    ./app/[locale]/page.tsx @ http://localhost:3000/_next/static/chunks/node_modules_next_dist_0u_w_5s._.js:1945
[  192389ms] [ERROR] ./components/section-figure.tsx:91:9
Expected ',', got 'ident'
  89 |           only decides how much of the finished frame is showing. */}
  90 |       <div
> 91 |         className={`figure-uncover relative w-full overflow-hidden ${className}`}
     |         ^^^^^^^^^
  92 |         style={{ aspectRatio: ratio }}
  93 |       >
  94 |         <ProfileImage

Parsing ecmascript source code failed

Import trace:
  Server Component:
    ./components/section-figure.tsx
    ./components/about-section.tsx
    ./app/[locale]/page.tsx @ http://localhost:3000/_next/static/chunks/node_modules_next_dist_0u_w_5s._.js:1945
[  192451ms] [ERROR] ./components/section-figure.tsx:91:9
Expected ',', got 'ident'
  89 |           only decides how much of the finished frame is showing. */}
  90 |       <div
> 91 |         className={`figure-uncover relative w-full overflow-hidden ${className}`}
     |         ^^^^^^^^^
  92 |         style={{ aspectRatio: ratio }}
  93 |       >
  94 |         <ProfileImage

Parsing ecmascript source code failed

Import trace:
  Server Component:
    ./components/section-figure.tsx
    ./components/about-section.tsx
    ./app/[locale]/page.tsx @ http://localhost:3000/_next/static/chunks/node_modules_next_dist_0u_w_5s._.js:1945
[  192512ms] [ERROR] ./components/section-figure.tsx:91:9
Expected ',', got 'ident'
  89 |           only decides how much of the finished frame is showing. */}
  90 |       <div
> 91 |         className={`figure-uncover relative w-full overflow-hidden ${className}`}
     |         ^^^^^^^^^
  92 |         style={{ aspectRatio: ratio }}
  93 |       >
  94 |         <ProfileImage

Parsing ecmascript source code failed

Import trace:
  Server Component:
    ./components/section-figure.tsx
    ./components/about-section.tsx
    ./app/[locale]/page.tsx @ http://localhost:3000/_next/static/chunks/node_modules_next_dist_0u_w_5s._.js:1945
[  192573ms] [ERROR] ./components/section-figure.tsx:91:9
Expected ',', got 'ident'
  89 |           only decides how much of the finished frame is showing. */}
  90 |       <div
> 91 |         className={`figure-uncover relative w-full overflow-hidden ${className}`}
     |         ^^^^^^^^^
  92 |         style={{ aspectRatio: ratio }}
  93 |       >
  94 |         <ProfileImage

Parsing ecmascript source code failed

Import trace:
  Server Component:
    ./components/section-figure.tsx
    ./components/about-section.tsx
    ./app/[locale]/page.tsx @ http://localhost:3000/_next/static/chunks/node_modules_next_dist_0u_w_5s._.js:1945
[  192634ms] [ERROR] ./components/section-figure.tsx:91:9
Expected ',', got 'ident'
  89 |           only decides how much of the finished frame is showing. */}
  90 |       <div
> 91 |         className={`figure-uncover relative w-full overflow-hidden ${className}`}
     |         ^^^^^^^^^
  92 |         style={{ aspectRatio: ratio }}
  93 |       >
  94 |         <ProfileImage

Parsing ecmascript source code failed

Import trace:
  Server Component:
    ./components/section-figure.tsx
    ./components/about-section.tsx
    ./app/[locale]/page.tsx @ http://localhost:3000/_next/static/chunks/node_modules_next_dist_0u_w_5s._.js:1945
[  192697ms] [ERROR] ./components/section-figure.tsx:91:9
Expected ',', got 'ident'
  89 |           only decides how much of the finished frame is showing. */}
  90 |       <div
> 91 |         className={`figure-uncover relative w-full overflow-hidden ${className}`}
     |         ^^^^^^^^^
  92 |         style={{ aspectRatio: ratio }}
  93 |       >
  94 |         <ProfileImage

Parsing ecmascript source code failed

Import trace:
  Server Component:
    ./components/section-figure.tsx
    ./components/about-section.tsx
    ./app/[locale]/page.tsx @ http://localhost:3000/_next/static/chunks/node_modules_next_dist_0u_w_5s._.js:1945
[  192757ms] [ERROR] ./components/section-figure.tsx:91:9
Expected ',', got 'ident'
  89 |           only decides how much of the finished frame is showing. */}
  90 |       <div
> 91 |         className={`figure-uncover relative w-full overflow-hidden ${className}`}
     |         ^^^^^^^^^
  92 |         style={{ aspectRatio: ratio }}
  93 |       >
  94 |         <ProfileImage

Parsing ecmascript source code failed

Import trace:
  Server Component:
    ./components/section-figure.tsx
    ./components/about-section.tsx
    ./app/[locale]/page.tsx @ http://localhost:3000/_next/static/chunks/node_modules_next_dist_0u_w_5s._.js:1945
[  192821ms] [ERROR] ./components/section-figure.tsx:91:9
Expected ',', got 'ident'
  89 |           only decides how much of the finished frame is showing. */}
  90 |       <div
> 91 |         className={`figure-uncover relative w-full overflow-hidden ${className}`}
     |         ^^^^^^^^^
  92 |         style={{ aspectRatio: ratio }}
  93 |       >
  94 |         <ProfileImage

Parsing ecmascript source code failed

Import trace:
  Server Component:
    ./components/section-figure.tsx
    ./components/about-section.tsx
    ./app/[locale]/page.tsx @ http://localhost:3000/_next/static/chunks/node_modules_next_dist_0u_w_5s._.js:1945
[  192884ms] [ERROR] ./components/section-figure.tsx:91:9
Expected ',', got 'ident'
  89 |           only decides how much of the finished frame is showing. */}
  90 |       <div
> 91 |         className={`figure-uncover relative w-full overflow-hidden ${className}`}
     |         ^^^^^^^^^
  92 |         style={{ aspectRatio: ratio }}
  93 |       >
  94 |         <ProfileImage

Parsing ecmascript source code failed

Import trace:
  Server Component:
    ./components/section-figure.tsx
    ./components/about-section.tsx
    ./app/[locale]/page.tsx @ http://localhost:3000/_next/static/chunks/node_modules_next_dist_0u_w_5s._.js:1945
[  192946ms] [ERROR] ./components/section-figure.tsx:91:9
Expected ',', got 'ident'
  89 |           only decides how much of the finished frame is showing. */}
  90 |       <div
> 91 |         className={`figure-uncover relative w-full overflow-hidden ${className}`}
     |         ^^^^^^^^^
  92 |         style={{ aspectRatio: ratio }}
  93 |       >
  94 |         <ProfileImage

Parsing ecmascript source code failed

Import trace:
  Server Component:
    ./components/section-figure.tsx
    ./components/about-section.tsx
    ./app/[locale]/page.tsx @ http://localhost:3000/_next/static/chunks/node_modules_next_dist_0u_w_5s._.js:1945
[  193007ms] [ERROR] ./components/section-figure.tsx:91:9
Expected ',', got 'ident'
  89 |           only decides how much of the finished frame is showing. */}
  90 |       <div
> 91 |         className={`figure-uncover relative w-full overflow-hidden ${className}`}
     |         ^^^^^^^^^
  92 |         style={{ aspectRatio: ratio }}
  93 |       >
  94 |         <ProfileImage

Parsing ecmascript source code failed

Import trace:
  Server Component:
    ./components/section-figure.tsx
    ./components/about-section.tsx
    ./app/[locale]/page.tsx @ http://localhost:3000/_next/static/chunks/node_modules_next_dist_0u_w_5s._.js:1945
[  193069ms] [ERROR] ./components/section-figure.tsx:91:9
Expected ',', got 'ident'
  89 |           only decides how much of the finished frame is showing. */}
  90 |       <div
> 91 |         className={`figure-uncover relative w-full overflow-hidden ${className}`}
     |         ^^^^^^^^^
  92 |         style={{ aspectRatio: ratio }}
  93 |       >
  94 |         <ProfileImage

Parsing ecmascript source code failed

Import trace:
  Server Component:
    ./components/section-figure.tsx
    ./components/about-section.tsx
    ./app/[locale]/page.tsx @ http://localhost:3000/_next/static/chunks/node_modules_next_dist_0u_w_5s._.js:1945
[  193130ms] [ERROR] ./components/section-figure.tsx:91:9
Expected ',', got 'ident'
  89 |           only decides how much of the finished frame is showing. */}
  90 |       <div
> 91 |         className={`figure-uncover relative w-full overflow-hidden ${className}`}
     |         ^^^^^^^^^
  92 |         style={{ aspectRatio: ratio }}
  93 |       >
  94 |         <ProfileImage

Parsing ecmascript source code failed

Import trace:
  Server Component:
    ./components/section-figure.tsx
    ./components/about-section.tsx
    ./app/[locale]/page.tsx @ http://localhost:3000/_next/static/chunks/node_modules_next_dist_0u_w_5s._.js:1945
[  193192ms] [ERROR] ./components/section-figure.tsx:91:9
Expected ',', got 'ident'
  89 |           only decides how much of the finished frame is showing. */}
  90 |       <div
> 91 |         className={`figure-uncover relative w-full overflow-hidden ${className}`}
     |         ^^^^^^^^^
  92 |         style={{ aspectRatio: ratio }}
  93 |       >
  94 |         <ProfileImage

Parsing ecmascript source code failed

Import trace:
  Server Component:
    ./components/section-figure.tsx
    ./components/about-section.tsx
    ./app/[locale]/page.tsx @ http://localhost:3000/_next/static/chunks/node_modules_next_dist_0u_w_5s._.js:1945
[  193255ms] [ERROR] ./components/section-figure.tsx:91:9
Expected ',', got 'ident'
  89 |           only decides how much of the finished frame is showing. */}
  90 |       <div
> 91 |         className={`figure-uncover relative w-full overflow-hidden ${className}`}
     |         ^^^^^^^^^
  92 |         style={{ aspectRatio: ratio }}
  93 |       >
  94 |         <ProfileImage

Parsing ecmascript source code failed

Import trace:
  Server Component:
    ./components/section-figure.tsx
    ./components/about-section.tsx
    ./app/[locale]/page.tsx @ http://localhost:3000/_next/static/chunks/node_modules_next_dist_0u_w_5s._.js:1945
[  193319ms] [ERROR] ./components/section-figure.tsx:91:9
Expected ',', got 'ident'
  89 |           only decides how much of the finished frame is showing. */}
  90 |       <div
> 91 |         className={`figure-uncover relative w-full overflow-hidden ${className}`}
     |         ^^^^^^^^^
  92 |         style={{ aspectRatio: ratio }}
  93 |       >
  94 |         <ProfileImage

Parsing ecmascript source code failed

Import trace:
  Server Component:
    ./components/section-figure.tsx
    ./components/about-section.tsx
    ./app/[locale]/page.tsx @ http://localhost:3000/_next/static/chunks/node_modules_next_dist_0u_w_5s._.js:1945
[  193381ms] [ERROR] ./components/section-figure.tsx:91:9
Expected ',', got 'ident'
  89 |           only decides how much of the finished frame is showing. */}
  90 |       <div
> 91 |         className={`figure-uncover relative w-full overflow-hidden ${className}`}
     |         ^^^^^^^^^
  92 |         style={{ aspectRatio: ratio }}
  93 |       >
  94 |         <ProfileImage

Parsing ecmascript source code failed

Import trace:
  Server Component:
    ./components/section-figure.tsx
    ./components/about-section.tsx
    ./app/[locale]/page.tsx @ http://localhost:3000/_next/static/chunks/node_modules_next_dist_0u_w_5s._.js:1945
[  193444ms] [ERROR] ./components/section-figure.tsx:91:9
Expected ',', got 'ident'
  89 |           only decides how much of the finished frame is showing. */}
  90 |       <div
> 91 |         className={`figure-uncover relative w-full overflow-hidden ${className}`}
     |         ^^^^^^^^^
  92 |         style={{ aspectRatio: ratio }}
  93 |       >
  94 |         <ProfileImage

Parsing ecmascript source code failed

Import trace:
  Server Component:
    ./components/section-figure.tsx
    ./components/about-section.tsx
    ./app/[locale]/page.tsx @ http://localhost:3000/_next/static/chunks/node_modules_next_dist_0u_w_5s._.js:1945
[  193504ms] [ERROR] ./components/section-figure.tsx:91:9
Expected ',', got 'ident'
  89 |           only decides how much of the finished frame is showing. */}
  90 |       <div
> 91 |         className={`figure-uncover relative w-full overflow-hidden ${className}`}
     |         ^^^^^^^^^
  92 |         style={{ aspectRatio: ratio }}
  93 |       >
  94 |         <ProfileImage

Parsing ecmascript source code failed

Import trace:
  Server Component:
    ./components/section-figure.tsx
    ./components/about-section.tsx
    ./app/[locale]/page.tsx @ http://localhost:3000/_next/static/chunks/node_modules_next_dist_0u_w_5s._.js:1945
[  193566ms] [ERROR] ./components/section-figure.tsx:91:9
Expected ',', got 'ident'
  89 |           only decides how much of the finished frame is showing. */}
  90 |       <div
> 91 |         className={`figure-uncover relative w-full overflow-hidden ${className}`}
     |         ^^^^^^^^^
  92 |         style={{ aspectRatio: ratio }}
  93 |       >
  94 |         <ProfileImage

Parsing ecmascript source code failed

Import trace:
  Server Component:
    ./components/section-figure.tsx
    ./components/about-section.tsx
    ./app/[locale]/page.tsx @ http://localhost:3000/_next/static/chunks/node_modules_next_dist_0u_w_5s._.js:1945
[  193628ms] [ERROR] ./components/section-figure.tsx:91:9
Expected ',', got 'ident'
  89 |           only decides how much of the finished frame is showing. */}
  90 |       <div
> 91 |         className={`figure-uncover relative w-full overflow-hidden ${className}`}
     |         ^^^^^^^^^
  92 |         style={{ aspectRatio: ratio }}
  93 |       >
  94 |         <ProfileImage

Parsing ecmascript source code failed

Import trace:
  Server Component:
    ./components/section-figure.tsx
    ./components/about-section.tsx
    ./app/[locale]/page.tsx @ http://localhost:3000/_next/static/chunks/node_modules_next_dist_0u_w_5s._.js:1945
[  193690ms] [ERROR] ./components/section-figure.tsx:91:9
Expected ',', got 'ident'
  89 |           only decides how much of the finished frame is showing. */}
  90 |       <div
> 91 |         className={`figure-uncover relative w-full overflow-hidden ${className}`}
     |         ^^^^^^^^^
  92 |         style={{ aspectRatio: ratio }}
  93 |       >
  94 |         <ProfileImage

Parsing ecmascript source code failed

Import trace:
  Server Component:
    ./components/section-figure.tsx
    ./components/about-section.tsx
    ./app/[locale]/page.tsx @ http://localhost:3000/_next/static/chunks/node_modules_next_dist_0u_w_5s._.js:1945
[  193752ms] [ERROR] ./components/section-figure.tsx:91:9
Expected ',', got 'ident'
  89 |           only decides how much of the finished frame is showing. */}
  90 |       <div
> 91 |         className={`figure-uncover relative w-full overflow-hidden ${className}`}
     |         ^^^^^^^^^
  92 |         style={{ aspectRatio: ratio }}
  93 |       >
  94 |         <ProfileImage

Parsing ecmascript source code failed

Import trace:
  Server Component:
    ./components/section-figure.tsx
    ./components/about-section.tsx
    ./app/[locale]/page.tsx @ http://localhost:3000/_next/static/chunks/node_modules_next_dist_0u_w_5s._.js:1945
[  193813ms] [ERROR] ./components/section-figure.tsx:91:9
Expected ',', got 'ident'
  89 |           only decides how much of the finished frame is showing. */}
  90 |       <div
> 91 |         className={`figure-uncover relative w-full overflow-hidden ${className}`}
     |         ^^^^^^^^^
  92 |         style={{ aspectRatio: ratio }}
  93 |       >
  94 |         <ProfileImage

Parsing ecmascript source code failed

Import trace:
  Server Component:
    ./components/section-figure.tsx
    ./components/about-section.tsx
    ./app/[locale]/page.tsx @ http://localhost:3000/_next/static/chunks/node_modules_next_dist_0u_w_5s._.js:1945
[  193876ms] [ERROR] ./components/section-figure.tsx:91:9
Expected ',', got 'ident'
  89 |           only decides how much of the finished frame is showing. */}
  90 |       <div
> 91 |         className={`figure-uncover relative w-full overflow-hidden ${className}`}
     |         ^^^^^^^^^
  92 |         style={{ aspectRatio: ratio }}
  93 |       >
  94 |         <ProfileImage

Parsing ecmascript source code failed

Import trace:
  Server Component:
    ./components/section-figure.tsx
    ./components/about-section.tsx
    ./app/[locale]/page.tsx @ http://localhost:3000/_next/static/chunks/node_modules_next_dist_0u_w_5s._.js:1945
[  193938ms] [ERROR] ./components/section-figure.tsx:91:9
Expected ',', got 'ident'
  89 |           only decides how much of the finished frame is showing. */}
  90 |       <div
> 91 |         className={`figure-uncover relative w-full overflow-hidden ${className}`}
     |         ^^^^^^^^^
  92 |         style={{ aspectRatio: ratio }}
  93 |       >
  94 |         <ProfileImage

Parsing ecmascript source code failed

Import trace:
  Server Component:
    ./components/section-figure.tsx
    ./components/about-section.tsx
    ./app/[locale]/page.tsx @ http://localhost:3000/_next/static/chunks/node_modules_next_dist_0u_w_5s._.js:1945
[  193998ms] [ERROR] ./components/section-figure.tsx:91:9
Expected ',', got 'ident'
  89 |           only decides how much of the finished frame is showing. */}
  90 |       <div
> 91 |         className={`figure-uncover relative w-full overflow-hidden ${className}`}
     |         ^^^^^^^^^
  92 |         style={{ aspectRatio: ratio }}
  93 |       >
  94 |         <ProfileImage

Parsing ecmascript source code failed

Import trace:
  Server Component:
    ./components/section-figure.tsx
    ./components/about-section.tsx
    ./app/[locale]/page.tsx @ http://localhost:3000/_next/static/chunks/node_modules_next_dist_0u_w_5s._.js:1945
[  194060ms] [ERROR] ./components/section-figure.tsx:91:9
Expected ',', got 'ident'
  89 |           only decides how much of the finished frame is showing. */}
  90 |       <div
> 91 |         className={`figure-uncover relative w-full overflow-hidden ${className}`}
     |         ^^^^^^^^^
  92 |         style={{ aspectRatio: ratio }}
  93 |       >
  94 |         <ProfileImage

Parsing ecmascript source code failed

Import trace:
  Server Component:
    ./components/section-figure.tsx
    ./components/about-section.tsx
    ./app/[locale]/page.tsx @ http://localhost:3000/_next/static/chunks/node_modules_next_dist_0u_w_5s._.js:1945
[  194122ms] [ERROR] ./components/section-figure.tsx:91:9
Expected ',', got 'ident'
  89 |           only decides how much of the finished frame is showing. */}
  90 |       <div
> 91 |         className={`figure-uncover relative w-full overflow-hidden ${className}`}
     |         ^^^^^^^^^
  92 |         style={{ aspectRatio: ratio }}
  93 |       >
  94 |         <ProfileImage

Parsing ecmascript source code failed

Import trace:
  Server Component:
    ./components/section-figure.tsx
    ./components/about-section.tsx
    ./app/[locale]/page.tsx @ http://localhost:3000/_next/static/chunks/node_modules_next_dist_0u_w_5s._.js:1945
[  194183ms] [ERROR] ./components/section-figure.tsx:91:9
Expected ',', got 'ident'
  89 |           only decides how much of the finished frame is showing. */}
  90 |       <div
> 91 |         className={`figure-uncover relative w-full overflow-hidden ${className}`}
     |         ^^^^^^^^^
  92 |         style={{ aspectRatio: ratio }}
  93 |       >
  94 |         <ProfileImage

Parsing ecmascript source code failed

Import trace:
  Server Component:
    ./components/section-figure.tsx
    ./components/about-section.tsx
    ./app/[locale]/page.tsx @ http://localhost:3000/_next/static/chunks/node_modules_next_dist_0u_w_5s._.js:1945
[  194245ms] [ERROR] ./components/section-figure.tsx:91:9
Expected ',', got 'ident'
  89 |           only decides how much of the finished frame is showing. */}
  90 |       <div
> 91 |         className={`figure-uncover relative w-full overflow-hidden ${className}`}
     |         ^^^^^^^^^
  92 |         style={{ aspectRatio: ratio }}
  93 |       >
  94 |         <ProfileImage

Parsing ecmascript source code failed

Import trace:
  Server Component:
    ./components/section-figure.tsx
    ./components/about-section.tsx
    ./app/[locale]/page.tsx @ http://localhost:3000/_next/static/chunks/node_modules_next_dist_0u_w_5s._.js:1945
[  194307ms] [ERROR] ./components/section-figure.tsx:91:9
Expected ',', got 'ident'
  89 |           only decides how much of the finished frame is showing. */}
  90 |       <div
> 91 |         className={`figure-uncover relative w-full overflow-hidden ${className}`}
     |         ^^^^^^^^^
  92 |         style={{ aspectRatio: ratio }}
  93 |       >
  94 |         <ProfileImage

Parsing ecmascript source code failed

Import trace:
  Server Component:
    ./components/section-figure.tsx
    ./components/about-section.tsx
    ./app/[locale]/page.tsx @ http://localhost:3000/_next/static/chunks/node_modules_next_dist_0u_w_5s._.js:1945
[  194368ms] [ERROR] ./components/section-figure.tsx:91:9
Expected ',', got 'ident'
  89 |           only decides how much of the finished frame is showing. */}
  90 |       <div
> 91 |         className={`figure-uncover relative w-full overflow-hidden ${className}`}
     |         ^^^^^^^^^
  92 |         style={{ aspectRatio: ratio }}
  93 |       >
  94 |         <ProfileImage

Parsing ecmascript source code failed

Import trace:
  Server Component:
    ./components/section-figure.tsx
    ./components/about-section.tsx
    ./app/[locale]/page.tsx @ http://localhost:3000/_next/static/chunks/node_modules_next_dist_0u_w_5s._.js:1945
[  194430ms] [ERROR] ./components/section-figure.tsx:91:9
Expected ',', got 'ident'
  89 |           only decides how much of the finished frame is showing. */}
  90 |       <div
> 91 |         className={`figure-uncover relative w-full overflow-hidden ${className}`}
     |         ^^^^^^^^^
  92 |         style={{ aspectRatio: ratio }}
  93 |       >
  94 |         <ProfileImage

Parsing ecmascript source code failed

Import trace:
  Server Component:
    ./components/section-figure.tsx
    ./components/about-section.tsx
    ./app/[locale]/page.tsx @ http://localhost:3000/_next/static/chunks/node_modules_next_dist_0u_w_5s._.js:1945
[  194491ms] [ERROR] ./components/section-figure.tsx:91:9
Expected ',', got 'ident'
  89 |           only decides how much of the finished frame is showing. */}
  90 |       <div
> 91 |         className={`figure-uncover relative w-full overflow-hidden ${className}`}
     |         ^^^^^^^^^
  92 |         style={{ aspectRatio: ratio }}
  93 |       >
  94 |         <ProfileImage

Parsing ecmascript source code failed

Import trace:
  Server Component:
    ./components/section-figure.tsx
    ./components/about-section.tsx
    ./app/[locale]/page.tsx @ http://localhost:3000/_next/static/chunks/node_modules_next_dist_0u_w_5s._.js:1945
[  194552ms] [ERROR] ./components/section-figure.tsx:91:9
Expected ',', got 'ident'
  89 |           only decides how much of the finished frame is showing. */}
  90 |       <div
> 91 |         className={`figure-uncover relative w-full overflow-hidden ${className}`}
     |         ^^^^^^^^^
  92 |         style={{ aspectRatio: ratio }}
  93 |       >
  94 |         <ProfileImage

Parsing ecmascript source code failed

Import trace:
  Server Component:
    ./components/section-figure.tsx
    ./components/about-section.tsx
    ./app/[locale]/page.tsx @ http://localhost:3000/_next/static/chunks/node_modules_next_dist_0u_w_5s._.js:1945
[  194613ms] [ERROR] ./components/section-figure.tsx:91:9
Expected ',', got 'ident'
  89 |           only decides how much of the finished frame is showing. */}
  90 |       <div
> 91 |         className={`figure-uncover relative w-full overflow-hidden ${className}`}
     |         ^^^^^^^^^
  92 |         style={{ aspectRatio: ratio }}
  93 |       >
  94 |         <ProfileImage

Parsing ecmascript source code failed

Import trace:
  Server Component:
    ./components/section-figure.tsx
    ./components/about-section.tsx
    ./app/[locale]/page.tsx @ http://localhost:3000/_next/static/chunks/node_modules_next_dist_0u_w_5s._.js:1945
[  194674ms] [ERROR] ./components/section-figure.tsx:91:9
Expected ',', got 'ident'
  89 |           only decides how much of the finished frame is showing. */}
  90 |       <div
> 91 |         className={`figure-uncover relative w-full overflow-hidden ${className}`}
     |         ^^^^^^^^^
  92 |         style={{ aspectRatio: ratio }}
  93 |       >
  94 |         <ProfileImage

Parsing ecmascript source code failed

Import trace:
  Server Component:
    ./components/section-figure.tsx
    ./components/about-section.tsx
    ./app/[locale]/page.tsx @ http://localhost:3000/_next/static/chunks/node_modules_next_dist_0u_w_5s._.js:1945
[  194737ms] [ERROR] ./components/section-figure.tsx:91:9
Expected ',', got 'ident'
  89 |           only decides how much of the finished frame is showing. */}
  90 |       <div
> 91 |         className={`figure-uncover relative w-full overflow-hidden ${className}`}
     |         ^^^^^^^^^
  92 |         style={{ aspectRatio: ratio }}
  93 |       >
  94 |         <ProfileImage

Parsing ecmascript source code failed

Import trace:
  Server Component:
    ./components/section-figure.tsx
    ./components/about-section.tsx
    ./app/[locale]/page.tsx @ http://localhost:3000/_next/static/chunks/node_modules_next_dist_0u_w_5s._.js:1945
[  194799ms] [ERROR] ./components/section-figure.tsx:91:9
Expected ',', got 'ident'
  89 |           only decides how much of the finished frame is showing. */}
  90 |       <div
> 91 |         className={`figure-uncover relative w-full overflow-hidden ${className}`}
     |         ^^^^^^^^^
  92 |         style={{ aspectRatio: ratio }}
  93 |       >
  94 |         <ProfileImage

Parsing ecmascript source code failed

Import trace:
  Server Component:
    ./components/section-figure.tsx
    ./components/about-section.tsx
    ./app/[locale]/page.tsx @ http://localhost:3000/_next/static/chunks/node_modules_next_dist_0u_w_5s._.js:1945
[  194861ms] [ERROR] ./components/section-figure.tsx:91:9
Expected ',', got 'ident'
  89 |           only decides how much of the finished frame is showing. */}
  90 |       <div
> 91 |         className={`figure-uncover relative w-full overflow-hidden ${className}`}
     |         ^^^^^^^^^
  92 |         style={{ aspectRatio: ratio }}
  93 |       >
  94 |         <ProfileImage

Parsing ecmascript source code failed

Import trace:
  Server Component:
    ./components/section-figure.tsx
    ./components/about-section.tsx
    ./app/[locale]/page.tsx @ http://localhost:3000/_next/static/chunks/node_modules_next_dist_0u_w_5s._.js:1945
[  194923ms] [ERROR] ./components/section-figure.tsx:91:9
Expected ',', got 'ident'
  89 |           only decides how much of the finished frame is showing. */}
  90 |       <div
> 91 |         className={`figure-uncover relative w-full overflow-hidden ${className}`}
     |         ^^^^^^^^^
  92 |         style={{ aspectRatio: ratio }}
  93 |       >
  94 |         <ProfileImage

Parsing ecmascript source code failed

Import trace:
  Server Component:
    ./components/section-figure.tsx
    ./components/about-section.tsx
    ./app/[locale]/page.tsx @ http://localhost:3000/_next/static/chunks/node_modules_next_dist_0u_w_5s._.js:1945
[  194984ms] [ERROR] ./components/section-figure.tsx:91:9
Expected ',', got 'ident'
  89 |           only decides how much of the finished frame is showing. */}
  90 |       <div
> 91 |         className={`figure-uncover relative w-full overflow-hidden ${className}`}
     |         ^^^^^^^^^
  92 |         style={{ aspectRatio: ratio }}
  93 |       >
  94 |         <ProfileImage

Parsing ecmascript source code failed

Import trace:
  Server Component:
    ./components/section-figure.tsx
    ./components/about-section.tsx
    ./app/[locale]/page.tsx @ http://localhost:3000/_next/static/chunks/node_modules_next_dist_0u_w_5s._.js:1945
[  195045ms] [ERROR] ./components/section-figure.tsx:91:9
Expected ',', got 'ident'
  89 |           only decides how much of the finished frame is showing. */}
  90 |       <div
> 91 |         className={`figure-uncover relative w-full overflow-hidden ${className}`}
     |         ^^^^^^^^^
  92 |         style={{ aspectRatio: ratio }}
  93 |       >
  94 |         <ProfileImage

Parsing ecmascript source code failed

Import trace:
  Server Component:
    ./components/section-figure.tsx
    ./components/about-section.tsx
    ./app/[locale]/page.tsx @ http://localhost:3000/_next/static/chunks/node_modules_next_dist_0u_w_5s._.js:1945
[  195109ms] [ERROR] ./components/section-figure.tsx:91:9
Expected ',', got 'ident'
  89 |           only decides how much of the finished frame is showing. */}
  90 |       <div
> 91 |         className={`figure-uncover relative w-full overflow-hidden ${className}`}
     |         ^^^^^^^^^
  92 |         style={{ aspectRatio: ratio }}
  93 |       >
  94 |         <ProfileImage

Parsing ecmascript source code failed

Import trace:
  Server Component:
    ./components/section-figure.tsx
    ./components/about-section.tsx
    ./app/[locale]/page.tsx @ http://localhost:3000/_next/static/chunks/node_modules_next_dist_0u_w_5s._.js:1945
[  195171ms] [ERROR] ./components/section-figure.tsx:91:9
Expected ',', got 'ident'
  89 |           only decides how much of the finished frame is showing. */}
  90 |       <div
> 91 |         className={`figure-uncover relative w-full overflow-hidden ${className}`}
     |         ^^^^^^^^^
  92 |         style={{ aspectRatio: ratio }}
  93 |       >
  94 |         <ProfileImage

Parsing ecmascript source code failed

Import trace:
  Server Component:
    ./components/section-figure.tsx
    ./components/about-section.tsx
    ./app/[locale]/page.tsx @ http://localhost:3000/_next/static/chunks/node_modules_next_dist_0u_w_5s._.js:1945
[  195233ms] [ERROR] ./components/section-figure.tsx:91:9
Expected ',', got 'ident'
  89 |           only decides how much of the finished frame is showing. */}
  90 |       <div
> 91 |         className={`figure-uncover relative w-full overflow-hidden ${className}`}
     |         ^^^^^^^^^
  92 |         style={{ aspectRatio: ratio }}
  93 |       >
  94 |         <ProfileImage

Parsing ecmascript source code failed

Import trace:
  Server Component:
    ./components/section-figure.tsx
    ./components/about-section.tsx
    ./app/[locale]/page.tsx @ http://localhost:3000/_next/static/chunks/node_modules_next_dist_0u_w_5s._.js:1945
[  195296ms] [ERROR] ./components/section-figure.tsx:91:9
Expected ',', got 'ident'
  89 |           only decides how much of the finished frame is showing. */}
  90 |       <div
> 91 |         className={`figure-uncover relative w-full overflow-hidden ${className}`}
     |         ^^^^^^^^^
  92 |         style={{ aspectRatio: ratio }}
  93 |       >
  94 |         <ProfileImage

Parsing ecmascript source code failed

Import trace:
  Server Component:
    ./components/section-figure.tsx
    ./components/about-section.tsx
    ./app/[locale]/page.tsx @ http://localhost:3000/_next/static/chunks/node_modules_next_dist_0u_w_5s._.js:1945
[  195358ms] [ERROR] ./components/section-figure.tsx:91:9
Expected ',', got 'ident'
  89 |           only decides how much of the finished frame is showing. */}
  90 |       <div
> 91 |         className={`figure-uncover relative w-full overflow-hidden ${className}`}
     |         ^^^^^^^^^
  92 |         style={{ aspectRatio: ratio }}
  93 |       >
  94 |         <ProfileImage

Parsing ecmascript source code failed

Import trace:
  Server Component:
    ./components/section-figure.tsx
    ./components/about-section.tsx
    ./app/[locale]/page.tsx @ http://localhost:3000/_next/static/chunks/node_modules_next_dist_0u_w_5s._.js:1945
[  195421ms] [ERROR] ./components/section-figure.tsx:91:9
Expected ',', got 'ident'
  89 |           only decides how much of the finished frame is showing. */}
  90 |       <div
> 91 |         className={`figure-uncover relative w-full overflow-hidden ${className}`}
     |         ^^^^^^^^^
  92 |         style={{ aspectRatio: ratio }}
  93 |       >
  94 |         <ProfileImage

Parsing ecmascript source code failed

Import trace:
  Server Component:
    ./components/section-figure.tsx
    ./components/about-section.tsx
    ./app/[locale]/page.tsx @ http://localhost:3000/_next/static/chunks/node_modules_next_dist_0u_w_5s._.js:1945
[  195483ms] [ERROR] ./components/section-figure.tsx:91:9
Expected ',', got 'ident'
  89 |           only decides how much of the finished frame is showing. */}
  90 |       <div
> 91 |         className={`figure-uncover relative w-full overflow-hidden ${className}`}
     |         ^^^^^^^^^
  92 |         style={{ aspectRatio: ratio }}
  93 |       >
  94 |         <ProfileImage

Parsing ecmascript source code failed

Import trace:
  Server Component:
    ./components/section-figure.tsx
    ./components/about-section.tsx
    ./app/[locale]/page.tsx @ http://localhost:3000/_next/static/chunks/node_modules_next_dist_0u_w_5s._.js:1945
[  195544ms] [ERROR] ./components/section-figure.tsx:91:9
Expected ',', got 'ident'
  89 |           only decides how much of the finished frame is showing. */}
  90 |       <div
> 91 |         className={`figure-uncover relative w-full overflow-hidden ${className}`}
     |         ^^^^^^^^^
  92 |         style={{ aspectRatio: ratio }}
  93 |       >
  94 |         <ProfileImage

Parsing ecmascript source code failed

Import trace:
  Server Component:
    ./components/section-figure.tsx
    ./components/about-section.tsx
    ./app/[locale]/page.tsx @ http://localhost:3000/_next/static/chunks/node_modules_next_dist_0u_w_5s._.js:1945
[  195606ms] [ERROR] ./components/section-figure.tsx:91:9
Expected ',', got 'ident'
  89 |           only decides how much of the finished frame is showing. */}
  90 |       <div
> 91 |         className={`figure-uncover relative w-full overflow-hidden ${className}`}
     |         ^^^^^^^^^
  92 |         style={{ aspectRatio: ratio }}
  93 |       >
  94 |         <ProfileImage

Parsing ecmascript source code failed

Import trace:
  Server Component:
    ./components/section-figure.tsx
    ./components/about-section.tsx
    ./app/[locale]/page.tsx @ http://localhost:3000/_next/static/chunks/node_modules_next_dist_0u_w_5s._.js:1945
[  195668ms] [ERROR] ./components/section-figure.tsx:91:9
Expected ',', got 'ident'
  89 |           only decides how much of the finished frame is showing. */}
  90 |       <div
> 91 |         className={`figure-uncover relative w-full overflow-hidden ${className}`}
     |         ^^^^^^^^^
  92 |         style={{ aspectRatio: ratio }}
  93 |       >
  94 |         <ProfileImage

Parsing ecmascript source code failed

Import trace:
  Server Component:
    ./components/section-figure.tsx
    ./components/about-section.tsx
    ./app/[locale]/page.tsx @ http://localhost:3000/_next/static/chunks/node_modules_next_dist_0u_w_5s._.js:1945
[  195728ms] [ERROR] ./components/section-figure.tsx:91:9
Expected ',', got 'ident'
  89 |           only decides how much of the finished frame is showing. */}
  90 |       <div
> 91 |         className={`figure-uncover relative w-full overflow-hidden ${className}`}
     |         ^^^^^^^^^
  92 |         style={{ aspectRatio: ratio }}
  93 |       >
  94 |         <ProfileImage

Parsing ecmascript source code failed

Import trace:
  Server Component:
    ./components/section-figure.tsx
    ./components/about-section.tsx
    ./app/[locale]/page.tsx @ http://localhost:3000/_next/static/chunks/node_modules_next_dist_0u_w_5s._.js:1945
[  195791ms] [ERROR] ./components/section-figure.tsx:91:9
Expected ',', got 'ident'
  89 |           only decides how much of the finished frame is showing. */}
  90 |       <div
> 91 |         className={`figure-uncover relative w-full overflow-hidden ${className}`}
     |         ^^^^^^^^^
  92 |         style={{ aspectRatio: ratio }}
  93 |       >
  94 |         <ProfileImage

Parsing ecmascript source code failed

Import trace:
  Server Component:
    ./components/section-figure.tsx
    ./components/about-section.tsx
    ./app/[locale]/page.tsx @ http://localhost:3000/_next/static/chunks/node_modules_next_dist_0u_w_5s._.js:1945
[  195852ms] [ERROR] ./components/section-figure.tsx:91:9
Expected ',', got 'ident'
  89 |           only decides how much of the finished frame is showing. */}
  90 |       <div
> 91 |         className={`figure-uncover relative w-full overflow-hidden ${className}`}
     |         ^^^^^^^^^
  92 |         style={{ aspectRatio: ratio }}
  93 |       >
  94 |         <ProfileImage

Parsing ecmascript source code failed

Import trace:
  Server Component:
    ./components/section-figure.tsx
    ./components/about-section.tsx
    ./app/[locale]/page.tsx @ http://localhost:3000/_next/static/chunks/node_modules_next_dist_0u_w_5s._.js:1945
[  195915ms] [ERROR] ./components/section-figure.tsx:91:9
Expected ',', got 'ident'
  89 |           only decides how much of the finished frame is showing. */}
  90 |       <div
> 91 |         className={`figure-uncover relative w-full overflow-hidden ${className}`}
     |         ^^^^^^^^^
  92 |         style={{ aspectRatio: ratio }}
  93 |       >
  94 |         <ProfileImage

Parsing ecmascript source code failed

Import trace:
  Server Component:
    ./components/section-figure.tsx
    ./components/about-section.tsx
    ./app/[locale]/page.tsx @ http://localhost:3000/_next/static/chunks/node_modules_next_dist_0u_w_5s._.js:1945
[  195979ms] [ERROR] ./components/section-figure.tsx:91:9
Expected ',', got 'ident'
  89 |           only decides how much of the finished frame is showing. */}
  90 |       <div
> 91 |         className={`figure-uncover relative w-full overflow-hidden ${className}`}
     |         ^^^^^^^^^
  92 |         style={{ aspectRatio: ratio }}
  93 |       >
  94 |         <ProfileImage

Parsing ecmascript source code failed

Import trace:
  Server Component:
    ./components/section-figure.tsx
    ./components/about-section.tsx
    ./app/[locale]/page.tsx @ http://localhost:3000/_next/static/chunks/node_modules_next_dist_0u_w_5s._.js:1945
[  196040ms] [ERROR] ./components/section-figure.tsx:91:9
Expected ',', got 'ident'
  89 |           only decides how much of the finished frame is showing. */}
  90 |       <div
> 91 |         className={`figure-uncover relative w-full overflow-hidden ${className}`}
     |         ^^^^^^^^^
  92 |         style={{ aspectRatio: ratio }}
  93 |       >
  94 |         <ProfileImage

Parsing ecmascript source code failed

Import trace:
  Server Component:
    ./components/section-figure.tsx
    ./components/about-section.tsx
    ./app/[locale]/page.tsx @ http://localhost:3000/_next/static/chunks/node_modules_next_dist_0u_w_5s._.js:1945
[  196102ms] [ERROR] ./components/section-figure.tsx:91:9
Expected ',', got 'ident'
  89 |           only decides how much of the finished frame is showing. */}
  90 |       <div
> 91 |         className={`figure-uncover relative w-full overflow-hidden ${className}`}
     |         ^^^^^^^^^
  92 |         style={{ aspectRatio: ratio }}
  93 |       >
  94 |         <ProfileImage

Parsing ecmascript source code failed

Import trace:
  Server Component:
    ./components/section-figure.tsx
    ./components/about-section.tsx
    ./app/[locale]/page.tsx @ http://localhost:3000/_next/static/chunks/node_modules_next_dist_0u_w_5s._.js:1945
[  196164ms] [ERROR] ./components/section-figure.tsx:91:9
Expected ',', got 'ident'
  89 |           only decides how much of the finished frame is showing. */}
  90 |       <div
> 91 |         className={`figure-uncover relative w-full overflow-hidden ${className}`}
     |         ^^^^^^^^^
  92 |         style={{ aspectRatio: ratio }}
  93 |       >
  94 |         <ProfileImage

Parsing ecmascript source code failed

Import trace:
  Server Component:
    ./components/section-figure.tsx
    ./components/about-section.tsx
    ./app/[locale]/page.tsx @ http://localhost:3000/_next/static/chunks/node_modules_next_dist_0u_w_5s._.js:1945
[  196225ms] [ERROR] ./components/section-figure.tsx:91:9
Expected ',', got 'ident'
  89 |           only decides how much of the finished frame is showing. */}
  90 |       <div
> 91 |         className={`figure-uncover relative w-full overflow-hidden ${className}`}
     |         ^^^^^^^^^
  92 |         style={{ aspectRatio: ratio }}
  93 |       >
  94 |         <ProfileImage

Parsing ecmascript source code failed

Import trace:
  Server Component:
    ./components/section-figure.tsx
    ./components/about-section.tsx
    ./app/[locale]/page.tsx @ http://localhost:3000/_next/static/chunks/node_modules_next_dist_0u_w_5s._.js:1945
[  196286ms] [ERROR] ./components/section-figure.tsx:91:9
Expected ',', got 'ident'
  89 |           only decides how much of the finished frame is showing. */}
  90 |       <div
> 91 |         className={`figure-uncover relative w-full overflow-hidden ${className}`}
     |         ^^^^^^^^^
  92 |         style={{ aspectRatio: ratio }}
  93 |       >
  94 |         <ProfileImage

Parsing ecmascript source code failed

Import trace:
  Server Component:
    ./components/section-figure.tsx
    ./components/about-section.tsx
    ./app/[locale]/page.tsx @ http://localhost:3000/_next/static/chunks/node_modules_next_dist_0u_w_5s._.js:1945
[  196349ms] [ERROR] ./components/section-figure.tsx:91:9
Expected ',', got 'ident'
  89 |           only decides how much of the finished frame is showing. */}
  90 |       <div
> 91 |         className={`figure-uncover relative w-full overflow-hidden ${className}`}
     |         ^^^^^^^^^
  92 |         style={{ aspectRatio: ratio }}
  93 |       >
  94 |         <ProfileImage

Parsing ecmascript source code failed

Import trace:
  Server Component:
    ./components/section-figure.tsx
    ./components/about-section.tsx
    ./app/[locale]/page.tsx @ http://localhost:3000/_next/static/chunks/node_modules_next_dist_0u_w_5s._.js:1945
[  196411ms] [ERROR] ./components/section-figure.tsx:91:9
Expected ',', got 'ident'
  89 |           only decides how much of the finished frame is showing. */}
  90 |       <div
> 91 |         className={`figure-uncover relative w-full overflow-hidden ${className}`}
     |         ^^^^^^^^^
  92 |         style={{ aspectRatio: ratio }}
  93 |       >
  94 |         <ProfileImage

Parsing ecmascript source code failed

Import trace:
  Server Component:
    ./components/section-figure.tsx
    ./components/about-section.tsx
    ./app/[locale]/page.tsx @ http://localhost:3000/_next/static/chunks/node_modules_next_dist_0u_w_5s._.js:1945
[  196472ms] [ERROR] ./components/section-figure.tsx:91:9
Expected ',', got 'ident'
  89 |           only decides how much of the finished frame is showing. */}
  90 |       <div
> 91 |         className={`figure-uncover relative w-full overflow-hidden ${className}`}
     |         ^^^^^^^^^
  92 |         style={{ aspectRatio: ratio }}
  93 |       >
  94 |         <ProfileImage

Parsing ecmascript source code failed

Import trace:
  Server Component:
    ./components/section-figure.tsx
    ./components/about-section.tsx
    ./app/[locale]/page.tsx @ http://localhost:3000/_next/static/chunks/node_modules_next_dist_0u_w_5s._.js:1945
[  196535ms] [ERROR] ./components/section-figure.tsx:91:9
Expected ',', got 'ident'
  89 |           only decides how much of the finished frame is showing. */}
  90 |       <div
> 91 |         className={`figure-uncover relative w-full overflow-hidden ${className}`}
     |         ^^^^^^^^^
  92 |         style={{ aspectRatio: ratio }}
  93 |       >
  94 |         <ProfileImage

Parsing ecmascript source code failed

Import trace:
  Server Component:
    ./components/section-figure.tsx
    ./components/about-section.tsx
    ./app/[locale]/page.tsx @ http://localhost:3000/_next/static/chunks/node_modules_next_dist_0u_w_5s._.js:1945
[  196598ms] [ERROR] ./components/section-figure.tsx:91:9
Expected ',', got 'ident'
  89 |           only decides how much of the finished frame is showing. */}
  90 |       <div
> 91 |         className={`figure-uncover relative w-full overflow-hidden ${className}`}
     |         ^^^^^^^^^
  92 |         style={{ aspectRatio: ratio }}
  93 |       >
  94 |         <ProfileImage

Parsing ecmascript source code failed

Import trace:
  Server Component:
    ./components/section-figure.tsx
    ./components/about-section.tsx
    ./app/[locale]/page.tsx @ http://localhost:3000/_next/static/chunks/node_modules_next_dist_0u_w_5s._.js:1945
[  196660ms] [ERROR] ./components/section-figure.tsx:91:9
Expected ',', got 'ident'
  89 |           only decides how much of the finished frame is showing. */}
  90 |       <div
> 91 |         className={`figure-uncover relative w-full overflow-hidden ${className}`}
     |         ^^^^^^^^^
  92 |         style={{ aspectRatio: ratio }}
  93 |       >
  94 |         <ProfileImage

Parsing ecmascript source code failed

Import trace:
  Server Component:
    ./components/section-figure.tsx
    ./components/about-section.tsx
    ./app/[locale]/page.tsx @ http://localhost:3000/_next/static/chunks/node_modules_next_dist_0u_w_5s._.js:1945
[  196721ms] [ERROR] ./components/section-figure.tsx:91:9
Expected ',', got 'ident'
  89 |           only decides how much of the finished frame is showing. */}
  90 |       <div
> 91 |         className={`figure-uncover relative w-full overflow-hidden ${className}`}
     |         ^^^^^^^^^
  92 |         style={{ aspectRatio: ratio }}
  93 |       >
  94 |         <ProfileImage

Parsing ecmascript source code failed

Import trace:
  Server Component:
    ./components/section-figure.tsx
    ./components/about-section.tsx
    ./app/[locale]/page.tsx @ http://localhost:3000/_next/static/chunks/node_modules_next_dist_0u_w_5s._.js:1945
[  196783ms] [ERROR] ./components/section-figure.tsx:91:9
Expected ',', got 'ident'
  89 |           only decides how much of the finished frame is showing. */}
  90 |       <div
> 91 |         className={`figure-uncover relative w-full overflow-hidden ${className}`}
     |         ^^^^^^^^^
  92 |         style={{ aspectRatio: ratio }}
  93 |       >
  94 |         <ProfileImage

Parsing ecmascript source code failed

Import trace:
  Server Component:
    ./components/section-figure.tsx
    ./components/about-section.tsx
    ./app/[locale]/page.tsx @ http://localhost:3000/_next/static/chunks/node_modules_next_dist_0u_w_5s._.js:1945
[  196845ms] [ERROR] ./components/section-figure.tsx:91:9
Expected ',', got 'ident'
  89 |           only decides how much of the finished frame is showing. */}
  90 |       <div
> 91 |         className={`figure-uncover relative w-full overflow-hidden ${className}`}
     |         ^^^^^^^^^
  92 |         style={{ aspectRatio: ratio }}
  93 |       >
  94 |         <ProfileImage

Parsing ecmascript source code failed

Import trace:
  Server Component:
    ./components/section-figure.tsx
    ./components/about-section.tsx
    ./app/[locale]/page.tsx @ http://localhost:3000/_next/static/chunks/node_modules_next_dist_0u_w_5s._.js:1945
[  196906ms] [ERROR] ./components/section-figure.tsx:91:9
Expected ',', got 'ident'
  89 |           only decides how much of the finished frame is showing. */}
  90 |       <div
> 91 |         className={`figure-uncover relative w-full overflow-hidden ${className}`}
     |         ^^^^^^^^^
  92 |         style={{ aspectRatio: ratio }}
  93 |       >
  94 |         <ProfileImage

Parsing ecmascript source code failed

Import trace:
  Server Component:
    ./components/section-figure.tsx
    ./components/about-section.tsx
    ./app/[locale]/page.tsx @ http://localhost:3000/_next/static/chunks/node_modules_next_dist_0u_w_5s._.js:1945
[  196968ms] [ERROR] ./components/section-figure.tsx:91:9
Expected ',', got 'ident'
  89 |           only decides how much of the finished frame is showing. */}
  90 |       <div
> 91 |         className={`figure-uncover relative w-full overflow-hidden ${className}`}
     |         ^^^^^^^^^
  92 |         style={{ aspectRatio: ratio }}
  93 |       >
  94 |         <ProfileImage

Parsing ecmascript source code failed

Import trace:
  Server Component:
    ./components/section-figure.tsx
    ./components/about-section.tsx
    ./app/[locale]/page.tsx @ http://localhost:3000/_next/static/chunks/node_modules_next_dist_0u_w_5s._.js:1945
[  197030ms] [ERROR] ./components/section-figure.tsx:91:9
Expected ',', got 'ident'
  89 |           only decides how much of the finished frame is showing. */}
  90 |       <div
> 91 |         className={`figure-uncover relative w-full overflow-hidden ${className}`}
     |         ^^^^^^^^^
  92 |         style={{ aspectRatio: ratio }}
  93 |       >
  94 |         <ProfileImage

Parsing ecmascript source code failed

Import trace:
  Server Component:
    ./components/section-figure.tsx
    ./components/about-section.tsx
    ./app/[locale]/page.tsx @ http://localhost:3000/_next/static/chunks/node_modules_next_dist_0u_w_5s._.js:1945
[  197091ms] [ERROR] ./components/section-figure.tsx:91:9
Expected ',', got 'ident'
  89 |           only decides how much of the finished frame is showing. */}
  90 |       <div
> 91 |         className={`figure-uncover relative w-full overflow-hidden ${className}`}
     |         ^^^^^^^^^
  92 |         style={{ aspectRatio: ratio }}
  93 |       >
  94 |         <ProfileImage

Parsing ecmascript source code failed

Import trace:
  Server Component:
    ./components/section-figure.tsx
    ./components/about-section.tsx
    ./app/[locale]/page.tsx @ http://localhost:3000/_next/static/chunks/node_modules_next_dist_0u_w_5s._.js:1945
[  197152ms] [ERROR] ./components/section-figure.tsx:91:9
Expected ',', got 'ident'
  89 |           only decides how much of the finished frame is showing. */}
  90 |       <div
> 91 |         className={`figure-uncover relative w-full overflow-hidden ${className}`}
     |         ^^^^^^^^^
  92 |         style={{ aspectRatio: ratio }}
  93 |       >
  94 |         <ProfileImage

Parsing ecmascript source code failed

Import trace:
  Server Component:
    ./components/section-figure.tsx
    ./components/about-section.tsx
    ./app/[locale]/page.tsx @ http://localhost:3000/_next/static/chunks/node_modules_next_dist_0u_w_5s._.js:1945
[  197213ms] [ERROR] ./components/section-figure.tsx:91:9
Expected ',', got 'ident'
  89 |           only decides how much of the finished frame is showing. */}
  90 |       <div
> 91 |         className={`figure-uncover relative w-full overflow-hidden ${className}`}
     |         ^^^^^^^^^
  92 |         style={{ aspectRatio: ratio }}
  93 |       >
  94 |         <ProfileImage

Parsing ecmascript source code failed

Import trace:
  Server Component:
    ./components/section-figure.tsx
    ./components/about-section.tsx
    ./app/[locale]/page.tsx @ http://localhost:3000/_next/static/chunks/node_modules_next_dist_0u_w_5s._.js:1945
[  197274ms] [ERROR] ./components/section-figure.tsx:91:9
Expected ',', got 'ident'
  89 |           only decides how much of the finished frame is showing. */}
  90 |       <div
> 91 |         className={`figure-uncover relative w-full overflow-hidden ${className}`}
     |         ^^^^^^^^^
  92 |         style={{ aspectRatio: ratio }}
  93 |       >
  94 |         <ProfileImage

Parsing ecmascript source code failed

Import trace:
  Server Component:
    ./components/section-figure.tsx
    ./components/about-section.tsx
    ./app/[locale]/page.tsx @ http://localhost:3000/_next/static/chunks/node_modules_next_dist_0u_w_5s._.js:1945
[  197336ms] [ERROR] ./components/section-figure.tsx:91:9
Expected ',', got 'ident'
  89 |           only decides how much of the finished frame is showing. */}
  90 |       <div
> 91 |         className={`figure-uncover relative w-full overflow-hidden ${className}`}
     |         ^^^^^^^^^
  92 |         style={{ aspectRatio: ratio }}
  93 |       >
  94 |         <ProfileImage

Parsing ecmascript source code failed

Import trace:
  Server Component:
    ./components/section-figure.tsx
    ./components/about-section.tsx
    ./app/[locale]/page.tsx @ http://localhost:3000/_next/static/chunks/node_modules_next_dist_0u_w_5s._.js:1945
[  197398ms] [ERROR] ./components/section-figure.tsx:91:9
Expected ',', got 'ident'
  89 |           only decides how much of the finished frame is showing. */}
  90 |       <div
> 91 |         className={`figure-uncover relative w-full overflow-hidden ${className}`}
     |         ^^^^^^^^^
  92 |         style={{ aspectRatio: ratio }}
  93 |       >
  94 |         <ProfileImage

Parsing ecmascript source code failed

Import trace:
  Server Component:
    ./components/section-figure.tsx
    ./components/about-section.tsx
    ./app/[locale]/page.tsx @ http://localhost:3000/_next/static/chunks/node_modules_next_dist_0u_w_5s._.js:1945
[  197461ms] [ERROR] ./components/section-figure.tsx:91:9
Expected ',', got 'ident'
  89 |           only decides how much of the finished frame is showing. */}
  90 |       <div
> 91 |         className={`figure-uncover relative w-full overflow-hidden ${className}`}
     |         ^^^^^^^^^
  92 |         style={{ aspectRatio: ratio }}
  93 |       >
  94 |         <ProfileImage

Parsing ecmascript source code failed

Import trace:
  Server Component:
    ./components/section-figure.tsx
    ./components/about-section.tsx
    ./app/[locale]/page.tsx @ http://localhost:3000/_next/static/chunks/node_modules_next_dist_0u_w_5s._.js:1945
[  197522ms] [ERROR] ./components/section-figure.tsx:91:9
Expected ',', got 'ident'
  89 |           only decides how much of the finished frame is showing. */}
  90 |       <div
> 91 |         className={`figure-uncover relative w-full overflow-hidden ${className}`}
     |         ^^^^^^^^^
  92 |         style={{ aspectRatio: ratio }}
  93 |       >
  94 |         <ProfileImage

Parsing ecmascript source code failed

Import trace:
  Server Component:
    ./components/section-figure.tsx
    ./components/about-section.tsx
    ./app/[locale]/page.tsx @ http://localhost:3000/_next/static/chunks/node_modules_next_dist_0u_w_5s._.js:1945
[  197584ms] [ERROR] ./components/section-figure.tsx:91:9
Expected ',', got 'ident'
  89 |           only decides how much of the finished frame is showing. */}
  90 |       <div
> 91 |         className={`figure-uncover relative w-full overflow-hidden ${className}`}
     |         ^^^^^^^^^
  92 |         style={{ aspectRatio: ratio }}
  93 |       >
  94 |         <ProfileImage

Parsing ecmascript source code failed

Import trace:
  Server Component:
    ./components/section-figure.tsx
    ./components/about-section.tsx
    ./app/[locale]/page.tsx @ http://localhost:3000/_next/static/chunks/node_modules_next_dist_0u_w_5s._.js:1945
[  197647ms] [ERROR] ./components/section-figure.tsx:91:9
Expected ',', got 'ident'
  89 |           only decides how much of the finished frame is showing. */}
  90 |       <div
> 91 |         className={`figure-uncover relative w-full overflow-hidden ${className}`}
     |         ^^^^^^^^^
  92 |         style={{ aspectRatio: ratio }}
  93 |       >
  94 |         <ProfileImage

Parsing ecmascript source code failed

Import trace:
  Server Component:
    ./components/section-figure.tsx
    ./components/about-section.tsx
    ./app/[locale]/page.tsx @ http://localhost:3000/_next/static/chunks/node_modules_next_dist_0u_w_5s._.js:1945
[  197708ms] [ERROR] ./components/section-figure.tsx:91:9
Expected ',', got 'ident'
  89 |           only decides how much of the finished frame is showing. */}
  90 |       <div
> 91 |         className={`figure-uncover relative w-full overflow-hidden ${className}`}
     |         ^^^^^^^^^
  92 |         style={{ aspectRatio: ratio }}
  93 |       >
  94 |         <ProfileImage

Parsing ecmascript source code failed

Import trace:
  Server Component:
    ./components/section-figure.tsx
    ./components/about-section.tsx
    ./app/[locale]/page.tsx @ http://localhost:3000/_next/static/chunks/node_modules_next_dist_0u_w_5s._.js:1945
[  197771ms] [ERROR] ./components/section-figure.tsx:91:9
Expected ',', got 'ident'
  89 |           only decides how much of the finished frame is showing. */}
  90 |       <div
> 91 |         className={`figure-uncover relative w-full overflow-hidden ${className}`}
     |         ^^^^^^^^^
  92 |         style={{ aspectRatio: ratio }}
  93 |       >
  94 |         <ProfileImage

Parsing ecmascript source code failed

Import trace:
  Server Component:
    ./components/section-figure.tsx
    ./components/about-section.tsx
    ./app/[locale]/page.tsx @ http://localhost:3000/_next/static/chunks/node_modules_next_dist_0u_w_5s._.js:1945
[  197832ms] [ERROR] ./components/section-figure.tsx:91:9
Expected ',', got 'ident'
  89 |           only decides how much of the finished frame is showing. */}
  90 |       <div
> 91 |         className={`figure-uncover relative w-full overflow-hidden ${className}`}
     |         ^^^^^^^^^
  92 |         style={{ aspectRatio: ratio }}
  93 |       >
  94 |         <ProfileImage

Parsing ecmascript source code failed

Import trace:
  Server Component:
    ./components/section-figure.tsx
    ./components/about-section.tsx
    ./app/[locale]/page.tsx @ http://localhost:3000/_next/static/chunks/node_modules_next_dist_0u_w_5s._.js:1945
[  197892ms] [ERROR] ./components/section-figure.tsx:91:9
Expected ',', got 'ident'
  89 |           only decides how much of the finished frame is showing. */}
  90 |       <div
> 91 |         className={`figure-uncover relative w-full overflow-hidden ${className}`}
     |         ^^^^^^^^^
  92 |         style={{ aspectRatio: ratio }}
  93 |       >
  94 |         <ProfileImage

Parsing ecmascript source code failed

Import trace:
  Server Component:
    ./components/section-figure.tsx
    ./components/about-section.tsx
    ./app/[locale]/page.tsx @ http://localhost:3000/_next/static/chunks/node_modules_next_dist_0u_w_5s._.js:1945
[  197956ms] [ERROR] ./components/section-figure.tsx:91:9
Expected ',', got 'ident'
  89 |           only decides how much of the finished frame is showing. */}
  90 |       <div
> 91 |         className={`figure-uncover relative w-full overflow-hidden ${className}`}
     |         ^^^^^^^^^
  92 |         style={{ aspectRatio: ratio }}
  93 |       >
  94 |         <ProfileImage

Parsing ecmascript source code failed

Import trace:
  Server Component:
    ./components/section-figure.tsx
    ./components/about-section.tsx
    ./app/[locale]/page.tsx @ http://localhost:3000/_next/static/chunks/node_modules_next_dist_0u_w_5s._.js:1945
[  198017ms] [ERROR] ./components/section-figure.tsx:91:9
Expected ',', got 'ident'
  89 |           only decides how much of the finished frame is showing. */}
  90 |       <div
> 91 |         className={`figure-uncover relative w-full overflow-hidden ${className}`}
     |         ^^^^^^^^^
  92 |         style={{ aspectRatio: ratio }}
  93 |       >
  94 |         <ProfileImage

Parsing ecmascript source code failed

Import trace:
  Server Component:
    ./components/section-figure.tsx
    ./components/about-section.tsx
    ./app/[locale]/page.tsx @ http://localhost:3000/_next/static/chunks/node_modules_next_dist_0u_w_5s._.js:1945
[  198079ms] [ERROR] ./components/section-figure.tsx:91:9
Expected ',', got 'ident'
  89 |           only decides how much of the finished frame is showing. */}
  90 |       <div
> 91 |         className={`figure-uncover relative w-full overflow-hidden ${className}`}
     |         ^^^^^^^^^
  92 |         style={{ aspectRatio: ratio }}
  93 |       >
  94 |         <ProfileImage

Parsing ecmascript source code failed

Import trace:
  Server Component:
    ./components/section-figure.tsx
    ./components/about-section.tsx
    ./app/[locale]/page.tsx @ http://localhost:3000/_next/static/chunks/node_modules_next_dist_0u_w_5s._.js:1945
[  198141ms] [ERROR] ./components/section-figure.tsx:91:9
Expected ',', got 'ident'
  89 |           only decides how much of the finished frame is showing. */}
  90 |       <div
> 91 |         className={`figure-uncover relative w-full overflow-hidden ${className}`}
     |         ^^^^^^^^^
  92 |         style={{ aspectRatio: ratio }}
  93 |       >
  94 |         <ProfileImage

Parsing ecmascript source code failed

Import trace:
  Server Component:
    ./components/section-figure.tsx
    ./components/about-section.tsx
    ./app/[locale]/page.tsx @ http://localhost:3000/_next/static/chunks/node_modules_next_dist_0u_w_5s._.js:1945
[  198202ms] [ERROR] ./components/section-figure.tsx:91:9
Expected ',', got 'ident'
  89 |           only decides how much of the finished frame is showing. */}
  90 |       <div
> 91 |         className={`figure-uncover relative w-full overflow-hidden ${className}`}
     |         ^^^^^^^^^
  92 |         style={{ aspectRatio: ratio }}
  93 |       >
  94 |         <ProfileImage

Parsing ecmascript source code failed

Import trace:
  Server Component:
    ./components/section-figure.tsx
    ./components/about-section.tsx
    ./app/[locale]/page.tsx @ http://localhost:3000/_next/static/chunks/node_modules_next_dist_0u_w_5s._.js:1945
[  198264ms] [ERROR] ./components/section-figure.tsx:91:9
Expected ',', got 'ident'
  89 |           only decides how much of the finished frame is showing. */}
  90 |       <div
> 91 |         className={`figure-uncover relative w-full overflow-hidden ${className}`}
     |         ^^^^^^^^^
  92 |         style={{ aspectRatio: ratio }}
  93 |       >
  94 |         <ProfileImage

Parsing ecmascript source code failed

Import trace:
  Server Component:
    ./components/section-figure.tsx
    ./components/about-section.tsx
    ./app/[locale]/page.tsx @ http://localhost:3000/_next/static/chunks/node_modules_next_dist_0u_w_5s._.js:1945
[  198326ms] [ERROR] ./components/section-figure.tsx:91:9
Expected ',', got 'ident'
  89 |           only decides how much of the finished frame is showing. */}
  90 |       <div
> 91 |         className={`figure-uncover relative w-full overflow-hidden ${className}`}
     |         ^^^^^^^^^
  92 |         style={{ aspectRatio: ratio }}
  93 |       >
  94 |         <ProfileImage

Parsing ecmascript source code failed

Import trace:
  Server Component:
    ./components/section-figure.tsx
    ./components/about-section.tsx
    ./app/[locale]/page.tsx @ http://localhost:3000/_next/static/chunks/node_modules_next_dist_0u_w_5s._.js:1945
[  198387ms] [ERROR] ./components/section-figure.tsx:91:9
Expected ',', got 'ident'
  89 |           only decides how much of the finished frame is showing. */}
  90 |       <div
> 91 |         className={`figure-uncover relative w-full overflow-hidden ${className}`}
     |         ^^^^^^^^^
  92 |         style={{ aspectRatio: ratio }}
  93 |       >
  94 |         <ProfileImage

Parsing ecmascript source code failed

Import trace:
  Server Component:
    ./components/section-figure.tsx
    ./components/about-section.tsx
    ./app/[locale]/page.tsx @ http://localhost:3000/_next/static/chunks/node_modules_next_dist_0u_w_5s._.js:1945
[  198448ms] [ERROR] ./components/section-figure.tsx:91:9
Expected ',', got 'ident'
  89 |           only decides how much of the finished frame is showing. */}
  90 |       <div
> 91 |         className={`figure-uncover relative w-full overflow-hidden ${className}`}
     |         ^^^^^^^^^
  92 |         style={{ aspectRatio: ratio }}
  93 |       >
  94 |         <ProfileImage

Parsing ecmascript source code failed

Import trace:
  Server Component:
    ./components/section-figure.tsx
    ./components/about-section.tsx
    ./app/[locale]/page.tsx @ http://localhost:3000/_next/static/chunks/node_modules_next_dist_0u_w_5s._.js:1945
[  198509ms] [ERROR] ./components/section-figure.tsx:91:9
Expected ',', got 'ident'
  89 |           only decides how much of the finished frame is showing. */}
  90 |       <div
> 91 |         className={`figure-uncover relative w-full overflow-hidden ${className}`}
     |         ^^^^^^^^^
  92 |         style={{ aspectRatio: ratio }}
  93 |       >
  94 |         <ProfileImage

Parsing ecmascript source code failed

Import trace:
  Server Component:
    ./components/section-figure.tsx
    ./components/about-section.tsx
    ./app/[locale]/page.tsx @ http://localhost:3000/_next/static/chunks/node_modules_next_dist_0u_w_5s._.js:1945
[  198571ms] [ERROR] ./components/section-figure.tsx:91:9
Expected ',', got 'ident'
  89 |           only decides how much of the finished frame is showing. */}
  90 |       <div
> 91 |         className={`figure-uncover relative w-full overflow-hidden ${className}`}
     |         ^^^^^^^^^
  92 |         style={{ aspectRatio: ratio }}
  93 |       >
  94 |         <ProfileImage

Parsing ecmascript source code failed

Import trace:
  Server Component:
    ./components/section-figure.tsx
    ./components/about-section.tsx
    ./app/[locale]/page.tsx @ http://localhost:3000/_next/static/chunks/node_modules_next_dist_0u_w_5s._.js:1945
[  198635ms] [ERROR] ./components/section-figure.tsx:91:9
Expected ',', got 'ident'
  89 |           only decides how much of the finished frame is showing. */}
  90 |       <div
> 91 |         className={`figure-uncover relative w-full overflow-hidden ${className}`}
     |         ^^^^^^^^^
  92 |         style={{ aspectRatio: ratio }}
  93 |       >
  94 |         <ProfileImage

Parsing ecmascript source code failed

Import trace:
  Server Component:
    ./components/section-figure.tsx
    ./components/about-section.tsx
    ./app/[locale]/page.tsx @ http://localhost:3000/_next/static/chunks/node_modules_next_dist_0u_w_5s._.js:1945
[  198695ms] [ERROR] ./components/section-figure.tsx:91:9
Expected ',', got 'ident'
  89 |           only decides how much of the finished frame is showing. */}
  90 |       <div
> 91 |         className={`figure-uncover relative w-full overflow-hidden ${className}`}
     |         ^^^^^^^^^
  92 |         style={{ aspectRatio: ratio }}
  93 |       >
  94 |         <ProfileImage

Parsing ecmascript source code failed

Import trace:
  Server Component:
    ./components/section-figure.tsx
    ./components/about-section.tsx
    ./app/[locale]/page.tsx @ http://localhost:3000/_next/static/chunks/node_modules_next_dist_0u_w_5s._.js:1945
[  198758ms] [ERROR] ./components/section-figure.tsx:91:9
Expected ',', got 'ident'
  89 |           only decides how much of the finished frame is showing. */}
  90 |       <div
> 91 |         className={`figure-uncover relative w-full overflow-hidden ${className}`}
     |         ^^^^^^^^^
  92 |         style={{ aspectRatio: ratio }}
  93 |       >
  94 |         <ProfileImage

Parsing ecmascript source code failed

Import trace:
  Server Component:
    ./components/section-figure.tsx
    ./components/about-section.tsx
    ./app/[locale]/page.tsx @ http://localhost:3000/_next/static/chunks/node_modules_next_dist_0u_w_5s._.js:1945
[  198819ms] [ERROR] ./components/section-figure.tsx:91:9
Expected ',', got 'ident'
  89 |           only decides how much of the finished frame is showing. */}
  90 |       <div
> 91 |         className={`figure-uncover relative w-full overflow-hidden ${className}`}
     |         ^^^^^^^^^
  92 |         style={{ aspectRatio: ratio }}
  93 |       >
  94 |         <ProfileImage

Parsing ecmascript source code failed

Import trace:
  Server Component:
    ./components/section-figure.tsx
    ./components/about-section.tsx
    ./app/[locale]/page.tsx @ http://localhost:3000/_next/static/chunks/node_modules_next_dist_0u_w_5s._.js:1945
[  198880ms] [ERROR] ./components/section-figure.tsx:91:9
Expected ',', got 'ident'
  89 |           only decides how much of the finished frame is showing. */}
  90 |       <div
> 91 |         className={`figure-uncover relative w-full overflow-hidden ${className}`}
     |         ^^^^^^^^^
  92 |         style={{ aspectRatio: ratio }}
  93 |       >
  94 |         <ProfileImage

Parsing ecmascript source code failed

Import trace:
  Server Component:
    ./components/section-figure.tsx
    ./components/about-section.tsx
    ./app/[locale]/page.tsx @ http://localhost:3000/_next/static/chunks/node_modules_next_dist_0u_w_5s._.js:1945
[  198942ms] [ERROR] ./components/section-figure.tsx:91:9
Expected ',', got 'ident'
  89 |           only decides how much of the finished frame is showing. */}
  90 |       <div
> 91 |         className={`figure-uncover relative w-full overflow-hidden ${className}`}
     |         ^^^^^^^^^
  92 |         style={{ aspectRatio: ratio }}
  93 |       >
  94 |         <ProfileImage

Parsing ecmascript source code failed

Import trace:
  Server Component:
    ./components/section-figure.tsx
    ./components/about-section.tsx
    ./app/[locale]/page.tsx @ http://localhost:3000/_next/static/chunks/node_modules_next_dist_0u_w_5s._.js:1945
[  199003ms] [ERROR] ./components/section-figure.tsx:91:9
Expected ',', got 'ident'
  89 |           only decides how much of the finished frame is showing. */}
  90 |       <div
> 91 |         className={`figure-uncover relative w-full overflow-hidden ${className}`}
     |         ^^^^^^^^^
  92 |         style={{ aspectRatio: ratio }}
  93 |       >
  94 |         <ProfileImage

Parsing ecmascript source code failed

Import trace:
  Server Component:
    ./components/section-figure.tsx
    ./components/about-section.tsx
    ./app/[locale]/page.tsx @ http://localhost:3000/_next/static/chunks/node_modules_next_dist_0u_w_5s._.js:1945
[  199066ms] [ERROR] ./components/section-figure.tsx:91:9
Expected ',', got 'ident'
  89 |           only decides how much of the finished frame is showing. */}
  90 |       <div
> 91 |         className={`figure-uncover relative w-full overflow-hidden ${className}`}
     |         ^^^^^^^^^
  92 |         style={{ aspectRatio: ratio }}
  93 |       >
  94 |         <ProfileImage

Parsing ecmascript source code failed

Import trace:
  Server Component:
    ./components/section-figure.tsx
    ./components/about-section.tsx
    ./app/[locale]/page.tsx @ http://localhost:3000/_next/static/chunks/node_modules_next_dist_0u_w_5s._.js:1945
[  199128ms] [ERROR] ./components/section-figure.tsx:91:9
Expected ',', got 'ident'
  89 |           only decides how much of the finished frame is showing. */}
  90 |       <div
> 91 |         className={`figure-uncover relative w-full overflow-hidden ${className}`}
     |         ^^^^^^^^^
  92 |         style={{ aspectRatio: ratio }}
  93 |       >
  94 |         <ProfileImage

Parsing ecmascript source code failed

Import trace:
  Server Component:
    ./components/section-figure.tsx
    ./components/about-section.tsx
    ./app/[locale]/page.tsx @ http://localhost:3000/_next/static/chunks/node_modules_next_dist_0u_w_5s._.js:1945
[  199190ms] [ERROR] ./components/section-figure.tsx:91:9
Expected ',', got 'ident'
  89 |           only decides how much of the finished frame is showing. */}
  90 |       <div
> 91 |         className={`figure-uncover relative w-full overflow-hidden ${className}`}
     |         ^^^^^^^^^
  92 |         style={{ aspectRatio: ratio }}
  93 |       >
  94 |         <ProfileImage

Parsing ecmascript source code failed

Import trace:
  Server Component:
    ./components/section-figure.tsx
    ./components/about-section.tsx
    ./app/[locale]/page.tsx @ http://localhost:3000/_next/static/chunks/node_modules_next_dist_0u_w_5s._.js:1945
[  199252ms] [ERROR] ./components/section-figure.tsx:91:9
Expected ',', got 'ident'
  89 |           only decides how much of the finished frame is showing. */}
  90 |       <div
> 91 |         className={`figure-uncover relative w-full overflow-hidden ${className}`}
     |         ^^^^^^^^^
  92 |         style={{ aspectRatio: ratio }}
  93 |       >
  94 |         <ProfileImage

Parsing ecmascript source code failed

Import trace:
  Server Component:
    ./components/section-figure.tsx
    ./components/about-section.tsx
    ./app/[locale]/page.tsx @ http://localhost:3000/_next/static/chunks/node_modules_next_dist_0u_w_5s._.js:1945
[  199314ms] [ERROR] ./components/section-figure.tsx:91:9
Expected ',', got 'ident'
  89 |           only decides how much of the finished frame is showing. */}
  90 |       <div
> 91 |         className={`figure-uncover relative w-full overflow-hidden ${className}`}
     |         ^^^^^^^^^
  92 |         style={{ aspectRatio: ratio }}
  93 |       >
  94 |         <ProfileImage

Parsing ecmascript source code failed

Import trace:
  Server Component:
    ./components/section-figure.tsx
    ./components/about-section.tsx
    ./app/[locale]/page.tsx @ http://localhost:3000/_next/static/chunks/node_modules_next_dist_0u_w_5s._.js:1945
[  199377ms] [ERROR] ./components/section-figure.tsx:91:9
Expected ',', got 'ident'
  89 |           only decides how much of the finished frame is showing. */}
  90 |       <div
> 91 |         className={`figure-uncover relative w-full overflow-hidden ${className}`}
     |         ^^^^^^^^^
  92 |         style={{ aspectRatio: ratio }}
  93 |       >
  94 |         <ProfileImage

Parsing ecmascript source code failed

Import trace:
  Server Component:
    ./components/section-figure.tsx
    ./components/about-section.tsx
    ./app/[locale]/page.tsx @ http://localhost:3000/_next/static/chunks/node_modules_next_dist_0u_w_5s._.js:1945
[  199440ms] [ERROR] ./components/section-figure.tsx:91:9
Expected ',', got 'ident'
  89 |           only decides how much of the finished frame is showing. */}
  90 |       <div
> 91 |         className={`figure-uncover relative w-full overflow-hidden ${className}`}
     |         ^^^^^^^^^
  92 |         style={{ aspectRatio: ratio }}
  93 |       >
  94 |         <ProfileImage

Parsing ecmascript source code failed

Import trace:
  Server Component:
    ./components/section-figure.tsx
    ./components/about-section.tsx
    ./app/[locale]/page.tsx @ http://localhost:3000/_next/static/chunks/node_modules_next_dist_0u_w_5s._.js:1945
[  199502ms] [ERROR] ./components/section-figure.tsx:91:9
Expected ',', got 'ident'
  89 |           only decides how much of the finished frame is showing. */}
  90 |       <div
> 91 |         className={`figure-uncover relative w-full overflow-hidden ${className}`}
     |         ^^^^^^^^^
  92 |         style={{ aspectRatio: ratio }}
  93 |       >
  94 |         <ProfileImage

Parsing ecmascript source code failed

Import trace:
  Server Component:
    ./components/section-figure.tsx
    ./components/about-section.tsx
    ./app/[locale]/page.tsx @ http://localhost:3000/_next/static/chunks/node_modules_next_dist_0u_w_5s._.js:1945
[  199563ms] [ERROR] ./components/section-figure.tsx:91:9
Expected ',', got 'ident'
  89 |           only decides how much of the finished frame is showing. */}
  90 |       <div
> 91 |         className={`figure-uncover relative w-full overflow-hidden ${className}`}
     |         ^^^^^^^^^
  92 |         style={{ aspectRatio: ratio }}
  93 |       >
  94 |         <ProfileImage

Parsing ecmascript source code failed

Import trace:
  Server Component:
    ./components/section-figure.tsx
    ./components/about-section.tsx
    ./app/[locale]/page.tsx @ http://localhost:3000/_next/static/chunks/node_modules_next_dist_0u_w_5s._.js:1945
[  199626ms] [ERROR] ./components/section-figure.tsx:91:9
Expected ',', got 'ident'
  89 |           only decides how much of the finished frame is showing. */}
  90 |       <div
> 91 |         className={`figure-uncover relative w-full overflow-hidden ${className}`}
     |         ^^^^^^^^^
  92 |         style={{ aspectRatio: ratio }}
  93 |       >
  94 |         <ProfileImage

Parsing ecmascript source code failed

Import trace:
  Server Component:
    ./components/section-figure.tsx
    ./components/about-section.tsx
    ./app/[locale]/page.tsx @ http://localhost:3000/_next/static/chunks/node_modules_next_dist_0u_w_5s._.js:1945
[  199688ms] [ERROR] ./components/section-figure.tsx:91:9
Expected ',', got 'ident'
  89 |           only decides how much of the finished frame is showing. */}
  90 |       <div
> 91 |         className={`figure-uncover relative w-full overflow-hidden ${className}`}
     |         ^^^^^^^^^
  92 |         style={{ aspectRatio: ratio }}
  93 |       >
  94 |         <ProfileImage

Parsing ecmascript source code failed

Import trace:
  Server Component:
    ./components/section-figure.tsx
    ./components/about-section.tsx
    ./app/[locale]/page.tsx @ http://localhost:3000/_next/static/chunks/node_modules_next_dist_0u_w_5s._.js:1945
[  199751ms] [ERROR] ./components/section-figure.tsx:91:9
Expected ',', got 'ident'
  89 |           only decides how much of the finished frame is showing. */}
  90 |       <div
> 91 |         className={`figure-uncover relative w-full overflow-hidden ${className}`}
     |         ^^^^^^^^^
  92 |         style={{ aspectRatio: ratio }}
  93 |       >
  94 |         <ProfileImage

Parsing ecmascript source code failed

Import trace:
  Server Component:
    ./components/section-figure.tsx
    ./components/about-section.tsx
    ./app/[locale]/page.tsx @ http://localhost:3000/_next/static/chunks/node_modules_next_dist_0u_w_5s._.js:1945
[  199812ms] [ERROR] ./components/section-figure.tsx:91:9
Expected ',', got 'ident'
  89 |           only decides how much of the finished frame is showing. */}
  90 |       <div
> 91 |         className={`figure-uncover relative w-full overflow-hidden ${className}`}
     |         ^^^^^^^^^
  92 |         style={{ aspectRatio: ratio }}
  93 |       >
  94 |         <ProfileImage

Parsing ecmascript source code failed

Import trace:
  Server Component:
    ./components/section-figure.tsx
    ./components/about-section.tsx
    ./app/[locale]/page.tsx @ http://localhost:3000/_next/static/chunks/node_modules_next_dist_0u_w_5s._.js:1945
[  199874ms] [ERROR] ./components/section-figure.tsx:91:9
Expected ',', got 'ident'
  89 |           only decides how much of the finished frame is showing. */}
  90 |       <div
> 91 |         className={`figure-uncover relative w-full overflow-hidden ${className}`}
     |         ^^^^^^^^^
  92 |         style={{ aspectRatio: ratio }}
  93 |       >
  94 |         <ProfileImage

Parsing ecmascript source code failed

Import trace:
  Server Component:
    ./components/section-figure.tsx
    ./components/about-section.tsx
    ./app/[locale]/page.tsx @ http://localhost:3000/_next/static/chunks/node_modules_next_dist_0u_w_5s._.js:1945
[  199935ms] [ERROR] ./components/section-figure.tsx:91:9
Expected ',', got 'ident'
  89 |           only decides how much of the finished frame is showing. */}
  90 |       <div
> 91 |         className={`figure-uncover relative w-full overflow-hidden ${className}`}
     |         ^^^^^^^^^
  92 |         style={{ aspectRatio: ratio }}
  93 |       >
  94 |         <ProfileImage

Parsing ecmascript source code failed

Import trace:
  Server Component:
    ./components/section-figure.tsx
    ./components/about-section.tsx
    ./app/[locale]/page.tsx @ http://localhost:3000/_next/static/chunks/node_modules_next_dist_0u_w_5s._.js:1945
[  199998ms] [ERROR] ./components/section-figure.tsx:91:9
Expected ',', got 'ident'
  89 |           only decides how much of the finished frame is showing. */}
  90 |       <div
> 91 |         className={`figure-uncover relative w-full overflow-hidden ${className}`}
     |         ^^^^^^^^^
  92 |         style={{ aspectRatio: ratio }}
  93 |       >
  94 |         <ProfileImage

Parsing ecmascript source code failed

Import trace:
  Server Component:
    ./components/section-figure.tsx
    ./components/about-section.tsx
    ./app/[locale]/page.tsx @ http://localhost:3000/_next/static/chunks/node_modules_next_dist_0u_w_5s._.js:1945
[  200059ms] [ERROR] ./components/section-figure.tsx:91:9
Expected ',', got 'ident'
  89 |           only decides how much of the finished frame is showing. */}
  90 |       <div
> 91 |         className={`figure-uncover relative w-full overflow-hidden ${className}`}
     |         ^^^^^^^^^
  92 |         style={{ aspectRatio: ratio }}
  93 |       >
  94 |         <ProfileImage

Parsing ecmascript source code failed

Import trace:
  Server Component:
    ./components/section-figure.tsx
    ./components/about-section.tsx
    ./app/[locale]/page.tsx @ http://localhost:3000/_next/static/chunks/node_modules_next_dist_0u_w_5s._.js:1945
[  200120ms] [ERROR] ./components/section-figure.tsx:91:9
Expected ',', got 'ident'
  89 |           only decides how much of the finished frame is showing. */}
  90 |       <div
> 91 |         className={`figure-uncover relative w-full overflow-hidden ${className}`}
     |         ^^^^^^^^^
  92 |         style={{ aspectRatio: ratio }}
  93 |       >
  94 |         <ProfileImage

Parsing ecmascript source code failed

Import trace:
  Server Component:
    ./components/section-figure.tsx
    ./components/about-section.tsx
    ./app/[locale]/page.tsx @ http://localhost:3000/_next/static/chunks/node_modules_next_dist_0u_w_5s._.js:1945
[  200181ms] [ERROR] ./components/section-figure.tsx:91:9
Expected ',', got 'ident'
  89 |           only decides how much of the finished frame is showing. */}
  90 |       <div
> 91 |         className={`figure-uncover relative w-full overflow-hidden ${className}`}
     |         ^^^^^^^^^
  92 |         style={{ aspectRatio: ratio }}
  93 |       >
  94 |         <ProfileImage

Parsing ecmascript source code failed

Import trace:
  Server Component:
    ./components/section-figure.tsx
    ./components/about-section.tsx
    ./app/[locale]/page.tsx @ http://localhost:3000/_next/static/chunks/node_modules_next_dist_0u_w_5s._.js:1945
[  200243ms] [ERROR] ./components/section-figure.tsx:91:9
Expected ',', got 'ident'
  89 |           only decides how much of the finished frame is showing. */}
  90 |       <div
> 91 |         className={`figure-uncover relative w-full overflow-hidden ${className}`}
     |         ^^^^^^^^^
  92 |         style={{ aspectRatio: ratio }}
  93 |       >
  94 |         <ProfileImage

Parsing ecmascript source code failed

Import trace:
  Server Component:
    ./components/section-figure.tsx
    ./components/about-section.tsx
    ./app/[locale]/page.tsx @ http://localhost:3000/_next/static/chunks/node_modules_next_dist_0u_w_5s._.js:1945
[  200304ms] [ERROR] ./components/section-figure.tsx:91:9
Expected ',', got 'ident'
  89 |           only decides how much of the finished frame is showing. */}
  90 |       <div
> 91 |         className={`figure-uncover relative w-full overflow-hidden ${className}`}
     |         ^^^^^^^^^
  92 |         style={{ aspectRatio: ratio }}
  93 |       >
  94 |         <ProfileImage

Parsing ecmascript source code failed

Import trace:
  Server Component:
    ./components/section-figure.tsx
    ./components/about-section.tsx
    ./app/[locale]/page.tsx @ http://localhost:3000/_next/static/chunks/node_modules_next_dist_0u_w_5s._.js:1945
[  200365ms] [ERROR] ./components/section-figure.tsx:91:9
Expected ',', got 'ident'
  89 |           only decides how much of the finished frame is showing. */}
  90 |       <div
> 91 |         className={`figure-uncover relative w-full overflow-hidden ${className}`}
     |         ^^^^^^^^^
  92 |         style={{ aspectRatio: ratio }}
  93 |       >
  94 |         <ProfileImage

Parsing ecmascript source code failed

Import trace:
  Server Component:
    ./components/section-figure.tsx
    ./components/about-section.tsx
    ./app/[locale]/page.tsx @ http://localhost:3000/_next/static/chunks/node_modules_next_dist_0u_w_5s._.js:1945
[  200427ms] [ERROR] ./components/section-figure.tsx:91:9
Expected ',', got 'ident'
  89 |           only decides how much of the finished frame is showing. */}
  90 |       <div
> 91 |         className={`figure-uncover relative w-full overflow-hidden ${className}`}
     |         ^^^^^^^^^
  92 |         style={{ aspectRatio: ratio }}
  93 |       >
  94 |         <ProfileImage

Parsing ecmascript source code failed

Import trace:
  Server Component:
    ./components/section-figure.tsx
    ./components/about-section.tsx
    ./app/[locale]/page.tsx @ http://localhost:3000/_next/static/chunks/node_modules_next_dist_0u_w_5s._.js:1945
[  200489ms] [ERROR] ./components/section-figure.tsx:91:9
Expected ',', got 'ident'
  89 |           only decides how much of the finished frame is showing. */}
  90 |       <div
> 91 |         className={`figure-uncover relative w-full overflow-hidden ${className}`}
     |         ^^^^^^^^^
  92 |         style={{ aspectRatio: ratio }}
  93 |       >
  94 |         <ProfileImage

Parsing ecmascript source code failed

Import trace:
  Server Component:
    ./components/section-figure.tsx
    ./components/about-section.tsx
    ./app/[locale]/page.tsx @ http://localhost:3000/_next/static/chunks/node_modules_next_dist_0u_w_5s._.js:1945
[  200550ms] [ERROR] ./components/section-figure.tsx:91:9
Expected ',', got 'ident'
  89 |           only decides how much of the finished frame is showing. */}
  90 |       <div
> 91 |         className={`figure-uncover relative w-full overflow-hidden ${className}`}
     |         ^^^^^^^^^
  92 |         style={{ aspectRatio: ratio }}
  93 |       >
  94 |         <ProfileImage

Parsing ecmascript source code failed

Import trace:
  Server Component:
    ./components/section-figure.tsx
    ./components/about-section.tsx
    ./app/[locale]/page.tsx @ http://localhost:3000/_next/static/chunks/node_modules_next_dist_0u_w_5s._.js:1945
[  200612ms] [ERROR] ./components/section-figure.tsx:91:9
Expected ',', got 'ident'
  89 |           only decides how much of the finished frame is showing. */}
  90 |       <div
> 91 |         className={`figure-uncover relative w-full overflow-hidden ${className}`}
     |         ^^^^^^^^^
  92 |         style={{ aspectRatio: ratio }}
  93 |       >
  94 |         <ProfileImage

Parsing ecmascript source code failed

Import trace:
  Server Component:
    ./components/section-figure.tsx
    ./components/about-section.tsx
    ./app/[locale]/page.tsx @ http://localhost:3000/_next/static/chunks/node_modules_next_dist_0u_w_5s._.js:1945
[  200674ms] [ERROR] ./components/section-figure.tsx:91:9
Expected ',', got 'ident'
  89 |           only decides how much of the finished frame is showing. */}
  90 |       <div
> 91 |         className={`figure-uncover relative w-full overflow-hidden ${className}`}
     |         ^^^^^^^^^
  92 |         style={{ aspectRatio: ratio }}
  93 |       >
  94 |         <ProfileImage

Parsing ecmascript source code failed

Import trace:
  Server Component:
    ./components/section-figure.tsx
    ./components/about-section.tsx
    ./app/[locale]/page.tsx @ http://localhost:3000/_next/static/chunks/node_modules_next_dist_0u_w_5s._.js:1945
[  200735ms] [ERROR] ./components/section-figure.tsx:91:9
Expected ',', got 'ident'
  89 |           only decides how much of the finished frame is showing. */}
  90 |       <div
> 91 |         className={`figure-uncover relative w-full overflow-hidden ${className}`}
     |         ^^^^^^^^^
  92 |         style={{ aspectRatio: ratio }}
  93 |       >
  94 |         <ProfileImage

Parsing ecmascript source code failed

Import trace:
  Server Component:
    ./components/section-figure.tsx
    ./components/about-section.tsx
    ./app/[locale]/page.tsx @ http://localhost:3000/_next/static/chunks/node_modules_next_dist_0u_w_5s._.js:1945
[  200796ms] [ERROR] ./components/section-figure.tsx:91:9
Expected ',', got 'ident'
  89 |           only decides how much of the finished frame is showing. */}
  90 |       <div
> 91 |         className={`figure-uncover relative w-full overflow-hidden ${className}`}
     |         ^^^^^^^^^
  92 |         style={{ aspectRatio: ratio }}
  93 |       >
  94 |         <ProfileImage

Parsing ecmascript source code failed

Import trace:
  Server Component:
    ./components/section-figure.tsx
    ./components/about-section.tsx
    ./app/[locale]/page.tsx @ http://localhost:3000/_next/static/chunks/node_modules_next_dist_0u_w_5s._.js:1945
[  200858ms] [ERROR] ./components/section-figure.tsx:91:9
Expected ',', got 'ident'
  89 |           only decides how much of the finished frame is showing. */}
  90 |       <div
> 91 |         className={`figure-uncover relative w-full overflow-hidden ${className}`}
     |         ^^^^^^^^^
  92 |         style={{ aspectRatio: ratio }}
  93 |       >
  94 |         <ProfileImage

Parsing ecmascript source code failed

Import trace:
  Server Component:
    ./components/section-figure.tsx
    ./components/about-section.tsx
    ./app/[locale]/page.tsx @ http://localhost:3000/_next/static/chunks/node_modules_next_dist_0u_w_5s._.js:1945
[  200919ms] [ERROR] ./components/section-figure.tsx:91:9
Expected ',', got 'ident'
  89 |           only decides how much of the finished frame is showing. */}
  90 |       <div
> 91 |         className={`figure-uncover relative w-full overflow-hidden ${className}`}
     |         ^^^^^^^^^
  92 |         style={{ aspectRatio: ratio }}
  93 |       >
  94 |         <ProfileImage

Parsing ecmascript source code failed

Import trace:
  Server Component:
    ./components/section-figure.tsx
    ./components/about-section.tsx
    ./app/[locale]/page.tsx @ http://localhost:3000/_next/static/chunks/node_modules_next_dist_0u_w_5s._.js:1945
[  200980ms] [ERROR] ./components/section-figure.tsx:91:9
Expected ',', got 'ident'
  89 |           only decides how much of the finished frame is showing. */}
  90 |       <div
> 91 |         className={`figure-uncover relative w-full overflow-hidden ${className}`}
     |         ^^^^^^^^^
  92 |         style={{ aspectRatio: ratio }}
  93 |       >
  94 |         <ProfileImage

Parsing ecmascript source code failed

Import trace:
  Server Component:
    ./components/section-figure.tsx
    ./components/about-section.tsx
    ./app/[locale]/page.tsx @ http://localhost:3000/_next/static/chunks/node_modules_next_dist_0u_w_5s._.js:1945
[  201042ms] [ERROR] ./components/section-figure.tsx:91:9
Expected ',', got 'ident'
  89 |           only decides how much of the finished frame is showing. */}
  90 |       <div
> 91 |         className={`figure-uncover relative w-full overflow-hidden ${className}`}
     |         ^^^^^^^^^
  92 |         style={{ aspectRatio: ratio }}
  93 |       >
  94 |         <ProfileImage

Parsing ecmascript source code failed

Import trace:
  Server Component:
    ./components/section-figure.tsx
    ./components/about-section.tsx
    ./app/[locale]/page.tsx @ http://localhost:3000/_next/static/chunks/node_modules_next_dist_0u_w_5s._.js:1945
[  201105ms] [ERROR] ./components/section-figure.tsx:91:9
Expected ',', got 'ident'
  89 |           only decides how much of the finished frame is showing. */}
  90 |       <div
> 91 |         className={`figure-uncover relative w-full overflow-hidden ${className}`}
     |         ^^^^^^^^^
  92 |         style={{ aspectRatio: ratio }}
  93 |       >
  94 |         <ProfileImage

Parsing ecmascript source code failed

Import trace:
  Server Component:
    ./components/section-figure.tsx
    ./components/about-section.tsx
    ./app/[locale]/page.tsx @ http://localhost:3000/_next/static/chunks/node_modules_next_dist_0u_w_5s._.js:1945
[  201168ms] [ERROR] ./components/section-figure.tsx:91:9
Expected ',', got 'ident'
  89 |           only decides how much of the finished frame is showing. */}
  90 |       <div
> 91 |         className={`figure-uncover relative w-full overflow-hidden ${className}`}
     |         ^^^^^^^^^
  92 |         style={{ aspectRatio: ratio }}
  93 |       >
  94 |         <ProfileImage

Parsing ecmascript source code failed

Import trace:
  Server Component:
    ./components/section-figure.tsx
    ./components/about-section.tsx
    ./app/[locale]/page.tsx @ http://localhost:3000/_next/static/chunks/node_modules_next_dist_0u_w_5s._.js:1945
[  201231ms] [ERROR] ./components/section-figure.tsx:91:9
Expected ',', got 'ident'
  89 |           only decides how much of the finished frame is showing. */}
  90 |       <div
> 91 |         className={`figure-uncover relative w-full overflow-hidden ${className}`}
     |         ^^^^^^^^^
  92 |         style={{ aspectRatio: ratio }}
  93 |       >
  94 |         <ProfileImage

Parsing ecmascript source code failed

Import trace:
  Server Component:
    ./components/section-figure.tsx
    ./components/about-section.tsx
    ./app/[locale]/page.tsx @ http://localhost:3000/_next/static/chunks/node_modules_next_dist_0u_w_5s._.js:1945
[  201294ms] [ERROR] ./components/section-figure.tsx:91:9
Expected ',', got 'ident'
  89 |           only decides how much of the finished frame is showing. */}
  90 |       <div
> 91 |         className={`figure-uncover relative w-full overflow-hidden ${className}`}
     |         ^^^^^^^^^
  92 |         style={{ aspectRatio: ratio }}
  93 |       >
  94 |         <ProfileImage

Parsing ecmascript source code failed

Import trace:
  Server Component:
    ./components/section-figure.tsx
    ./components/about-section.tsx
    ./app/[locale]/page.tsx @ http://localhost:3000/_next/static/chunks/node_modules_next_dist_0u_w_5s._.js:1945
[  201356ms] [ERROR] ./components/section-figure.tsx:91:9
Expected ',', got 'ident'
  89 |           only decides how much of the finished frame is showing. */}
  90 |       <div
> 91 |         className={`figure-uncover relative w-full overflow-hidden ${className}`}
     |         ^^^^^^^^^
  92 |         style={{ aspectRatio: ratio }}
  93 |       >
  94 |         <ProfileImage

Parsing ecmascript source code failed

Import trace:
  Server Component:
    ./components/section-figure.tsx
    ./components/about-section.tsx
    ./app/[locale]/page.tsx @ http://localhost:3000/_next/static/chunks/node_modules_next_dist_0u_w_5s._.js:1945
[  201417ms] [ERROR] ./components/section-figure.tsx:91:9
Expected ',', got 'ident'
  89 |           only decides how much of the finished frame is showing. */}
  90 |       <div
> 91 |         className={`figure-uncover relative w-full overflow-hidden ${className}`}
     |         ^^^^^^^^^
  92 |         style={{ aspectRatio: ratio }}
  93 |       >
  94 |         <ProfileImage

Parsing ecmascript source code failed

Import trace:
  Server Component:
    ./components/section-figure.tsx
    ./components/about-section.tsx
    ./app/[locale]/page.tsx @ http://localhost:3000/_next/static/chunks/node_modules_next_dist_0u_w_5s._.js:1945
[  201479ms] [ERROR] ./components/section-figure.tsx:91:9
Expected ',', got 'ident'
  89 |           only decides how much of the finished frame is showing. */}
  90 |       <div
> 91 |         className={`figure-uncover relative w-full overflow-hidden ${className}`}
     |         ^^^^^^^^^
  92 |         style={{ aspectRatio: ratio }}
  93 |       >
  94 |         <ProfileImage

Parsing ecmascript source code failed

Import trace:
  Server Component:
    ./components/section-figure.tsx
    ./components/about-section.tsx
    ./app/[locale]/page.tsx @ http://localhost:3000/_next/static/chunks/node_modules_next_dist_0u_w_5s._.js:1945
[  201541ms] [ERROR] ./components/section-figure.tsx:91:9
Expected ',', got 'ident'
  89 |           only decides how much of the finished frame is showing. */}
  90 |       <div
> 91 |         className={`figure-uncover relative w-full overflow-hidden ${className}`}
     |         ^^^^^^^^^
  92 |         style={{ aspectRatio: ratio }}
  93 |       >
  94 |         <ProfileImage

Parsing ecmascript source code failed

Import trace:
  Server Component:
    ./components/section-figure.tsx
    ./components/about-section.tsx
    ./app/[locale]/page.tsx @ http://localhost:3000/_next/static/chunks/node_modules_next_dist_0u_w_5s._.js:1945
[  201603ms] [ERROR] ./components/section-figure.tsx:91:9
Expected ',', got 'ident'
  89 |           only decides how much of the finished frame is showing. */}
  90 |       <div
> 91 |         className={`figure-uncover relative w-full overflow-hidden ${className}`}
     |         ^^^^^^^^^
  92 |         style={{ aspectRatio: ratio }}
  93 |       >
  94 |         <ProfileImage

Parsing ecmascript source code failed

Import trace:
  Server Component:
    ./components/section-figure.tsx
    ./components/about-section.tsx
    ./app/[locale]/page.tsx @ http://localhost:3000/_next/static/chunks/node_modules_next_dist_0u_w_5s._.js:1945
[  201665ms] [ERROR] ./components/section-figure.tsx:91:9
Expected ',', got 'ident'
  89 |           only decides how much of the finished frame is showing. */}
  90 |       <div
> 91 |         className={`figure-uncover relative w-full overflow-hidden ${className}`}
     |         ^^^^^^^^^
  92 |         style={{ aspectRatio: ratio }}
  93 |       >
  94 |         <ProfileImage

Parsing ecmascript source code failed

Import trace:
  Server Component:
    ./components/section-figure.tsx
    ./components/about-section.tsx
    ./app/[locale]/page.tsx @ http://localhost:3000/_next/static/chunks/node_modules_next_dist_0u_w_5s._.js:1945
[  201727ms] [ERROR] ./components/section-figure.tsx:91:9
Expected ',', got 'ident'
  89 |           only decides how much of the finished frame is showing. */}
  90 |       <div
> 91 |         className={`figure-uncover relative w-full overflow-hidden ${className}`}
     |         ^^^^^^^^^
  92 |         style={{ aspectRatio: ratio }}
  93 |       >
  94 |         <ProfileImage

Parsing ecmascript source code failed

Import trace:
  Server Component:
    ./components/section-figure.tsx
    ./components/about-section.tsx
    ./app/[locale]/page.tsx @ http://localhost:3000/_next/static/chunks/node_modules_next_dist_0u_w_5s._.js:1945
[  201789ms] [ERROR] ./components/section-figure.tsx:91:9
Expected ',', got 'ident'
  89 |           only decides how much of the finished frame is showing. */}
  90 |       <div
> 91 |         className={`figure-uncover relative w-full overflow-hidden ${className}`}
     |         ^^^^^^^^^
  92 |         style={{ aspectRatio: ratio }}
  93 |       >
  94 |         <ProfileImage

Parsing ecmascript source code failed

Import trace:
  Server Component:
    ./components/section-figure.tsx
    ./components/about-section.tsx
    ./app/[locale]/page.tsx @ http://localhost:3000/_next/static/chunks/node_modules_next_dist_0u_w_5s._.js:1945
[  201850ms] [ERROR] ./components/section-figure.tsx:91:9
Expected ',', got 'ident'
  89 |           only decides how much of the finished frame is showing. */}
  90 |       <div
> 91 |         className={`figure-uncover relative w-full overflow-hidden ${className}`}
     |         ^^^^^^^^^
  92 |         style={{ aspectRatio: ratio }}
  93 |       >
  94 |         <ProfileImage

Parsing ecmascript source code failed

Import trace:
  Server Component:
    ./components/section-figure.tsx
    ./components/about-section.tsx
    ./app/[locale]/page.tsx @ http://localhost:3000/_next/static/chunks/node_modules_next_dist_0u_w_5s._.js:1945
[  201912ms] [ERROR] ./components/section-figure.tsx:91:9
Expected ',', got 'ident'
  89 |           only decides how much of the finished frame is showing. */}
  90 |       <div
> 91 |         className={`figure-uncover relative w-full overflow-hidden ${className}`}
     |         ^^^^^^^^^
  92 |         style={{ aspectRatio: ratio }}
  93 |       >
  94 |         <ProfileImage

Parsing ecmascript source code failed

Import trace:
  Server Component:
    ./components/section-figure.tsx
    ./components/about-section.tsx
    ./app/[locale]/page.tsx @ http://localhost:3000/_next/static/chunks/node_modules_next_dist_0u_w_5s._.js:1945
[  201974ms] [ERROR] ./components/section-figure.tsx:91:9
Expected ',', got 'ident'
  89 |           only decides how much of the finished frame is showing. */}
  90 |       <div
> 91 |         className={`figure-uncover relative w-full overflow-hidden ${className}`}
     |         ^^^^^^^^^
  92 |         style={{ aspectRatio: ratio }}
  93 |       >
  94 |         <ProfileImage

Parsing ecmascript source code failed

Import trace:
  Server Component:
    ./components/section-figure.tsx
    ./components/about-section.tsx
    ./app/[locale]/page.tsx @ http://localhost:3000/_next/static/chunks/node_modules_next_dist_0u_w_5s._.js:1945
[  202036ms] [ERROR] ./components/section-figure.tsx:91:9
Expected ',', got 'ident'
  89 |           only decides how much of the finished frame is showing. */}
  90 |       <div
> 91 |         className={`figure-uncover relative w-full overflow-hidden ${className}`}
     |         ^^^^^^^^^
  92 |         style={{ aspectRatio: ratio }}
  93 |       >
  94 |         <ProfileImage

Parsing ecmascript source code failed

Import trace:
  Server Component:
    ./components/section-figure.tsx
    ./components/about-section.tsx
    ./app/[locale]/page.tsx @ http://localhost:3000/_next/static/chunks/node_modules_next_dist_0u_w_5s._.js:1945
[  202097ms] [ERROR] ./components/section-figure.tsx:91:9
Expected ',', got 'ident'
  89 |           only decides how much of the finished frame is showing. */}
  90 |       <div
> 91 |         className={`figure-uncover relative w-full overflow-hidden ${className}`}
     |         ^^^^^^^^^
  92 |         style={{ aspectRatio: ratio }}
  93 |       >
  94 |         <ProfileImage

Parsing ecmascript source code failed

Import trace:
  Server Component:
    ./components/section-figure.tsx
    ./components/about-section.tsx
    ./app/[locale]/page.tsx @ http://localhost:3000/_next/static/chunks/node_modules_next_dist_0u_w_5s._.js:1945
[  202158ms] [ERROR] ./components/section-figure.tsx:91:9
Expected ',', got 'ident'
  89 |           only decides how much of the finished frame is showing. */}
  90 |       <div
> 91 |         className={`figure-uncover relative w-full overflow-hidden ${className}`}
     |         ^^^^^^^^^
  92 |         style={{ aspectRatio: ratio }}
  93 |       >
  94 |         <ProfileImage

Parsing ecmascript source code failed

Import trace:
  Server Component:
    ./components/section-figure.tsx
    ./components/about-section.tsx
    ./app/[locale]/page.tsx @ http://localhost:3000/_next/static/chunks/node_modules_next_dist_0u_w_5s._.js:1945
[  202220ms] [ERROR] ./components/section-figure.tsx:91:9
Expected ',', got 'ident'
  89 |           only decides how much of the finished frame is showing. */}
  90 |       <div
> 91 |         className={`figure-uncover relative w-full overflow-hidden ${className}`}
     |         ^^^^^^^^^
  92 |         style={{ aspectRatio: ratio }}
  93 |       >
  94 |         <ProfileImage

Parsing ecmascript source code failed

Import trace:
  Server Component:
    ./components/section-figure.tsx
    ./components/about-section.tsx
    ./app/[locale]/page.tsx @ http://localhost:3000/_next/static/chunks/node_modules_next_dist_0u_w_5s._.js:1945
[  202280ms] [ERROR] ./components/section-figure.tsx:91:9
Expected ',', got 'ident'
  89 |           only decides how much of the finished frame is showing. */}
  90 |       <div
> 91 |         className={`figure-uncover relative w-full overflow-hidden ${className}`}
     |         ^^^^^^^^^
  92 |         style={{ aspectRatio: ratio }}
  93 |       >
  94 |         <ProfileImage

Parsing ecmascript source code failed

Import trace:
  Server Component:
    ./components/section-figure.tsx
    ./components/about-section.tsx
    ./app/[locale]/page.tsx @ http://localhost:3000/_next/static/chunks/node_modules_next_dist_0u_w_5s._.js:1945
[  202341ms] [ERROR] ./components/section-figure.tsx:91:9
Expected ',', got 'ident'
  89 |           only decides how much of the finished frame is showing. */}
  90 |       <div
> 91 |         className={`figure-uncover relative w-full overflow-hidden ${className}`}
     |         ^^^^^^^^^
  92 |         style={{ aspectRatio: ratio }}
  93 |       >
  94 |         <ProfileImage

Parsing ecmascript source code failed

Import trace:
  Server Component:
    ./components/section-figure.tsx
    ./components/about-section.tsx
    ./app/[locale]/page.tsx @ http://localhost:3000/_next/static/chunks/node_modules_next_dist_0u_w_5s._.js:1945
[  202403ms] [ERROR] ./components/section-figure.tsx:91:9
Expected ',', got 'ident'
  89 |           only decides how much of the finished frame is showing. */}
  90 |       <div
> 91 |         className={`figure-uncover relative w-full overflow-hidden ${className}`}
     |         ^^^^^^^^^
  92 |         style={{ aspectRatio: ratio }}
  93 |       >
  94 |         <ProfileImage

Parsing ecmascript source code failed

Import trace:
  Server Component:
    ./components/section-figure.tsx
    ./components/about-section.tsx
    ./app/[locale]/page.tsx @ http://localhost:3000/_next/static/chunks/node_modules_next_dist_0u_w_5s._.js:1945
[  202464ms] [ERROR] ./components/section-figure.tsx:91:9
Expected ',', got 'ident'
  89 |           only decides how much of the finished frame is showing. */}
  90 |       <div
> 91 |         className={`figure-uncover relative w-full overflow-hidden ${className}`}
     |         ^^^^^^^^^
  92 |         style={{ aspectRatio: ratio }}
  93 |       >
  94 |         <ProfileImage

Parsing ecmascript source code failed

Import trace:
  Server Component:
    ./components/section-figure.tsx
    ./components/about-section.tsx
    ./app/[locale]/page.tsx @ http://localhost:3000/_next/static/chunks/node_modules_next_dist_0u_w_5s._.js:1945
[  202526ms] [ERROR] ./components/section-figure.tsx:91:9
Expected ',', got 'ident'
  89 |           only decides how much of the finished frame is showing. */}
  90 |       <div
> 91 |         className={`figure-uncover relative w-full overflow-hidden ${className}`}
     |         ^^^^^^^^^
  92 |         style={{ aspectRatio: ratio }}
  93 |       >
  94 |         <ProfileImage

Parsing ecmascript source code failed

Import trace:
  Server Component:
    ./components/section-figure.tsx
    ./components/about-section.tsx
    ./app/[locale]/page.tsx @ http://localhost:3000/_next/static/chunks/node_modules_next_dist_0u_w_5s._.js:1945
[  202589ms] [ERROR] ./components/section-figure.tsx:91:9
Expected ',', got 'ident'
  89 |           only decides how much of the finished frame is showing. */}
  90 |       <div
> 91 |         className={`figure-uncover relative w-full overflow-hidden ${className}`}
     |         ^^^^^^^^^
  92 |         style={{ aspectRatio: ratio }}
  93 |       >
  94 |         <ProfileImage

Parsing ecmascript source code failed

Import trace:
  Server Component:
    ./components/section-figure.tsx
    ./components/about-section.tsx
    ./app/[locale]/page.tsx @ http://localhost:3000/_next/static/chunks/node_modules_next_dist_0u_w_5s._.js:1945
[  202650ms] [ERROR] ./components/section-figure.tsx:91:9
Expected ',', got 'ident'
  89 |           only decides how much of the finished frame is showing. */}
  90 |       <div
> 91 |         className={`figure-uncover relative w-full overflow-hidden ${className}`}
     |         ^^^^^^^^^
  92 |         style={{ aspectRatio: ratio }}
  93 |       >
  94 |         <ProfileImage

Parsing ecmascript source code failed

Import trace:
  Server Component:
    ./components/section-figure.tsx
    ./components/about-section.tsx
    ./app/[locale]/page.tsx @ http://localhost:3000/_next/static/chunks/node_modules_next_dist_0u_w_5s._.js:1945
[  202711ms] [ERROR] ./components/section-figure.tsx:91:9
Expected ',', got 'ident'
  89 |           only decides how much of the finished frame is showing. */}
  90 |       <div
> 91 |         className={`figure-uncover relative w-full overflow-hidden ${className}`}
     |         ^^^^^^^^^
  92 |         style={{ aspectRatio: ratio }}
  93 |       >
  94 |         <ProfileImage

Parsing ecmascript source code failed

Import trace:
  Server Component:
    ./components/section-figure.tsx
    ./components/about-section.tsx
    ./app/[locale]/page.tsx @ http://localhost:3000/_next/static/chunks/node_modules_next_dist_0u_w_5s._.js:1945
[  202773ms] [ERROR] ./components/section-figure.tsx:91:9
Expected ',', got 'ident'
  89 |           only decides how much of the finished frame is showing. */}
  90 |       <div
> 91 |         className={`figure-uncover relative w-full overflow-hidden ${className}`}
     |         ^^^^^^^^^
  92 |         style={{ aspectRatio: ratio }}
  93 |       >
  94 |         <ProfileImage

Parsing ecmascript source code failed

Import trace:
  Server Component:
    ./components/section-figure.tsx
    ./components/about-section.tsx
    ./app/[locale]/page.tsx @ http://localhost:3000/_next/static/chunks/node_modules_next_dist_0u_w_5s._.js:1945
[  202835ms] [ERROR] ./components/section-figure.tsx:91:9
Expected ',', got 'ident'
  89 |           only decides how much of the finished frame is showing. */}
  90 |       <div
> 91 |         className={`figure-uncover relative w-full overflow-hidden ${className}`}
     |         ^^^^^^^^^
  92 |         style={{ aspectRatio: ratio }}
  93 |       >
  94 |         <ProfileImage

Parsing ecmascript source code failed

Import trace:
  Server Component:
    ./components/section-figure.tsx
    ./components/about-section.tsx
    ./app/[locale]/page.tsx @ http://localhost:3000/_next/static/chunks/node_modules_next_dist_0u_w_5s._.js:1945
[  202897ms] [ERROR] ./components/section-figure.tsx:91:9
Expected ',', got 'ident'
  89 |           only decides how much of the finished frame is showing. */}
  90 |       <div
> 91 |         className={`figure-uncover relative w-full overflow-hidden ${className}`}
     |         ^^^^^^^^^
  92 |         style={{ aspectRatio: ratio }}
  93 |       >
  94 |         <ProfileImage

Parsing ecmascript source code failed

Import trace:
  Server Component:
    ./components/section-figure.tsx
    ./components/about-section.tsx
    ./app/[locale]/page.tsx @ http://localhost:3000/_next/static/chunks/node_modules_next_dist_0u_w_5s._.js:1945
[  202959ms] [ERROR] ./components/section-figure.tsx:91:9
Expected ',', got 'ident'
  89 |           only decides how much of the finished frame is showing. */}
  90 |       <div
> 91 |         className={`figure-uncover relative w-full overflow-hidden ${className}`}
     |         ^^^^^^^^^
  92 |         style={{ aspectRatio: ratio }}
  93 |       >
  94 |         <ProfileImage

Parsing ecmascript source code failed

Import trace:
  Server Component:
    ./components/section-figure.tsx
    ./components/about-section.tsx
    ./app/[locale]/page.tsx @ http://localhost:3000/_next/static/chunks/node_modules_next_dist_0u_w_5s._.js:1945
[  203020ms] [ERROR] ./components/section-figure.tsx:91:9
Expected ',', got 'ident'
  89 |           only decides how much of the finished frame is showing. */}
  90 |       <div
> 91 |         className={`figure-uncover relative w-full overflow-hidden ${className}`}
     |         ^^^^^^^^^
  92 |         style={{ aspectRatio: ratio }}
  93 |       >
  94 |         <ProfileImage

Parsing ecmascript source code failed

Import trace:
  Server Component:
    ./components/section-figure.tsx
    ./components/about-section.tsx
    ./app/[locale]/page.tsx @ http://localhost:3000/_next/static/chunks/node_modules_next_dist_0u_w_5s._.js:1945
[  203083ms] [ERROR] ./components/section-figure.tsx:91:9
Expected ',', got 'ident'
  89 |           only decides how much of the finished frame is showing. */}
  90 |       <div
> 91 |         className={`figure-uncover relative w-full overflow-hidden ${className}`}
     |         ^^^^^^^^^
  92 |         style={{ aspectRatio: ratio }}
  93 |       >
  94 |         <ProfileImage

Parsing ecmascript source code failed

Import trace:
  Server Component:
    ./components/section-figure.tsx
    ./components/about-section.tsx
    ./app/[locale]/page.tsx @ http://localhost:3000/_next/static/chunks/node_modules_next_dist_0u_w_5s._.js:1945
[  203144ms] [ERROR] ./components/section-figure.tsx:91:9
Expected ',', got 'ident'
  89 |           only decides how much of the finished frame is showing. */}
  90 |       <div
> 91 |         className={`figure-uncover relative w-full overflow-hidden ${className}`}
     |         ^^^^^^^^^
  92 |         style={{ aspectRatio: ratio }}
  93 |       >
  94 |         <ProfileImage

Parsing ecmascript source code failed

Import trace:
  Server Component:
    ./components/section-figure.tsx
    ./components/about-section.tsx
    ./app/[locale]/page.tsx @ http://localhost:3000/_next/static/chunks/node_modules_next_dist_0u_w_5s._.js:1945
[  203205ms] [ERROR] ./components/section-figure.tsx:91:9
Expected ',', got 'ident'
  89 |           only decides how much of the finished frame is showing. */}
  90 |       <div
> 91 |         className={`figure-uncover relative w-full overflow-hidden ${className}`}
     |         ^^^^^^^^^
  92 |         style={{ aspectRatio: ratio }}
  93 |       >
  94 |         <ProfileImage

Parsing ecmascript source code failed

Import trace:
  Server Component:
    ./components/section-figure.tsx
    ./components/about-section.tsx
    ./app/[locale]/page.tsx @ http://localhost:3000/_next/static/chunks/node_modules_next_dist_0u_w_5s._.js:1945
[  203267ms] [ERROR] ./components/section-figure.tsx:91:9
Expected ',', got 'ident'
  89 |           only decides how much of the finished frame is showing. */}
  90 |       <div
> 91 |         className={`figure-uncover relative w-full overflow-hidden ${className}`}
     |         ^^^^^^^^^
  92 |         style={{ aspectRatio: ratio }}
  93 |       >
  94 |         <ProfileImage

Parsing ecmascript source code failed

Import trace:
  Server Component:
    ./components/section-figure.tsx
    ./components/about-section.tsx
    ./app/[locale]/page.tsx @ http://localhost:3000/_next/static/chunks/node_modules_next_dist_0u_w_5s._.js:1945
[  203330ms] [ERROR] ./components/section-figure.tsx:91:9
Expected ',', got 'ident'
  89 |           only decides how much of the finished frame is showing. */}
  90 |       <div
> 91 |         className={`figure-uncover relative w-full overflow-hidden ${className}`}
     |         ^^^^^^^^^
  92 |         style={{ aspectRatio: ratio }}
  93 |       >
  94 |         <ProfileImage

Parsing ecmascript source code failed

Import trace:
  Server Component:
    ./components/section-figure.tsx
    ./components/about-section.tsx
    ./app/[locale]/page.tsx @ http://localhost:3000/_next/static/chunks/node_modules_next_dist_0u_w_5s._.js:1945
[  203393ms] [ERROR] ./components/section-figure.tsx:91:9
Expected ',', got 'ident'
  89 |           only decides how much of the finished frame is showing. */}
  90 |       <div
> 91 |         className={`figure-uncover relative w-full overflow-hidden ${className}`}
     |         ^^^^^^^^^
  92 |         style={{ aspectRatio: ratio }}
  93 |       >
  94 |         <ProfileImage

Parsing ecmascript source code failed

Import trace:
  Server Component:
    ./components/section-figure.tsx
    ./components/about-section.tsx
    ./app/[locale]/page.tsx @ http://localhost:3000/_next/static/chunks/node_modules_next_dist_0u_w_5s._.js:1945
[  203455ms] [ERROR] ./components/section-figure.tsx:91:9
Expected ',', got 'ident'
  89 |           only decides how much of the finished frame is showing. */}
  90 |       <div
> 91 |         className={`figure-uncover relative w-full overflow-hidden ${className}`}
     |         ^^^^^^^^^
  92 |         style={{ aspectRatio: ratio }}
  93 |       >
  94 |         <ProfileImage

Parsing ecmascript source code failed

Import trace:
  Server Component:
    ./components/section-figure.tsx
    ./components/about-section.tsx
    ./app/[locale]/page.tsx @ http://localhost:3000/_next/static/chunks/node_modules_next_dist_0u_w_5s._.js:1945
[  203519ms] [ERROR] ./components/section-figure.tsx:91:9
Expected ',', got 'ident'
  89 |           only decides how much of the finished frame is showing. */}
  90 |       <div
> 91 |         className={`figure-uncover relative w-full overflow-hidden ${className}`}
     |         ^^^^^^^^^
  92 |         style={{ aspectRatio: ratio }}
  93 |       >
  94 |         <ProfileImage

Parsing ecmascript source code failed

Import trace:
  Server Component:
    ./components/section-figure.tsx
    ./components/about-section.tsx
    ./app/[locale]/page.tsx @ http://localhost:3000/_next/static/chunks/node_modules_next_dist_0u_w_5s._.js:1945
[  203581ms] [ERROR] ./components/section-figure.tsx:91:9
Expected ',', got 'ident'
  89 |           only decides how much of the finished frame is showing. */}
  90 |       <div
> 91 |         className={`figure-uncover relative w-full overflow-hidden ${className}`}
     |         ^^^^^^^^^
  92 |         style={{ aspectRatio: ratio }}
  93 |       >
  94 |         <ProfileImage

Parsing ecmascript source code failed

Import trace:
  Server Component:
    ./components/section-figure.tsx
    ./components/about-section.tsx
    ./app/[locale]/page.tsx @ http://localhost:3000/_next/static/chunks/node_modules_next_dist_0u_w_5s._.js:1945
[  203643ms] [ERROR] ./components/section-figure.tsx:91:9
Expected ',', got 'ident'
  89 |           only decides how much of the finished frame is showing. */}
  90 |       <div
> 91 |         className={`figure-uncover relative w-full overflow-hidden ${className}`}
     |         ^^^^^^^^^
  92 |         style={{ aspectRatio: ratio }}
  93 |       >
  94 |         <ProfileImage

Parsing ecmascript source code failed

Import trace:
  Server Component:
    ./components/section-figure.tsx
    ./components/about-section.tsx
    ./app/[locale]/page.tsx @ http://localhost:3000/_next/static/chunks/node_modules_next_dist_0u_w_5s._.js:1945
[  203705ms] [ERROR] ./components/section-figure.tsx:91:9
Expected ',', got 'ident'
  89 |           only decides how much of the finished frame is showing. */}
  90 |       <div
> 91 |         className={`figure-uncover relative w-full overflow-hidden ${className}`}
     |         ^^^^^^^^^
  92 |         style={{ aspectRatio: ratio }}
  93 |       >
  94 |         <ProfileImage

Parsing ecmascript source code failed

Import trace:
  Server Component:
    ./components/section-figure.tsx
    ./components/about-section.tsx
    ./app/[locale]/page.tsx @ http://localhost:3000/_next/static/chunks/node_modules_next_dist_0u_w_5s._.js:1945
[  203827ms] [LOG] [Fast Refresh] rebuilding @ http://localhost:3000/_next/static/chunks/node_modules_next_dist_0u_w_5s._.js:1226
[  203966ms] [ERROR] ./components/section-figure.tsx:91:9
Expected ',', got 'ident'
  89 |           only decides how much of the finished frame is showing. */}
  90 |       <div
> 91 |         className={`figure-uncover relative w-full overflow-hidden ${className}`}
     |         ^^^^^^^^^
  92 |         style={{ aspectRatio: ratio }}
  93 |       >
  94 |         <ProfileImage

Parsing ecmascript source code failed

Import trace:
  Server Component:
    ./components/section-figure.tsx
    ./components/about-section.tsx
    ./app/[locale]/page.tsx @ http://localhost:3000/_next/static/chunks/node_modules_next_dist_0u_w_5s._.js:1945
[  204028ms] [ERROR] ./components/section-figure.tsx:91:9
Expected ',', got 'ident'
  89 |           only decides how much of the finished frame is showing. */}
  90 |       <div
> 91 |         className={`figure-uncover relative w-full overflow-hidden ${className}`}
     |         ^^^^^^^^^
  92 |         style={{ aspectRatio: ratio }}
  93 |       >
  94 |         <ProfileImage

Parsing ecmascript source code failed

Import trace:
  Server Component:
    ./components/section-figure.tsx
    ./components/about-section.tsx
    ./app/[locale]/page.tsx @ http://localhost:3000/_next/static/chunks/node_modules_next_dist_0u_w_5s._.js:1945
[  204090ms] [ERROR] ./components/section-figure.tsx:91:9
Expected ',', got 'ident'
  89 |           only decides how much of the finished frame is showing. */}
  90 |       <div
> 91 |         className={`figure-uncover relative w-full overflow-hidden ${className}`}
     |         ^^^^^^^^^
  92 |         style={{ aspectRatio: ratio }}
  93 |       >
  94 |         <ProfileImage

Parsing ecmascript source code failed

Import trace:
  Server Component:
    ./components/section-figure.tsx
    ./components/about-section.tsx
    ./app/[locale]/page.tsx @ http://localhost:3000/_next/static/chunks/node_modules_next_dist_0u_w_5s._.js:1945
[  204152ms] [ERROR] ./components/section-figure.tsx:91:9
Expected ',', got 'ident'
  89 |           only decides how much of the finished frame is showing. */}
  90 |       <div
> 91 |         className={`figure-uncover relative w-full overflow-hidden ${className}`}
     |         ^^^^^^^^^
  92 |         style={{ aspectRatio: ratio }}
  93 |       >
  94 |         <ProfileImage

Parsing ecmascript source code failed

Import trace:
  Server Component:
    ./components/section-figure.tsx
    ./components/about-section.tsx
    ./app/[locale]/page.tsx @ http://localhost:3000/_next/static/chunks/node_modules_next_dist_0u_w_5s._.js:1945
[  204213ms] [ERROR] ./components/section-figure.tsx:91:9
Expected ',', got 'ident'
  89 |           only decides how much of the finished frame is showing. */}
  90 |       <div
> 91 |         className={`figure-uncover relative w-full overflow-hidden ${className}`}
     |         ^^^^^^^^^
  92 |         style={{ aspectRatio: ratio }}
  93 |       >
  94 |         <ProfileImage

Parsing ecmascript source code failed

Import trace:
  Server Component:
    ./components/section-figure.tsx
    ./components/about-section.tsx
    ./app/[locale]/page.tsx @ http://localhost:3000/_next/static/chunks/node_modules_next_dist_0u_w_5s._.js:1945
[  204276ms] [ERROR] ./components/section-figure.tsx:91:9
Expected ',', got 'ident'
  89 |           only decides how much of the finished frame is showing. */}
  90 |       <div
> 91 |         className={`figure-uncover relative w-full overflow-hidden ${className}`}
     |         ^^^^^^^^^
  92 |         style={{ aspectRatio: ratio }}
  93 |       >
  94 |         <ProfileImage

Parsing ecmascript source code failed

Import trace:
  Server Component:
    ./components/section-figure.tsx
    ./components/about-section.tsx
    ./app/[locale]/page.tsx @ http://localhost:3000/_next/static/chunks/node_modules_next_dist_0u_w_5s._.js:1945
[  204337ms] [ERROR] ./components/section-figure.tsx:91:9
Expected ',', got 'ident'
  89 |           only decides how much of the finished frame is showing. */}
  90 |       <div
> 91 |         className={`figure-uncover relative w-full overflow-hidden ${className}`}
     |         ^^^^^^^^^
  92 |         style={{ aspectRatio: ratio }}
  93 |       >
  94 |         <ProfileImage

Parsing ecmascript source code failed

Import trace:
  Server Component:
    ./components/section-figure.tsx
    ./components/about-section.tsx
    ./app/[locale]/page.tsx @ http://localhost:3000/_next/static/chunks/node_modules_next_dist_0u_w_5s._.js:1945
[  204400ms] [ERROR] ./components/section-figure.tsx:91:9
Expected ',', got 'ident'
  89 |           only decides how much of the finished frame is showing. */}
  90 |       <div
> 91 |         className={`figure-uncover relative w-full overflow-hidden ${className}`}
     |         ^^^^^^^^^
  92 |         style={{ aspectRatio: ratio }}
  93 |       >
  94 |         <ProfileImage

Parsing ecmascript source code failed

Import trace:
  Server Component:
    ./components/section-figure.tsx
    ./components/about-section.tsx
    ./app/[locale]/page.tsx @ http://localhost:3000/_next/static/chunks/node_modules_next_dist_0u_w_5s._.js:1945
[  204462ms] [ERROR] ./components/section-figure.tsx:91:9
Expected ',', got 'ident'
  89 |           only decides how much of the finished frame is showing. */}
  90 |       <div
> 91 |         className={`figure-uncover relative w-full overflow-hidden ${className}`}
     |         ^^^^^^^^^
  92 |         style={{ aspectRatio: ratio }}
  93 |       >
  94 |         <ProfileImage

Parsing ecmascript source code failed

Import trace:
  Server Component:
    ./components/section-figure.tsx
    ./components/about-section.tsx
    ./app/[locale]/page.tsx @ http://localhost:3000/_next/static/chunks/node_modules_next_dist_0u_w_5s._.js:1945
[  204523ms] [ERROR] ./components/section-figure.tsx:91:9
Expected ',', got 'ident'
  89 |           only decides how much of the finished frame is showing. */}
  90 |       <div
> 91 |         className={`figure-uncover relative w-full overflow-hidden ${className}`}
     |         ^^^^^^^^^
  92 |         style={{ aspectRatio: ratio }}
  93 |       >
  94 |         <ProfileImage

Parsing ecmascript source code failed

Import trace:
  Server Component:
    ./components/section-figure.tsx
    ./components/about-section.tsx
    ./app/[locale]/page.tsx @ http://localhost:3000/_next/static/chunks/node_modules_next_dist_0u_w_5s._.js:1945
[  204583ms] [ERROR] ./components/section-figure.tsx:91:9
Expected ',', got 'ident'
  89 |           only decides how much of the finished frame is showing. */}
  90 |       <div
> 91 |         className={`figure-uncover relative w-full overflow-hidden ${className}`}
     |         ^^^^^^^^^
  92 |         style={{ aspectRatio: ratio }}
  93 |       >
  94 |         <ProfileImage

Parsing ecmascript source code failed

Import trace:
  Server Component:
    ./components/section-figure.tsx
    ./components/about-section.tsx
    ./app/[locale]/page.tsx @ http://localhost:3000/_next/static/chunks/node_modules_next_dist_0u_w_5s._.js:1945
[  204645ms] [ERROR] ./components/section-figure.tsx:91:9
Expected ',', got 'ident'
  89 |           only decides how much of the finished frame is showing. */}
  90 |       <div
> 91 |         className={`figure-uncover relative w-full overflow-hidden ${className}`}
     |         ^^^^^^^^^
  92 |         style={{ aspectRatio: ratio }}
  93 |       >
  94 |         <ProfileImage

Parsing ecmascript source code failed

Import trace:
  Server Component:
    ./components/section-figure.tsx
    ./components/about-section.tsx
    ./app/[locale]/page.tsx @ http://localhost:3000/_next/static/chunks/node_modules_next_dist_0u_w_5s._.js:1945
[  204706ms] [ERROR] ./components/section-figure.tsx:91:9
Expected ',', got 'ident'
  89 |           only decides how much of the finished frame is showing. */}
  90 |       <div
> 91 |         className={`figure-uncover relative w-full overflow-hidden ${className}`}
     |         ^^^^^^^^^
  92 |         style={{ aspectRatio: ratio }}
  93 |       >
  94 |         <ProfileImage

Parsing ecmascript source code failed

Import trace:
  Server Component:
    ./components/section-figure.tsx
    ./components/about-section.tsx
    ./app/[locale]/page.tsx @ http://localhost:3000/_next/static/chunks/node_modules_next_dist_0u_w_5s._.js:1945
[  204769ms] [ERROR] ./components/section-figure.tsx:91:9
Expected ',', got 'ident'
  89 |           only decides how much of the finished frame is showing. */}
  90 |       <div
> 91 |         className={`figure-uncover relative w-full overflow-hidden ${className}`}
     |         ^^^^^^^^^
  92 |         style={{ aspectRatio: ratio }}
  93 |       >
  94 |         <ProfileImage

Parsing ecmascript source code failed

Import trace:
  Server Component:
    ./components/section-figure.tsx
    ./components/about-section.tsx
    ./app/[locale]/page.tsx @ http://localhost:3000/_next/static/chunks/node_modules_next_dist_0u_w_5s._.js:1945
[  204832ms] [ERROR] ./components/section-figure.tsx:91:9
Expected ',', got 'ident'
  89 |           only decides how much of the finished frame is showing. */}
  90 |       <div
> 91 |         className={`figure-uncover relative w-full overflow-hidden ${className}`}
     |         ^^^^^^^^^
  92 |         style={{ aspectRatio: ratio }}
  93 |       >
  94 |         <ProfileImage

Parsing ecmascript source code failed

Import trace:
  Server Component:
    ./components/section-figure.tsx
    ./components/about-section.tsx
    ./app/[locale]/page.tsx @ http://localhost:3000/_next/static/chunks/node_modules_next_dist_0u_w_5s._.js:1945
[  204894ms] [ERROR] ./components/section-figure.tsx:91:9
Expected ',', got 'ident'
  89 |           only decides how much of the finished frame is showing. */}
  90 |       <div
> 91 |         className={`figure-uncover relative w-full overflow-hidden ${className}`}
     |         ^^^^^^^^^
  92 |         style={{ aspectRatio: ratio }}
  93 |       >
  94 |         <ProfileImage

Parsing ecmascript source code failed

Import trace:
  Server Component:
    ./components/section-figure.tsx
    ./components/about-section.tsx
    ./app/[locale]/page.tsx @ http://localhost:3000/_next/static/chunks/node_modules_next_dist_0u_w_5s._.js:1945
[  204955ms] [ERROR] ./components/section-figure.tsx:91:9
Expected ',', got 'ident'
  89 |           only decides how much of the finished frame is showing. */}
  90 |       <div
> 91 |         className={`figure-uncover relative w-full overflow-hidden ${className}`}
     |         ^^^^^^^^^
  92 |         style={{ aspectRatio: ratio }}
  93 |       >
  94 |         <ProfileImage

Parsing ecmascript source code failed

Import trace:
  Server Component:
    ./components/section-figure.tsx
    ./components/about-section.tsx
    ./app/[locale]/page.tsx @ http://localhost:3000/_next/static/chunks/node_modules_next_dist_0u_w_5s._.js:1945
[  205017ms] [ERROR] ./components/section-figure.tsx:91:9
Expected ',', got 'ident'
  89 |           only decides how much of the finished frame is showing. */}
  90 |       <div
> 91 |         className={`figure-uncover relative w-full overflow-hidden ${className}`}
     |         ^^^^^^^^^
  92 |         style={{ aspectRatio: ratio }}
  93 |       >
  94 |         <ProfileImage

Parsing ecmascript source code failed

Import trace:
  Server Component:
    ./components/section-figure.tsx
    ./components/about-section.tsx
    ./app/[locale]/page.tsx @ http://localhost:3000/_next/static/chunks/node_modules_next_dist_0u_w_5s._.js:1945
[  205079ms] [ERROR] ./components/section-figure.tsx:91:9
Expected ',', got 'ident'
  89 |           only decides how much of the finished frame is showing. */}
  90 |       <div
> 91 |         className={`figure-uncover relative w-full overflow-hidden ${className}`}
     |         ^^^^^^^^^
  92 |         style={{ aspectRatio: ratio }}
  93 |       >
  94 |         <ProfileImage

Parsing ecmascript source code failed

Import trace:
  Server Component:
    ./components/section-figure.tsx
    ./components/about-section.tsx
    ./app/[locale]/page.tsx @ http://localhost:3000/_next/static/chunks/node_modules_next_dist_0u_w_5s._.js:1945
[  205141ms] [ERROR] ./components/section-figure.tsx:91:9
Expected ',', got 'ident'
  89 |           only decides how much of the finished frame is showing. */}
  90 |       <div
> 91 |         className={`figure-uncover relative w-full overflow-hidden ${className}`}
     |         ^^^^^^^^^
  92 |         style={{ aspectRatio: ratio }}
  93 |       >
  94 |         <ProfileImage

Parsing ecmascript source code failed

Import trace:
  Server Component:
    ./components/section-figure.tsx
    ./components/about-section.tsx
    ./app/[locale]/page.tsx @ http://localhost:3000/_next/static/chunks/node_modules_next_dist_0u_w_5s._.js:1945
[  205204ms] [ERROR] ./components/section-figure.tsx:91:9
Expected ',', got 'ident'
  89 |           only decides how much of the finished frame is showing. */}
  90 |       <div
> 91 |         className={`figure-uncover relative w-full overflow-hidden ${className}`}
     |         ^^^^^^^^^
  92 |         style={{ aspectRatio: ratio }}
  93 |       >
  94 |         <ProfileImage

Parsing ecmascript source code failed

Import trace:
  Server Component:
    ./components/section-figure.tsx
    ./components/about-section.tsx
    ./app/[locale]/page.tsx @ http://localhost:3000/_next/static/chunks/node_modules_next_dist_0u_w_5s._.js:1945
[  205265ms] [ERROR] ./components/section-figure.tsx:91:9
Expected ',', got 'ident'
  89 |           only decides how much of the finished frame is showing. */}
  90 |       <div
> 91 |         className={`figure-uncover relative w-full overflow-hidden ${className}`}
     |         ^^^^^^^^^
  92 |         style={{ aspectRatio: ratio }}
  93 |       >
  94 |         <ProfileImage

Parsing ecmascript source code failed

Import trace:
  Server Component:
    ./components/section-figure.tsx
    ./components/about-section.tsx
    ./app/[locale]/page.tsx @ http://localhost:3000/_next/static/chunks/node_modules_next_dist_0u_w_5s._.js:1945
[  205327ms] [ERROR] ./components/section-figure.tsx:91:9
Expected ',', got 'ident'
  89 |           only decides how much of the finished frame is showing. */}
  90 |       <div
> 91 |         className={`figure-uncover relative w-full overflow-hidden ${className}`}
     |         ^^^^^^^^^
  92 |         style={{ aspectRatio: ratio }}
  93 |       >
  94 |         <ProfileImage

Parsing ecmascript source code failed

Import trace:
  Server Component:
    ./components/section-figure.tsx
    ./components/about-section.tsx
    ./app/[locale]/page.tsx @ http://localhost:3000/_next/static/chunks/node_modules_next_dist_0u_w_5s._.js:1945
[  205388ms] [ERROR] ./components/section-figure.tsx:91:9
Expected ',', got 'ident'
  89 |           only decides how much of the finished frame is showing. */}
  90 |       <div
> 91 |         className={`figure-uncover relative w-full overflow-hidden ${className}`}
     |         ^^^^^^^^^
  92 |         style={{ aspectRatio: ratio }}
  93 |       >
  94 |         <ProfileImage

Parsing ecmascript source code failed

Import trace:
  Server Component:
    ./components/section-figure.tsx
    ./components/about-section.tsx
    ./app/[locale]/page.tsx @ http://localhost:3000/_next/static/chunks/node_modules_next_dist_0u_w_5s._.js:1945
[  205450ms] [ERROR] ./components/section-figure.tsx:91:9
Expected ',', got 'ident'
  89 |           only decides how much of the finished frame is showing. */}
  90 |       <div
> 91 |         className={`figure-uncover relative w-full overflow-hidden ${className}`}
     |         ^^^^^^^^^
  92 |         style={{ aspectRatio: ratio }}
  93 |       >
  94 |         <ProfileImage

Parsing ecmascript source code failed

Import trace:
  Server Component:
    ./components/section-figure.tsx
    ./components/about-section.tsx
    ./app/[locale]/page.tsx @ http://localhost:3000/_next/static/chunks/node_modules_next_dist_0u_w_5s._.js:1945
[  205510ms] [ERROR] ./components/section-figure.tsx:91:9
Expected ',', got 'ident'
  89 |           only decides how much of the finished frame is showing. */}
  90 |       <div
> 91 |         className={`figure-uncover relative w-full overflow-hidden ${className}`}
     |         ^^^^^^^^^
  92 |         style={{ aspectRatio: ratio }}
  93 |       >
  94 |         <ProfileImage

Parsing ecmascript source code failed

Import trace:
  Server Component:
    ./components/section-figure.tsx
    ./components/about-section.tsx
    ./app/[locale]/page.tsx @ http://localhost:3000/_next/static/chunks/node_modules_next_dist_0u_w_5s._.js:1945
[  205571ms] [ERROR] ./components/section-figure.tsx:91:9
Expected ',', got 'ident'
  89 |           only decides how much of the finished frame is showing. */}
  90 |       <div
> 91 |         className={`figure-uncover relative w-full overflow-hidden ${className}`}
     |         ^^^^^^^^^
  92 |         style={{ aspectRatio: ratio }}
  93 |       >
  94 |         <ProfileImage

Parsing ecmascript source code failed

Import trace:
  Server Component:
    ./components/section-figure.tsx
    ./components/about-section.tsx
    ./app/[locale]/page.tsx @ http://localhost:3000/_next/static/chunks/node_modules_next_dist_0u_w_5s._.js:1945
[  205633ms] [ERROR] ./components/section-figure.tsx:91:9
Expected ',', got 'ident'
  89 |           only decides how much of the finished frame is showing. */}
  90 |       <div
> 91 |         className={`figure-uncover relative w-full overflow-hidden ${className}`}
     |         ^^^^^^^^^
  92 |         style={{ aspectRatio: ratio }}
  93 |       >
  94 |         <ProfileImage

Parsing ecmascript source code failed

Import trace:
  Server Component:
    ./components/section-figure.tsx
    ./components/about-section.tsx
    ./app/[locale]/page.tsx @ http://localhost:3000/_next/static/chunks/node_modules_next_dist_0u_w_5s._.js:1945
[  205697ms] [ERROR] ./components/section-figure.tsx:91:9
Expected ',', got 'ident'
  89 |           only decides how much of the finished frame is showing. */}
  90 |       <div
> 91 |         className={`figure-uncover relative w-full overflow-hidden ${className}`}
     |         ^^^^^^^^^
  92 |         style={{ aspectRatio: ratio }}
  93 |       >
  94 |         <ProfileImage

Parsing ecmascript source code failed

Import trace:
  Server Component:
    ./components/section-figure.tsx
    ./components/about-section.tsx
    ./app/[locale]/page.tsx @ http://localhost:3000/_next/static/chunks/node_modules_next_dist_0u_w_5s._.js:1945
[  205759ms] [ERROR] ./components/section-figure.tsx:91:9
Expected ',', got 'ident'
  89 |           only decides how much of the finished frame is showing. */}
  90 |       <div
> 91 |         className={`figure-uncover relative w-full overflow-hidden ${className}`}
     |         ^^^^^^^^^
  92 |         style={{ aspectRatio: ratio }}
  93 |       >
  94 |         <ProfileImage

Parsing ecmascript source code failed

Import trace:
  Server Component:
    ./components/section-figure.tsx
    ./components/about-section.tsx
    ./app/[locale]/page.tsx @ http://localhost:3000/_next/static/chunks/node_modules_next_dist_0u_w_5s._.js:1945
[  205821ms] [ERROR] ./components/section-figure.tsx:91:9
Expected ',', got 'ident'
  89 |           only decides how much of the finished frame is showing. */}
  90 |       <div
> 91 |         className={`figure-uncover relative w-full overflow-hidden ${className}`}
     |         ^^^^^^^^^
  92 |         style={{ aspectRatio: ratio }}
  93 |       >
  94 |         <ProfileImage

Parsing ecmascript source code failed

Import trace:
  Server Component:
    ./components/section-figure.tsx
    ./components/about-section.tsx
    ./app/[locale]/page.tsx @ http://localhost:3000/_next/static/chunks/node_modules_next_dist_0u_w_5s._.js:1945
[  205884ms] [ERROR] ./components/section-figure.tsx:91:9
Expected ',', got 'ident'
  89 |           only decides how much of the finished frame is showing. */}
  90 |       <div
> 91 |         className={`figure-uncover relative w-full overflow-hidden ${className}`}
     |         ^^^^^^^^^
  92 |         style={{ aspectRatio: ratio }}
  93 |       >
  94 |         <ProfileImage

Parsing ecmascript source code failed

Import trace:
  Server Component:
    ./components/section-figure.tsx
    ./components/about-section.tsx
    ./app/[locale]/page.tsx @ http://localhost:3000/_next/static/chunks/node_modules_next_dist_0u_w_5s._.js:1945
[  205945ms] [ERROR] ./components/section-figure.tsx:91:9
Expected ',', got 'ident'
  89 |           only decides how much of the finished frame is showing. */}
  90 |       <div
> 91 |         className={`figure-uncover relative w-full overflow-hidden ${className}`}
     |         ^^^^^^^^^
  92 |         style={{ aspectRatio: ratio }}
  93 |       >
  94 |         <ProfileImage

Parsing ecmascript source code failed

Import trace:
  Server Component:
    ./components/section-figure.tsx
    ./components/about-section.tsx
    ./app/[locale]/page.tsx @ http://localhost:3000/_next/static/chunks/node_modules_next_dist_0u_w_5s._.js:1945
[  206008ms] [ERROR] ./components/section-figure.tsx:91:9
Expected ',', got 'ident'
  89 |           only decides how much of the finished frame is showing. */}
  90 |       <div
> 91 |         className={`figure-uncover relative w-full overflow-hidden ${className}`}
     |         ^^^^^^^^^
  92 |         style={{ aspectRatio: ratio }}
  93 |       >
  94 |         <ProfileImage

Parsing ecmascript source code failed

Import trace:
  Server Component:
    ./components/section-figure.tsx
    ./components/about-section.tsx
    ./app/[locale]/page.tsx @ http://localhost:3000/_next/static/chunks/node_modules_next_dist_0u_w_5s._.js:1945
[  206071ms] [ERROR] ./components/section-figure.tsx:91:9
Expected ',', got 'ident'
  89 |           only decides how much of the finished frame is showing. */}
  90 |       <div
> 91 |         className={`figure-uncover relative w-full overflow-hidden ${className}`}
     |         ^^^^^^^^^
  92 |         style={{ aspectRatio: ratio }}
  93 |       >
  94 |         <ProfileImage

Parsing ecmascript source code failed

Import trace:
  Server Component:
    ./components/section-figure.tsx
    ./components/about-section.tsx
    ./app/[locale]/page.tsx @ http://localhost:3000/_next/static/chunks/node_modules_next_dist_0u_w_5s._.js:1945
[  206132ms] [ERROR] ./components/section-figure.tsx:91:9
Expected ',', got 'ident'
  89 |           only decides how much of the finished frame is showing. */}
  90 |       <div
> 91 |         className={`figure-uncover relative w-full overflow-hidden ${className}`}
     |         ^^^^^^^^^
  92 |         style={{ aspectRatio: ratio }}
  93 |       >
  94 |         <ProfileImage

Parsing ecmascript source code failed

Import trace:
  Server Component:
    ./components/section-figure.tsx
    ./components/about-section.tsx
    ./app/[locale]/page.tsx @ http://localhost:3000/_next/static/chunks/node_modules_next_dist_0u_w_5s._.js:1945
[  206193ms] [ERROR] ./components/section-figure.tsx:91:9
Expected ',', got 'ident'
  89 |           only decides how much of the finished frame is showing. */}
  90 |       <div
> 91 |         className={`figure-uncover relative w-full overflow-hidden ${className}`}
     |         ^^^^^^^^^
  92 |         style={{ aspectRatio: ratio }}
  93 |       >
  94 |         <ProfileImage

Parsing ecmascript source code failed

Import trace:
  Server Component:
    ./components/section-figure.tsx
    ./components/about-section.tsx
    ./app/[locale]/page.tsx @ http://localhost:3000/_next/static/chunks/node_modules_next_dist_0u_w_5s._.js:1945
[  206254ms] [ERROR] ./components/section-figure.tsx:91:9
Expected ',', got 'ident'
  89 |           only decides how much of the finished frame is showing. */}
  90 |       <div
> 91 |         className={`figure-uncover relative w-full overflow-hidden ${className}`}
     |         ^^^^^^^^^
  92 |         style={{ aspectRatio: ratio }}
  93 |       >
  94 |         <ProfileImage

Parsing ecmascript source code failed

Import trace:
  Server Component:
    ./components/section-figure.tsx
    ./components/about-section.tsx
    ./app/[locale]/page.tsx @ http://localhost:3000/_next/static/chunks/node_modules_next_dist_0u_w_5s._.js:1945
[  206316ms] [ERROR] ./components/section-figure.tsx:91:9
Expected ',', got 'ident'
  89 |           only decides how much of the finished frame is showing. */}
  90 |       <div
> 91 |         className={`figure-uncover relative w-full overflow-hidden ${className}`}
     |         ^^^^^^^^^
  92 |         style={{ aspectRatio: ratio }}
  93 |       >
  94 |         <ProfileImage

Parsing ecmascript source code failed

Import trace:
  Server Component:
    ./components/section-figure.tsx
    ./components/about-section.tsx
    ./app/[locale]/page.tsx @ http://localhost:3000/_next/static/chunks/node_modules_next_dist_0u_w_5s._.js:1945
[  206379ms] [ERROR] ./components/section-figure.tsx:91:9
Expected ',', got 'ident'
  89 |           only decides how much of the finished frame is showing. */}
  90 |       <div
> 91 |         className={`figure-uncover relative w-full overflow-hidden ${className}`}
     |         ^^^^^^^^^
  92 |         style={{ aspectRatio: ratio }}
  93 |       >
  94 |         <ProfileImage

Parsing ecmascript source code failed

Import trace:
  Server Component:
    ./components/section-figure.tsx
    ./components/about-section.tsx
    ./app/[locale]/page.tsx @ http://localhost:3000/_next/static/chunks/node_modules_next_dist_0u_w_5s._.js:1945
[  206440ms] [ERROR] ./components/section-figure.tsx:91:9
Expected ',', got 'ident'
  89 |           only decides how much of the finished frame is showing. */}
  90 |       <div
> 91 |         className={`figure-uncover relative w-full overflow-hidden ${className}`}
     |         ^^^^^^^^^
  92 |         style={{ aspectRatio: ratio }}
  93 |       >
  94 |         <ProfileImage

Parsing ecmascript source code failed

Import trace:
  Server Component:
    ./components/section-figure.tsx
    ./components/about-section.tsx
    ./app/[locale]/page.tsx @ http://localhost:3000/_next/static/chunks/node_modules_next_dist_0u_w_5s._.js:1945
[  206500ms] [ERROR] ./components/section-figure.tsx:91:9
Expected ',', got 'ident'
  89 |           only decides how much of the finished frame is showing. */}
  90 |       <div
> 91 |         className={`figure-uncover relative w-full overflow-hidden ${className}`}
     |         ^^^^^^^^^
  92 |         style={{ aspectRatio: ratio }}
  93 |       >
  94 |         <ProfileImage

Parsing ecmascript source code failed

Import trace:
  Server Component:
    ./components/section-figure.tsx
    ./components/about-section.tsx
    ./app/[locale]/page.tsx @ http://localhost:3000/_next/static/chunks/node_modules_next_dist_0u_w_5s._.js:1945
[  206564ms] [ERROR] ./components/section-figure.tsx:91:9
Expected ',', got 'ident'
  89 |           only decides how much of the finished frame is showing. */}
  90 |       <div
> 91 |         className={`figure-uncover relative w-full overflow-hidden ${className}`}
     |         ^^^^^^^^^
  92 |         style={{ aspectRatio: ratio }}
  93 |       >
  94 |         <ProfileImage

Parsing ecmascript source code failed

Import trace:
  Server Component:
    ./components/section-figure.tsx
    ./components/about-section.tsx
    ./app/[locale]/page.tsx @ http://localhost:3000/_next/static/chunks/node_modules_next_dist_0u_w_5s._.js:1945
[  206626ms] [ERROR] ./components/section-figure.tsx:91:9
Expected ',', got 'ident'
  89 |           only decides how much of the finished frame is showing. */}
  90 |       <div
> 91 |         className={`figure-uncover relative w-full overflow-hidden ${className}`}
     |         ^^^^^^^^^
  92 |         style={{ aspectRatio: ratio }}
  93 |       >
  94 |         <ProfileImage

Parsing ecmascript source code failed

Import trace:
  Server Component:
    ./components/section-figure.tsx
    ./components/about-section.tsx
    ./app/[locale]/page.tsx @ http://localhost:3000/_next/static/chunks/node_modules_next_dist_0u_w_5s._.js:1945
[  206687ms] [ERROR] ./components/section-figure.tsx:91:9
Expected ',', got 'ident'
  89 |           only decides how much of the finished frame is showing. */}
  90 |       <div
> 91 |         className={`figure-uncover relative w-full overflow-hidden ${className}`}
     |         ^^^^^^^^^
  92 |         style={{ aspectRatio: ratio }}
  93 |       >
  94 |         <ProfileImage

Parsing ecmascript source code failed

Import trace:
  Server Component:
    ./components/section-figure.tsx
    ./components/about-section.tsx
    ./app/[locale]/page.tsx @ http://localhost:3000/_next/static/chunks/node_modules_next_dist_0u_w_5s._.js:1945
[  206748ms] [ERROR] ./components/section-figure.tsx:91:9
Expected ',', got 'ident'
  89 |           only decides how much of the finished frame is showing. */}
  90 |       <div
> 91 |         className={`figure-uncover relative w-full overflow-hidden ${className}`}
     |         ^^^^^^^^^
  92 |         style={{ aspectRatio: ratio }}
  93 |       >
  94 |         <ProfileImage

Parsing ecmascript source code failed

Import trace:
  Server Component:
    ./components/section-figure.tsx
    ./components/about-section.tsx
    ./app/[locale]/page.tsx @ http://localhost:3000/_next/static/chunks/node_modules_next_dist_0u_w_5s._.js:1945
[  206808ms] [ERROR] ./components/section-figure.tsx:91:9
Expected ',', got 'ident'
  89 |           only decides how much of the finished frame is showing. */}
  90 |       <div
> 91 |         className={`figure-uncover relative w-full overflow-hidden ${className}`}
     |         ^^^^^^^^^
  92 |         style={{ aspectRatio: ratio }}
  93 |       >
  94 |         <ProfileImage

Parsing ecmascript source code failed

Import trace:
  Server Component:
    ./components/section-figure.tsx
    ./components/about-section.tsx
    ./app/[locale]/page.tsx @ http://localhost:3000/_next/static/chunks/node_modules_next_dist_0u_w_5s._.js:1945
[  206869ms] [ERROR] ./components/section-figure.tsx:91:9
Expected ',', got 'ident'
  89 |           only decides how much of the finished frame is showing. */}
  90 |       <div
> 91 |         className={`figure-uncover relative w-full overflow-hidden ${className}`}
     |         ^^^^^^^^^
  92 |         style={{ aspectRatio: ratio }}
  93 |       >
  94 |         <ProfileImage

Parsing ecmascript source code failed

Import trace:
  Server Component:
    ./components/section-figure.tsx
    ./components/about-section.tsx
    ./app/[locale]/page.tsx @ http://localhost:3000/_next/static/chunks/node_modules_next_dist_0u_w_5s._.js:1945
[  206929ms] [ERROR] ./components/section-figure.tsx:91:9
Expected ',', got 'ident'
  89 |           only decides how much of the finished frame is showing. */}
  90 |       <div
> 91 |         className={`figure-uncover relative w-full overflow-hidden ${className}`}
     |         ^^^^^^^^^
  92 |         style={{ aspectRatio: ratio }}
  93 |       >
  94 |         <ProfileImage

Parsing ecmascript source code failed

Import trace:
  Server Component:
    ./components/section-figure.tsx
    ./components/about-section.tsx
    ./app/[locale]/page.tsx @ http://localhost:3000/_next/static/chunks/node_modules_next_dist_0u_w_5s._.js:1945
[  206991ms] [ERROR] ./components/section-figure.tsx:91:9
Expected ',', got 'ident'
  89 |           only decides how much of the finished frame is showing. */}
  90 |       <div
> 91 |         className={`figure-uncover relative w-full overflow-hidden ${className}`}
     |         ^^^^^^^^^
  92 |         style={{ aspectRatio: ratio }}
  93 |       >
  94 |         <ProfileImage

Parsing ecmascript source code failed

Import trace:
  Server Component:
    ./components/section-figure.tsx
    ./components/about-section.tsx
    ./app/[locale]/page.tsx @ http://localhost:3000/_next/static/chunks/node_modules_next_dist_0u_w_5s._.js:1945
[  207054ms] [ERROR] ./components/section-figure.tsx:91:9
Expected ',', got 'ident'
  89 |           only decides how much of the finished frame is showing. */}
  90 |       <div
> 91 |         className={`figure-uncover relative w-full overflow-hidden ${className}`}
     |         ^^^^^^^^^
  92 |         style={{ aspectRatio: ratio }}
  93 |       >
  94 |         <ProfileImage

Parsing ecmascript source code failed

Import trace:
  Server Component:
    ./components/section-figure.tsx
    ./components/about-section.tsx
    ./app/[locale]/page.tsx @ http://localhost:3000/_next/static/chunks/node_modules_next_dist_0u_w_5s._.js:1945
[  207116ms] [ERROR] ./components/section-figure.tsx:91:9
Expected ',', got 'ident'
  89 |           only decides how much of the finished frame is showing. */}
  90 |       <div
> 91 |         className={`figure-uncover relative w-full overflow-hidden ${className}`}
     |         ^^^^^^^^^
  92 |         style={{ aspectRatio: ratio }}
  93 |       >
  94 |         <ProfileImage

Parsing ecmascript source code failed

Import trace:
  Server Component:
    ./components/section-figure.tsx
    ./components/about-section.tsx
    ./app/[locale]/page.tsx @ http://localhost:3000/_next/static/chunks/node_modules_next_dist_0u_w_5s._.js:1945
[  207178ms] [ERROR] ./components/section-figure.tsx:91:9
Expected ',', got 'ident'
  89 |           only decides how much of the finished frame is showing. */}
  90 |       <div
> 91 |         className={`figure-uncover relative w-full overflow-hidden ${className}`}
     |         ^^^^^^^^^
  92 |         style={{ aspectRatio: ratio }}
  93 |       >
  94 |         <ProfileImage

Parsing ecmascript source code failed

Import trace:
  Server Component:
    ./components/section-figure.tsx
    ./components/about-section.tsx
    ./app/[locale]/page.tsx @ http://localhost:3000/_next/static/chunks/node_modules_next_dist_0u_w_5s._.js:1945
[  207237ms] [ERROR] ./components/section-figure.tsx:91:9
Expected ',', got 'ident'
  89 |           only decides how much of the finished frame is showing. */}
  90 |       <div
> 91 |         className={`figure-uncover relative w-full overflow-hidden ${className}`}
     |         ^^^^^^^^^
  92 |         style={{ aspectRatio: ratio }}
  93 |       >
  94 |         <ProfileImage

Parsing ecmascript source code failed

Import trace:
  Server Component:
    ./components/section-figure.tsx
    ./components/about-section.tsx
    ./app/[locale]/page.tsx @ http://localhost:3000/_next/static/chunks/node_modules_next_dist_0u_w_5s._.js:1945
[  207300ms] [ERROR] ./components/section-figure.tsx:91:9
Expected ',', got 'ident'
  89 |           only decides how much of the finished frame is showing. */}
  90 |       <div
> 91 |         className={`figure-uncover relative w-full overflow-hidden ${className}`}
     |         ^^^^^^^^^
  92 |         style={{ aspectRatio: ratio }}
  93 |       >
  94 |         <ProfileImage

Parsing ecmascript source code failed

Import trace:
  Server Component:
    ./components/section-figure.tsx
    ./components/about-section.tsx
    ./app/[locale]/page.tsx @ http://localhost:3000/_next/static/chunks/node_modules_next_dist_0u_w_5s._.js:1945
[  207360ms] [ERROR] ./components/section-figure.tsx:91:9
Expected ',', got 'ident'
  89 |           only decides how much of the finished frame is showing. */}
  90 |       <div
> 91 |         className={`figure-uncover relative w-full overflow-hidden ${className}`}
     |         ^^^^^^^^^
  92 |         style={{ aspectRatio: ratio }}
  93 |       >
  94 |         <ProfileImage

Parsing ecmascript source code failed

Import trace:
  Server Component:
    ./components/section-figure.tsx
    ./components/about-section.tsx
    ./app/[locale]/page.tsx @ http://localhost:3000/_next/static/chunks/node_modules_next_dist_0u_w_5s._.js:1945
[  207421ms] [ERROR] ./components/section-figure.tsx:91:9
Expected ',', got 'ident'
  89 |           only decides how much of the finished frame is showing. */}
  90 |       <div
> 91 |         className={`figure-uncover relative w-full overflow-hidden ${className}`}
     |         ^^^^^^^^^
  92 |         style={{ aspectRatio: ratio }}
  93 |       >
  94 |         <ProfileImage

Parsing ecmascript source code failed

Import trace:
  Server Component:
    ./components/section-figure.tsx
    ./components/about-section.tsx
    ./app/[locale]/page.tsx @ http://localhost:3000/_next/static/chunks/node_modules_next_dist_0u_w_5s._.js:1945
[  207483ms] [ERROR] ./components/section-figure.tsx:91:9
Expected ',', got 'ident'
  89 |           only decides how much of the finished frame is showing. */}
  90 |       <div
> 91 |         className={`figure-uncover relative w-full overflow-hidden ${className}`}
     |         ^^^^^^^^^
  92 |         style={{ aspectRatio: ratio }}
  93 |       >
  94 |         <ProfileImage

Parsing ecmascript source code failed

Import trace:
  Server Component:
    ./components/section-figure.tsx
    ./components/about-section.tsx
    ./app/[locale]/page.tsx @ http://localhost:3000/_next/static/chunks/node_modules_next_dist_0u_w_5s._.js:1945
[  207543ms] [ERROR] ./components/section-figure.tsx:91:9
Expected ',', got 'ident'
  89 |           only decides how much of the finished frame is showing. */}
  90 |       <div
> 91 |         className={`figure-uncover relative w-full overflow-hidden ${className}`}
     |         ^^^^^^^^^
  92 |         style={{ aspectRatio: ratio }}
  93 |       >
  94 |         <ProfileImage

Parsing ecmascript source code failed

Import trace:
  Server Component:
    ./components/section-figure.tsx
    ./components/about-section.tsx
    ./app/[locale]/page.tsx @ http://localhost:3000/_next/static/chunks/node_modules_next_dist_0u_w_5s._.js:1945
[  207605ms] [ERROR] ./components/section-figure.tsx:91:9
Expected ',', got 'ident'
  89 |           only decides how much of the finished frame is showing. */}
  90 |       <div
> 91 |         className={`figure-uncover relative w-full overflow-hidden ${className}`}
     |         ^^^^^^^^^
  92 |         style={{ aspectRatio: ratio }}
  93 |       >
  94 |         <ProfileImage

Parsing ecmascript source code failed

Import trace:
  Server Component:
    ./components/section-figure.tsx
    ./components/about-section.tsx
    ./app/[locale]/page.tsx @ http://localhost:3000/_next/static/chunks/node_modules_next_dist_0u_w_5s._.js:1945
[  207665ms] [ERROR] ./components/section-figure.tsx:91:9
Expected ',', got 'ident'
  89 |           only decides how much of the finished frame is showing. */}
  90 |       <div
> 91 |         className={`figure-uncover relative w-full overflow-hidden ${className}`}
     |         ^^^^^^^^^
  92 |         style={{ aspectRatio: ratio }}
  93 |       >
  94 |         <ProfileImage

Parsing ecmascript source code failed

Import trace:
  Server Component:
    ./components/section-figure.tsx
    ./components/about-section.tsx
    ./app/[locale]/page.tsx @ http://localhost:3000/_next/static/chunks/node_modules_next_dist_0u_w_5s._.js:1945
[  207728ms] [ERROR] ./components/section-figure.tsx:91:9
Expected ',', got 'ident'
  89 |           only decides how much of the finished frame is showing. */}
  90 |       <div
> 91 |         className={`figure-uncover relative w-full overflow-hidden ${className}`}
     |         ^^^^^^^^^
  92 |         style={{ aspectRatio: ratio }}
  93 |       >
  94 |         <ProfileImage

Parsing ecmascript source code failed

Import trace:
  Server Component:
    ./components/section-figure.tsx
    ./components/about-section.tsx
    ./app/[locale]/page.tsx @ http://localhost:3000/_next/static/chunks/node_modules_next_dist_0u_w_5s._.js:1945
[  207789ms] [ERROR] ./components/section-figure.tsx:91:9
Expected ',', got 'ident'
  89 |           only decides how much of the finished frame is showing. */}
  90 |       <div
> 91 |         className={`figure-uncover relative w-full overflow-hidden ${className}`}
     |         ^^^^^^^^^
  92 |         style={{ aspectRatio: ratio }}
  93 |       >
  94 |         <ProfileImage

Parsing ecmascript source code failed

Import trace:
  Server Component:
    ./components/section-figure.tsx
    ./components/about-section.tsx
    ./app/[locale]/page.tsx @ http://localhost:3000/_next/static/chunks/node_modules_next_dist_0u_w_5s._.js:1945
[  207849ms] [ERROR] ./components/section-figure.tsx:91:9
Expected ',', got 'ident'
  89 |           only decides how much of the finished frame is showing. */}
  90 |       <div
> 91 |         className={`figure-uncover relative w-full overflow-hidden ${className}`}
     |         ^^^^^^^^^
  92 |         style={{ aspectRatio: ratio }}
  93 |       >
  94 |         <ProfileImage

Parsing ecmascript source code failed

Import trace:
  Server Component:
    ./components/section-figure.tsx
    ./components/about-section.tsx
    ./app/[locale]/page.tsx @ http://localhost:3000/_next/static/chunks/node_modules_next_dist_0u_w_5s._.js:1945
[  207911ms] [ERROR] ./components/section-figure.tsx:91:9
Expected ',', got 'ident'
  89 |           only decides how much of the finished frame is showing. */}
  90 |       <div
> 91 |         className={`figure-uncover relative w-full overflow-hidden ${className}`}
     |         ^^^^^^^^^
  92 |         style={{ aspectRatio: ratio }}
  93 |       >
  94 |         <ProfileImage

Parsing ecmascript source code failed

Import trace:
  Server Component:
    ./components/section-figure.tsx
    ./components/about-section.tsx
    ./app/[locale]/page.tsx @ http://localhost:3000/_next/static/chunks/node_modules_next_dist_0u_w_5s._.js:1945
[  207972ms] [ERROR] ./components/section-figure.tsx:91:9
Expected ',', got 'ident'
  89 |           only decides how much of the finished frame is showing. */}
  90 |       <div
> 91 |         className={`figure-uncover relative w-full overflow-hidden ${className}`}
     |         ^^^^^^^^^
  92 |         style={{ aspectRatio: ratio }}
  93 |       >
  94 |         <ProfileImage

Parsing ecmascript source code failed

Import trace:
  Server Component:
    ./components/section-figure.tsx
    ./components/about-section.tsx
    ./app/[locale]/page.tsx @ http://localhost:3000/_next/static/chunks/node_modules_next_dist_0u_w_5s._.js:1945
[  208034ms] [ERROR] ./components/section-figure.tsx:91:9
Expected ',', got 'ident'
  89 |           only decides how much of the finished frame is showing. */}
  90 |       <div
> 91 |         className={`figure-uncover relative w-full overflow-hidden ${className}`}
     |         ^^^^^^^^^
  92 |         style={{ aspectRatio: ratio }}
  93 |       >
  94 |         <ProfileImage

Parsing ecmascript source code failed

Import trace:
  Server Component:
    ./components/section-figure.tsx
    ./components/about-section.tsx
    ./app/[locale]/page.tsx @ http://localhost:3000/_next/static/chunks/node_modules_next_dist_0u_w_5s._.js:1945
[  208097ms] [ERROR] ./components/section-figure.tsx:91:9
Expected ',', got 'ident'
  89 |           only decides how much of the finished frame is showing. */}
  90 |       <div
> 91 |         className={`figure-uncover relative w-full overflow-hidden ${className}`}
     |         ^^^^^^^^^
  92 |         style={{ aspectRatio: ratio }}
  93 |       >
  94 |         <ProfileImage

Parsing ecmascript source code failed

Import trace:
  Server Component:
    ./components/section-figure.tsx
    ./components/about-section.tsx
    ./app/[locale]/page.tsx @ http://localhost:3000/_next/static/chunks/node_modules_next_dist_0u_w_5s._.js:1945
[  208157ms] [ERROR] ./components/section-figure.tsx:91:9
Expected ',', got 'ident'
  89 |           only decides how much of the finished frame is showing. */}
  90 |       <div
> 91 |         className={`figure-uncover relative w-full overflow-hidden ${className}`}
     |         ^^^^^^^^^
  92 |         style={{ aspectRatio: ratio }}
  93 |       >
  94 |         <ProfileImage

Parsing ecmascript source code failed

Import trace:
  Server Component:
    ./components/section-figure.tsx
    ./components/about-section.tsx
    ./app/[locale]/page.tsx @ http://localhost:3000/_next/static/chunks/node_modules_next_dist_0u_w_5s._.js:1945
[  208218ms] [ERROR] ./components/section-figure.tsx:91:9
Expected ',', got 'ident'
  89 |           only decides how much of the finished frame is showing. */}
  90 |       <div
> 91 |         className={`figure-uncover relative w-full overflow-hidden ${className}`}
     |         ^^^^^^^^^
  92 |         style={{ aspectRatio: ratio }}
  93 |       >
  94 |         <ProfileImage

Parsing ecmascript source code failed

Import trace:
  Server Component:
    ./components/section-figure.tsx
    ./components/about-section.tsx
    ./app/[locale]/page.tsx @ http://localhost:3000/_next/static/chunks/node_modules_next_dist_0u_w_5s._.js:1945
[  208279ms] [ERROR] ./components/section-figure.tsx:91:9
Expected ',', got 'ident'
  89 |           only decides how much of the finished frame is showing. */}
  90 |       <div
> 91 |         className={`figure-uncover relative w-full overflow-hidden ${className}`}
     |         ^^^^^^^^^
  92 |         style={{ aspectRatio: ratio }}
  93 |       >
  94 |         <ProfileImage

Parsing ecmascript source code failed

Import trace:
  Server Component:
    ./components/section-figure.tsx
    ./components/about-section.tsx
    ./app/[locale]/page.tsx @ http://localhost:3000/_next/static/chunks/node_modules_next_dist_0u_w_5s._.js:1945
[  208341ms] [ERROR] ./components/section-figure.tsx:91:9
Expected ',', got 'ident'
  89 |           only decides how much of the finished frame is showing. */}
  90 |       <div
> 91 |         className={`figure-uncover relative w-full overflow-hidden ${className}`}
     |         ^^^^^^^^^
  92 |         style={{ aspectRatio: ratio }}
  93 |       >
  94 |         <ProfileImage

Parsing ecmascript source code failed

Import trace:
  Server Component:
    ./components/section-figure.tsx
    ./components/about-section.tsx
    ./app/[locale]/page.tsx @ http://localhost:3000/_next/static/chunks/node_modules_next_dist_0u_w_5s._.js:1945
[  208403ms] [ERROR] ./components/section-figure.tsx:91:9
Expected ',', got 'ident'
  89 |           only decides how much of the finished frame is showing. */}
  90 |       <div
> 91 |         className={`figure-uncover relative w-full overflow-hidden ${className}`}
     |         ^^^^^^^^^
  92 |         style={{ aspectRatio: ratio }}
  93 |       >
  94 |         <ProfileImage

Parsing ecmascript source code failed

Import trace:
  Server Component:
    ./components/section-figure.tsx
    ./components/about-section.tsx
    ./app/[locale]/page.tsx @ http://localhost:3000/_next/static/chunks/node_modules_next_dist_0u_w_5s._.js:1945
[  208465ms] [ERROR] ./components/section-figure.tsx:91:9
Expected ',', got 'ident'
  89 |           only decides how much of the finished frame is showing. */}
  90 |       <div
> 91 |         className={`figure-uncover relative w-full overflow-hidden ${className}`}
     |         ^^^^^^^^^
  92 |         style={{ aspectRatio: ratio }}
  93 |       >
  94 |         <ProfileImage

Parsing ecmascript source code failed

Import trace:
  Server Component:
    ./components/section-figure.tsx
    ./components/about-section.tsx
    ./app/[locale]/page.tsx @ http://localhost:3000/_next/static/chunks/node_modules_next_dist_0u_w_5s._.js:1945
[  208527ms] [ERROR] ./components/section-figure.tsx:91:9
Expected ',', got 'ident'
  89 |           only decides how much of the finished frame is showing. */}
  90 |       <div
> 91 |         className={`figure-uncover relative w-full overflow-hidden ${className}`}
     |         ^^^^^^^^^
  92 |         style={{ aspectRatio: ratio }}
  93 |       >
  94 |         <ProfileImage

Parsing ecmascript source code failed

Import trace:
  Server Component:
    ./components/section-figure.tsx
    ./components/about-section.tsx
    ./app/[locale]/page.tsx @ http://localhost:3000/_next/static/chunks/node_modules_next_dist_0u_w_5s._.js:1945
[  208591ms] [ERROR] ./components/section-figure.tsx:91:9
Expected ',', got 'ident'
  89 |           only decides how much of the finished frame is showing. */}
  90 |       <div
> 91 |         className={`figure-uncover relative w-full overflow-hidden ${className}`}
     |         ^^^^^^^^^
  92 |         style={{ aspectRatio: ratio }}
  93 |       >
  94 |         <ProfileImage

Parsing ecmascript source code failed

Import trace:
  Server Component:
    ./components/section-figure.tsx
    ./components/about-section.tsx
    ./app/[locale]/page.tsx @ http://localhost:3000/_next/static/chunks/node_modules_next_dist_0u_w_5s._.js:1945
[  208652ms] [ERROR] ./components/section-figure.tsx:91:9
Expected ',', got 'ident'
  89 |           only decides how much of the finished frame is showing. */}
  90 |       <div
> 91 |         className={`figure-uncover relative w-full overflow-hidden ${className}`}
     |         ^^^^^^^^^
  92 |         style={{ aspectRatio: ratio }}
  93 |       >
  94 |         <ProfileImage

Parsing ecmascript source code failed

Import trace:
  Server Component:
    ./components/section-figure.tsx
    ./components/about-section.tsx
    ./app/[locale]/page.tsx @ http://localhost:3000/_next/static/chunks/node_modules_next_dist_0u_w_5s._.js:1945
[  208713ms] [ERROR] ./components/section-figure.tsx:91:9
Expected ',', got 'ident'
  89 |           only decides how much of the finished frame is showing. */}
  90 |       <div
> 91 |         className={`figure-uncover relative w-full overflow-hidden ${className}`}
     |         ^^^^^^^^^
  92 |         style={{ aspectRatio: ratio }}
  93 |       >
  94 |         <ProfileImage

Parsing ecmascript source code failed

Import trace:
  Server Component:
    ./components/section-figure.tsx
    ./components/about-section.tsx
    ./app/[locale]/page.tsx @ http://localhost:3000/_next/static/chunks/node_modules_next_dist_0u_w_5s._.js:1945
[  208775ms] [ERROR] ./components/section-figure.tsx:91:9
Expected ',', got 'ident'
  89 |           only decides how much of the finished frame is showing. */}
  90 |       <div
> 91 |         className={`figure-uncover relative w-full overflow-hidden ${className}`}
     |         ^^^^^^^^^
  92 |         style={{ aspectRatio: ratio }}
  93 |       >
  94 |         <ProfileImage

Parsing ecmascript source code failed

Import trace:
  Server Component:
    ./components/section-figure.tsx
    ./components/about-section.tsx
    ./app/[locale]/page.tsx @ http://localhost:3000/_next/static/chunks/node_modules_next_dist_0u_w_5s._.js:1945
[  208836ms] [ERROR] ./components/section-figure.tsx:91:9
Expected ',', got 'ident'
  89 |           only decides how much of the finished frame is showing. */}
  90 |       <div
> 91 |         className={`figure-uncover relative w-full overflow-hidden ${className}`}
     |         ^^^^^^^^^
  92 |         style={{ aspectRatio: ratio }}
  93 |       >
  94 |         <ProfileImage

Parsing ecmascript source code failed

Import trace:
  Server Component:
    ./components/section-figure.tsx
    ./components/about-section.tsx
    ./app/[locale]/page.tsx @ http://localhost:3000/_next/static/chunks/node_modules_next_dist_0u_w_5s._.js:1945
[  208897ms] [ERROR] ./components/section-figure.tsx:91:9
Expected ',', got 'ident'
  89 |           only decides how much of the finished frame is showing. */}
  90 |       <div
> 91 |         className={`figure-uncover relative w-full overflow-hidden ${className}`}
     |         ^^^^^^^^^
  92 |         style={{ aspectRatio: ratio }}
  93 |       >
  94 |         <ProfileImage

Parsing ecmascript source code failed

Import trace:
  Server Component:
    ./components/section-figure.tsx
    ./components/about-section.tsx
    ./app/[locale]/page.tsx @ http://localhost:3000/_next/static/chunks/node_modules_next_dist_0u_w_5s._.js:1945
[  208959ms] [ERROR] ./components/section-figure.tsx:91:9
Expected ',', got 'ident'
  89 |           only decides how much of the finished frame is showing. */}
  90 |       <div
> 91 |         className={`figure-uncover relative w-full overflow-hidden ${className}`}
     |         ^^^^^^^^^
  92 |         style={{ aspectRatio: ratio }}
  93 |       >
  94 |         <ProfileImage

Parsing ecmascript source code failed

Import trace:
  Server Component:
    ./components/section-figure.tsx
    ./components/about-section.tsx
    ./app/[locale]/page.tsx @ http://localhost:3000/_next/static/chunks/node_modules_next_dist_0u_w_5s._.js:1945
[  209020ms] [ERROR] ./components/section-figure.tsx:91:9
Expected ',', got 'ident'
  89 |           only decides how much of the finished frame is showing. */}
  90 |       <div
> 91 |         className={`figure-uncover relative w-full overflow-hidden ${className}`}
     |         ^^^^^^^^^
  92 |         style={{ aspectRatio: ratio }}
  93 |       >
  94 |         <ProfileImage

Parsing ecmascript source code failed

Import trace:
  Server Component:
    ./components/section-figure.tsx
    ./components/about-section.tsx
    ./app/[locale]/page.tsx @ http://localhost:3000/_next/static/chunks/node_modules_next_dist_0u_w_5s._.js:1945
[  209083ms] [ERROR] ./components/section-figure.tsx:91:9
Expected ',', got 'ident'
  89 |           only decides how much of the finished frame is showing. */}
  90 |       <div
> 91 |         className={`figure-uncover relative w-full overflow-hidden ${className}`}
     |         ^^^^^^^^^
  92 |         style={{ aspectRatio: ratio }}
  93 |       >
  94 |         <ProfileImage

Parsing ecmascript source code failed

Import trace:
  Server Component:
    ./components/section-figure.tsx
    ./components/about-section.tsx
    ./app/[locale]/page.tsx @ http://localhost:3000/_next/static/chunks/node_modules_next_dist_0u_w_5s._.js:1945
[  209145ms] [ERROR] ./components/section-figure.tsx:91:9
Expected ',', got 'ident'
  89 |           only decides how much of the finished frame is showing. */}
  90 |       <div
> 91 |         className={`figure-uncover relative w-full overflow-hidden ${className}`}
     |         ^^^^^^^^^
  92 |         style={{ aspectRatio: ratio }}
  93 |       >
  94 |         <ProfileImage

Parsing ecmascript source code failed

Import trace:
  Server Component:
    ./components/section-figure.tsx
    ./components/about-section.tsx
    ./app/[locale]/page.tsx @ http://localhost:3000/_next/static/chunks/node_modules_next_dist_0u_w_5s._.js:1945
[  209206ms] [ERROR] ./components/section-figure.tsx:91:9
Expected ',', got 'ident'
  89 |           only decides how much of the finished frame is showing. */}
  90 |       <div
> 91 |         className={`figure-uncover relative w-full overflow-hidden ${className}`}
     |         ^^^^^^^^^
  92 |         style={{ aspectRatio: ratio }}
  93 |       >
  94 |         <ProfileImage

Parsing ecmascript source code failed

Import trace:
  Server Component:
    ./components/section-figure.tsx
    ./components/about-section.tsx
    ./app/[locale]/page.tsx @ http://localhost:3000/_next/static/chunks/node_modules_next_dist_0u_w_5s._.js:1945
[  209268ms] [ERROR] ./components/section-figure.tsx:91:9
Expected ',', got 'ident'
  89 |           only decides how much of the finished frame is showing. */}
  90 |       <div
> 91 |         className={`figure-uncover relative w-full overflow-hidden ${className}`}
     |         ^^^^^^^^^
  92 |         style={{ aspectRatio: ratio }}
  93 |       >
  94 |         <ProfileImage

Parsing ecmascript source code failed

Import trace:
  Server Component:
    ./components/section-figure.tsx
    ./components/about-section.tsx
    ./app/[locale]/page.tsx @ http://localhost:3000/_next/static/chunks/node_modules_next_dist_0u_w_5s._.js:1945
[  209328ms] [ERROR] ./components/section-figure.tsx:91:9
Expected ',', got 'ident'
  89 |           only decides how much of the finished frame is showing. */}
  90 |       <div
> 91 |         className={`figure-uncover relative w-full overflow-hidden ${className}`}
     |         ^^^^^^^^^
  92 |         style={{ aspectRatio: ratio }}
  93 |       >
  94 |         <ProfileImage

Parsing ecmascript source code failed

Import trace:
  Server Component:
    ./components/section-figure.tsx
    ./components/about-section.tsx
    ./app/[locale]/page.tsx @ http://localhost:3000/_next/static/chunks/node_modules_next_dist_0u_w_5s._.js:1945
[  209390ms] [ERROR] ./components/section-figure.tsx:91:9
Expected ',', got 'ident'
  89 |           only decides how much of the finished frame is showing. */}
  90 |       <div
> 91 |         className={`figure-uncover relative w-full overflow-hidden ${className}`}
     |         ^^^^^^^^^
  92 |         style={{ aspectRatio: ratio }}
  93 |       >
  94 |         <ProfileImage

Parsing ecmascript source code failed

Import trace:
  Server Component:
    ./components/section-figure.tsx
    ./components/about-section.tsx
    ./app/[locale]/page.tsx @ http://localhost:3000/_next/static/chunks/node_modules_next_dist_0u_w_5s._.js:1945
[  209452ms] [ERROR] ./components/section-figure.tsx:91:9
Expected ',', got 'ident'
  89 |           only decides how much of the finished frame is showing. */}
  90 |       <div
> 91 |         className={`figure-uncover relative w-full overflow-hidden ${className}`}
     |         ^^^^^^^^^
  92 |         style={{ aspectRatio: ratio }}
  93 |       >
  94 |         <ProfileImage

Parsing ecmascript source code failed

Import trace:
  Server Component:
    ./components/section-figure.tsx
    ./components/about-section.tsx
    ./app/[locale]/page.tsx @ http://localhost:3000/_next/static/chunks/node_modules_next_dist_0u_w_5s._.js:1945
[  209513ms] [ERROR] ./components/section-figure.tsx:91:9
Expected ',', got 'ident'
  89 |           only decides how much of the finished frame is showing. */}
  90 |       <div
> 91 |         className={`figure-uncover relative w-full overflow-hidden ${className}`}
     |         ^^^^^^^^^
  92 |         style={{ aspectRatio: ratio }}
  93 |       >
  94 |         <ProfileImage

Parsing ecmascript source code failed

Import trace:
  Server Component:
    ./components/section-figure.tsx
    ./components/about-section.tsx
    ./app/[locale]/page.tsx @ http://localhost:3000/_next/static/chunks/node_modules_next_dist_0u_w_5s._.js:1945
[  209575ms] [ERROR] ./components/section-figure.tsx:91:9
Expected ',', got 'ident'
  89 |           only decides how much of the finished frame is showing. */}
  90 |       <div
> 91 |         className={`figure-uncover relative w-full overflow-hidden ${className}`}
     |         ^^^^^^^^^
  92 |         style={{ aspectRatio: ratio }}
  93 |       >
  94 |         <ProfileImage

Parsing ecmascript source code failed

Import trace:
  Server Component:
    ./components/section-figure.tsx
    ./components/about-section.tsx
    ./app/[locale]/page.tsx @ http://localhost:3000/_next/static/chunks/node_modules_next_dist_0u_w_5s._.js:1945
[  209637ms] [ERROR] ./components/section-figure.tsx:91:9
Expected ',', got 'ident'
  89 |           only decides how much of the finished frame is showing. */}
  90 |       <div
> 91 |         className={`figure-uncover relative w-full overflow-hidden ${className}`}
     |         ^^^^^^^^^
  92 |         style={{ aspectRatio: ratio }}
  93 |       >
  94 |         <ProfileImage

Parsing ecmascript source code failed

Import trace:
  Server Component:
    ./components/section-figure.tsx
    ./components/about-section.tsx
    ./app/[locale]/page.tsx @ http://localhost:3000/_next/static/chunks/node_modules_next_dist_0u_w_5s._.js:1945
[  209699ms] [ERROR] ./components/section-figure.tsx:91:9
Expected ',', got 'ident'
  89 |           only decides how much of the finished frame is showing. */}
  90 |       <div
> 91 |         className={`figure-uncover relative w-full overflow-hidden ${className}`}
     |         ^^^^^^^^^
  92 |         style={{ aspectRatio: ratio }}
  93 |       >
  94 |         <ProfileImage

Parsing ecmascript source code failed

Import trace:
  Server Component:
    ./components/section-figure.tsx
    ./components/about-section.tsx
    ./app/[locale]/page.tsx @ http://localhost:3000/_next/static/chunks/node_modules_next_dist_0u_w_5s._.js:1945
[  209761ms] [ERROR] ./components/section-figure.tsx:91:9
Expected ',', got 'ident'
  89 |           only decides how much of the finished frame is showing. */}
  90 |       <div
> 91 |         className={`figure-uncover relative w-full overflow-hidden ${className}`}
     |         ^^^^^^^^^
  92 |         style={{ aspectRatio: ratio }}
  93 |       >
  94 |         <ProfileImage

Parsing ecmascript source code failed

Import trace:
  Server Component:
    ./components/section-figure.tsx
    ./components/about-section.tsx
    ./app/[locale]/page.tsx @ http://localhost:3000/_next/static/chunks/node_modules_next_dist_0u_w_5s._.js:1945
[  209823ms] [ERROR] ./components/section-figure.tsx:91:9
Expected ',', got 'ident'
  89 |           only decides how much of the finished frame is showing. */}
  90 |       <div
> 91 |         className={`figure-uncover relative w-full overflow-hidden ${className}`}
     |         ^^^^^^^^^
  92 |         style={{ aspectRatio: ratio }}
  93 |       >
  94 |         <ProfileImage

Parsing ecmascript source code failed

Import trace:
  Server Component:
    ./components/section-figure.tsx
    ./components/about-section.tsx
    ./app/[locale]/page.tsx @ http://localhost:3000/_next/static/chunks/node_modules_next_dist_0u_w_5s._.js:1945
[  209885ms] [ERROR] ./components/section-figure.tsx:91:9
Expected ',', got 'ident'
  89 |           only decides how much of the finished frame is showing. */}
  90 |       <div
> 91 |         className={`figure-uncover relative w-full overflow-hidden ${className}`}
     |         ^^^^^^^^^
  92 |         style={{ aspectRatio: ratio }}
  93 |       >
  94 |         <ProfileImage

Parsing ecmascript source code failed

Import trace:
  Server Component:
    ./components/section-figure.tsx
    ./components/about-section.tsx
    ./app/[locale]/page.tsx @ http://localhost:3000/_next/static/chunks/node_modules_next_dist_0u_w_5s._.js:1945
[  209947ms] [ERROR] ./components/section-figure.tsx:91:9
Expected ',', got 'ident'
  89 |           only decides how much of the finished frame is showing. */}
  90 |       <div
> 91 |         className={`figure-uncover relative w-full overflow-hidden ${className}`}
     |         ^^^^^^^^^
  92 |         style={{ aspectRatio: ratio }}
  93 |       >
  94 |         <ProfileImage

Parsing ecmascript source code failed

Import trace:
  Server Component:
    ./components/section-figure.tsx
    ./components/about-section.tsx
    ./app/[locale]/page.tsx @ http://localhost:3000/_next/static/chunks/node_modules_next_dist_0u_w_5s._.js:1945
[  210008ms] [ERROR] ./components/section-figure.tsx:91:9
Expected ',', got 'ident'
  89 |           only decides how much of the finished frame is showing. */}
  90 |       <div
> 91 |         className={`figure-uncover relative w-full overflow-hidden ${className}`}
     |         ^^^^^^^^^
  92 |         style={{ aspectRatio: ratio }}
  93 |       >
  94 |         <ProfileImage

Parsing ecmascript source code failed

Import trace:
  Server Component:
    ./components/section-figure.tsx
    ./components/about-section.tsx
    ./app/[locale]/page.tsx @ http://localhost:3000/_next/static/chunks/node_modules_next_dist_0u_w_5s._.js:1945
[  210069ms] [ERROR] ./components/section-figure.tsx:91:9
Expected ',', got 'ident'
  89 |           only decides how much of the finished frame is showing. */}
  90 |       <div
> 91 |         className={`figure-uncover relative w-full overflow-hidden ${className}`}
     |         ^^^^^^^^^
  92 |         style={{ aspectRatio: ratio }}
  93 |       >
  94 |         <ProfileImage

Parsing ecmascript source code failed

Import trace:
  Server Component:
    ./components/section-figure.tsx
    ./components/about-section.tsx
    ./app/[locale]/page.tsx @ http://localhost:3000/_next/static/chunks/node_modules_next_dist_0u_w_5s._.js:1945
[  210131ms] [ERROR] ./components/section-figure.tsx:91:9
Expected ',', got 'ident'
  89 |           only decides how much of the finished frame is showing. */}
  90 |       <div
> 91 |         className={`figure-uncover relative w-full overflow-hidden ${className}`}
     |         ^^^^^^^^^
  92 |         style={{ aspectRatio: ratio }}
  93 |       >
  94 |         <ProfileImage

Parsing ecmascript source code failed

Import trace:
  Server Component:
    ./components/section-figure.tsx
    ./components/about-section.tsx
    ./app/[locale]/page.tsx @ http://localhost:3000/_next/static/chunks/node_modules_next_dist_0u_w_5s._.js:1945
[  210193ms] [ERROR] ./components/section-figure.tsx:91:9
Expected ',', got 'ident'
  89 |           only decides how much of the finished frame is showing. */}
  90 |       <div
> 91 |         className={`figure-uncover relative w-full overflow-hidden ${className}`}
     |         ^^^^^^^^^
  92 |         style={{ aspectRatio: ratio }}
  93 |       >
  94 |         <ProfileImage

Parsing ecmascript source code failed

Import trace:
  Server Component:
    ./components/section-figure.tsx
    ./components/about-section.tsx
    ./app/[locale]/page.tsx @ http://localhost:3000/_next/static/chunks/node_modules_next_dist_0u_w_5s._.js:1945
[  210255ms] [ERROR] ./components/section-figure.tsx:91:9
Expected ',', got 'ident'
  89 |           only decides how much of the finished frame is showing. */}
  90 |       <div
> 91 |         className={`figure-uncover relative w-full overflow-hidden ${className}`}
     |         ^^^^^^^^^
  92 |         style={{ aspectRatio: ratio }}
  93 |       >
  94 |         <ProfileImage

Parsing ecmascript source code failed

Import trace:
  Server Component:
    ./components/section-figure.tsx
    ./components/about-section.tsx
    ./app/[locale]/page.tsx @ http://localhost:3000/_next/static/chunks/node_modules_next_dist_0u_w_5s._.js:1945
[  210318ms] [ERROR] ./components/section-figure.tsx:91:9
Expected ',', got 'ident'
  89 |           only decides how much of the finished frame is showing. */}
  90 |       <div
> 91 |         className={`figure-uncover relative w-full overflow-hidden ${className}`}
     |         ^^^^^^^^^
  92 |         style={{ aspectRatio: ratio }}
  93 |       >
  94 |         <ProfileImage

Parsing ecmascript source code failed

Import trace:
  Server Component:
    ./components/section-figure.tsx
    ./components/about-section.tsx
    ./app/[locale]/page.tsx @ http://localhost:3000/_next/static/chunks/node_modules_next_dist_0u_w_5s._.js:1945
[  210380ms] [ERROR] ./components/section-figure.tsx:91:9
Expected ',', got 'ident'
  89 |           only decides how much of the finished frame is showing. */}
  90 |       <div
> 91 |         className={`figure-uncover relative w-full overflow-hidden ${className}`}
     |         ^^^^^^^^^
  92 |         style={{ aspectRatio: ratio }}
  93 |       >
  94 |         <ProfileImage

Parsing ecmascript source code failed

Import trace:
  Server Component:
    ./components/section-figure.tsx
    ./components/about-section.tsx
    ./app/[locale]/page.tsx @ http://localhost:3000/_next/static/chunks/node_modules_next_dist_0u_w_5s._.js:1945
[  210442ms] [ERROR] ./components/section-figure.tsx:91:9
Expected ',', got 'ident'
  89 |           only decides how much of the finished frame is showing. */}
  90 |       <div
> 91 |         className={`figure-uncover relative w-full overflow-hidden ${className}`}
     |         ^^^^^^^^^
  92 |         style={{ aspectRatio: ratio }}
  93 |       >
  94 |         <ProfileImage

Parsing ecmascript source code failed

Import trace:
  Server Component:
    ./components/section-figure.tsx
    ./components/about-section.tsx
    ./app/[locale]/page.tsx @ http://localhost:3000/_next/static/chunks/node_modules_next_dist_0u_w_5s._.js:1945
[  210502ms] [ERROR] ./components/section-figure.tsx:91:9
Expected ',', got 'ident'
  89 |           only decides how much of the finished frame is showing. */}
  90 |       <div
> 91 |         className={`figure-uncover relative w-full overflow-hidden ${className}`}
     |         ^^^^^^^^^
  92 |         style={{ aspectRatio: ratio }}
  93 |       >
  94 |         <ProfileImage

Parsing ecmascript source code failed

Import trace:
  Server Component:
    ./components/section-figure.tsx
    ./components/about-section.tsx
    ./app/[locale]/page.tsx @ http://localhost:3000/_next/static/chunks/node_modules_next_dist_0u_w_5s._.js:1945
[  210562ms] [ERROR] ./components/section-figure.tsx:91:9
Expected ',', got 'ident'
  89 |           only decides how much of the finished frame is showing. */}
  90 |       <div
> 91 |         className={`figure-uncover relative w-full overflow-hidden ${className}`}
     |         ^^^^^^^^^
  92 |         style={{ aspectRatio: ratio }}
  93 |       >
  94 |         <ProfileImage

Parsing ecmascript source code failed

Import trace:
  Server Component:
    ./components/section-figure.tsx
    ./components/about-section.tsx
    ./app/[locale]/page.tsx @ http://localhost:3000/_next/static/chunks/node_modules_next_dist_0u_w_5s._.js:1945
[  210625ms] [ERROR] ./components/section-figure.tsx:91:9
Expected ',', got 'ident'
  89 |           only decides how much of the finished frame is showing. */}
  90 |       <div
> 91 |         className={`figure-uncover relative w-full overflow-hidden ${className}`}
     |         ^^^^^^^^^
  92 |         style={{ aspectRatio: ratio }}
  93 |       >
  94 |         <ProfileImage

Parsing ecmascript source code failed

Import trace:
  Server Component:
    ./components/section-figure.tsx
    ./components/about-section.tsx
    ./app/[locale]/page.tsx @ http://localhost:3000/_next/static/chunks/node_modules_next_dist_0u_w_5s._.js:1945
[  210687ms] [ERROR] ./components/section-figure.tsx:91:9
Expected ',', got 'ident'
  89 |           only decides how much of the finished frame is showing. */}
  90 |       <div
> 91 |         className={`figure-uncover relative w-full overflow-hidden ${className}`}
     |         ^^^^^^^^^
  92 |         style={{ aspectRatio: ratio }}
  93 |       >
  94 |         <ProfileImage

Parsing ecmascript source code failed

Import trace:
  Server Component:
    ./components/section-figure.tsx
    ./components/about-section.tsx
    ./app/[locale]/page.tsx @ http://localhost:3000/_next/static/chunks/node_modules_next_dist_0u_w_5s._.js:1945
[  210749ms] [ERROR] ./components/section-figure.tsx:91:9
Expected ',', got 'ident'
  89 |           only decides how much of the finished frame is showing. */}
  90 |       <div
> 91 |         className={`figure-uncover relative w-full overflow-hidden ${className}`}
     |         ^^^^^^^^^
  92 |         style={{ aspectRatio: ratio }}
  93 |       >
  94 |         <ProfileImage

Parsing ecmascript source code failed

Import trace:
  Server Component:
    ./components/section-figure.tsx
    ./components/about-section.tsx
    ./app/[locale]/page.tsx @ http://localhost:3000/_next/static/chunks/node_modules_next_dist_0u_w_5s._.js:1945
[  210812ms] [ERROR] ./components/section-figure.tsx:91:9
Expected ',', got 'ident'
  89 |           only decides how much of the finished frame is showing. */}
  90 |       <div
> 91 |         className={`figure-uncover relative w-full overflow-hidden ${className}`}
     |         ^^^^^^^^^
  92 |         style={{ aspectRatio: ratio }}
  93 |       >
  94 |         <ProfileImage

Parsing ecmascript source code failed

Import trace:
  Server Component:
    ./components/section-figure.tsx
    ./components/about-section.tsx
    ./app/[locale]/page.tsx @ http://localhost:3000/_next/static/chunks/node_modules_next_dist_0u_w_5s._.js:1945
[  210873ms] [ERROR] ./components/section-figure.tsx:91:9
Expected ',', got 'ident'
  89 |           only decides how much of the finished frame is showing. */}
  90 |       <div
> 91 |         className={`figure-uncover relative w-full overflow-hidden ${className}`}
     |         ^^^^^^^^^
  92 |         style={{ aspectRatio: ratio }}
  93 |       >
  94 |         <ProfileImage

Parsing ecmascript source code failed

Import trace:
  Server Component:
    ./components/section-figure.tsx
    ./components/about-section.tsx
    ./app/[locale]/page.tsx @ http://localhost:3000/_next/static/chunks/node_modules_next_dist_0u_w_5s._.js:1945
[  210934ms] [ERROR] ./components/section-figure.tsx:91:9
Expected ',', got 'ident'
  89 |           only decides how much of the finished frame is showing. */}
  90 |       <div
> 91 |         className={`figure-uncover relative w-full overflow-hidden ${className}`}
     |         ^^^^^^^^^
  92 |         style={{ aspectRatio: ratio }}
  93 |       >
  94 |         <ProfileImage

Parsing ecmascript source code failed

Import trace:
  Server Component:
    ./components/section-figure.tsx
    ./components/about-section.tsx
    ./app/[locale]/page.tsx @ http://localhost:3000/_next/static/chunks/node_modules_next_dist_0u_w_5s._.js:1945
[  210994ms] [ERROR] ./components/section-figure.tsx:91:9
Expected ',', got 'ident'
  89 |           only decides how much of the finished frame is showing. */}
  90 |       <div
> 91 |         className={`figure-uncover relative w-full overflow-hidden ${className}`}
     |         ^^^^^^^^^
  92 |         style={{ aspectRatio: ratio }}
  93 |       >
  94 |         <ProfileImage

Parsing ecmascript source code failed

Import trace:
  Server Component:
    ./components/section-figure.tsx
    ./components/about-section.tsx
    ./app/[locale]/page.tsx @ http://localhost:3000/_next/static/chunks/node_modules_next_dist_0u_w_5s._.js:1945
[  211054ms] [ERROR] ./components/section-figure.tsx:91:9
Expected ',', got 'ident'
  89 |           only decides how much of the finished frame is showing. */}
  90 |       <div
> 91 |         className={`figure-uncover relative w-full overflow-hidden ${className}`}
     |         ^^^^^^^^^
  92 |         style={{ aspectRatio: ratio }}
  93 |       >
  94 |         <ProfileImage

Parsing ecmascript source code failed

Import trace:
  Server Component:
    ./components/section-figure.tsx
    ./components/about-section.tsx
    ./app/[locale]/page.tsx @ http://localhost:3000/_next/static/chunks/node_modules_next_dist_0u_w_5s._.js:1945
[  211116ms] [ERROR] ./components/section-figure.tsx:91:9
Expected ',', got 'ident'
  89 |           only decides how much of the finished frame is showing. */}
  90 |       <div
> 91 |         className={`figure-uncover relative w-full overflow-hidden ${className}`}
     |         ^^^^^^^^^
  92 |         style={{ aspectRatio: ratio }}
  93 |       >
  94 |         <ProfileImage

Parsing ecmascript source code failed

Import trace:
  Server Component:
    ./components/section-figure.tsx
    ./components/about-section.tsx
    ./app/[locale]/page.tsx @ http://localhost:3000/_next/static/chunks/node_modules_next_dist_0u_w_5s._.js:1945
[  211177ms] [ERROR] ./components/section-figure.tsx:91:9
Expected ',', got 'ident'
  89 |           only decides how much of the finished frame is showing. */}
  90 |       <div
> 91 |         className={`figure-uncover relative w-full overflow-hidden ${className}`}
     |         ^^^^^^^^^
  92 |         style={{ aspectRatio: ratio }}
  93 |       >
  94 |         <ProfileImage

Parsing ecmascript source code failed

Import trace:
  Server Component:
    ./components/section-figure.tsx
    ./components/about-section.tsx
    ./app/[locale]/page.tsx @ http://localhost:3000/_next/static/chunks/node_modules_next_dist_0u_w_5s._.js:1945
[  211238ms] [ERROR] ./components/section-figure.tsx:91:9
Expected ',', got 'ident'
  89 |           only decides how much of the finished frame is showing. */}
  90 |       <div
> 91 |         className={`figure-uncover relative w-full overflow-hidden ${className}`}
     |         ^^^^^^^^^
  92 |         style={{ aspectRatio: ratio }}
  93 |       >
  94 |         <ProfileImage

Parsing ecmascript source code failed

Import trace:
  Server Component:
    ./components/section-figure.tsx
    ./components/about-section.tsx
    ./app/[locale]/page.tsx @ http://localhost:3000/_next/static/chunks/node_modules_next_dist_0u_w_5s._.js:1945
[  211299ms] [ERROR] ./components/section-figure.tsx:91:9
Expected ',', got 'ident'
  89 |           only decides how much of the finished frame is showing. */}
  90 |       <div
> 91 |         className={`figure-uncover relative w-full overflow-hidden ${className}`}
     |         ^^^^^^^^^
  92 |         style={{ aspectRatio: ratio }}
  93 |       >
  94 |         <ProfileImage

Parsing ecmascript source code failed

Import trace:
  Server Component:
    ./components/section-figure.tsx
    ./components/about-section.tsx
    ./app/[locale]/page.tsx @ http://localhost:3000/_next/static/chunks/node_modules_next_dist_0u_w_5s._.js:1945
[  211361ms] [ERROR] ./components/section-figure.tsx:91:9
Expected ',', got 'ident'
  89 |           only decides how much of the finished frame is showing. */}
  90 |       <div
> 91 |         className={`figure-uncover relative w-full overflow-hidden ${className}`}
     |         ^^^^^^^^^
  92 |         style={{ aspectRatio: ratio }}
  93 |       >
  94 |         <ProfileImage

Parsing ecmascript source code failed

Import trace:
  Server Component:
    ./components/section-figure.tsx
    ./components/about-section.tsx
    ./app/[locale]/page.tsx @ http://localhost:3000/_next/static/chunks/node_modules_next_dist_0u_w_5s._.js:1945
[  211421ms] [ERROR] ./components/section-figure.tsx:91:9
Expected ',', got 'ident'
  89 |           only decides how much of the finished frame is showing. */}
  90 |       <div
> 91 |         className={`figure-uncover relative w-full overflow-hidden ${className}`}
     |         ^^^^^^^^^
  92 |         style={{ aspectRatio: ratio }}
  93 |       >
  94 |         <ProfileImage

Parsing ecmascript source code failed

Import trace:
  Server Component:
    ./components/section-figure.tsx
    ./components/about-section.tsx
    ./app/[locale]/page.tsx @ http://localhost:3000/_next/static/chunks/node_modules_next_dist_0u_w_5s._.js:1945
[  211483ms] [ERROR] ./components/section-figure.tsx:91:9
Expected ',', got 'ident'
  89 |           only decides how much of the finished frame is showing. */}
  90 |       <div
> 91 |         className={`figure-uncover relative w-full overflow-hidden ${className}`}
     |         ^^^^^^^^^
  92 |         style={{ aspectRatio: ratio }}
  93 |       >
  94 |         <ProfileImage

Parsing ecmascript source code failed

Import trace:
  Server Component:
    ./components/section-figure.tsx
    ./components/about-section.tsx
    ./app/[locale]/page.tsx @ http://localhost:3000/_next/static/chunks/node_modules_next_dist_0u_w_5s._.js:1945
[  211545ms] [ERROR] ./components/section-figure.tsx:91:9
Expected ',', got 'ident'
  89 |           only decides how much of the finished frame is showing. */}
  90 |       <div
> 91 |         className={`figure-uncover relative w-full overflow-hidden ${className}`}
     |         ^^^^^^^^^
  92 |         style={{ aspectRatio: ratio }}
  93 |       >
  94 |         <ProfileImage

Parsing ecmascript source code failed

Import trace:
  Server Component:
    ./components/section-figure.tsx
    ./components/about-section.tsx
    ./app/[locale]/page.tsx @ http://localhost:3000/_next/static/chunks/node_modules_next_dist_0u_w_5s._.js:1945
[  211607ms] [ERROR] ./components/section-figure.tsx:91:9
Expected ',', got 'ident'
  89 |           only decides how much of the finished frame is showing. */}
  90 |       <div
> 91 |         className={`figure-uncover relative w-full overflow-hidden ${className}`}
     |         ^^^^^^^^^
  92 |         style={{ aspectRatio: ratio }}
  93 |       >
  94 |         <ProfileImage

Parsing ecmascript source code failed

Import trace:
  Server Component:
    ./components/section-figure.tsx
    ./components/about-section.tsx
    ./app/[locale]/page.tsx @ http://localhost:3000/_next/static/chunks/node_modules_next_dist_0u_w_5s._.js:1945
[  211669ms] [ERROR] ./components/section-figure.tsx:91:9
Expected ',', got 'ident'
  89 |           only decides how much of the finished frame is showing. */}
  90 |       <div
> 91 |         className={`figure-uncover relative w-full overflow-hidden ${className}`}
     |         ^^^^^^^^^
  92 |         style={{ aspectRatio: ratio }}
  93 |       >
  94 |         <ProfileImage

Parsing ecmascript source code failed

Import trace:
  Server Component:
    ./components/section-figure.tsx
    ./components/about-section.tsx
    ./app/[locale]/page.tsx @ http://localhost:3000/_next/static/chunks/node_modules_next_dist_0u_w_5s._.js:1945
[  211731ms] [ERROR] ./components/section-figure.tsx:91:9
Expected ',', got 'ident'
  89 |           only decides how much of the finished frame is showing. */}
  90 |       <div
> 91 |         className={`figure-uncover relative w-full overflow-hidden ${className}`}
     |         ^^^^^^^^^
  92 |         style={{ aspectRatio: ratio }}
  93 |       >
  94 |         <ProfileImage

Parsing ecmascript source code failed

Import trace:
  Server Component:
    ./components/section-figure.tsx
    ./components/about-section.tsx
    ./app/[locale]/page.tsx @ http://localhost:3000/_next/static/chunks/node_modules_next_dist_0u_w_5s._.js:1945
[  211792ms] [ERROR] ./components/section-figure.tsx:91:9
Expected ',', got 'ident'
  89 |           only decides how much of the finished frame is showing. */}
  90 |       <div
> 91 |         className={`figure-uncover relative w-full overflow-hidden ${className}`}
     |         ^^^^^^^^^
  92 |         style={{ aspectRatio: ratio }}
  93 |       >
  94 |         <ProfileImage

Parsing ecmascript source code failed

Import trace:
  Server Component:
    ./components/section-figure.tsx
    ./components/about-section.tsx
    ./app/[locale]/page.tsx @ http://localhost:3000/_next/static/chunks/node_modules_next_dist_0u_w_5s._.js:1945
[  211853ms] [ERROR] ./components/section-figure.tsx:91:9
Expected ',', got 'ident'
  89 |           only decides how much of the finished frame is showing. */}
  90 |       <div
> 91 |         className={`figure-uncover relative w-full overflow-hidden ${className}`}
     |         ^^^^^^^^^
  92 |         style={{ aspectRatio: ratio }}
  93 |       >
  94 |         <ProfileImage

Parsing ecmascript source code failed

Import trace:
  Server Component:
    ./components/section-figure.tsx
    ./components/about-section.tsx
    ./app/[locale]/page.tsx @ http://localhost:3000/_next/static/chunks/node_modules_next_dist_0u_w_5s._.js:1945
[  211916ms] [ERROR] ./components/section-figure.tsx:91:9
Expected ',', got 'ident'
  89 |           only decides how much of the finished frame is showing. */}
  90 |       <div
> 91 |         className={`figure-uncover relative w-full overflow-hidden ${className}`}
     |         ^^^^^^^^^
  92 |         style={{ aspectRatio: ratio }}
  93 |       >
  94 |         <ProfileImage

Parsing ecmascript source code failed

Import trace:
  Server Component:
    ./components/section-figure.tsx
    ./components/about-section.tsx
    ./app/[locale]/page.tsx @ http://localhost:3000/_next/static/chunks/node_modules_next_dist_0u_w_5s._.js:1945
[  211978ms] [ERROR] ./components/section-figure.tsx:91:9
Expected ',', got 'ident'
  89 |           only decides how much of the finished frame is showing. */}
  90 |       <div
> 91 |         className={`figure-uncover relative w-full overflow-hidden ${className}`}
     |         ^^^^^^^^^
  92 |         style={{ aspectRatio: ratio }}
  93 |       >
  94 |         <ProfileImage

Parsing ecmascript source code failed

Import trace:
  Server Component:
    ./components/section-figure.tsx
    ./components/about-section.tsx
    ./app/[locale]/page.tsx @ http://localhost:3000/_next/static/chunks/node_modules_next_dist_0u_w_5s._.js:1945
[  212040ms] [ERROR] ./components/section-figure.tsx:91:9
Expected ',', got 'ident'
  89 |           only decides how much of the finished frame is showing. */}
  90 |       <div
> 91 |         className={`figure-uncover relative w-full overflow-hidden ${className}`}
     |         ^^^^^^^^^
  92 |         style={{ aspectRatio: ratio }}
  93 |       >
  94 |         <ProfileImage

Parsing ecmascript source code failed

Import trace:
  Server Component:
    ./components/section-figure.tsx
    ./components/about-section.tsx
    ./app/[locale]/page.tsx @ http://localhost:3000/_next/static/chunks/node_modules_next_dist_0u_w_5s._.js:1945
[  212101ms] [ERROR] ./components/section-figure.tsx:91:9
Expected ',', got 'ident'
  89 |           only decides how much of the finished frame is showing. */}
  90 |       <div
> 91 |         className={`figure-uncover relative w-full overflow-hidden ${className}`}
     |         ^^^^^^^^^
  92 |         style={{ aspectRatio: ratio }}
  93 |       >
  94 |         <ProfileImage

Parsing ecmascript source code failed

Import trace:
  Server Component:
    ./components/section-figure.tsx
    ./components/about-section.tsx
    ./app/[locale]/page.tsx @ http://localhost:3000/_next/static/chunks/node_modules_next_dist_0u_w_5s._.js:1945
[  212162ms] [ERROR] ./components/section-figure.tsx:91:9
Expected ',', got 'ident'
  89 |           only decides how much of the finished frame is showing. */}
  90 |       <div
> 91 |         className={`figure-uncover relative w-full overflow-hidden ${className}`}
     |         ^^^^^^^^^
  92 |         style={{ aspectRatio: ratio }}
  93 |       >
  94 |         <ProfileImage

Parsing ecmascript source code failed

Import trace:
  Server Component:
    ./components/section-figure.tsx
    ./components/about-section.tsx
    ./app/[locale]/page.tsx @ http://localhost:3000/_next/static/chunks/node_modules_next_dist_0u_w_5s._.js:1945
[  212224ms] [ERROR] ./components/section-figure.tsx:91:9
Expected ',', got 'ident'
  89 |           only decides how much of the finished frame is showing. */}
  90 |       <div
> 91 |         className={`figure-uncover relative w-full overflow-hidden ${className}`}
     |         ^^^^^^^^^
  92 |         style={{ aspectRatio: ratio }}
  93 |       >
  94 |         <ProfileImage

Parsing ecmascript source code failed

Import trace:
  Server Component:
    ./components/section-figure.tsx
    ./components/about-section.tsx
    ./app/[locale]/page.tsx @ http://localhost:3000/_next/static/chunks/node_modules_next_dist_0u_w_5s._.js:1945
[  212286ms] [ERROR] ./components/section-figure.tsx:91:9
Expected ',', got 'ident'
  89 |           only decides how much of the finished frame is showing. */}
  90 |       <div
> 91 |         className={`figure-uncover relative w-full overflow-hidden ${className}`}
     |         ^^^^^^^^^
  92 |         style={{ aspectRatio: ratio }}
  93 |       >
  94 |         <ProfileImage

Parsing ecmascript source code failed

Import trace:
  Server Component:
    ./components/section-figure.tsx
    ./components/about-section.tsx
    ./app/[locale]/page.tsx @ http://localhost:3000/_next/static/chunks/node_modules_next_dist_0u_w_5s._.js:1945
[  212348ms] [ERROR] ./components/section-figure.tsx:91:9
Expected ',', got 'ident'
  89 |           only decides how much of the finished frame is showing. */}
  90 |       <div
> 91 |         className={`figure-uncover relative w-full overflow-hidden ${className}`}
     |         ^^^^^^^^^
  92 |         style={{ aspectRatio: ratio }}
  93 |       >
  94 |         <ProfileImage

Parsing ecmascript source code failed

Import trace:
  Server Component:
    ./components/section-figure.tsx
    ./components/about-section.tsx
    ./app/[locale]/page.tsx @ http://localhost:3000/_next/static/chunks/node_modules_next_dist_0u_w_5s._.js:1945
[  212413ms] [ERROR] ./components/section-figure.tsx:91:9
Expected ',', got 'ident'
  89 |           only decides how much of the finished frame is showing. */}
  90 |       <div
> 91 |         className={`figure-uncover relative w-full overflow-hidden ${className}`}
     |         ^^^^^^^^^
  92 |         style={{ aspectRatio: ratio }}
  93 |       >
  94 |         <ProfileImage

Parsing ecmascript source code failed

Import trace:
  Server Component:
    ./components/section-figure.tsx
    ./components/about-section.tsx
    ./app/[locale]/page.tsx @ http://localhost:3000/_next/static/chunks/node_modules_next_dist_0u_w_5s._.js:1945
[  212472ms] [ERROR] ./components/section-figure.tsx:91:9
Expected ',', got 'ident'
  89 |           only decides how much of the finished frame is showing. */}
  90 |       <div
> 91 |         className={`figure-uncover relative w-full overflow-hidden ${className}`}
     |         ^^^^^^^^^
  92 |         style={{ aspectRatio: ratio }}
  93 |       >
  94 |         <ProfileImage

Parsing ecmascript source code failed

Import trace:
  Server Component:
    ./components/section-figure.tsx
    ./components/about-section.tsx
    ./app/[locale]/page.tsx @ http://localhost:3000/_next/static/chunks/node_modules_next_dist_0u_w_5s._.js:1945
[  212535ms] [ERROR] ./components/section-figure.tsx:91:9
Expected ',', got 'ident'
  89 |           only decides how much of the finished frame is showing. */}
  90 |       <div
> 91 |         className={`figure-uncover relative w-full overflow-hidden ${className}`}
     |         ^^^^^^^^^
  92 |         style={{ aspectRatio: ratio }}
  93 |       >
  94 |         <ProfileImage

Parsing ecmascript source code failed

Import trace:
  Server Component:
    ./components/section-figure.tsx
    ./components/about-section.tsx
    ./app/[locale]/page.tsx @ http://localhost:3000/_next/static/chunks/node_modules_next_dist_0u_w_5s._.js:1945
[  212596ms] [ERROR] ./components/section-figure.tsx:91:9
Expected ',', got 'ident'
  89 |           only decides how much of the finished frame is showing. */}
  90 |       <div
> 91 |         className={`figure-uncover relative w-full overflow-hidden ${className}`}
     |         ^^^^^^^^^
  92 |         style={{ aspectRatio: ratio }}
  93 |       >
  94 |         <ProfileImage

Parsing ecmascript source code failed

Import trace:
  Server Component:
    ./components/section-figure.tsx
    ./components/about-section.tsx
    ./app/[locale]/page.tsx @ http://localhost:3000/_next/static/chunks/node_modules_next_dist_0u_w_5s._.js:1945
[  212659ms] [ERROR] ./components/section-figure.tsx:91:9
Expected ',', got 'ident'
  89 |           only decides how much of the finished frame is showing. */}
  90 |       <div
> 91 |         className={`figure-uncover relative w-full overflow-hidden ${className}`}
     |         ^^^^^^^^^
  92 |         style={{ aspectRatio: ratio }}
  93 |       >
  94 |         <ProfileImage

Parsing ecmascript source code failed

Import trace:
  Server Component:
    ./components/section-figure.tsx
    ./components/about-section.tsx
    ./app/[locale]/page.tsx @ http://localhost:3000/_next/static/chunks/node_modules_next_dist_0u_w_5s._.js:1945
[  212721ms] [ERROR] ./components/section-figure.tsx:91:9
Expected ',', got 'ident'
  89 |           only decides how much of the finished frame is showing. */}
  90 |       <div
> 91 |         className={`figure-uncover relative w-full overflow-hidden ${className}`}
     |         ^^^^^^^^^
  92 |         style={{ aspectRatio: ratio }}
  93 |       >
  94 |         <ProfileImage

Parsing ecmascript source code failed

Import trace:
  Server Component:
    ./components/section-figure.tsx
    ./components/about-section.tsx
    ./app/[locale]/page.tsx @ http://localhost:3000/_next/static/chunks/node_modules_next_dist_0u_w_5s._.js:1945
[  212783ms] [ERROR] ./components/section-figure.tsx:91:9
Expected ',', got 'ident'
  89 |           only decides how much of the finished frame is showing. */}
  90 |       <div
> 91 |         className={`figure-uncover relative w-full overflow-hidden ${className}`}
     |         ^^^^^^^^^
  92 |         style={{ aspectRatio: ratio }}
  93 |       >
  94 |         <ProfileImage

Parsing ecmascript source code failed

Import trace:
  Server Component:
    ./components/section-figure.tsx
    ./components/about-section.tsx
    ./app/[locale]/page.tsx @ http://localhost:3000/_next/static/chunks/node_modules_next_dist_0u_w_5s._.js:1945
[  212845ms] [ERROR] ./components/section-figure.tsx:91:9
Expected ',', got 'ident'
  89 |           only decides how much of the finished frame is showing. */}
  90 |       <div
> 91 |         className={`figure-uncover relative w-full overflow-hidden ${className}`}
     |         ^^^^^^^^^
  92 |         style={{ aspectRatio: ratio }}
  93 |       >
  94 |         <ProfileImage

Parsing ecmascript source code failed

Import trace:
  Server Component:
    ./components/section-figure.tsx
    ./components/about-section.tsx
    ./app/[locale]/page.tsx @ http://localhost:3000/_next/static/chunks/node_modules_next_dist_0u_w_5s._.js:1945
[  212907ms] [ERROR] ./components/section-figure.tsx:91:9
Expected ',', got 'ident'
  89 |           only decides how much of the finished frame is showing. */}
  90 |       <div
> 91 |         className={`figure-uncover relative w-full overflow-hidden ${className}`}
     |         ^^^^^^^^^
  92 |         style={{ aspectRatio: ratio }}
  93 |       >
  94 |         <ProfileImage

Parsing ecmascript source code failed

Import trace:
  Server Component:
    ./components/section-figure.tsx
    ./components/about-section.tsx
    ./app/[locale]/page.tsx @ http://localhost:3000/_next/static/chunks/node_modules_next_dist_0u_w_5s._.js:1945
[  212969ms] [ERROR] ./components/section-figure.tsx:91:9
Expected ',', got 'ident'
  89 |           only decides how much of the finished frame is showing. */}
  90 |       <div
> 91 |         className={`figure-uncover relative w-full overflow-hidden ${className}`}
     |         ^^^^^^^^^
  92 |         style={{ aspectRatio: ratio }}
  93 |       >
  94 |         <ProfileImage

Parsing ecmascript source code failed

Import trace:
  Server Component:
    ./components/section-figure.tsx
    ./components/about-section.tsx
    ./app/[locale]/page.tsx @ http://localhost:3000/_next/static/chunks/node_modules_next_dist_0u_w_5s._.js:1945
[  213031ms] [ERROR] ./components/section-figure.tsx:91:9
Expected ',', got 'ident'
  89 |           only decides how much of the finished frame is showing. */}
  90 |       <div
> 91 |         className={`figure-uncover relative w-full overflow-hidden ${className}`}
     |         ^^^^^^^^^
  92 |         style={{ aspectRatio: ratio }}
  93 |       >
  94 |         <ProfileImage

Parsing ecmascript source code failed

Import trace:
  Server Component:
    ./components/section-figure.tsx
    ./components/about-section.tsx
    ./app/[locale]/page.tsx @ http://localhost:3000/_next/static/chunks/node_modules_next_dist_0u_w_5s._.js:1945
[  213093ms] [ERROR] ./components/section-figure.tsx:91:9
Expected ',', got 'ident'
  89 |           only decides how much of the finished frame is showing. */}
  90 |       <div
> 91 |         className={`figure-uncover relative w-full overflow-hidden ${className}`}
     |         ^^^^^^^^^
  92 |         style={{ aspectRatio: ratio }}
  93 |       >
  94 |         <ProfileImage

Parsing ecmascript source code failed

Import trace:
  Server Component:
    ./components/section-figure.tsx
    ./components/about-section.tsx
    ./app/[locale]/page.tsx @ http://localhost:3000/_next/static/chunks/node_modules_next_dist_0u_w_5s._.js:1945
[  213156ms] [ERROR] ./components/section-figure.tsx:91:9
Expected ',', got 'ident'
  89 |           only decides how much of the finished frame is showing. */}
  90 |       <div
> 91 |         className={`figure-uncover relative w-full overflow-hidden ${className}`}
     |         ^^^^^^^^^
  92 |         style={{ aspectRatio: ratio }}
  93 |       >
  94 |         <ProfileImage

Parsing ecmascript source code failed

Import trace:
  Server Component:
    ./components/section-figure.tsx
    ./components/about-section.tsx
    ./app/[locale]/page.tsx @ http://localhost:3000/_next/static/chunks/node_modules_next_dist_0u_w_5s._.js:1945
[  213218ms] [ERROR] ./components/section-figure.tsx:91:9
Expected ',', got 'ident'
  89 |           only decides how much of the finished frame is showing. */}
  90 |       <div
> 91 |         className={`figure-uncover relative w-full overflow-hidden ${className}`}
     |         ^^^^^^^^^
  92 |         style={{ aspectRatio: ratio }}
  93 |       >
  94 |         <ProfileImage

Parsing ecmascript source code failed

Import trace:
  Server Component:
    ./components/section-figure.tsx
    ./components/about-section.tsx
    ./app/[locale]/page.tsx @ http://localhost:3000/_next/static/chunks/node_modules_next_dist_0u_w_5s._.js:1945
[  213280ms] [ERROR] ./components/section-figure.tsx:91:9
Expected ',', got 'ident'
  89 |           only decides how much of the finished frame is showing. */}
  90 |       <div
> 91 |         className={`figure-uncover relative w-full overflow-hidden ${className}`}
     |         ^^^^^^^^^
  92 |         style={{ aspectRatio: ratio }}
  93 |       >
  94 |         <ProfileImage

Parsing ecmascript source code failed

Import trace:
  Server Component:
    ./components/section-figure.tsx
    ./components/about-section.tsx
    ./app/[locale]/page.tsx @ http://localhost:3000/_next/static/chunks/node_modules_next_dist_0u_w_5s._.js:1945
[  213342ms] [ERROR] ./components/section-figure.tsx:91:9
Expected ',', got 'ident'
  89 |           only decides how much of the finished frame is showing. */}
  90 |       <div
> 91 |         className={`figure-uncover relative w-full overflow-hidden ${className}`}
     |         ^^^^^^^^^
  92 |         style={{ aspectRatio: ratio }}
  93 |       >
  94 |         <ProfileImage

Parsing ecmascript source code failed

Import trace:
  Server Component:
    ./components/section-figure.tsx
    ./components/about-section.tsx
    ./app/[locale]/page.tsx @ http://localhost:3000/_next/static/chunks/node_modules_next_dist_0u_w_5s._.js:1945
[  213405ms] [ERROR] ./components/section-figure.tsx:91:9
Expected ',', got 'ident'
  89 |           only decides how much of the finished frame is showing. */}
  90 |       <div
> 91 |         className={`figure-uncover relative w-full overflow-hidden ${className}`}
     |         ^^^^^^^^^
  92 |         style={{ aspectRatio: ratio }}
  93 |       >
  94 |         <ProfileImage

Parsing ecmascript source code failed

Import trace:
  Server Component:
    ./components/section-figure.tsx
    ./components/about-section.tsx
    ./app/[locale]/page.tsx @ http://localhost:3000/_next/static/chunks/node_modules_next_dist_0u_w_5s._.js:1945
[  213465ms] [LOG] [Fast Refresh] rebuilding @ http://localhost:3000/_next/static/chunks/node_modules_next_dist_0u_w_5s._.js:1226
[  213574ms] [ERROR] ./components/section-figure.tsx:91:9
Expected ',', got 'ident'
  89 |           only decides how much of the finished frame is showing. */}
  90 |       <div
> 91 |         className={`figure-uncover relative w-full overflow-hidden ${className}`}
     |         ^^^^^^^^^
  92 |         style={{ aspectRatio: ratio }}
  93 |       >
  94 |         <ProfileImage

Parsing ecmascript source code failed

Import trace:
  Server Component:
    ./components/section-figure.tsx
    ./components/about-section.tsx
    ./app/[locale]/page.tsx @ http://localhost:3000/_next/static/chunks/node_modules_next_dist_0u_w_5s._.js:1945
[  213635ms] [ERROR] ./components/section-figure.tsx:91:9
Expected ',', got 'ident'
  89 |           only decides how much of the finished frame is showing. */}
  90 |       <div
> 91 |         className={`figure-uncover relative w-full overflow-hidden ${className}`}
     |         ^^^^^^^^^
  92 |         style={{ aspectRatio: ratio }}
  93 |       >
  94 |         <ProfileImage

Parsing ecmascript source code failed

Import trace:
  Server Component:
    ./components/section-figure.tsx
    ./components/about-section.tsx
    ./app/[locale]/page.tsx @ http://localhost:3000/_next/static/chunks/node_modules_next_dist_0u_w_5s._.js:1945
[  213697ms] [ERROR] ./components/section-figure.tsx:91:9
Expected ',', got 'ident'
  89 |           only decides how much of the finished frame is showing. */}
  90 |       <div
> 91 |         className={`figure-uncover relative w-full overflow-hidden ${className}`}
     |         ^^^^^^^^^
  92 |         style={{ aspectRatio: ratio }}
  93 |       >
  94 |         <ProfileImage

Parsing ecmascript source code failed

Import trace:
  Server Component:
    ./components/section-figure.tsx
    ./components/about-section.tsx
    ./app/[locale]/page.tsx @ http://localhost:3000/_next/static/chunks/node_modules_next_dist_0u_w_5s._.js:1945
[  213759ms] [ERROR] ./components/section-figure.tsx:91:9
Expected ',', got 'ident'
  89 |           only decides how much of the finished frame is showing. */}
  90 |       <div
> 91 |         className={`figure-uncover relative w-full overflow-hidden ${className}`}
     |         ^^^^^^^^^
  92 |         style={{ aspectRatio: ratio }}
  93 |       >
  94 |         <ProfileImage

Parsing ecmascript source code failed

Import trace:
  Server Component:
    ./components/section-figure.tsx
    ./components/about-section.tsx
    ./app/[locale]/page.tsx @ http://localhost:3000/_next/static/chunks/node_modules_next_dist_0u_w_5s._.js:1945
[  213822ms] [ERROR] ./components/section-figure.tsx:91:9
Expected ',', got 'ident'
  89 |           only decides how much of the finished frame is showing. */}
  90 |       <div
> 91 |         className={`figure-uncover relative w-full overflow-hidden ${className}`}
     |         ^^^^^^^^^
  92 |         style={{ aspectRatio: ratio }}
  93 |       >
  94 |         <ProfileImage

Parsing ecmascript source code failed

Import trace:
  Server Component:
    ./components/section-figure.tsx
    ./components/about-section.tsx
    ./app/[locale]/page.tsx @ http://localhost:3000/_next/static/chunks/node_modules_next_dist_0u_w_5s._.js:1945
[  213884ms] [ERROR] ./components/section-figure.tsx:91:9
Expected ',', got 'ident'
  89 |           only decides how much of the finished frame is showing. */}
  90 |       <div
> 91 |         className={`figure-uncover relative w-full overflow-hidden ${className}`}
     |         ^^^^^^^^^
  92 |         style={{ aspectRatio: ratio }}
  93 |       >
  94 |         <ProfileImage

Parsing ecmascript source code failed

Import trace:
  Server Component:
    ./components/section-figure.tsx
    ./components/about-section.tsx
    ./app/[locale]/page.tsx @ http://localhost:3000/_next/static/chunks/node_modules_next_dist_0u_w_5s._.js:1945
[  213945ms] [ERROR] ./components/section-figure.tsx:91:9
Expected ',', got 'ident'
  89 |           only decides how much of the finished frame is showing. */}
  90 |       <div
> 91 |         className={`figure-uncover relative w-full overflow-hidden ${className}`}
     |         ^^^^^^^^^
  92 |         style={{ aspectRatio: ratio }}
  93 |       >
  94 |         <ProfileImage

Parsing ecmascript source code failed

Import trace:
  Server Component:
    ./components/section-figure.tsx
    ./components/about-section.tsx
    ./app/[locale]/page.tsx @ http://localhost:3000/_next/static/chunks/node_modules_next_dist_0u_w_5s._.js:1945
[  214005ms] [ERROR] ./components/section-figure.tsx:91:9
Expected ',', got 'ident'
  89 |           only decides how much of the finished frame is showing. */}
  90 |       <div
> 91 |         className={`figure-uncover relative w-full overflow-hidden ${className}`}
     |         ^^^^^^^^^
  92 |         style={{ aspectRatio: ratio }}
  93 |       >
  94 |         <ProfileImage

Parsing ecmascript source code failed

Import trace:
  Server Component:
    ./components/section-figure.tsx
    ./components/about-section.tsx
    ./app/[locale]/page.tsx @ http://localhost:3000/_next/static/chunks/node_modules_next_dist_0u_w_5s._.js:1945
[  214067ms] [ERROR] ./components/section-figure.tsx:91:9
Expected ',', got 'ident'
  89 |           only decides how much of the finished frame is showing. */}
  90 |       <div
> 91 |         className={`figure-uncover relative w-full overflow-hidden ${className}`}
     |         ^^^^^^^^^
  92 |         style={{ aspectRatio: ratio }}
  93 |       >
  94 |         <ProfileImage

Parsing ecmascript source code failed

Import trace:
  Server Component:
    ./components/section-figure.tsx
    ./components/about-section.tsx
    ./app/[locale]/page.tsx @ http://localhost:3000/_next/static/chunks/node_modules_next_dist_0u_w_5s._.js:1945
[  214127ms] [ERROR] ./components/section-figure.tsx:91:9
Expected ',', got 'ident'
  89 |           only decides how much of the finished frame is showing. */}
  90 |       <div
> 91 |         className={`figure-uncover relative w-full overflow-hidden ${className}`}
     |         ^^^^^^^^^
  92 |         style={{ aspectRatio: ratio }}
  93 |       >
  94 |         <ProfileImage

Parsing ecmascript source code failed

Import trace:
  Server Component:
    ./components/section-figure.tsx
    ./components/about-section.tsx
    ./app/[locale]/page.tsx @ http://localhost:3000/_next/static/chunks/node_modules_next_dist_0u_w_5s._.js:1945
[  214188ms] [ERROR] ./components/section-figure.tsx:91:9
Expected ',', got 'ident'
  89 |           only decides how much of the finished frame is showing. */}
  90 |       <div
> 91 |         className={`figure-uncover relative w-full overflow-hidden ${className}`}
     |         ^^^^^^^^^
  92 |         style={{ aspectRatio: ratio }}
  93 |       >
  94 |         <ProfileImage

Parsing ecmascript source code failed

Import trace:
  Server Component:
    ./components/section-figure.tsx
    ./components/about-section.tsx
    ./app/[locale]/page.tsx @ http://localhost:3000/_next/static/chunks/node_modules_next_dist_0u_w_5s._.js:1945
[  214263ms] [ERROR] ./components/section-figure.tsx:91:9
Expected ',', got 'ident'
  89 |           only decides how much of the finished frame is showing. */}
  90 |       <div
> 91 |         className={`figure-uncover relative w-full overflow-hidden ${className}`}
     |         ^^^^^^^^^
  92 |         style={{ aspectRatio: ratio }}
  93 |       >
  94 |         <ProfileImage

Parsing ecmascript source code failed

Import trace:
  Server Component:
    ./components/section-figure.tsx
    ./components/about-section.tsx
    ./app/[locale]/page.tsx @ http://localhost:3000/_next/static/chunks/node_modules_next_dist_0u_w_5s._.js:1945
[  214342ms] [ERROR] ./components/section-figure.tsx:91:9
Expected ',', got 'ident'
  89 |           only decides how much of the finished frame is showing. */}
  90 |       <div
> 91 |         className={`figure-uncover relative w-full overflow-hidden ${className}`}
     |         ^^^^^^^^^
  92 |         style={{ aspectRatio: ratio }}
  93 |       >
  94 |         <ProfileImage

Parsing ecmascript source code failed

Import trace:
  Server Component:
    ./components/section-figure.tsx
    ./components/about-section.tsx
    ./app/[locale]/page.tsx @ http://localhost:3000/_next/static/chunks/node_modules_next_dist_0u_w_5s._.js:1945
[  214403ms] [ERROR] ./components/section-figure.tsx:91:9
Expected ',', got 'ident'
  89 |           only decides how much of the finished frame is showing. */}
  90 |       <div
> 91 |         className={`figure-uncover relative w-full overflow-hidden ${className}`}
     |         ^^^^^^^^^
  92 |         style={{ aspectRatio: ratio }}
  93 |       >
  94 |         <ProfileImage

Parsing ecmascript source code failed

Import trace:
  Server Component:
    ./components/section-figure.tsx
    ./components/about-section.tsx
    ./app/[locale]/page.tsx @ http://localhost:3000/_next/static/chunks/node_modules_next_dist_0u_w_5s._.js:1945
[  214479ms] [ERROR] ./components/section-figure.tsx:91:9
Expected ',', got 'ident'
  89 |           only decides how much of the finished frame is showing. */}
  90 |       <div
> 91 |         className={`figure-uncover relative w-full overflow-hidden ${className}`}
     |         ^^^^^^^^^
  92 |         style={{ aspectRatio: ratio }}
  93 |       >
  94 |         <ProfileImage

Parsing ecmascript source code failed

Import trace:
  Server Component:
    ./components/section-figure.tsx
    ./components/about-section.tsx
    ./app/[locale]/page.tsx @ http://localhost:3000/_next/static/chunks/node_modules_next_dist_0u_w_5s._.js:1945
[  214554ms] [ERROR] ./components/section-figure.tsx:91:9
Expected ',', got 'ident'
  89 |           only decides how much of the finished frame is showing. */}
  90 |       <div
> 91 |         className={`figure-uncover relative w-full overflow-hidden ${className}`}
     |         ^^^^^^^^^
  92 |         style={{ aspectRatio: ratio }}
  93 |       >
  94 |         <ProfileImage

Parsing ecmascript source code failed

Import trace:
  Server Component:
    ./components/section-figure.tsx
    ./components/about-section.tsx
    ./app/[locale]/page.tsx @ http://localhost:3000/_next/static/chunks/node_modules_next_dist_0u_w_5s._.js:1945
[  214616ms] [ERROR] ./components/section-figure.tsx:91:9
Expected ',', got 'ident'
  89 |           only decides how much of the finished frame is showing. */}
  90 |       <div
> 91 |         className={`figure-uncover relative w-full overflow-hidden ${className}`}
     |         ^^^^^^^^^
  92 |         style={{ aspectRatio: ratio }}
  93 |       >
  94 |         <ProfileImage

Parsing ecmascript source code failed

Import trace:
  Server Component:
    ./components/section-figure.tsx
    ./components/about-section.tsx
    ./app/[locale]/page.tsx @ http://localhost:3000/_next/static/chunks/node_modules_next_dist_0u_w_5s._.js:1945
[  214678ms] [ERROR] ./components/section-figure.tsx:91:9
Expected ',', got 'ident'
  89 |           only decides how much of the finished frame is showing. */}
  90 |       <div
> 91 |         className={`figure-uncover relative w-full overflow-hidden ${className}`}
     |         ^^^^^^^^^
  92 |         style={{ aspectRatio: ratio }}
  93 |       >
  94 |         <ProfileImage

Parsing ecmascript source code failed

Import trace:
  Server Component:
    ./components/section-figure.tsx
    ./components/about-section.tsx
    ./app/[locale]/page.tsx @ http://localhost:3000/_next/static/chunks/node_modules_next_dist_0u_w_5s._.js:1945
[  214741ms] [ERROR] ./components/section-figure.tsx:91:9
Expected ',', got 'ident'
  89 |           only decides how much of the finished frame is showing. */}
  90 |       <div
> 91 |         className={`figure-uncover relative w-full overflow-hidden ${className}`}
     |         ^^^^^^^^^
  92 |         style={{ aspectRatio: ratio }}
  93 |       >
  94 |         <ProfileImage

Parsing ecmascript source code failed

Import trace:
  Server Component:
    ./components/section-figure.tsx
    ./components/about-section.tsx
    ./app/[locale]/page.tsx @ http://localhost:3000/_next/static/chunks/node_modules_next_dist_0u_w_5s._.js:1945
[  214814ms] [LOG] [Fast Refresh] rebuilding @ http://localhost:3000/_next/static/chunks/node_modules_next_dist_0u_w_5s._.js:1226
[  214854ms] [ERROR] ./components/section-figure.tsx:91:9
Expected ',', got 'ident'
  89 |           only decides how much of the finished frame is showing. */}
  90 |       <div
> 91 |         className={`figure-uncover relative w-full overflow-hidden ${className}`}
     |         ^^^^^^^^^
  92 |         style={{ aspectRatio: ratio }}
  93 |       >
  94 |         <ProfileImage

Parsing ecmascript source code failed

Import trace:
  Server Component:
    ./components/section-figure.tsx
    ./components/about-section.tsx
    ./app/[locale]/page.tsx @ http://localhost:3000/_next/static/chunks/node_modules_next_dist_0u_w_5s._.js:1945
[  214910ms] [ERROR] ./components/section-figure.tsx:91:9
Expected ',', got 'ident'
  89 |           only decides how much of the finished frame is showing. */}
  90 |       <div
> 91 |         className={`figure-uncover relative w-full overflow-hidden ${className}`}
     |         ^^^^^^^^^
  92 |         style={{ aspectRatio: ratio }}
  93 |       >
  94 |         <ProfileImage

Parsing ecmascript source code failed

Import trace:
  Server Component:
    ./components/section-figure.tsx
    ./components/about-section.tsx
    ./app/[locale]/page.tsx @ http://localhost:3000/_next/static/chunks/node_modules_next_dist_0u_w_5s._.js:1945
[  214972ms] [ERROR] ./components/section-figure.tsx:91:9
Expected ',', got 'ident'
  89 |           only decides how much of the finished frame is showing. */}
  90 |       <div
> 91 |         className={`figure-uncover relative w-full overflow-hidden ${className}`}
     |         ^^^^^^^^^
  92 |         style={{ aspectRatio: ratio }}
  93 |       >
  94 |         <ProfileImage

Parsing ecmascript source code failed

Import trace:
  Server Component:
    ./components/section-figure.tsx
    ./components/about-section.tsx
    ./app/[locale]/page.tsx @ http://localhost:3000/_next/static/chunks/node_modules_next_dist_0u_w_5s._.js:1945
[  215033ms] [ERROR] ./components/section-figure.tsx:91:9
Expected ',', got 'ident'
  89 |           only decides how much of the finished frame is showing. */}
  90 |       <div
> 91 |         className={`figure-uncover relative w-full overflow-hidden ${className}`}
     |         ^^^^^^^^^
  92 |         style={{ aspectRatio: ratio }}
  93 |       >
  94 |         <ProfileImage

Parsing ecmascript source code failed

Import trace:
  Server Component:
    ./components/section-figure.tsx
    ./components/about-section.tsx
    ./app/[locale]/page.tsx @ http://localhost:3000/_next/static/chunks/node_modules_next_dist_0u_w_5s._.js:1945
[  215094ms] [ERROR] ./components/section-figure.tsx:91:9
Expected ',', got 'ident'
  89 |           only decides how much of the finished frame is showing. */}
  90 |       <div
> 91 |         className={`figure-uncover relative w-full overflow-hidden ${className}`}
     |         ^^^^^^^^^
  92 |         style={{ aspectRatio: ratio }}
  93 |       >
  94 |         <ProfileImage

Parsing ecmascript source code failed

Import trace:
  Server Component:
    ./components/section-figure.tsx
    ./components/about-section.tsx
    ./app/[locale]/page.tsx @ http://localhost:3000/_next/static/chunks/node_modules_next_dist_0u_w_5s._.js:1945
[  215155ms] [ERROR] ./components/section-figure.tsx:91:9
Expected ',', got 'ident'
  89 |           only decides how much of the finished frame is showing. */}
  90 |       <div
> 91 |         className={`figure-uncover relative w-full overflow-hidden ${className}`}
     |         ^^^^^^^^^
  92 |         style={{ aspectRatio: ratio }}
  93 |       >
  94 |         <ProfileImage

Parsing ecmascript source code failed

Import trace:
  Server Component:
    ./components/section-figure.tsx
    ./components/about-section.tsx
    ./app/[locale]/page.tsx @ http://localhost:3000/_next/static/chunks/node_modules_next_dist_0u_w_5s._.js:1945
[  215220ms] [ERROR] ./components/section-figure.tsx:91:9
Expected ',', got 'ident'
  89 |           only decides how much of the finished frame is showing. */}
  90 |       <div
> 91 |         className={`figure-uncover relative w-full overflow-hidden ${className}`}
     |         ^^^^^^^^^
  92 |         style={{ aspectRatio: ratio }}
  93 |       >
  94 |         <ProfileImage

Parsing ecmascript source code failed

Import trace:
  Server Component:
    ./components/section-figure.tsx
    ./components/about-section.tsx
    ./app/[locale]/page.tsx @ http://localhost:3000/_next/static/chunks/node_modules_next_dist_0u_w_5s._.js:1945
[  215281ms] [ERROR] ./components/section-figure.tsx:91:9
Expected ',', got 'ident'
  89 |           only decides how much of the finished frame is showing. */}
  90 |       <div
> 91 |         className={`figure-uncover relative w-full overflow-hidden ${className}`}
     |         ^^^^^^^^^
  92 |         style={{ aspectRatio: ratio }}
  93 |       >
  94 |         <ProfileImage

Parsing ecmascript source code failed

Import trace:
  Server Component:
    ./components/section-figure.tsx
    ./components/about-section.tsx
    ./app/[locale]/page.tsx @ http://localhost:3000/_next/static/chunks/node_modules_next_dist_0u_w_5s._.js:1945
[  215344ms] [ERROR] ./components/section-figure.tsx:91:9
Expected ',', got 'ident'
  89 |           only decides how much of the finished frame is showing. */}
  90 |       <div
> 91 |         className={`figure-uncover relative w-full overflow-hidden ${className}`}
     |         ^^^^^^^^^
  92 |         style={{ aspectRatio: ratio }}
  93 |       >
  94 |         <ProfileImage

Parsing ecmascript source code failed

Import trace:
  Server Component:
    ./components/section-figure.tsx
    ./components/about-section.tsx
    ./app/[locale]/page.tsx @ http://localhost:3000/_next/static/chunks/node_modules_next_dist_0u_w_5s._.js:1945
[  215407ms] [ERROR] ./components/section-figure.tsx:91:9
Expected ',', got 'ident'
  89 |           only decides how much of the finished frame is showing. */}
  90 |       <div
> 91 |         className={`figure-uncover relative w-full overflow-hidden ${className}`}
     |         ^^^^^^^^^
  92 |         style={{ aspectRatio: ratio }}
  93 |       >
  94 |         <ProfileImage

Parsing ecmascript source code failed

Import trace:
  Server Component:
    ./components/section-figure.tsx
    ./components/about-section.tsx
    ./app/[locale]/page.tsx @ http://localhost:3000/_next/static/chunks/node_modules_next_dist_0u_w_5s._.js:1945
[  215468ms] [ERROR] ./components/section-figure.tsx:91:9
Expected ',', got 'ident'
  89 |           only decides how much of the finished frame is showing. */}
  90 |       <div
> 91 |         className={`figure-uncover relative w-full overflow-hidden ${className}`}
     |         ^^^^^^^^^
  92 |         style={{ aspectRatio: ratio }}
  93 |       >
  94 |         <ProfileImage

Parsing ecmascript source code failed

Import trace:
  Server Component:
    ./components/section-figure.tsx
    ./components/about-section.tsx
    ./app/[locale]/page.tsx @ http://localhost:3000/_next/static/chunks/node_modules_next_dist_0u_w_5s._.js:1945
[  215531ms] [ERROR] ./components/section-figure.tsx:91:9
Expected ',', got 'ident'
  89 |           only decides how much of the finished frame is showing. */}
  90 |       <div
> 91 |         className={`figure-uncover relative w-full overflow-hidden ${className}`}
     |         ^^^^^^^^^
  92 |         style={{ aspectRatio: ratio }}
  93 |       >
  94 |         <ProfileImage

Parsing ecmascript source code failed

Import trace:
  Server Component:
    ./components/section-figure.tsx
    ./components/about-section.tsx
    ./app/[locale]/page.tsx @ http://localhost:3000/_next/static/chunks/node_modules_next_dist_0u_w_5s._.js:1945
[  215593ms] [ERROR] ./components/section-figure.tsx:91:9
Expected ',', got 'ident'
  89 |           only decides how much of the finished frame is showing. */}
  90 |       <div
> 91 |         className={`figure-uncover relative w-full overflow-hidden ${className}`}
     |         ^^^^^^^^^
  92 |         style={{ aspectRatio: ratio }}
  93 |       >
  94 |         <ProfileImage

Parsing ecmascript source code failed

Import trace:
  Server Component:
    ./components/section-figure.tsx
    ./components/about-section.tsx
    ./app/[locale]/page.tsx @ http://localhost:3000/_next/static/chunks/node_modules_next_dist_0u_w_5s._.js:1945
[  215655ms] [ERROR] ./components/section-figure.tsx:91:9
Expected ',', got 'ident'
  89 |           only decides how much of the finished frame is showing. */}
  90 |       <div
> 91 |         className={`figure-uncover relative w-full overflow-hidden ${className}`}
     |         ^^^^^^^^^
  92 |         style={{ aspectRatio: ratio }}
  93 |       >
  94 |         <ProfileImage

Parsing ecmascript source code failed

Import trace:
  Server Component:
    ./components/section-figure.tsx
    ./components/about-section.tsx
    ./app/[locale]/page.tsx @ http://localhost:3000/_next/static/chunks/node_modules_next_dist_0u_w_5s._.js:1945
[  215717ms] [ERROR] ./components/section-figure.tsx:91:9
Expected ',', got 'ident'
  89 |           only decides how much of the finished frame is showing. */}
  90 |       <div
> 91 |         className={`figure-uncover relative w-full overflow-hidden ${className}`}
     |         ^^^^^^^^^
  92 |         style={{ aspectRatio: ratio }}
  93 |       >
  94 |         <ProfileImage

Parsing ecmascript source code failed

Import trace:
  Server Component:
    ./components/section-figure.tsx
    ./components/about-section.tsx
    ./app/[locale]/page.tsx @ http://localhost:3000/_next/static/chunks/node_modules_next_dist_0u_w_5s._.js:1945
[  215780ms] [ERROR] ./components/section-figure.tsx:91:9
Expected ',', got 'ident'
  89 |           only decides how much of the finished frame is showing. */}
  90 |       <div
> 91 |         className={`figure-uncover relative w-full overflow-hidden ${className}`}
     |         ^^^^^^^^^
  92 |         style={{ aspectRatio: ratio }}
  93 |       >
  94 |         <ProfileImage

Parsing ecmascript source code failed

Import trace:
  Server Component:
    ./components/section-figure.tsx
    ./components/about-section.tsx
    ./app/[locale]/page.tsx @ http://localhost:3000/_next/static/chunks/node_modules_next_dist_0u_w_5s._.js:1945
[  215842ms] [ERROR] ./components/section-figure.tsx:91:9
Expected ',', got 'ident'
  89 |           only decides how much of the finished frame is showing. */}
  90 |       <div
> 91 |         className={`figure-uncover relative w-full overflow-hidden ${className}`}
     |         ^^^^^^^^^
  92 |         style={{ aspectRatio: ratio }}
  93 |       >
  94 |         <ProfileImage

Parsing ecmascript source code failed

Import trace:
  Server Component:
    ./components/section-figure.tsx
    ./components/about-section.tsx
    ./app/[locale]/page.tsx @ http://localhost:3000/_next/static/chunks/node_modules_next_dist_0u_w_5s._.js:1945
[  215905ms] [ERROR] ./components/section-figure.tsx:91:9
Expected ',', got 'ident'
  89 |           only decides how much of the finished frame is showing. */}
  90 |       <div
> 91 |         className={`figure-uncover relative w-full overflow-hidden ${className}`}
     |         ^^^^^^^^^
  92 |         style={{ aspectRatio: ratio }}
  93 |       >
  94 |         <ProfileImage

Parsing ecmascript source code failed

Import trace:
  Server Component:
    ./components/section-figure.tsx
    ./components/about-section.tsx
    ./app/[locale]/page.tsx @ http://localhost:3000/_next/static/chunks/node_modules_next_dist_0u_w_5s._.js:1945
[  215967ms] [ERROR] ./components/section-figure.tsx:91:9
Expected ',', got 'ident'
  89 |           only decides how much of the finished frame is showing. */}
  90 |       <div
> 91 |         className={`figure-uncover relative w-full overflow-hidden ${className}`}
     |         ^^^^^^^^^
  92 |         style={{ aspectRatio: ratio }}
  93 |       >
  94 |         <ProfileImage

Parsing ecmascript source code failed

Import trace:
  Server Component:
    ./components/section-figure.tsx
    ./components/about-section.tsx
    ./app/[locale]/page.tsx @ http://localhost:3000/_next/static/chunks/node_modules_next_dist_0u_w_5s._.js:1945
[  216028ms] [ERROR] ./components/section-figure.tsx:91:9
Expected ',', got 'ident'
  89 |           only decides how much of the finished frame is showing. */}
  90 |       <div
> 91 |         className={`figure-uncover relative w-full overflow-hidden ${className}`}
     |         ^^^^^^^^^
  92 |         style={{ aspectRatio: ratio }}
  93 |       >
  94 |         <ProfileImage

Parsing ecmascript source code failed

Import trace:
  Server Component:
    ./components/section-figure.tsx
    ./components/about-section.tsx
    ./app/[locale]/page.tsx @ http://localhost:3000/_next/static/chunks/node_modules_next_dist_0u_w_5s._.js:1945
[  216092ms] [ERROR] ./components/section-figure.tsx:91:9
Expected ',', got 'ident'
  89 |           only decides how much of the finished frame is showing. */}
  90 |       <div
> 91 |         className={`figure-uncover relative w-full overflow-hidden ${className}`}
     |         ^^^^^^^^^
  92 |         style={{ aspectRatio: ratio }}
  93 |       >
  94 |         <ProfileImage

Parsing ecmascript source code failed

Import trace:
  Server Component:
    ./components/section-figure.tsx
    ./components/about-section.tsx
    ./app/[locale]/page.tsx @ http://localhost:3000/_next/static/chunks/node_modules_next_dist_0u_w_5s._.js:1945
[  216153ms] [ERROR] ./components/section-figure.tsx:91:9
Expected ',', got 'ident'
  89 |           only decides how much of the finished frame is showing. */}
  90 |       <div
> 91 |         className={`figure-uncover relative w-full overflow-hidden ${className}`}
     |         ^^^^^^^^^
  92 |         style={{ aspectRatio: ratio }}
  93 |       >
  94 |         <ProfileImage

Parsing ecmascript source code failed

Import trace:
  Server Component:
    ./components/section-figure.tsx
    ./components/about-section.tsx
    ./app/[locale]/page.tsx @ http://localhost:3000/_next/static/chunks/node_modules_next_dist_0u_w_5s._.js:1945
[  216216ms] [ERROR] ./components/section-figure.tsx:91:9
Expected ',', got 'ident'
  89 |           only decides how much of the finished frame is showing. */}
  90 |       <div
> 91 |         className={`figure-uncover relative w-full overflow-hidden ${className}`}
     |         ^^^^^^^^^
  92 |         style={{ aspectRatio: ratio }}
  93 |       >
  94 |         <ProfileImage

Parsing ecmascript source code failed

Import trace:
  Server Component:
    ./components/section-figure.tsx
    ./components/about-section.tsx
    ./app/[locale]/page.tsx @ http://localhost:3000/_next/static/chunks/node_modules_next_dist_0u_w_5s._.js:1945
[  216277ms] [ERROR] ./components/section-figure.tsx:91:9
Expected ',', got 'ident'
  89 |           only decides how much of the finished frame is showing. */}
  90 |       <div
> 91 |         className={`figure-uncover relative w-full overflow-hidden ${className}`}
     |         ^^^^^^^^^
  92 |         style={{ aspectRatio: ratio }}
  93 |       >
  94 |         <ProfileImage

Parsing ecmascript source code failed

Import trace:
  Server Component:
    ./components/section-figure.tsx
    ./components/about-section.tsx
    ./app/[locale]/page.tsx @ http://localhost:3000/_next/static/chunks/node_modules_next_dist_0u_w_5s._.js:1945
[  216340ms] [ERROR] ./components/section-figure.tsx:91:9
Expected ',', got 'ident'
  89 |           only decides how much of the finished frame is showing. */}
  90 |       <div
> 91 |         className={`figure-uncover relative w-full overflow-hidden ${className}`}
     |         ^^^^^^^^^
  92 |         style={{ aspectRatio: ratio }}
  93 |       >
  94 |         <ProfileImage

Parsing ecmascript source code failed

Import trace:
  Server Component:
    ./components/section-figure.tsx
    ./components/about-section.tsx
    ./app/[locale]/page.tsx @ http://localhost:3000/_next/static/chunks/node_modules_next_dist_0u_w_5s._.js:1945
[  216401ms] [ERROR] ./components/section-figure.tsx:91:9
Expected ',', got 'ident'
  89 |           only decides how much of the finished frame is showing. */}
  90 |       <div
> 91 |         className={`figure-uncover relative w-full overflow-hidden ${className}`}
     |         ^^^^^^^^^
  92 |         style={{ aspectRatio: ratio }}
  93 |       >
  94 |         <ProfileImage

Parsing ecmascript source code failed

Import trace:
  Server Component:
    ./components/section-figure.tsx
    ./components/about-section.tsx
    ./app/[locale]/page.tsx @ http://localhost:3000/_next/static/chunks/node_modules_next_dist_0u_w_5s._.js:1945
[  216462ms] [ERROR] ./components/section-figure.tsx:91:9
Expected ',', got 'ident'
  89 |           only decides how much of the finished frame is showing. */}
  90 |       <div
> 91 |         className={`figure-uncover relative w-full overflow-hidden ${className}`}
     |         ^^^^^^^^^
  92 |         style={{ aspectRatio: ratio }}
  93 |       >
  94 |         <ProfileImage

Parsing ecmascript source code failed

Import trace:
  Server Component:
    ./components/section-figure.tsx
    ./components/about-section.tsx
    ./app/[locale]/page.tsx @ http://localhost:3000/_next/static/chunks/node_modules_next_dist_0u_w_5s._.js:1945
[  216525ms] [ERROR] ./components/section-figure.tsx:91:9
Expected ',', got 'ident'
  89 |           only decides how much of the finished frame is showing. */}
  90 |       <div
> 91 |         className={`figure-uncover relative w-full overflow-hidden ${className}`}
     |         ^^^^^^^^^
  92 |         style={{ aspectRatio: ratio }}
  93 |       >
  94 |         <ProfileImage

Parsing ecmascript source code failed

Import trace:
  Server Component:
    ./components/section-figure.tsx
    ./components/about-section.tsx
    ./app/[locale]/page.tsx @ http://localhost:3000/_next/static/chunks/node_modules_next_dist_0u_w_5s._.js:1945
[  216586ms] [ERROR] ./components/section-figure.tsx:91:9
Expected ',', got 'ident'
  89 |           only decides how much of the finished frame is showing. */}
  90 |       <div
> 91 |         className={`figure-uncover relative w-full overflow-hidden ${className}`}
     |         ^^^^^^^^^
  92 |         style={{ aspectRatio: ratio }}
  93 |       >
  94 |         <ProfileImage

Parsing ecmascript source code failed

Import trace:
  Server Component:
    ./components/section-figure.tsx
    ./components/about-section.tsx
    ./app/[locale]/page.tsx @ http://localhost:3000/_next/static/chunks/node_modules_next_dist_0u_w_5s._.js:1945
[  216648ms] [ERROR] ./components/section-figure.tsx:91:9
Expected ',', got 'ident'
  89 |           only decides how much of the finished frame is showing. */}
  90 |       <div
> 91 |         className={`figure-uncover relative w-full overflow-hidden ${className}`}
     |         ^^^^^^^^^
  92 |         style={{ aspectRatio: ratio }}
  93 |       >
  94 |         <ProfileImage

Parsing ecmascript source code failed

Import trace:
  Server Component:
    ./components/section-figure.tsx
    ./components/about-section.tsx
    ./app/[locale]/page.tsx @ http://localhost:3000/_next/static/chunks/node_modules_next_dist_0u_w_5s._.js:1945
[  216711ms] [ERROR] ./components/section-figure.tsx:91:9
Expected ',', got 'ident'
  89 |           only decides how much of the finished frame is showing. */}
  90 |       <div
> 91 |         className={`figure-uncover relative w-full overflow-hidden ${className}`}
     |         ^^^^^^^^^
  92 |         style={{ aspectRatio: ratio }}
  93 |       >
  94 |         <ProfileImage

Parsing ecmascript source code failed

Import trace:
  Server Component:
    ./components/section-figure.tsx
    ./components/about-section.tsx
    ./app/[locale]/page.tsx @ http://localhost:3000/_next/static/chunks/node_modules_next_dist_0u_w_5s._.js:1945
[  216773ms] [ERROR] ./components/section-figure.tsx:91:9
Expected ',', got 'ident'
  89 |           only decides how much of the finished frame is showing. */}
  90 |       <div
> 91 |         className={`figure-uncover relative w-full overflow-hidden ${className}`}
     |         ^^^^^^^^^
  92 |         style={{ aspectRatio: ratio }}
  93 |       >
  94 |         <ProfileImage

Parsing ecmascript source code failed

Import trace:
  Server Component:
    ./components/section-figure.tsx
    ./components/about-section.tsx
    ./app/[locale]/page.tsx @ http://localhost:3000/_next/static/chunks/node_modules_next_dist_0u_w_5s._.js:1945
[  216835ms] [ERROR] ./components/section-figure.tsx:91:9
Expected ',', got 'ident'
  89 |           only decides how much of the finished frame is showing. */}
  90 |       <div
> 91 |         className={`figure-uncover relative w-full overflow-hidden ${className}`}
     |         ^^^^^^^^^
  92 |         style={{ aspectRatio: ratio }}
  93 |       >
  94 |         <ProfileImage

Parsing ecmascript source code failed

Import trace:
  Server Component:
    ./components/section-figure.tsx
    ./components/about-section.tsx
    ./app/[locale]/page.tsx @ http://localhost:3000/_next/static/chunks/node_modules_next_dist_0u_w_5s._.js:1945
[  216896ms] [ERROR] ./components/section-figure.tsx:91:9
Expected ',', got 'ident'
  89 |           only decides how much of the finished frame is showing. */}
  90 |       <div
> 91 |         className={`figure-uncover relative w-full overflow-hidden ${className}`}
     |         ^^^^^^^^^
  92 |         style={{ aspectRatio: ratio }}
  93 |       >
  94 |         <ProfileImage

Parsing ecmascript source code failed

Import trace:
  Server Component:
    ./components/section-figure.tsx
    ./components/about-section.tsx
    ./app/[locale]/page.tsx @ http://localhost:3000/_next/static/chunks/node_modules_next_dist_0u_w_5s._.js:1945
[  216957ms] [ERROR] ./components/section-figure.tsx:91:9
Expected ',', got 'ident'
  89 |           only decides how much of the finished frame is showing. */}
  90 |       <div
> 91 |         className={`figure-uncover relative w-full overflow-hidden ${className}`}
     |         ^^^^^^^^^
  92 |         style={{ aspectRatio: ratio }}
  93 |       >
  94 |         <ProfileImage

Parsing ecmascript source code failed

Import trace:
  Server Component:
    ./components/section-figure.tsx
    ./components/about-section.tsx
    ./app/[locale]/page.tsx @ http://localhost:3000/_next/static/chunks/node_modules_next_dist_0u_w_5s._.js:1945
[  217025ms] [ERROR] ./components/section-figure.tsx:91:9
Expected ',', got 'ident'
  89 |           only decides how much of the finished frame is showing. */}
  90 |       <div
> 91 |         className={`figure-uncover relative w-full overflow-hidden ${className}`}
     |         ^^^^^^^^^
  92 |         style={{ aspectRatio: ratio }}
  93 |       >
  94 |         <ProfileImage

Parsing ecmascript source code failed

Import trace:
  Server Component:
    ./components/section-figure.tsx
    ./components/about-section.tsx
    ./app/[locale]/page.tsx @ http://localhost:3000/_next/static/chunks/node_modules_next_dist_0u_w_5s._.js:1945
[  217091ms] [ERROR] ./components/section-figure.tsx:91:9
Expected ',', got 'ident'
  89 |           only decides how much of the finished frame is showing. */}
  90 |       <div
> 91 |         className={`figure-uncover relative w-full overflow-hidden ${className}`}
     |         ^^^^^^^^^
  92 |         style={{ aspectRatio: ratio }}
  93 |       >
  94 |         <ProfileImage

Parsing ecmascript source code failed

Import trace:
  Server Component:
    ./components/section-figure.tsx
    ./components/about-section.tsx
    ./app/[locale]/page.tsx @ http://localhost:3000/_next/static/chunks/node_modules_next_dist_0u_w_5s._.js:1945
[  217172ms] [ERROR] ./components/section-figure.tsx:91:9
Expected ',', got 'ident'
  89 |           only decides how much of the finished frame is showing. */}
  90 |       <div
> 91 |         className={`figure-uncover relative w-full overflow-hidden ${className}`}
     |         ^^^^^^^^^
  92 |         style={{ aspectRatio: ratio }}
  93 |       >
  94 |         <ProfileImage

Parsing ecmascript source code failed

Import trace:
  Server Component:
    ./components/section-figure.tsx
    ./components/about-section.tsx
    ./app/[locale]/page.tsx @ http://localhost:3000/_next/static/chunks/node_modules_next_dist_0u_w_5s._.js:1945
[  217234ms] [ERROR] ./components/section-figure.tsx:91:9
Expected ',', got 'ident'
  89 |           only decides how much of the finished frame is showing. */}
  90 |       <div
> 91 |         className={`figure-uncover relative w-full overflow-hidden ${className}`}
     |         ^^^^^^^^^
  92 |         style={{ aspectRatio: ratio }}
  93 |       >
  94 |         <ProfileImage

Parsing ecmascript source code failed

Import trace:
  Server Component:
    ./components/section-figure.tsx
    ./components/about-section.tsx
    ./app/[locale]/page.tsx @ http://localhost:3000/_next/static/chunks/node_modules_next_dist_0u_w_5s._.js:1945
[  217295ms] [ERROR] ./components/section-figure.tsx:91:9
Expected ',', got 'ident'
  89 |           only decides how much of the finished frame is showing. */}
  90 |       <div
> 91 |         className={`figure-uncover relative w-full overflow-hidden ${className}`}
     |         ^^^^^^^^^
  92 |         style={{ aspectRatio: ratio }}
  93 |       >
  94 |         <ProfileImage

Parsing ecmascript source code failed

Import trace:
  Server Component:
    ./components/section-figure.tsx
    ./components/about-section.tsx
    ./app/[locale]/page.tsx @ http://localhost:3000/_next/static/chunks/node_modules_next_dist_0u_w_5s._.js:1945
[  217356ms] [ERROR] ./components/section-figure.tsx:91:9
Expected ',', got 'ident'
  89 |           only decides how much of the finished frame is showing. */}
  90 |       <div
> 91 |         className={`figure-uncover relative w-full overflow-hidden ${className}`}
     |         ^^^^^^^^^
  92 |         style={{ aspectRatio: ratio }}
  93 |       >
  94 |         <ProfileImage

Parsing ecmascript source code failed

Import trace:
  Server Component:
    ./components/section-figure.tsx
    ./components/about-section.tsx
    ./app/[locale]/page.tsx @ http://localhost:3000/_next/static/chunks/node_modules_next_dist_0u_w_5s._.js:1945
[  217418ms] [ERROR] ./components/section-figure.tsx:91:9
Expected ',', got 'ident'
  89 |           only decides how much of the finished frame is showing. */}
  90 |       <div
> 91 |         className={`figure-uncover relative w-full overflow-hidden ${className}`}
     |         ^^^^^^^^^
  92 |         style={{ aspectRatio: ratio }}
  93 |       >
  94 |         <ProfileImage

Parsing ecmascript source code failed

Import trace:
  Server Component:
    ./components/section-figure.tsx
    ./components/about-section.tsx
    ./app/[locale]/page.tsx @ http://localhost:3000/_next/static/chunks/node_modules_next_dist_0u_w_5s._.js:1945
[  217481ms] [ERROR] ./components/section-figure.tsx:91:9
Expected ',', got 'ident'
  89 |           only decides how much of the finished frame is showing. */}
  90 |       <div
> 91 |         className={`figure-uncover relative w-full overflow-hidden ${className}`}
     |         ^^^^^^^^^
  92 |         style={{ aspectRatio: ratio }}
  93 |       >
  94 |         <ProfileImage

Parsing ecmascript source code failed

Import trace:
  Server Component:
    ./components/section-figure.tsx
    ./components/about-section.tsx
    ./app/[locale]/page.tsx @ http://localhost:3000/_next/static/chunks/node_modules_next_dist_0u_w_5s._.js:1945
[  217543ms] [ERROR] ./components/section-figure.tsx:91:9
Expected ',', got 'ident'
  89 |           only decides how much of the finished frame is showing. */}
  90 |       <div
> 91 |         className={`figure-uncover relative w-full overflow-hidden ${className}`}
     |         ^^^^^^^^^
  92 |         style={{ aspectRatio: ratio }}
  93 |       >
  94 |         <ProfileImage

Parsing ecmascript source code failed

Import trace:
  Server Component:
    ./components/section-figure.tsx
    ./components/about-section.tsx
    ./app/[locale]/page.tsx @ http://localhost:3000/_next/static/chunks/node_modules_next_dist_0u_w_5s._.js:1945
[  217606ms] [ERROR] ./components/section-figure.tsx:91:9
Expected ',', got 'ident'
  89 |           only decides how much of the finished frame is showing. */}
  90 |       <div
> 91 |         className={`figure-uncover relative w-full overflow-hidden ${className}`}
     |         ^^^^^^^^^
  92 |         style={{ aspectRatio: ratio }}
  93 |       >
  94 |         <ProfileImage

Parsing ecmascript source code failed

Import trace:
  Server Component:
    ./components/section-figure.tsx
    ./components/about-section.tsx
    ./app/[locale]/page.tsx @ http://localhost:3000/_next/static/chunks/node_modules_next_dist_0u_w_5s._.js:1945
[  217668ms] [ERROR] ./components/section-figure.tsx:91:9
Expected ',', got 'ident'
  89 |           only decides how much of the finished frame is showing. */}
  90 |       <div
> 91 |         className={`figure-uncover relative w-full overflow-hidden ${className}`}
     |         ^^^^^^^^^
  92 |         style={{ aspectRatio: ratio }}
  93 |       >
  94 |         <ProfileImage

Parsing ecmascript source code failed

Import trace:
  Server Component:
    ./components/section-figure.tsx
    ./components/about-section.tsx
    ./app/[locale]/page.tsx @ http://localhost:3000/_next/static/chunks/node_modules_next_dist_0u_w_5s._.js:1945
[  217730ms] [LOG] [Fast Refresh] rebuilding @ http://localhost:3000/_next/static/chunks/node_modules_next_dist_0u_w_5s._.js:1226
[  218039ms] [ERROR] ./components/section-figure.tsx:91:9
Expected ',', got 'ident'
  89 |           only decides how much of the finished frame is showing. */}
  90 |       <div
> 91 |         className={`figure-uncover relative w-full overflow-hidden ${className}`}
     |         ^^^^^^^^^
  92 |         style={{ aspectRatio: ratio }}
  93 |       >
  94 |         <ProfileImage

Parsing ecmascript source code failed

Import trace:
  Server Component:
    ./components/section-figure.tsx
    ./components/about-section.tsx
    ./app/[locale]/page.tsx @ http://localhost:3000/_next/static/chunks/node_modules_next_dist_0u_w_5s._.js:1945
[  218100ms] [ERROR] ./components/section-figure.tsx:91:9
Expected ',', got 'ident'
  89 |           only decides how much of the finished frame is showing. */}
  90 |       <div
> 91 |         className={`figure-uncover relative w-full overflow-hidden ${className}`}
     |         ^^^^^^^^^
  92 |         style={{ aspectRatio: ratio }}
  93 |       >
  94 |         <ProfileImage

Parsing ecmascript source code failed

Import trace:
  Server Component:
    ./components/section-figure.tsx
    ./components/about-section.tsx
    ./app/[locale]/page.tsx @ http://localhost:3000/_next/static/chunks/node_modules_next_dist_0u_w_5s._.js:1945
[  218161ms] [ERROR] ./components/section-figure.tsx:91:9
Expected ',', got 'ident'
  89 |           only decides how much of the finished frame is showing. */}
  90 |       <div
> 91 |         className={`figure-uncover relative w-full overflow-hidden ${className}`}
     |         ^^^^^^^^^
  92 |         style={{ aspectRatio: ratio }}
  93 |       >
  94 |         <ProfileImage

Parsing ecmascript source code failed

Import trace:
  Server Component:
    ./components/section-figure.tsx
    ./components/about-section.tsx
    ./app/[locale]/page.tsx @ http://localhost:3000/_next/static/chunks/node_modules_next_dist_0u_w_5s._.js:1945
[  218224ms] [ERROR] ./components/section-figure.tsx:91:9
Expected ',', got 'ident'
  89 |           only decides how much of the finished frame is showing. */}
  90 |       <div
> 91 |         className={`figure-uncover relative w-full overflow-hidden ${className}`}
     |         ^^^^^^^^^
  92 |         style={{ aspectRatio: ratio }}
  93 |       >
  94 |         <ProfileImage

Parsing ecmascript source code failed

Import trace:
  Server Component:
    ./components/section-figure.tsx
    ./components/about-section.tsx
    ./app/[locale]/page.tsx @ http://localhost:3000/_next/static/chunks/node_modules_next_dist_0u_w_5s._.js:1945
[  218285ms] [ERROR] ./components/section-figure.tsx:91:9
Expected ',', got 'ident'
  89 |           only decides how much of the finished frame is showing. */}
  90 |       <div
> 91 |         className={`figure-uncover relative w-full overflow-hidden ${className}`}
     |         ^^^^^^^^^
  92 |         style={{ aspectRatio: ratio }}
  93 |       >
  94 |         <ProfileImage

Parsing ecmascript source code failed

Import trace:
  Server Component:
    ./components/section-figure.tsx
    ./components/about-section.tsx
    ./app/[locale]/page.tsx @ http://localhost:3000/_next/static/chunks/node_modules_next_dist_0u_w_5s._.js:1945
[  218347ms] [ERROR] ./components/section-figure.tsx:91:9
Expected ',', got 'ident'
  89 |           only decides how much of the finished frame is showing. */}
  90 |       <div
> 91 |         className={`figure-uncover relative w-full overflow-hidden ${className}`}
     |         ^^^^^^^^^
  92 |         style={{ aspectRatio: ratio }}
  93 |       >
  94 |         <ProfileImage

Parsing ecmascript source code failed

Import trace:
  Server Component:
    ./components/section-figure.tsx
    ./components/about-section.tsx
    ./app/[locale]/page.tsx @ http://localhost:3000/_next/static/chunks/node_modules_next_dist_0u_w_5s._.js:1945
[  218408ms] [ERROR] ./components/section-figure.tsx:91:9
Expected ',', got 'ident'
  89 |           only decides how much of the finished frame is showing. */}
  90 |       <div
> 91 |         className={`figure-uncover relative w-full overflow-hidden ${className}`}
     |         ^^^^^^^^^
  92 |         style={{ aspectRatio: ratio }}
  93 |       >
  94 |         <ProfileImage

Parsing ecmascript source code failed

Import trace:
  Server Component:
    ./components/section-figure.tsx
    ./components/about-section.tsx
    ./app/[locale]/page.tsx @ http://localhost:3000/_next/static/chunks/node_modules_next_dist_0u_w_5s._.js:1945
[  218470ms] [ERROR] ./components/section-figure.tsx:91:9
Expected ',', got 'ident'
  89 |           only decides how much of the finished frame is showing. */}
  90 |       <div
> 91 |         className={`figure-uncover relative w-full overflow-hidden ${className}`}
     |         ^^^^^^^^^
  92 |         style={{ aspectRatio: ratio }}
  93 |       >
  94 |         <ProfileImage

Parsing ecmascript source code failed

Import trace:
  Server Component:
    ./components/section-figure.tsx
    ./components/about-section.tsx
    ./app/[locale]/page.tsx @ http://localhost:3000/_next/static/chunks/node_modules_next_dist_0u_w_5s._.js:1945
[  218532ms] [ERROR] ./components/section-figure.tsx:91:9
Expected ',', got 'ident'
  89 |           only decides how much of the finished frame is showing. */}
  90 |       <div
> 91 |         className={`figure-uncover relative w-full overflow-hidden ${className}`}
     |         ^^^^^^^^^
  92 |         style={{ aspectRatio: ratio }}
  93 |       >
  94 |         <ProfileImage

Parsing ecmascript source code failed

Import trace:
  Server Component:
    ./components/section-figure.tsx
    ./components/about-section.tsx
    ./app/[locale]/page.tsx @ http://localhost:3000/_next/static/chunks/node_modules_next_dist_0u_w_5s._.js:1945
[  218593ms] [ERROR] ./components/section-figure.tsx:91:9
Expected ',', got 'ident'
  89 |           only decides how much of the finished frame is showing. */}
  90 |       <div
> 91 |         className={`figure-uncover relative w-full overflow-hidden ${className}`}
     |         ^^^^^^^^^
  92 |         style={{ aspectRatio: ratio }}
  93 |       >
  94 |         <ProfileImage

Parsing ecmascript source code failed

Import trace:
  Server Component:
    ./components/section-figure.tsx
    ./components/about-section.tsx
    ./app/[locale]/page.tsx @ http://localhost:3000/_next/static/chunks/node_modules_next_dist_0u_w_5s._.js:1945
[  218657ms] [ERROR] ./components/section-figure.tsx:91:9
Expected ',', got 'ident'
  89 |           only decides how much of the finished frame is showing. */}
  90 |       <div
> 91 |         className={`figure-uncover relative w-full overflow-hidden ${className}`}
     |         ^^^^^^^^^
  92 |         style={{ aspectRatio: ratio }}
  93 |       >
  94 |         <ProfileImage

Parsing ecmascript source code failed

Import trace:
  Server Component:
    ./components/section-figure.tsx
    ./components/about-section.tsx
    ./app/[locale]/page.tsx @ http://localhost:3000/_next/static/chunks/node_modules_next_dist_0u_w_5s._.js:1945
[  218719ms] [ERROR] ./components/section-figure.tsx:91:9
Expected ',', got 'ident'
  89 |           only decides how much of the finished frame is showing. */}
  90 |       <div
> 91 |         className={`figure-uncover relative w-full overflow-hidden ${className}`}
     |         ^^^^^^^^^
  92 |         style={{ aspectRatio: ratio }}
  93 |       >
  94 |         <ProfileImage

Parsing ecmascript source code failed

Import trace:
  Server Component:
    ./components/section-figure.tsx
    ./components/about-section.tsx
    ./app/[locale]/page.tsx @ http://localhost:3000/_next/static/chunks/node_modules_next_dist_0u_w_5s._.js:1945
[  218781ms] [ERROR] ./components/section-figure.tsx:91:9
Expected ',', got 'ident'
  89 |           only decides how much of the finished frame is showing. */}
  90 |       <div
> 91 |         className={`figure-uncover relative w-full overflow-hidden ${className}`}
     |         ^^^^^^^^^
  92 |         style={{ aspectRatio: ratio }}
  93 |       >
  94 |         <ProfileImage

Parsing ecmascript source code failed

Import trace:
  Server Component:
    ./components/section-figure.tsx
    ./components/about-section.tsx
    ./app/[locale]/page.tsx @ http://localhost:3000/_next/static/chunks/node_modules_next_dist_0u_w_5s._.js:1945
[  218844ms] [ERROR] ./components/section-figure.tsx:91:9
Expected ',', got 'ident'
  89 |           only decides how much of the finished frame is showing. */}
  90 |       <div
> 91 |         className={`figure-uncover relative w-full overflow-hidden ${className}`}
     |         ^^^^^^^^^
  92 |         style={{ aspectRatio: ratio }}
  93 |       >
  94 |         <ProfileImage

Parsing ecmascript source code failed

Import trace:
  Server Component:
    ./components/section-figure.tsx
    ./components/about-section.tsx
    ./app/[locale]/page.tsx @ http://localhost:3000/_next/static/chunks/node_modules_next_dist_0u_w_5s._.js:1945
[  218906ms] [ERROR] ./components/section-figure.tsx:91:9
Expected ',', got 'ident'
  89 |           only decides how much of the finished frame is showing. */}
  90 |       <div
> 91 |         className={`figure-uncover relative w-full overflow-hidden ${className}`}
     |         ^^^^^^^^^
  92 |         style={{ aspectRatio: ratio }}
  93 |       >
  94 |         <ProfileImage

Parsing ecmascript source code failed

Import trace:
  Server Component:
    ./components/section-figure.tsx
    ./components/about-section.tsx
    ./app/[locale]/page.tsx @ http://localhost:3000/_next/static/chunks/node_modules_next_dist_0u_w_5s._.js:1945
[  218968ms] [ERROR] ./components/section-figure.tsx:91:9
Expected ',', got 'ident'
  89 |           only decides how much of the finished frame is showing. */}
  90 |       <div
> 91 |         className={`figure-uncover relative w-full overflow-hidden ${className}`}
     |         ^^^^^^^^^
  92 |         style={{ aspectRatio: ratio }}
  93 |       >
  94 |         <ProfileImage

Parsing ecmascript source code failed

Import trace:
  Server Component:
    ./components/section-figure.tsx
    ./components/about-section.tsx
    ./app/[locale]/page.tsx @ http://localhost:3000/_next/static/chunks/node_modules_next_dist_0u_w_5s._.js:1945
[  219031ms] [ERROR] ./components/section-figure.tsx:91:9
Expected ',', got 'ident'
  89 |           only decides how much of the finished frame is showing. */}
  90 |       <div
> 91 |         className={`figure-uncover relative w-full overflow-hidden ${className}`}
     |         ^^^^^^^^^
  92 |         style={{ aspectRatio: ratio }}
  93 |       >
  94 |         <ProfileImage

Parsing ecmascript source code failed

Import trace:
  Server Component:
    ./components/section-figure.tsx
    ./components/about-section.tsx
    ./app/[locale]/page.tsx @ http://localhost:3000/_next/static/chunks/node_modules_next_dist_0u_w_5s._.js:1945
[  219093ms] [ERROR] ./components/section-figure.tsx:91:9
Expected ',', got 'ident'
  89 |           only decides how much of the finished frame is showing. */}
  90 |       <div
> 91 |         className={`figure-uncover relative w-full overflow-hidden ${className}`}
     |         ^^^^^^^^^
  92 |         style={{ aspectRatio: ratio }}
  93 |       >
  94 |         <ProfileImage

Parsing ecmascript source code failed

Import trace:
  Server Component:
    ./components/section-figure.tsx
    ./components/about-section.tsx
    ./app/[locale]/page.tsx @ http://localhost:3000/_next/static/chunks/node_modules_next_dist_0u_w_5s._.js:1945
[  219155ms] [ERROR] ./components/section-figure.tsx:91:9
Expected ',', got 'ident'
  89 |           only decides how much of the finished frame is showing. */}
  90 |       <div
> 91 |         className={`figure-uncover relative w-full overflow-hidden ${className}`}
     |         ^^^^^^^^^
  92 |         style={{ aspectRatio: ratio }}
  93 |       >
  94 |         <ProfileImage

Parsing ecmascript source code failed

Import trace:
  Server Component:
    ./components/section-figure.tsx
    ./components/about-section.tsx
    ./app/[locale]/page.tsx @ http://localhost:3000/_next/static/chunks/node_modules_next_dist_0u_w_5s._.js:1945
[  219217ms] [ERROR] ./components/section-figure.tsx:91:9
Expected ',', got 'ident'
  89 |           only decides how much of the finished frame is showing. */}
  90 |       <div
> 91 |         className={`figure-uncover relative w-full overflow-hidden ${className}`}
     |         ^^^^^^^^^
  92 |         style={{ aspectRatio: ratio }}
  93 |       >
  94 |         <ProfileImage

Parsing ecmascript source code failed

Import trace:
  Server Component:
    ./components/section-figure.tsx
    ./components/about-section.tsx
    ./app/[locale]/page.tsx @ http://localhost:3000/_next/static/chunks/node_modules_next_dist_0u_w_5s._.js:1945
[  219279ms] [ERROR] ./components/section-figure.tsx:91:9
Expected ',', got 'ident'
  89 |           only decides how much of the finished frame is showing. */}
  90 |       <div
> 91 |         className={`figure-uncover relative w-full overflow-hidden ${className}`}
     |         ^^^^^^^^^
  92 |         style={{ aspectRatio: ratio }}
  93 |       >
  94 |         <ProfileImage

Parsing ecmascript source code failed

Import trace:
  Server Component:
    ./components/section-figure.tsx
    ./components/about-section.tsx
    ./app/[locale]/page.tsx @ http://localhost:3000/_next/static/chunks/node_modules_next_dist_0u_w_5s._.js:1945
[  219345ms] [ERROR] ./components/section-figure.tsx:91:9
Expected ',', got 'ident'
  89 |           only decides how much of the finished frame is showing. */}
  90 |       <div
> 91 |         className={`figure-uncover relative w-full overflow-hidden ${className}`}
     |         ^^^^^^^^^
  92 |         style={{ aspectRatio: ratio }}
  93 |       >
  94 |         <ProfileImage

Parsing ecmascript source code failed

Import trace:
  Server Component:
    ./components/section-figure.tsx
    ./components/about-section.tsx
    ./app/[locale]/page.tsx @ http://localhost:3000/_next/static/chunks/node_modules_next_dist_0u_w_5s._.js:1945
[  219404ms] [ERROR] ./components/section-figure.tsx:91:9
Expected ',', got 'ident'
  89 |           only decides how much of the finished frame is showing. */}
  90 |       <div
> 91 |         className={`figure-uncover relative w-full overflow-hidden ${className}`}
     |         ^^^^^^^^^
  92 |         style={{ aspectRatio: ratio }}
  93 |       >
  94 |         <ProfileImage

Parsing ecmascript source code failed

Import trace:
  Server Component:
    ./components/section-figure.tsx
    ./components/about-section.tsx
    ./app/[locale]/page.tsx @ http://localhost:3000/_next/static/chunks/node_modules_next_dist_0u_w_5s._.js:1945
[  219466ms] [ERROR] ./components/section-figure.tsx:91:9
Expected ',', got 'ident'
  89 |           only decides how much of the finished frame is showing. */}
  90 |       <div
> 91 |         className={`figure-uncover relative w-full overflow-hidden ${className}`}
     |         ^^^^^^^^^
  92 |         style={{ aspectRatio: ratio }}
  93 |       >
  94 |         <ProfileImage

Parsing ecmascript source code failed

Import trace:
  Server Component:
    ./components/section-figure.tsx
    ./components/about-section.tsx
    ./app/[locale]/page.tsx @ http://localhost:3000/_next/static/chunks/node_modules_next_dist_0u_w_5s._.js:1945
[  219529ms] [ERROR] ./components/section-figure.tsx:91:9
Expected ',', got 'ident'
  89 |           only decides how much of the finished frame is showing. */}
  90 |       <div
> 91 |         className={`figure-uncover relative w-full overflow-hidden ${className}`}
     |         ^^^^^^^^^
  92 |         style={{ aspectRatio: ratio }}
  93 |       >
  94 |         <ProfileImage

Parsing ecmascript source code failed

Import trace:
  Server Component:
    ./components/section-figure.tsx
    ./components/about-section.tsx
    ./app/[locale]/page.tsx @ http://localhost:3000/_next/static/chunks/node_modules_next_dist_0u_w_5s._.js:1945
[  219591ms] [ERROR] ./components/section-figure.tsx:91:9
Expected ',', got 'ident'
  89 |           only decides how much of the finished frame is showing. */}
  90 |       <div
> 91 |         className={`figure-uncover relative w-full overflow-hidden ${className}`}
     |         ^^^^^^^^^
  92 |         style={{ aspectRatio: ratio }}
  93 |       >
  94 |         <ProfileImage

Parsing ecmascript source code failed

Import trace:
  Server Component:
    ./components/section-figure.tsx
    ./components/about-section.tsx
    ./app/[locale]/page.tsx @ http://localhost:3000/_next/static/chunks/node_modules_next_dist_0u_w_5s._.js:1945
[  219653ms] [ERROR] ./components/section-figure.tsx:91:9
Expected ',', got 'ident'
  89 |           only decides how much of the finished frame is showing. */}
  90 |       <div
> 91 |         className={`figure-uncover relative w-full overflow-hidden ${className}`}
     |         ^^^^^^^^^
  92 |         style={{ aspectRatio: ratio }}
  93 |       >
  94 |         <ProfileImage

Parsing ecmascript source code failed

Import trace:
  Server Component:
    ./components/section-figure.tsx
    ./components/about-section.tsx
    ./app/[locale]/page.tsx @ http://localhost:3000/_next/static/chunks/node_modules_next_dist_0u_w_5s._.js:1945
[  219714ms] [ERROR] ./components/section-figure.tsx:91:9
Expected ',', got 'ident'
  89 |           only decides how much of the finished frame is showing. */}
  90 |       <div
> 91 |         className={`figure-uncover relative w-full overflow-hidden ${className}`}
     |         ^^^^^^^^^
  92 |         style={{ aspectRatio: ratio }}
  93 |       >
  94 |         <ProfileImage

Parsing ecmascript source code failed

Import trace:
  Server Component:
    ./components/section-figure.tsx
    ./components/about-section.tsx
    ./app/[locale]/page.tsx @ http://localhost:3000/_next/static/chunks/node_modules_next_dist_0u_w_5s._.js:1945
[  219774ms] [ERROR] ./components/section-figure.tsx:91:9
Expected ',', got 'ident'
  89 |           only decides how much of the finished frame is showing. */}
  90 |       <div
> 91 |         className={`figure-uncover relative w-full overflow-hidden ${className}`}
     |         ^^^^^^^^^
  92 |         style={{ aspectRatio: ratio }}
  93 |       >
  94 |         <ProfileImage

Parsing ecmascript source code failed

Import trace:
  Server Component:
    ./components/section-figure.tsx
    ./components/about-section.tsx
    ./app/[locale]/page.tsx @ http://localhost:3000/_next/static/chunks/node_modules_next_dist_0u_w_5s._.js:1945
[  219837ms] [ERROR] ./components/section-figure.tsx:91:9
Expected ',', got 'ident'
  89 |           only decides how much of the finished frame is showing. */}
  90 |       <div
> 91 |         className={`figure-uncover relative w-full overflow-hidden ${className}`}
     |         ^^^^^^^^^
  92 |         style={{ aspectRatio: ratio }}
  93 |       >
  94 |         <ProfileImage

Parsing ecmascript source code failed

Import trace:
  Server Component:
    ./components/section-figure.tsx
    ./components/about-section.tsx
    ./app/[locale]/page.tsx @ http://localhost:3000/_next/static/chunks/node_modules_next_dist_0u_w_5s._.js:1945
[  219900ms] [ERROR] ./components/section-figure.tsx:91:9
Expected ',', got 'ident'
  89 |           only decides how much of the finished frame is showing. */}
  90 |       <div
> 91 |         className={`figure-uncover relative w-full overflow-hidden ${className}`}
     |         ^^^^^^^^^
  92 |         style={{ aspectRatio: ratio }}
  93 |       >
  94 |         <ProfileImage

Parsing ecmascript source code failed

Import trace:
  Server Component:
    ./components/section-figure.tsx
    ./components/about-section.tsx
    ./app/[locale]/page.tsx @ http://localhost:3000/_next/static/chunks/node_modules_next_dist_0u_w_5s._.js:1945
[  219964ms] [ERROR] ./components/section-figure.tsx:91:9
Expected ',', got 'ident'
  89 |           only decides how much of the finished frame is showing. */}
  90 |       <div
> 91 |         className={`figure-uncover relative w-full overflow-hidden ${className}`}
     |         ^^^^^^^^^
  92 |         style={{ aspectRatio: ratio }}
  93 |       >
  94 |         <ProfileImage

Parsing ecmascript source code failed

Import trace:
  Server Component:
    ./components/section-figure.tsx
    ./components/about-section.tsx
    ./app/[locale]/page.tsx @ http://localhost:3000/_next/static/chunks/node_modules_next_dist_0u_w_5s._.js:1945
[  220027ms] [ERROR] ./components/section-figure.tsx:91:9
Expected ',', got 'ident'
  89 |           only decides how much of the finished frame is showing. */}
  90 |       <div
> 91 |         className={`figure-uncover relative w-full overflow-hidden ${className}`}
     |         ^^^^^^^^^
  92 |         style={{ aspectRatio: ratio }}
  93 |       >
  94 |         <ProfileImage

Parsing ecmascript source code failed

Import trace:
  Server Component:
    ./components/section-figure.tsx
    ./components/about-section.tsx
    ./app/[locale]/page.tsx @ http://localhost:3000/_next/static/chunks/node_modules_next_dist_0u_w_5s._.js:1945
[  220087ms] [ERROR] ./components/section-figure.tsx:91:9
Expected ',', got 'ident'
  89 |           only decides how much of the finished frame is showing. */}
  90 |       <div
> 91 |         className={`figure-uncover relative w-full overflow-hidden ${className}`}
     |         ^^^^^^^^^
  92 |         style={{ aspectRatio: ratio }}
  93 |       >
  94 |         <ProfileImage

Parsing ecmascript source code failed

Import trace:
  Server Component:
    ./components/section-figure.tsx
    ./components/about-section.tsx
    ./app/[locale]/page.tsx @ http://localhost:3000/_next/static/chunks/node_modules_next_dist_0u_w_5s._.js:1945
[  220151ms] [ERROR] ./components/section-figure.tsx:91:9
Expected ',', got 'ident'
  89 |           only decides how much of the finished frame is showing. */}
  90 |       <div
> 91 |         className={`figure-uncover relative w-full overflow-hidden ${className}`}
     |         ^^^^^^^^^
  92 |         style={{ aspectRatio: ratio }}
  93 |       >
  94 |         <ProfileImage

Parsing ecmascript source code failed

Import trace:
  Server Component:
    ./components/section-figure.tsx
    ./components/about-section.tsx
    ./app/[locale]/page.tsx @ http://localhost:3000/_next/static/chunks/node_modules_next_dist_0u_w_5s._.js:1945
[  220212ms] [ERROR] ./components/section-figure.tsx:91:9
Expected ',', got 'ident'
  89 |           only decides how much of the finished frame is showing. */}
  90 |       <div
> 91 |         className={`figure-uncover relative w-full overflow-hidden ${className}`}
     |         ^^^^^^^^^
  92 |         style={{ aspectRatio: ratio }}
  93 |       >
  94 |         <ProfileImage

Parsing ecmascript source code failed

Import trace:
  Server Component:
    ./components/section-figure.tsx
    ./components/about-section.tsx
    ./app/[locale]/page.tsx @ http://localhost:3000/_next/static/chunks/node_modules_next_dist_0u_w_5s._.js:1945
[  220274ms] [ERROR] ./components/section-figure.tsx:91:9
Expected ',', got 'ident'
  89 |           only decides how much of the finished frame is showing. */}
  90 |       <div
> 91 |         className={`figure-uncover relative w-full overflow-hidden ${className}`}
     |         ^^^^^^^^^
  92 |         style={{ aspectRatio: ratio }}
  93 |       >
  94 |         <ProfileImage

Parsing ecmascript source code failed

Import trace:
  Server Component:
    ./components/section-figure.tsx
    ./components/about-section.tsx
    ./app/[locale]/page.tsx @ http://localhost:3000/_next/static/chunks/node_modules_next_dist_0u_w_5s._.js:1945
[  220334ms] [ERROR] ./components/section-figure.tsx:91:9
Expected ',', got 'ident'
  89 |           only decides how much of the finished frame is showing. */}
  90 |       <div
> 91 |         className={`figure-uncover relative w-full overflow-hidden ${className}`}
     |         ^^^^^^^^^
  92 |         style={{ aspectRatio: ratio }}
  93 |       >
  94 |         <ProfileImage

Parsing ecmascript source code failed

Import trace:
  Server Component:
    ./components/section-figure.tsx
    ./components/about-section.tsx
    ./app/[locale]/page.tsx @ http://localhost:3000/_next/static/chunks/node_modules_next_dist_0u_w_5s._.js:1945
[  220397ms] [ERROR] ./components/section-figure.tsx:91:9
Expected ',', got 'ident'
  89 |           only decides how much of the finished frame is showing. */}
  90 |       <div
> 91 |         className={`figure-uncover relative w-full overflow-hidden ${className}`}
     |         ^^^^^^^^^
  92 |         style={{ aspectRatio: ratio }}
  93 |       >
  94 |         <ProfileImage

Parsing ecmascript source code failed

Import trace:
  Server Component:
    ./components/section-figure.tsx
    ./components/about-section.tsx
    ./app/[locale]/page.tsx @ http://localhost:3000/_next/static/chunks/node_modules_next_dist_0u_w_5s._.js:1945
[  220459ms] [ERROR] ./components/section-figure.tsx:91:9
Expected ',', got 'ident'
  89 |           only decides how much of the finished frame is showing. */}
  90 |       <div
> 91 |         className={`figure-uncover relative w-full overflow-hidden ${className}`}
     |         ^^^^^^^^^
  92 |         style={{ aspectRatio: ratio }}
  93 |       >
  94 |         <ProfileImage

Parsing ecmascript source code failed

Import trace:
  Server Component:
    ./components/section-figure.tsx
    ./components/about-section.tsx
    ./app/[locale]/page.tsx @ http://localhost:3000/_next/static/chunks/node_modules_next_dist_0u_w_5s._.js:1945
[  220520ms] [ERROR] ./components/section-figure.tsx:91:9
Expected ',', got 'ident'
  89 |           only decides how much of the finished frame is showing. */}
  90 |       <div
> 91 |         className={`figure-uncover relative w-full overflow-hidden ${className}`}
     |         ^^^^^^^^^
  92 |         style={{ aspectRatio: ratio }}
  93 |       >
  94 |         <ProfileImage

Parsing ecmascript source code failed

Import trace:
  Server Component:
    ./components/section-figure.tsx
    ./components/about-section.tsx
    ./app/[locale]/page.tsx @ http://localhost:3000/_next/static/chunks/node_modules_next_dist_0u_w_5s._.js:1945
[  220583ms] [ERROR] ./components/section-figure.tsx:91:9
Expected ',', got 'ident'
  89 |           only decides how much of the finished frame is showing. */}
  90 |       <div
> 91 |         className={`figure-uncover relative w-full overflow-hidden ${className}`}
     |         ^^^^^^^^^
  92 |         style={{ aspectRatio: ratio }}
  93 |       >
  94 |         <ProfileImage

Parsing ecmascript source code failed

Import trace:
  Server Component:
    ./components/section-figure.tsx
    ./components/about-section.tsx
    ./app/[locale]/page.tsx @ http://localhost:3000/_next/static/chunks/node_modules_next_dist_0u_w_5s._.js:1945
[  220644ms] [ERROR] ./components/section-figure.tsx:91:9
Expected ',', got 'ident'
  89 |           only decides how much of the finished frame is showing. */}
  90 |       <div
> 91 |         className={`figure-uncover relative w-full overflow-hidden ${className}`}
     |         ^^^^^^^^^
  92 |         style={{ aspectRatio: ratio }}
  93 |       >
  94 |         <ProfileImage

Parsing ecmascript source code failed

Import trace:
  Server Component:
    ./components/section-figure.tsx
    ./components/about-section.tsx
    ./app/[locale]/page.tsx @ http://localhost:3000/_next/static/chunks/node_modules_next_dist_0u_w_5s._.js:1945
[  220705ms] [ERROR] ./components/section-figure.tsx:91:9
Expected ',', got 'ident'
  89 |           only decides how much of the finished frame is showing. */}
  90 |       <div
> 91 |         className={`figure-uncover relative w-full overflow-hidden ${className}`}
     |         ^^^^^^^^^
  92 |         style={{ aspectRatio: ratio }}
  93 |       >
  94 |         <ProfileImage

Parsing ecmascript source code failed

Import trace:
  Server Component:
    ./components/section-figure.tsx
    ./components/about-section.tsx
    ./app/[locale]/page.tsx @ http://localhost:3000/_next/static/chunks/node_modules_next_dist_0u_w_5s._.js:1945
[  220767ms] [ERROR] ./components/section-figure.tsx:91:9
Expected ',', got 'ident'
  89 |           only decides how much of the finished frame is showing. */}
  90 |       <div
> 91 |         className={`figure-uncover relative w-full overflow-hidden ${className}`}
     |         ^^^^^^^^^
  92 |         style={{ aspectRatio: ratio }}
  93 |       >
  94 |         <ProfileImage

Parsing ecmascript source code failed

Import trace:
  Server Component:
    ./components/section-figure.tsx
    ./components/about-section.tsx
    ./app/[locale]/page.tsx @ http://localhost:3000/_next/static/chunks/node_modules_next_dist_0u_w_5s._.js:1945
[  220829ms] [ERROR] ./components/section-figure.tsx:91:9
Expected ',', got 'ident'
  89 |           only decides how much of the finished frame is showing. */}
  90 |       <div
> 91 |         className={`figure-uncover relative w-full overflow-hidden ${className}`}
     |         ^^^^^^^^^
  92 |         style={{ aspectRatio: ratio }}
  93 |       >
  94 |         <ProfileImage

Parsing ecmascript source code failed

Import trace:
  Server Component:
    ./components/section-figure.tsx
    ./components/about-section.tsx
    ./app/[locale]/page.tsx @ http://localhost:3000/_next/static/chunks/node_modules_next_dist_0u_w_5s._.js:1945
[  220891ms] [ERROR] ./components/section-figure.tsx:91:9
Expected ',', got 'ident'
  89 |           only decides how much of the finished frame is showing. */}
  90 |       <div
> 91 |         className={`figure-uncover relative w-full overflow-hidden ${className}`}
     |         ^^^^^^^^^
  92 |         style={{ aspectRatio: ratio }}
  93 |       >
  94 |         <ProfileImage

Parsing ecmascript source code failed

Import trace:
  Server Component:
    ./components/section-figure.tsx
    ./components/about-section.tsx
    ./app/[locale]/page.tsx @ http://localhost:3000/_next/static/chunks/node_modules_next_dist_0u_w_5s._.js:1945
[  220955ms] [ERROR] ./components/section-figure.tsx:91:9
Expected ',', got 'ident'
  89 |           only decides how much of the finished frame is showing. */}
  90 |       <div
> 91 |         className={`figure-uncover relative w-full overflow-hidden ${className}`}
     |         ^^^^^^^^^
  92 |         style={{ aspectRatio: ratio }}
  93 |       >
  94 |         <ProfileImage

Parsing ecmascript source code failed

Import trace:
  Server Component:
    ./components/section-figure.tsx
    ./components/about-section.tsx
    ./app/[locale]/page.tsx @ http://localhost:3000/_next/static/chunks/node_modules_next_dist_0u_w_5s._.js:1945
[  221015ms] [ERROR] ./components/section-figure.tsx:91:9
Expected ',', got 'ident'
  89 |           only decides how much of the finished frame is showing. */}
  90 |       <div
> 91 |         className={`figure-uncover relative w-full overflow-hidden ${className}`}
     |         ^^^^^^^^^
  92 |         style={{ aspectRatio: ratio }}
  93 |       >
  94 |         <ProfileImage

Parsing ecmascript source code failed

Import trace:
  Server Component:
    ./components/section-figure.tsx
    ./components/about-section.tsx
    ./app/[locale]/page.tsx @ http://localhost:3000/_next/static/chunks/node_modules_next_dist_0u_w_5s._.js:1945
[  221076ms] [ERROR] ./components/section-figure.tsx:91:9
Expected ',', got 'ident'
  89 |           only decides how much of the finished frame is showing. */}
  90 |       <div
> 91 |         className={`figure-uncover relative w-full overflow-hidden ${className}`}
     |         ^^^^^^^^^
  92 |         style={{ aspectRatio: ratio }}
  93 |       >
  94 |         <ProfileImage

Parsing ecmascript source code failed

Import trace:
  Server Component:
    ./components/section-figure.tsx
    ./components/about-section.tsx
    ./app/[locale]/page.tsx @ http://localhost:3000/_next/static/chunks/node_modules_next_dist_0u_w_5s._.js:1945
[  221135ms] [ERROR] ./components/section-figure.tsx:91:9
Expected ',', got 'ident'
  89 |           only decides how much of the finished frame is showing. */}
  90 |       <div
> 91 |         className={`figure-uncover relative w-full overflow-hidden ${className}`}
     |         ^^^^^^^^^
  92 |         style={{ aspectRatio: ratio }}
  93 |       >
  94 |         <ProfileImage

Parsing ecmascript source code failed

Import trace:
  Server Component:
    ./components/section-figure.tsx
    ./components/about-section.tsx
    ./app/[locale]/page.tsx @ http://localhost:3000/_next/static/chunks/node_modules_next_dist_0u_w_5s._.js:1945
[  221198ms] [ERROR] ./components/section-figure.tsx:91:9
Expected ',', got 'ident'
  89 |           only decides how much of the finished frame is showing. */}
  90 |       <div
> 91 |         className={`figure-uncover relative w-full overflow-hidden ${className}`}
     |         ^^^^^^^^^
  92 |         style={{ aspectRatio: ratio }}
  93 |       >
  94 |         <ProfileImage

Parsing ecmascript source code failed

Import trace:
  Server Component:
    ./components/section-figure.tsx
    ./components/about-section.tsx
    ./app/[locale]/page.tsx @ http://localhost:3000/_next/static/chunks/node_modules_next_dist_0u_w_5s._.js:1945
[  221258ms] [ERROR] ./components/section-figure.tsx:91:9
Expected ',', got 'ident'
  89 |           only decides how much of the finished frame is showing. */}
  90 |       <div
> 91 |         className={`figure-uncover relative w-full overflow-hidden ${className}`}
     |         ^^^^^^^^^
  92 |         style={{ aspectRatio: ratio }}
  93 |       >
  94 |         <ProfileImage

Parsing ecmascript source code failed

Import trace:
  Server Component:
    ./components/section-figure.tsx
    ./components/about-section.tsx
    ./app/[locale]/page.tsx @ http://localhost:3000/_next/static/chunks/node_modules_next_dist_0u_w_5s._.js:1945
[  221319ms] [ERROR] ./components/section-figure.tsx:91:9
Expected ',', got 'ident'
  89 |           only decides how much of the finished frame is showing. */}
  90 |       <div
> 91 |         className={`figure-uncover relative w-full overflow-hidden ${className}`}
     |         ^^^^^^^^^
  92 |         style={{ aspectRatio: ratio }}
  93 |       >
  94 |         <ProfileImage

Parsing ecmascript source code failed

Import trace:
  Server Component:
    ./components/section-figure.tsx
    ./components/about-section.tsx
    ./app/[locale]/page.tsx @ http://localhost:3000/_next/static/chunks/node_modules_next_dist_0u_w_5s._.js:1945
[  221381ms] [ERROR] ./components/section-figure.tsx:91:9
Expected ',', got 'ident'
  89 |           only decides how much of the finished frame is showing. */}
  90 |       <div
> 91 |         className={`figure-uncover relative w-full overflow-hidden ${className}`}
     |         ^^^^^^^^^
  92 |         style={{ aspectRatio: ratio }}
  93 |       >
  94 |         <ProfileImage

Parsing ecmascript source code failed

Import trace:
  Server Component:
    ./components/section-figure.tsx
    ./components/about-section.tsx
    ./app/[locale]/page.tsx @ http://localhost:3000/_next/static/chunks/node_modules_next_dist_0u_w_5s._.js:1945
[  221443ms] [ERROR] ./components/section-figure.tsx:91:9
Expected ',', got 'ident'
  89 |           only decides how much of the finished frame is showing. */}
  90 |       <div
> 91 |         className={`figure-uncover relative w-full overflow-hidden ${className}`}
     |         ^^^^^^^^^
  92 |         style={{ aspectRatio: ratio }}
  93 |       >
  94 |         <ProfileImage

Parsing ecmascript source code failed

Import trace:
  Server Component:
    ./components/section-figure.tsx
    ./components/about-section.tsx
    ./app/[locale]/page.tsx @ http://localhost:3000/_next/static/chunks/node_modules_next_dist_0u_w_5s._.js:1945
[  221505ms] [ERROR] ./components/section-figure.tsx:91:9
Expected ',', got 'ident'
  89 |           only decides how much of the finished frame is showing. */}
  90 |       <div
> 91 |         className={`figure-uncover relative w-full overflow-hidden ${className}`}
     |         ^^^^^^^^^
  92 |         style={{ aspectRatio: ratio }}
  93 |       >
  94 |         <ProfileImage

Parsing ecmascript source code failed

Import trace:
  Server Component:
    ./components/section-figure.tsx
    ./components/about-section.tsx
    ./app/[locale]/page.tsx @ http://localhost:3000/_next/static/chunks/node_modules_next_dist_0u_w_5s._.js:1945
[  221567ms] [ERROR] ./components/section-figure.tsx:91:9
Expected ',', got 'ident'
  89 |           only decides how much of the finished frame is showing. */}
  90 |       <div
> 91 |         className={`figure-uncover relative w-full overflow-hidden ${className}`}
     |         ^^^^^^^^^
  92 |         style={{ aspectRatio: ratio }}
  93 |       >
  94 |         <ProfileImage

Parsing ecmascript source code failed

Import trace:
  Server Component:
    ./components/section-figure.tsx
    ./components/about-section.tsx
    ./app/[locale]/page.tsx @ http://localhost:3000/_next/static/chunks/node_modules_next_dist_0u_w_5s._.js:1945
[  221629ms] [ERROR] ./components/section-figure.tsx:91:9
Expected ',', got 'ident'
  89 |           only decides how much of the finished frame is showing. */}
  90 |       <div
> 91 |         className={`figure-uncover relative w-full overflow-hidden ${className}`}
     |         ^^^^^^^^^
  92 |         style={{ aspectRatio: ratio }}
  93 |       >
  94 |         <ProfileImage

Parsing ecmascript source code failed

Import trace:
  Server Component:
    ./components/section-figure.tsx
    ./components/about-section.tsx
    ./app/[locale]/page.tsx @ http://localhost:3000/_next/static/chunks/node_modules_next_dist_0u_w_5s._.js:1945
[  221691ms] [ERROR] ./components/section-figure.tsx:91:9
Expected ',', got 'ident'
  89 |           only decides how much of the finished frame is showing. */}
  90 |       <div
> 91 |         className={`figure-uncover relative w-full overflow-hidden ${className}`}
     |         ^^^^^^^^^
  92 |         style={{ aspectRatio: ratio }}
  93 |       >
  94 |         <ProfileImage

Parsing ecmascript source code failed

Import trace:
  Server Component:
    ./components/section-figure.tsx
    ./components/about-section.tsx
    ./app/[locale]/page.tsx @ http://localhost:3000/_next/static/chunks/node_modules_next_dist_0u_w_5s._.js:1945
[  221755ms] [ERROR] ./components/section-figure.tsx:91:9
Expected ',', got 'ident'
  89 |           only decides how much of the finished frame is showing. */}
  90 |       <div
> 91 |         className={`figure-uncover relative w-full overflow-hidden ${className}`}
     |         ^^^^^^^^^
  92 |         style={{ aspectRatio: ratio }}
  93 |       >
  94 |         <ProfileImage

Parsing ecmascript source code failed

Import trace:
  Server Component:
    ./components/section-figure.tsx
    ./components/about-section.tsx
    ./app/[locale]/page.tsx @ http://localhost:3000/_next/static/chunks/node_modules_next_dist_0u_w_5s._.js:1945
[  221819ms] [ERROR] ./components/section-figure.tsx:91:9
Expected ',', got 'ident'
  89 |           only decides how much of the finished frame is showing. */}
  90 |       <div
> 91 |         className={`figure-uncover relative w-full overflow-hidden ${className}`}
     |         ^^^^^^^^^
  92 |         style={{ aspectRatio: ratio }}
  93 |       >
  94 |         <ProfileImage

Parsing ecmascript source code failed

Import trace:
  Server Component:
    ./components/section-figure.tsx
    ./components/about-section.tsx
    ./app/[locale]/page.tsx @ http://localhost:3000/_next/static/chunks/node_modules_next_dist_0u_w_5s._.js:1945
[  221881ms] [ERROR] ./components/section-figure.tsx:91:9
Expected ',', got 'ident'
  89 |           only decides how much of the finished frame is showing. */}
  90 |       <div
> 91 |         className={`figure-uncover relative w-full overflow-hidden ${className}`}
     |         ^^^^^^^^^
  92 |         style={{ aspectRatio: ratio }}
  93 |       >
  94 |         <ProfileImage

Parsing ecmascript source code failed

Import trace:
  Server Component:
    ./components/section-figure.tsx
    ./components/about-section.tsx
    ./app/[locale]/page.tsx @ http://localhost:3000/_next/static/chunks/node_modules_next_dist_0u_w_5s._.js:1945
[  221943ms] [ERROR] ./components/section-figure.tsx:91:9
Expected ',', got 'ident'
  89 |           only decides how much of the finished frame is showing. */}
  90 |       <div
> 91 |         className={`figure-uncover relative w-full overflow-hidden ${className}`}
     |         ^^^^^^^^^
  92 |         style={{ aspectRatio: ratio }}
  93 |       >
  94 |         <ProfileImage

Parsing ecmascript source code failed

Import trace:
  Server Component:
    ./components/section-figure.tsx
    ./components/about-section.tsx
    ./app/[locale]/page.tsx @ http://localhost:3000/_next/static/chunks/node_modules_next_dist_0u_w_5s._.js:1945
[  222005ms] [ERROR] ./components/section-figure.tsx:91:9
Expected ',', got 'ident'
  89 |           only decides how much of the finished frame is showing. */}
  90 |       <div
> 91 |         className={`figure-uncover relative w-full overflow-hidden ${className}`}
     |         ^^^^^^^^^
  92 |         style={{ aspectRatio: ratio }}
  93 |       >
  94 |         <ProfileImage

Parsing ecmascript source code failed

Import trace:
  Server Component:
    ./components/section-figure.tsx
    ./components/about-section.tsx
    ./app/[locale]/page.tsx @ http://localhost:3000/_next/static/chunks/node_modules_next_dist_0u_w_5s._.js:1945
[  222067ms] [ERROR] ./components/section-figure.tsx:91:9
Expected ',', got 'ident'
  89 |           only decides how much of the finished frame is showing. */}
  90 |       <div
> 91 |         className={`figure-uncover relative w-full overflow-hidden ${className}`}
     |         ^^^^^^^^^
  92 |         style={{ aspectRatio: ratio }}
  93 |       >
  94 |         <ProfileImage

Parsing ecmascript source code failed

Import trace:
  Server Component:
    ./components/section-figure.tsx
    ./components/about-section.tsx
    ./app/[locale]/page.tsx @ http://localhost:3000/_next/static/chunks/node_modules_next_dist_0u_w_5s._.js:1945
[  222128ms] [ERROR] ./components/section-figure.tsx:91:9
Expected ',', got 'ident'
  89 |           only decides how much of the finished frame is showing. */}
  90 |       <div
> 91 |         className={`figure-uncover relative w-full overflow-hidden ${className}`}
     |         ^^^^^^^^^
  92 |         style={{ aspectRatio: ratio }}
  93 |       >
  94 |         <ProfileImage

Parsing ecmascript source code failed

Import trace:
  Server Component:
    ./components/section-figure.tsx
    ./components/about-section.tsx
    ./app/[locale]/page.tsx @ http://localhost:3000/_next/static/chunks/node_modules_next_dist_0u_w_5s._.js:1945
[  222191ms] [ERROR] ./components/section-figure.tsx:91:9
Expected ',', got 'ident'
  89 |           only decides how much of the finished frame is showing. */}
  90 |       <div
> 91 |         className={`figure-uncover relative w-full overflow-hidden ${className}`}
     |         ^^^^^^^^^
  92 |         style={{ aspectRatio: ratio }}
  93 |       >
  94 |         <ProfileImage

Parsing ecmascript source code failed

Import trace:
  Server Component:
    ./components/section-figure.tsx
    ./components/about-section.tsx
    ./app/[locale]/page.tsx @ http://localhost:3000/_next/static/chunks/node_modules_next_dist_0u_w_5s._.js:1945
[  222254ms] [ERROR] ./components/section-figure.tsx:91:9
Expected ',', got 'ident'
  89 |           only decides how much of the finished frame is showing. */}
  90 |       <div
> 91 |         className={`figure-uncover relative w-full overflow-hidden ${className}`}
     |         ^^^^^^^^^
  92 |         style={{ aspectRatio: ratio }}
  93 |       >
  94 |         <ProfileImage

Parsing ecmascript source code failed

Import trace:
  Server Component:
    ./components/section-figure.tsx
    ./components/about-section.tsx
    ./app/[locale]/page.tsx @ http://localhost:3000/_next/static/chunks/node_modules_next_dist_0u_w_5s._.js:1945
[  222316ms] [ERROR] ./components/section-figure.tsx:91:9
Expected ',', got 'ident'
  89 |           only decides how much of the finished frame is showing. */}
  90 |       <div
> 91 |         className={`figure-uncover relative w-full overflow-hidden ${className}`}
     |         ^^^^^^^^^
  92 |         style={{ aspectRatio: ratio }}
  93 |       >
  94 |         <ProfileImage

Parsing ecmascript source code failed

Import trace:
  Server Component:
    ./components/section-figure.tsx
    ./components/about-section.tsx
    ./app/[locale]/page.tsx @ http://localhost:3000/_next/static/chunks/node_modules_next_dist_0u_w_5s._.js:1945
[  222377ms] [ERROR] ./components/section-figure.tsx:91:9
Expected ',', got 'ident'
  89 |           only decides how much of the finished frame is showing. */}
  90 |       <div
> 91 |         className={`figure-uncover relative w-full overflow-hidden ${className}`}
     |         ^^^^^^^^^
  92 |         style={{ aspectRatio: ratio }}
  93 |       >
  94 |         <ProfileImage

Parsing ecmascript source code failed

Import trace:
  Server Component:
    ./components/section-figure.tsx
    ./components/about-section.tsx
    ./app/[locale]/page.tsx @ http://localhost:3000/_next/static/chunks/node_modules_next_dist_0u_w_5s._.js:1945
[  222440ms] [ERROR] ./components/section-figure.tsx:91:9
Expected ',', got 'ident'
  89 |           only decides how much of the finished frame is showing. */}
  90 |       <div
> 91 |         className={`figure-uncover relative w-full overflow-hidden ${className}`}
     |         ^^^^^^^^^
  92 |         style={{ aspectRatio: ratio }}
  93 |       >
  94 |         <ProfileImage

Parsing ecmascript source code failed

Import trace:
  Server Component:
    ./components/section-figure.tsx
    ./components/about-section.tsx
    ./app/[locale]/page.tsx @ http://localhost:3000/_next/static/chunks/node_modules_next_dist_0u_w_5s._.js:1945
[  222503ms] [ERROR] ./components/section-figure.tsx:91:9
Expected ',', got 'ident'
  89 |           only decides how much of the finished frame is showing. */}
  90 |       <div
> 91 |         className={`figure-uncover relative w-full overflow-hidden ${className}`}
     |         ^^^^^^^^^
  92 |         style={{ aspectRatio: ratio }}
  93 |       >
  94 |         <ProfileImage

Parsing ecmascript source code failed

Import trace:
  Server Component:
    ./components/section-figure.tsx
    ./components/about-section.tsx
    ./app/[locale]/page.tsx @ http://localhost:3000/_next/static/chunks/node_modules_next_dist_0u_w_5s._.js:1945
[  222565ms] [ERROR] ./components/section-figure.tsx:91:9
Expected ',', got 'ident'
  89 |           only decides how much of the finished frame is showing. */}
  90 |       <div
> 91 |         className={`figure-uncover relative w-full overflow-hidden ${className}`}
     |         ^^^^^^^^^
  92 |         style={{ aspectRatio: ratio }}
  93 |       >
  94 |         <ProfileImage

Parsing ecmascript source code failed

Import trace:
  Server Component:
    ./components/section-figure.tsx
    ./components/about-section.tsx
    ./app/[locale]/page.tsx @ http://localhost:3000/_next/static/chunks/node_modules_next_dist_0u_w_5s._.js:1945
[  222627ms] [ERROR] ./components/section-figure.tsx:91:9
Expected ',', got 'ident'
  89 |           only decides how much of the finished frame is showing. */}
  90 |       <div
> 91 |         className={`figure-uncover relative w-full overflow-hidden ${className}`}
     |         ^^^^^^^^^
  92 |         style={{ aspectRatio: ratio }}
  93 |       >
  94 |         <ProfileImage

Parsing ecmascript source code failed

Import trace:
  Server Component:
    ./components/section-figure.tsx
    ./components/about-section.tsx
    ./app/[locale]/page.tsx @ http://localhost:3000/_next/static/chunks/node_modules_next_dist_0u_w_5s._.js:1945
[  222690ms] [ERROR] ./components/section-figure.tsx:91:9
Expected ',', got 'ident'
  89 |           only decides how much of the finished frame is showing. */}
  90 |       <div
> 91 |         className={`figure-uncover relative w-full overflow-hidden ${className}`}
     |         ^^^^^^^^^
  92 |         style={{ aspectRatio: ratio }}
  93 |       >
  94 |         <ProfileImage

Parsing ecmascript source code failed

Import trace:
  Server Component:
    ./components/section-figure.tsx
    ./components/about-section.tsx
    ./app/[locale]/page.tsx @ http://localhost:3000/_next/static/chunks/node_modules_next_dist_0u_w_5s._.js:1945
[  222752ms] [ERROR] ./components/section-figure.tsx:91:9
Expected ',', got 'ident'
  89 |           only decides how much of the finished frame is showing. */}
  90 |       <div
> 91 |         className={`figure-uncover relative w-full overflow-hidden ${className}`}
     |         ^^^^^^^^^
  92 |         style={{ aspectRatio: ratio }}
  93 |       >
  94 |         <ProfileImage

Parsing ecmascript source code failed

Import trace:
  Server Component:
    ./components/section-figure.tsx
    ./components/about-section.tsx
    ./app/[locale]/page.tsx @ http://localhost:3000/_next/static/chunks/node_modules_next_dist_0u_w_5s._.js:1945
[  222815ms] [ERROR] ./components/section-figure.tsx:91:9
Expected ',', got 'ident'
  89 |           only decides how much of the finished frame is showing. */}
  90 |       <div
> 91 |         className={`figure-uncover relative w-full overflow-hidden ${className}`}
     |         ^^^^^^^^^
  92 |         style={{ aspectRatio: ratio }}
  93 |       >
  94 |         <ProfileImage

Parsing ecmascript source code failed

Import trace:
  Server Component:
    ./components/section-figure.tsx
    ./components/about-section.tsx
    ./app/[locale]/page.tsx @ http://localhost:3000/_next/static/chunks/node_modules_next_dist_0u_w_5s._.js:1945
[  222876ms] [ERROR] ./components/section-figure.tsx:91:9
Expected ',', got 'ident'
  89 |           only decides how much of the finished frame is showing. */}
  90 |       <div
> 91 |         className={`figure-uncover relative w-full overflow-hidden ${className}`}
     |         ^^^^^^^^^
  92 |         style={{ aspectRatio: ratio }}
  93 |       >
  94 |         <ProfileImage

Parsing ecmascript source code failed

Import trace:
  Server Component:
    ./components/section-figure.tsx
    ./components/about-section.tsx
    ./app/[locale]/page.tsx @ http://localhost:3000/_next/static/chunks/node_modules_next_dist_0u_w_5s._.js:1945
[  222939ms] [ERROR] ./components/section-figure.tsx:91:9
Expected ',', got 'ident'
  89 |           only decides how much of the finished frame is showing. */}
  90 |       <div
> 91 |         className={`figure-uncover relative w-full overflow-hidden ${className}`}
     |         ^^^^^^^^^
  92 |         style={{ aspectRatio: ratio }}
  93 |       >
  94 |         <ProfileImage

Parsing ecmascript source code failed

Import trace:
  Server Component:
    ./components/section-figure.tsx
    ./components/about-section.tsx
    ./app/[locale]/page.tsx @ http://localhost:3000/_next/static/chunks/node_modules_next_dist_0u_w_5s._.js:1945
[  223002ms] [ERROR] ./components/section-figure.tsx:91:9
Expected ',', got 'ident'
  89 |           only decides how much of the finished frame is showing. */}
  90 |       <div
> 91 |         className={`figure-uncover relative w-full overflow-hidden ${className}`}
     |         ^^^^^^^^^
  92 |         style={{ aspectRatio: ratio }}
  93 |       >
  94 |         <ProfileImage

Parsing ecmascript source code failed

Import trace:
  Server Component:
    ./components/section-figure.tsx
    ./components/about-section.tsx
    ./app/[locale]/page.tsx @ http://localhost:3000/_next/static/chunks/node_modules_next_dist_0u_w_5s._.js:1945
[  223065ms] [ERROR] ./components/section-figure.tsx:91:9
Expected ',', got 'ident'
  89 |           only decides how much of the finished frame is showing. */}
  90 |       <div
> 91 |         className={`figure-uncover relative w-full overflow-hidden ${className}`}
     |         ^^^^^^^^^
  92 |         style={{ aspectRatio: ratio }}
  93 |       >
  94 |         <ProfileImage

Parsing ecmascript source code failed

Import trace:
  Server Component:
    ./components/section-figure.tsx
    ./components/about-section.tsx
    ./app/[locale]/page.tsx @ http://localhost:3000/_next/static/chunks/node_modules_next_dist_0u_w_5s._.js:1945
[  223127ms] [ERROR] ./components/section-figure.tsx:91:9
Expected ',', got 'ident'
  89 |           only decides how much of the finished frame is showing. */}
  90 |       <div
> 91 |         className={`figure-uncover relative w-full overflow-hidden ${className}`}
     |         ^^^^^^^^^
  92 |         style={{ aspectRatio: ratio }}
  93 |       >
  94 |         <ProfileImage

Parsing ecmascript source code failed

Import trace:
  Server Component:
    ./components/section-figure.tsx
    ./components/about-section.tsx
    ./app/[locale]/page.tsx @ http://localhost:3000/_next/static/chunks/node_modules_next_dist_0u_w_5s._.js:1945
[  223190ms] [ERROR] ./components/section-figure.tsx:91:9
Expected ',', got 'ident'
  89 |           only decides how much of the finished frame is showing. */}
  90 |       <div
> 91 |         className={`figure-uncover relative w-full overflow-hidden ${className}`}
     |         ^^^^^^^^^
  92 |         style={{ aspectRatio: ratio }}
  93 |       >
  94 |         <ProfileImage

Parsing ecmascript source code failed

Import trace:
  Server Component:
    ./components/section-figure.tsx
    ./components/about-section.tsx
    ./app/[locale]/page.tsx @ http://localhost:3000/_next/static/chunks/node_modules_next_dist_0u_w_5s._.js:1945
[  223252ms] [ERROR] ./components/section-figure.tsx:91:9
Expected ',', got 'ident'
  89 |           only decides how much of the finished frame is showing. */}
  90 |       <div
> 91 |         className={`figure-uncover relative w-full overflow-hidden ${className}`}
     |         ^^^^^^^^^
  92 |         style={{ aspectRatio: ratio }}
  93 |       >
  94 |         <ProfileImage

Parsing ecmascript source code failed

Import trace:
  Server Component:
    ./components/section-figure.tsx
    ./components/about-section.tsx
    ./app/[locale]/page.tsx @ http://localhost:3000/_next/static/chunks/node_modules_next_dist_0u_w_5s._.js:1945
[  223313ms] [ERROR] ./components/section-figure.tsx:91:9
Expected ',', got 'ident'
  89 |           only decides how much of the finished frame is showing. */}
  90 |       <div
> 91 |         className={`figure-uncover relative w-full overflow-hidden ${className}`}
     |         ^^^^^^^^^
  92 |         style={{ aspectRatio: ratio }}
  93 |       >
  94 |         <ProfileImage

Parsing ecmascript source code failed

Import trace:
  Server Component:
    ./components/section-figure.tsx
    ./components/about-section.tsx
    ./app/[locale]/page.tsx @ http://localhost:3000/_next/static/chunks/node_modules_next_dist_0u_w_5s._.js:1945
[  223375ms] [ERROR] ./components/section-figure.tsx:91:9
Expected ',', got 'ident'
  89 |           only decides how much of the finished frame is showing. */}
  90 |       <div
> 91 |         className={`figure-uncover relative w-full overflow-hidden ${className}`}
     |         ^^^^^^^^^
  92 |         style={{ aspectRatio: ratio }}
  93 |       >
  94 |         <ProfileImage

Parsing ecmascript source code failed

Import trace:
  Server Component:
    ./components/section-figure.tsx
    ./components/about-section.tsx
    ./app/[locale]/page.tsx @ http://localhost:3000/_next/static/chunks/node_modules_next_dist_0u_w_5s._.js:1945
[  223435ms] [ERROR] ./components/section-figure.tsx:91:9
Expected ',', got 'ident'
  89 |           only decides how much of the finished frame is showing. */}
  90 |       <div
> 91 |         className={`figure-uncover relative w-full overflow-hidden ${className}`}
     |         ^^^^^^^^^
  92 |         style={{ aspectRatio: ratio }}
  93 |       >
  94 |         <ProfileImage

Parsing ecmascript source code failed

Import trace:
  Server Component:
    ./components/section-figure.tsx
    ./components/about-section.tsx
    ./app/[locale]/page.tsx @ http://localhost:3000/_next/static/chunks/node_modules_next_dist_0u_w_5s._.js:1945
[  223497ms] [ERROR] ./components/section-figure.tsx:91:9
Expected ',', got 'ident'
  89 |           only decides how much of the finished frame is showing. */}
  90 |       <div
> 91 |         className={`figure-uncover relative w-full overflow-hidden ${className}`}
     |         ^^^^^^^^^
  92 |         style={{ aspectRatio: ratio }}
  93 |       >
  94 |         <ProfileImage

Parsing ecmascript source code failed

Import trace:
  Server Component:
    ./components/section-figure.tsx
    ./components/about-section.tsx
    ./app/[locale]/page.tsx @ http://localhost:3000/_next/static/chunks/node_modules_next_dist_0u_w_5s._.js:1945
[  223558ms] [ERROR] ./components/section-figure.tsx:91:9
Expected ',', got 'ident'
  89 |           only decides how much of the finished frame is showing. */}
  90 |       <div
> 91 |         className={`figure-uncover relative w-full overflow-hidden ${className}`}
     |         ^^^^^^^^^
  92 |         style={{ aspectRatio: ratio }}
  93 |       >
  94 |         <ProfileImage

Parsing ecmascript source code failed

Import trace:
  Server Component:
    ./components/section-figure.tsx
    ./components/about-section.tsx
    ./app/[locale]/page.tsx @ http://localhost:3000/_next/static/chunks/node_modules_next_dist_0u_w_5s._.js:1945
[  223621ms] [ERROR] ./components/section-figure.tsx:91:9
Expected ',', got 'ident'
  89 |           only decides how much of the finished frame is showing. */}
  90 |       <div
> 91 |         className={`figure-uncover relative w-full overflow-hidden ${className}`}
     |         ^^^^^^^^^
  92 |         style={{ aspectRatio: ratio }}
  93 |       >
  94 |         <ProfileImage

Parsing ecmascript source code failed

Import trace:
  Server Component:
    ./components/section-figure.tsx
    ./components/about-section.tsx
    ./app/[locale]/page.tsx @ http://localhost:3000/_next/static/chunks/node_modules_next_dist_0u_w_5s._.js:1945
[  223683ms] [ERROR] ./components/section-figure.tsx:91:9
Expected ',', got 'ident'
  89 |           only decides how much of the finished frame is showing. */}
  90 |       <div
> 91 |         className={`figure-uncover relative w-full overflow-hidden ${className}`}
     |         ^^^^^^^^^
  92 |         style={{ aspectRatio: ratio }}
  93 |       >
  94 |         <ProfileImage

Parsing ecmascript source code failed

Import trace:
  Server Component:
    ./components/section-figure.tsx
    ./components/about-section.tsx
    ./app/[locale]/page.tsx @ http://localhost:3000/_next/static/chunks/node_modules_next_dist_0u_w_5s._.js:1945
[  223746ms] [ERROR] ./components/section-figure.tsx:91:9
Expected ',', got 'ident'
  89 |           only decides how much of the finished frame is showing. */}
  90 |       <div
> 91 |         className={`figure-uncover relative w-full overflow-hidden ${className}`}
     |         ^^^^^^^^^
  92 |         style={{ aspectRatio: ratio }}
  93 |       >
  94 |         <ProfileImage

Parsing ecmascript source code failed

Import trace:
  Server Component:
    ./components/section-figure.tsx
    ./components/about-section.tsx
    ./app/[locale]/page.tsx @ http://localhost:3000/_next/static/chunks/node_modules_next_dist_0u_w_5s._.js:1945
[  223809ms] [ERROR] ./components/section-figure.tsx:91:9
Expected ',', got 'ident'
  89 |           only decides how much of the finished frame is showing. */}
  90 |       <div
> 91 |         className={`figure-uncover relative w-full overflow-hidden ${className}`}
     |         ^^^^^^^^^
  92 |         style={{ aspectRatio: ratio }}
  93 |       >
  94 |         <ProfileImage

Parsing ecmascript source code failed

Import trace:
  Server Component:
    ./components/section-figure.tsx
    ./components/about-section.tsx
    ./app/[locale]/page.tsx @ http://localhost:3000/_next/static/chunks/node_modules_next_dist_0u_w_5s._.js:1945
[  223870ms] [ERROR] ./components/section-figure.tsx:91:9
Expected ',', got 'ident'
  89 |           only decides how much of the finished frame is showing. */}
  90 |       <div
> 91 |         className={`figure-uncover relative w-full overflow-hidden ${className}`}
     |         ^^^^^^^^^
  92 |         style={{ aspectRatio: ratio }}
  93 |       >
  94 |         <ProfileImage

Parsing ecmascript source code failed

Import trace:
  Server Component:
    ./components/section-figure.tsx
    ./components/about-section.tsx
    ./app/[locale]/page.tsx @ http://localhost:3000/_next/static/chunks/node_modules_next_dist_0u_w_5s._.js:1945
[  223930ms] [ERROR] ./components/section-figure.tsx:91:9
Expected ',', got 'ident'
  89 |           only decides how much of the finished frame is showing. */}
  90 |       <div
> 91 |         className={`figure-uncover relative w-full overflow-hidden ${className}`}
     |         ^^^^^^^^^
  92 |         style={{ aspectRatio: ratio }}
  93 |       >
  94 |         <ProfileImage

Parsing ecmascript source code failed

Import trace:
  Server Component:
    ./components/section-figure.tsx
    ./components/about-section.tsx
    ./app/[locale]/page.tsx @ http://localhost:3000/_next/static/chunks/node_modules_next_dist_0u_w_5s._.js:1945
[  223991ms] [ERROR] ./components/section-figure.tsx:91:9
Expected ',', got 'ident'
  89 |           only decides how much of the finished frame is showing. */}
  90 |       <div
> 91 |         className={`figure-uncover relative w-full overflow-hidden ${className}`}
     |         ^^^^^^^^^
  92 |         style={{ aspectRatio: ratio }}
  93 |       >
  94 |         <ProfileImage

Parsing ecmascript source code failed

Import trace:
  Server Component:
    ./components/section-figure.tsx
    ./components/about-section.tsx
    ./app/[locale]/page.tsx @ http://localhost:3000/_next/static/chunks/node_modules_next_dist_0u_w_5s._.js:1945
[  224054ms] [ERROR] ./components/section-figure.tsx:91:9
Expected ',', got 'ident'
  89 |           only decides how much of the finished frame is showing. */}
  90 |       <div
> 91 |         className={`figure-uncover relative w-full overflow-hidden ${className}`}
     |         ^^^^^^^^^
  92 |         style={{ aspectRatio: ratio }}
  93 |       >
  94 |         <ProfileImage

Parsing ecmascript source code failed

Import trace:
  Server Component:
    ./components/section-figure.tsx
    ./components/about-section.tsx
    ./app/[locale]/page.tsx @ http://localhost:3000/_next/static/chunks/node_modules_next_dist_0u_w_5s._.js:1945
[  224116ms] [ERROR] ./components/section-figure.tsx:91:9
Expected ',', got 'ident'
  89 |           only decides how much of the finished frame is showing. */}
  90 |       <div
> 91 |         className={`figure-uncover relative w-full overflow-hidden ${className}`}
     |         ^^^^^^^^^
  92 |         style={{ aspectRatio: ratio }}
  93 |       >
  94 |         <ProfileImage

Parsing ecmascript source code failed

Import trace:
  Server Component:
    ./components/section-figure.tsx
    ./components/about-section.tsx
    ./app/[locale]/page.tsx @ http://localhost:3000/_next/static/chunks/node_modules_next_dist_0u_w_5s._.js:1945
[  224179ms] [ERROR] ./components/section-figure.tsx:91:9
Expected ',', got 'ident'
  89 |           only decides how much of the finished frame is showing. */}
  90 |       <div
> 91 |         className={`figure-uncover relative w-full overflow-hidden ${className}`}
     |         ^^^^^^^^^
  92 |         style={{ aspectRatio: ratio }}
  93 |       >
  94 |         <ProfileImage

Parsing ecmascript source code failed

Import trace:
  Server Component:
    ./components/section-figure.tsx
    ./components/about-section.tsx
    ./app/[locale]/page.tsx @ http://localhost:3000/_next/static/chunks/node_modules_next_dist_0u_w_5s._.js:1945
[  224241ms] [ERROR] ./components/section-figure.tsx:91:9
Expected ',', got 'ident'
  89 |           only decides how much of the finished frame is showing. */}
  90 |       <div
> 91 |         className={`figure-uncover relative w-full overflow-hidden ${className}`}
     |         ^^^^^^^^^
  92 |         style={{ aspectRatio: ratio }}
  93 |       >
  94 |         <ProfileImage

Parsing ecmascript source code failed

Import trace:
  Server Component:
    ./components/section-figure.tsx
    ./components/about-section.tsx
    ./app/[locale]/page.tsx @ http://localhost:3000/_next/static/chunks/node_modules_next_dist_0u_w_5s._.js:1945
[  224303ms] [ERROR] ./components/section-figure.tsx:91:9
Expected ',', got 'ident'
  89 |           only decides how much of the finished frame is showing. */}
  90 |       <div
> 91 |         className={`figure-uncover relative w-full overflow-hidden ${className}`}
     |         ^^^^^^^^^
  92 |         style={{ aspectRatio: ratio }}
  93 |       >
  94 |         <ProfileImage

Parsing ecmascript source code failed

Import trace:
  Server Component:
    ./components/section-figure.tsx
    ./components/about-section.tsx
    ./app/[locale]/page.tsx @ http://localhost:3000/_next/static/chunks/node_modules_next_dist_0u_w_5s._.js:1945
[  224366ms] [ERROR] ./components/section-figure.tsx:91:9
Expected ',', got 'ident'
  89 |           only decides how much of the finished frame is showing. */}
  90 |       <div
> 91 |         className={`figure-uncover relative w-full overflow-hidden ${className}`}
     |         ^^^^^^^^^
  92 |         style={{ aspectRatio: ratio }}
  93 |       >
  94 |         <ProfileImage

Parsing ecmascript source code failed

Import trace:
  Server Component:
    ./components/section-figure.tsx
    ./components/about-section.tsx
    ./app/[locale]/page.tsx @ http://localhost:3000/_next/static/chunks/node_modules_next_dist_0u_w_5s._.js:1945
[  224429ms] [ERROR] ./components/section-figure.tsx:91:9
Expected ',', got 'ident'
  89 |           only decides how much of the finished frame is showing. */}
  90 |       <div
> 91 |         className={`figure-uncover relative w-full overflow-hidden ${className}`}
     |         ^^^^^^^^^
  92 |         style={{ aspectRatio: ratio }}
  93 |       >
  94 |         <ProfileImage

Parsing ecmascript source code failed

Import trace:
  Server Component:
    ./components/section-figure.tsx
    ./components/about-section.tsx
    ./app/[locale]/page.tsx @ http://localhost:3000/_next/static/chunks/node_modules_next_dist_0u_w_5s._.js:1945
[  224490ms] [ERROR] ./components/section-figure.tsx:91:9
Expected ',', got 'ident'
  89 |           only decides how much of the finished frame is showing. */}
  90 |       <div
> 91 |         className={`figure-uncover relative w-full overflow-hidden ${className}`}
     |         ^^^^^^^^^
  92 |         style={{ aspectRatio: ratio }}
  93 |       >
  94 |         <ProfileImage

Parsing ecmascript source code failed

Import trace:
  Server Component:
    ./components/section-figure.tsx
    ./components/about-section.tsx
    ./app/[locale]/page.tsx @ http://localhost:3000/_next/static/chunks/node_modules_next_dist_0u_w_5s._.js:1945
[  224551ms] [ERROR] ./components/section-figure.tsx:91:9
Expected ',', got 'ident'
  89 |           only decides how much of the finished frame is showing. */}
  90 |       <div
> 91 |         className={`figure-uncover relative w-full overflow-hidden ${className}`}
     |         ^^^^^^^^^
  92 |         style={{ aspectRatio: ratio }}
  93 |       >
  94 |         <ProfileImage

Parsing ecmascript source code failed

Import trace:
  Server Component:
    ./components/section-figure.tsx
    ./components/about-section.tsx
    ./app/[locale]/page.tsx @ http://localhost:3000/_next/static/chunks/node_modules_next_dist_0u_w_5s._.js:1945
[  224613ms] [ERROR] ./components/section-figure.tsx:91:9
Expected ',', got 'ident'
  89 |           only decides how much of the finished frame is showing. */}
  90 |       <div
> 91 |         className={`figure-uncover relative w-full overflow-hidden ${className}`}
     |         ^^^^^^^^^
  92 |         style={{ aspectRatio: ratio }}
  93 |       >
  94 |         <ProfileImage

Parsing ecmascript source code failed

Import trace:
  Server Component:
    ./components/section-figure.tsx
    ./components/about-section.tsx
    ./app/[locale]/page.tsx @ http://localhost:3000/_next/static/chunks/node_modules_next_dist_0u_w_5s._.js:1945
[  224674ms] [ERROR] ./components/section-figure.tsx:91:9
Expected ',', got 'ident'
  89 |           only decides how much of the finished frame is showing. */}
  90 |       <div
> 91 |         className={`figure-uncover relative w-full overflow-hidden ${className}`}
     |         ^^^^^^^^^
  92 |         style={{ aspectRatio: ratio }}
  93 |       >
  94 |         <ProfileImage

Parsing ecmascript source code failed

Import trace:
  Server Component:
    ./components/section-figure.tsx
    ./components/about-section.tsx
    ./app/[locale]/page.tsx @ http://localhost:3000/_next/static/chunks/node_modules_next_dist_0u_w_5s._.js:1945
[  224736ms] [ERROR] ./components/section-figure.tsx:91:9
Expected ',', got 'ident'
  89 |           only decides how much of the finished frame is showing. */}
  90 |       <div
> 91 |         className={`figure-uncover relative w-full overflow-hidden ${className}`}
     |         ^^^^^^^^^
  92 |         style={{ aspectRatio: ratio }}
  93 |       >
  94 |         <ProfileImage

Parsing ecmascript source code failed

Import trace:
  Server Component:
    ./components/section-figure.tsx
    ./components/about-section.tsx
    ./app/[locale]/page.tsx @ http://localhost:3000/_next/static/chunks/node_modules_next_dist_0u_w_5s._.js:1945
[  224798ms] [ERROR] ./components/section-figure.tsx:91:9
Expected ',', got 'ident'
  89 |           only decides how much of the finished frame is showing. */}
  90 |       <div
> 91 |         className={`figure-uncover relative w-full overflow-hidden ${className}`}
     |         ^^^^^^^^^
  92 |         style={{ aspectRatio: ratio }}
  93 |       >
  94 |         <ProfileImage

Parsing ecmascript source code failed

Import trace:
  Server Component:
    ./components/section-figure.tsx
    ./components/about-section.tsx
    ./app/[locale]/page.tsx @ http://localhost:3000/_next/static/chunks/node_modules_next_dist_0u_w_5s._.js:1945
[  224860ms] [ERROR] ./components/section-figure.tsx:91:9
Expected ',', got 'ident'
  89 |           only decides how much of the finished frame is showing. */}
  90 |       <div
> 91 |         className={`figure-uncover relative w-full overflow-hidden ${className}`}
     |         ^^^^^^^^^
  92 |         style={{ aspectRatio: ratio }}
  93 |       >
  94 |         <ProfileImage

Parsing ecmascript source code failed

Import trace:
  Server Component:
    ./components/section-figure.tsx
    ./components/about-section.tsx
    ./app/[locale]/page.tsx @ http://localhost:3000/_next/static/chunks/node_modules_next_dist_0u_w_5s._.js:1945
[  224920ms] [ERROR] ./components/section-figure.tsx:91:9
Expected ',', got 'ident'
  89 |           only decides how much of the finished frame is showing. */}
  90 |       <div
> 91 |         className={`figure-uncover relative w-full overflow-hidden ${className}`}
     |         ^^^^^^^^^
  92 |         style={{ aspectRatio: ratio }}
  93 |       >
  94 |         <ProfileImage

Parsing ecmascript source code failed

Import trace:
  Server Component:
    ./components/section-figure.tsx
    ./components/about-section.tsx
    ./app/[locale]/page.tsx @ http://localhost:3000/_next/static/chunks/node_modules_next_dist_0u_w_5s._.js:1945
[  224982ms] [ERROR] ./components/section-figure.tsx:91:9
Expected ',', got 'ident'
  89 |           only decides how much of the finished frame is showing. */}
  90 |       <div
> 91 |         className={`figure-uncover relative w-full overflow-hidden ${className}`}
     |         ^^^^^^^^^
  92 |         style={{ aspectRatio: ratio }}
  93 |       >
  94 |         <ProfileImage

Parsing ecmascript source code failed

Import trace:
  Server Component:
    ./components/section-figure.tsx
    ./components/about-section.tsx
    ./app/[locale]/page.tsx @ http://localhost:3000/_next/static/chunks/node_modules_next_dist_0u_w_5s._.js:1945
[  225044ms] [ERROR] ./components/section-figure.tsx:91:9
Expected ',', got 'ident'
  89 |           only decides how much of the finished frame is showing. */}
  90 |       <div
> 91 |         className={`figure-uncover relative w-full overflow-hidden ${className}`}
     |         ^^^^^^^^^
  92 |         style={{ aspectRatio: ratio }}
  93 |       >
  94 |         <ProfileImage

Parsing ecmascript source code failed

Import trace:
  Server Component:
    ./components/section-figure.tsx
    ./components/about-section.tsx
    ./app/[locale]/page.tsx @ http://localhost:3000/_next/static/chunks/node_modules_next_dist_0u_w_5s._.js:1945
[  225107ms] [ERROR] ./components/section-figure.tsx:91:9
Expected ',', got 'ident'
  89 |           only decides how much of the finished frame is showing. */}
  90 |       <div
> 91 |         className={`figure-uncover relative w-full overflow-hidden ${className}`}
     |         ^^^^^^^^^
  92 |         style={{ aspectRatio: ratio }}
  93 |       >
  94 |         <ProfileImage

Parsing ecmascript source code failed

Import trace:
  Server Component:
    ./components/section-figure.tsx
    ./components/about-section.tsx
    ./app/[locale]/page.tsx @ http://localhost:3000/_next/static/chunks/node_modules_next_dist_0u_w_5s._.js:1945
[  225170ms] [ERROR] ./components/section-figure.tsx:91:9
Expected ',', got 'ident'
  89 |           only decides how much of the finished frame is showing. */}
  90 |       <div
> 91 |         className={`figure-uncover relative w-full overflow-hidden ${className}`}
     |         ^^^^^^^^^
  92 |         style={{ aspectRatio: ratio }}
  93 |       >
  94 |         <ProfileImage

Parsing ecmascript source code failed

Import trace:
  Server Component:
    ./components/section-figure.tsx
    ./components/about-section.tsx
    ./app/[locale]/page.tsx @ http://localhost:3000/_next/static/chunks/node_modules_next_dist_0u_w_5s._.js:1945
[  225233ms] [ERROR] ./components/section-figure.tsx:91:9
Expected ',', got 'ident'
  89 |           only decides how much of the finished frame is showing. */}
  90 |       <div
> 91 |         className={`figure-uncover relative w-full overflow-hidden ${className}`}
     |         ^^^^^^^^^
  92 |         style={{ aspectRatio: ratio }}
  93 |       >
  94 |         <ProfileImage

Parsing ecmascript source code failed

Import trace:
  Server Component:
    ./components/section-figure.tsx
    ./components/about-section.tsx
    ./app/[locale]/page.tsx @ http://localhost:3000/_next/static/chunks/node_modules_next_dist_0u_w_5s._.js:1945
[  225296ms] [ERROR] ./components/section-figure.tsx:91:9
Expected ',', got 'ident'
  89 |           only decides how much of the finished frame is showing. */}
  90 |       <div
> 91 |         className={`figure-uncover relative w-full overflow-hidden ${className}`}
     |         ^^^^^^^^^
  92 |         style={{ aspectRatio: ratio }}
  93 |       >
  94 |         <ProfileImage

Parsing ecmascript source code failed

Import trace:
  Server Component:
    ./components/section-figure.tsx
    ./components/about-section.tsx
    ./app/[locale]/page.tsx @ http://localhost:3000/_next/static/chunks/node_modules_next_dist_0u_w_5s._.js:1945
[  225358ms] [ERROR] ./components/section-figure.tsx:91:9
Expected ',', got 'ident'
  89 |           only decides how much of the finished frame is showing. */}
  90 |       <div
> 91 |         className={`figure-uncover relative w-full overflow-hidden ${className}`}
     |         ^^^^^^^^^
  92 |         style={{ aspectRatio: ratio }}
  93 |       >
  94 |         <ProfileImage

Parsing ecmascript source code failed

Import trace:
  Server Component:
    ./components/section-figure.tsx
    ./components/about-section.tsx
    ./app/[locale]/page.tsx @ http://localhost:3000/_next/static/chunks/node_modules_next_dist_0u_w_5s._.js:1945
[  225420ms] [ERROR] ./components/section-figure.tsx:91:9
Expected ',', got 'ident'
  89 |           only decides how much of the finished frame is showing. */}
  90 |       <div
> 91 |         className={`figure-uncover relative w-full overflow-hidden ${className}`}
     |         ^^^^^^^^^
  92 |         style={{ aspectRatio: ratio }}
  93 |       >
  94 |         <ProfileImage

Parsing ecmascript source code failed

Import trace:
  Server Component:
    ./components/section-figure.tsx
    ./components/about-section.tsx
    ./app/[locale]/page.tsx @ http://localhost:3000/_next/static/chunks/node_modules_next_dist_0u_w_5s._.js:1945
[  225482ms] [ERROR] ./components/section-figure.tsx:91:9
Expected ',', got 'ident'
  89 |           only decides how much of the finished frame is showing. */}
  90 |       <div
> 91 |         className={`figure-uncover relative w-full overflow-hidden ${className}`}
     |         ^^^^^^^^^
  92 |         style={{ aspectRatio: ratio }}
  93 |       >
  94 |         <ProfileImage

Parsing ecmascript source code failed

Import trace:
  Server Component:
    ./components/section-figure.tsx
    ./components/about-section.tsx
    ./app/[locale]/page.tsx @ http://localhost:3000/_next/static/chunks/node_modules_next_dist_0u_w_5s._.js:1945
[  225544ms] [ERROR] ./components/section-figure.tsx:91:9
Expected ',', got 'ident'
  89 |           only decides how much of the finished frame is showing. */}
  90 |       <div
> 91 |         className={`figure-uncover relative w-full overflow-hidden ${className}`}
     |         ^^^^^^^^^
  92 |         style={{ aspectRatio: ratio }}
  93 |       >
  94 |         <ProfileImage

Parsing ecmascript source code failed

Import trace:
  Server Component:
    ./components/section-figure.tsx
    ./components/about-section.tsx
    ./app/[locale]/page.tsx @ http://localhost:3000/_next/static/chunks/node_modules_next_dist_0u_w_5s._.js:1945
[  225607ms] [ERROR] ./components/section-figure.tsx:91:9
Expected ',', got 'ident'
  89 |           only decides how much of the finished frame is showing. */}
  90 |       <div
> 91 |         className={`figure-uncover relative w-full overflow-hidden ${className}`}
     |         ^^^^^^^^^
  92 |         style={{ aspectRatio: ratio }}
  93 |       >
  94 |         <ProfileImage

Parsing ecmascript source code failed

Import trace:
  Server Component:
    ./components/section-figure.tsx
    ./components/about-section.tsx
    ./app/[locale]/page.tsx @ http://localhost:3000/_next/static/chunks/node_modules_next_dist_0u_w_5s._.js:1945
[  225704ms] [LOG] [Fast Refresh] rebuilding @ http://localhost:3000/_next/static/chunks/node_modules_next_dist_0u_w_5s._.js:1226
[  225966ms] [LOG] [Fast Refresh] done in 356ms @ http://localhost:3000/_next/static/chunks/node_modules_next_dist_0u_w_5s._.js:1226
[  226223ms] [LOG] [Fast Refresh] rebuilding @ http://localhost:3000/_next/static/chunks/node_modules_next_dist_0u_w_5s._.js:1226
[  226576ms] [LOG] [Fast Refresh] done in 459ms @ http://localhost:3000/_next/static/chunks/node_modules_next_dist_0u_w_5s._.js:1226
[  226688ms] [LOG] [Fast Refresh] rebuilding @ http://localhost:3000/_next/static/chunks/node_modules_next_dist_0u_w_5s._.js:1226
[  227929ms] [LOG] [Fast Refresh] done in 1352ms @ http://localhost:3000/_next/static/chunks/node_modules_next_dist_0u_w_5s._.js:1226
[  228328ms] [INFO] %cDownload the React DevTools for a better development experience: https://react.dev/link/react-devtools font-weight:bold @ http://localhost:3000/_next/static/chunks/node_modules_next_dist_115brz8._.js:2477
[  228354ms] [LOG] [HMR] connected @ http://localhost:3000/_next/static/chunks/node_modules_next_dist_115brz8._.js:2477
[  229303ms] [WARNING] You are trying to animate transformOrigin from "400.087px 100.3px" to "center top". "center top" is not an animatable value.. For more information and steps for solving, visit https://motion.dev/troubleshooting/value-not-animatable @ http://localhost:3000/_next/static/chunks/node_modules_next_dist_115brz8._.js:2477
[  231531ms] [WARNING] The resource http://localhost:3000/_next/image?url=%2Fassets%2Fsanae-rakik-portrait-cutout.png&w=640&q=75 was preloaded using link preload but not used within a few seconds from the window's load event. Please make sure it has an appropriate `as` value and it is preloaded intentionally. @ http://localhost:3000/:0
[  261256ms] [LOG] [Fast Refresh] rebuilding @ http://localhost:3000/_next/static/chunks/node_modules_next_dist_115brz8._.js:2477
[  261529ms] [LOG] [Fast Refresh] done in 384ms @ http://localhost:3000/_next/static/chunks/node_modules_next_dist_115brz8._.js:2477
[  278966ms] [LOG] [Fast Refresh] rebuilding @ http://localhost:3000/_next/static/chunks/node_modules_next_dist_115brz8._.js:2477
[  279168ms] [LOG] [Fast Refresh] done in 307ms @ http://localhost:3000/_next/static/chunks/node_modules_next_dist_115brz8._.js:2477
[  279915ms] [LOG] [Fast Refresh] rebuilding @ http://localhost:3000/_next/static/chunks/node_modules_next_dist_115brz8._.js:2477
[  280128ms] [LOG] [Fast Refresh] done in 323ms @ http://localhost:3000/_next/static/chunks/node_modules_next_dist_115brz8._.js:2477
[  460408ms] [LOG] [Fast Refresh] rebuilding @ http://localhost:3000/_next/static/chunks/node_modules_next_dist_115brz8._.js:2477
[  460611ms] [LOG] [Fast Refresh] done in 270ms @ http://localhost:3000/_next/static/chunks/node_modules_next_dist_115brz8._.js:2477
[  463598ms] [WARNING] The resource http://localhost:3000/_next/image?url=%2Fassets%2Fsanae-rakik-portrait-cutout.png&w=640&q=75 was preloaded using link preload but not used within a few seconds from the window's load event. Please make sure it has an appropriate `as` value and it is preloaded intentionally. @ http://localhost:3000/:0
[  479328ms] [LOG] [Fast Refresh] rebuilding @ http://localhost:3000/_next/static/chunks/node_modules_next_dist_115brz8._.js:2477
[  479391ms] [LOG] [Fast Refresh] done in 167ms @ http://localhost:3000/_next/static/chunks/node_modules_next_dist_115brz8._.js:2477
[  491241ms] [LOG] [Fast Refresh] rebuilding @ http://localhost:3000/_next/static/chunks/node_modules_next_dist_115brz8._.js:2477
[  491302ms] [LOG] [Fast Refresh] done in 164ms @ http://localhost:3000/_next/static/chunks/node_modules_next_dist_115brz8._.js:2477
[  496029ms] [LOG] [Fast Refresh] rebuilding @ http://localhost:3000/_next/static/chunks/node_modules_next_dist_115brz8._.js:2477
[  496091ms] [LOG] [Fast Refresh] done in 164ms @ http://localhost:3000/_next/static/chunks/node_modules_next_dist_115brz8._.js:2477
[  502581ms] [LOG] [Fast Refresh] rebuilding @ http://localhost:3000/_next/static/chunks/node_modules_next_dist_115brz8._.js:2477
[  502584ms] [LOG] [Fast Refresh] done in 112ms @ http://localhost:3000/_next/static/chunks/node_modules_next_dist_115brz8._.js:2477
[  505049ms] [LOG] [Fast Refresh] rebuilding @ http://localhost:3000/_next/static/chunks/node_modules_next_dist_115brz8._.js:2477
[  505254ms] [LOG] [Fast Refresh] done in 285ms @ http://localhost:3000/_next/static/chunks/node_modules_next_dist_115brz8._.js:2477
[  508246ms] [WARNING] The resource http://localhost:3000/_next/image?url=%2Fassets%2Fsanae-rakik-portrait-cutout.png&w=640&q=75 was preloaded using link preload but not used within a few seconds from the window's load event. Please make sure it has an appropriate `as` value and it is preloaded intentionally. @ http://localhost:3000/:0
[  522175ms] [LOG] [Fast Refresh] rebuilding @ http://localhost:3000/_next/static/chunks/node_modules_next_dist_115brz8._.js:2477
[  522326ms] [LOG] [Fast Refresh] done in 267ms @ http://localhost:3000/_next/static/chunks/node_modules_next_dist_115brz8._.js:2477
[  529405ms] [LOG] [Fast Refresh] rebuilding @ http://localhost:3000/_next/static/chunks/node_modules_next_dist_115brz8._.js:2477
[  529725ms] [LOG] [Fast Refresh] done in 406ms @ http://localhost:3000/_next/static/chunks/node_modules_next_dist_115brz8._.js:2477
[  529943ms] [LOG] [Fast Refresh] rebuilding @ http://localhost:3000/_next/static/chunks/node_modules_next_dist_115brz8._.js:2477
[  530412ms] [LOG] [Fast Refresh] done in 579ms @ http://localhost:3000/_next/static/chunks/node_modules_next_dist_115brz8._.js:2477
[  530588ms] [LOG] [Fast Refresh] rebuilding @ http://localhost:3000/_next/static/chunks/node_modules_next_dist_115brz8._.js:2477
[  530635ms] [LOG] [Fast Refresh] done in 154ms @ http://localhost:3000/_next/static/chunks/node_modules_next_dist_115brz8._.js:2477
[  530742ms] [LOG] [Fast Refresh] rebuilding @ http://localhost:3000/_next/static/chunks/node_modules_next_dist_115brz8._.js:2477
[  530817ms] [LOG] [Fast Refresh] done in 181ms @ http://localhost:3000/_next/static/chunks/node_modules_next_dist_115brz8._.js:2477
[  531006ms] [LOG] [Fast Refresh] rebuilding @ http://localhost:3000/_next/static/chunks/node_modules_next_dist_115brz8._.js:2477
[  531284ms] [LOG] [Fast Refresh] done in 380ms @ http://localhost:3000/_next/static/chunks/node_modules_next_dist_115brz8._.js:2477
[  531389ms] [LOG] [Fast Refresh] rebuilding @ http://localhost:3000/_next/static/chunks/node_modules_next_dist_115brz8._.js:2477
[  531729ms] [LOG] [Fast Refresh] done in 444ms @ http://localhost:3000/_next/static/chunks/node_modules_next_dist_115brz8._.js:2477
[  532517ms] [LOG] [Fast Refresh] rebuilding @ http://localhost:3000/_next/static/chunks/node_modules_next_dist_115brz8._.js:2477
[  532575ms] [LOG] [Fast Refresh] done in 170ms @ http://localhost:3000/_next/static/chunks/node_modules_next_dist_115brz8._.js:2477
[  532718ms] [LOG] [Fast Refresh] rebuilding @ http://localhost:3000/_next/static/chunks/node_modules_next_dist_115brz8._.js:2477
[  532722ms] [LOG] [Fast Refresh] done in 116ms @ http://localhost:3000/_next/static/chunks/node_modules_next_dist_115brz8._.js:2477
[  532903ms] [LOG] [Fast Refresh] rebuilding @ http://localhost:3000/_next/static/chunks/node_modules_next_dist_115brz8._.js:2477
[  532906ms] [LOG] [Fast Refresh] done in 104ms @ http://localhost:3000/_next/static/chunks/node_modules_next_dist_115brz8._.js:2477
[  536259ms] [WARNING] The resource http://localhost:3000/_next/image?url=%2Fassets%2Fsanae-rakik-portrait-cutout.png&w=640&q=75 was preloaded using link preload but not used within a few seconds from the window's load event. Please make sure it has an appropriate `as` value and it is preloaded intentionally. @ http://localhost:3000/:0
[  539167ms] [LOG] [Fast Refresh] rebuilding @ http://localhost:3000/_next/static/chunks/node_modules_next_dist_115brz8._.js:2477
[  539400ms] [LOG] [Fast Refresh] done in 333ms @ http://localhost:3000/_next/static/chunks/node_modules_next_dist_115brz8._.js:2477
[  539567ms] [LOG] [Fast Refresh] rebuilding @ http://localhost:3000/_next/static/chunks/node_modules_next_dist_115brz8._.js:2477
[  539843ms] [LOG] [Fast Refresh] done in 384ms @ http://localhost:3000/_next/static/chunks/node_modules_next_dist_115brz8._.js:2477
[  540396ms] [LOG] [Fast Refresh] rebuilding @ http://localhost:3000/_next/static/chunks/node_modules_next_dist_115brz8._.js:2477
[  541176ms] [LOG] [Fast Refresh] done in 881ms @ http://localhost:3000/_next/static/chunks/node_modules_next_dist_115brz8._.js:2477
[  541459ms] [LOG] [Fast Refresh] rebuilding @ http://localhost:3000/_next/static/chunks/node_modules_next_dist_115brz8._.js:2477
[  541666ms] [LOG] [Fast Refresh] done in 320ms @ http://localhost:3000/_next/static/chunks/node_modules_next_dist_115brz8._.js:2477
[  541858ms] [LOG] [Fast Refresh] rebuilding @ http://localhost:3000/_next/static/chunks/node_modules_next_dist_115brz8._.js:2477
[  542035ms] [LOG] [Fast Refresh] done in 277ms @ http://localhost:3000/_next/static/chunks/node_modules_next_dist_115brz8._.js:2477
[  542160ms] [LOG] [Fast Refresh] rebuilding @ http://localhost:3000/_next/static/chunks/node_modules_next_dist_115brz8._.js:2477
[  542163ms] [LOG] [Fast Refresh] done in 109ms @ http://localhost:3000/_next/static/chunks/node_modules_next_dist_115brz8._.js:2477
[  545674ms] [WARNING] The resource http://localhost:3000/_next/image?url=%2Fassets%2Fsanae-rakik-portrait-cutout.png&w=640&q=75 was preloaded using link preload but not used within a few seconds from the window's load event. Please make sure it has an appropriate `as` value and it is preloaded intentionally. @ http://localhost:3000/:0
[  552457ms] [LOG] [Fast Refresh] rebuilding @ http://localhost:3000/_next/static/chunks/node_modules_next_dist_115brz8._.js:2477
[  552547ms] [LOG] [Fast Refresh] done in 176ms @ http://localhost:3000/_next/static/chunks/node_modules_next_dist_115brz8._.js:2477
[  552717ms] [LOG] [Fast Refresh] rebuilding @ http://localhost:3000/_next/static/chunks/node_modules_next_dist_115brz8._.js:2477
[  553063ms] [LOG] [Fast Refresh] done in 456ms @ http://localhost:3000/_next/static/chunks/node_modules_next_dist_115brz8._.js:2477
[  553238ms] [LOG] [Fast Refresh] rebuilding @ http://localhost:3000/_next/static/chunks/node_modules_next_dist_115brz8._.js:2477
[  553357ms] [LOG] [Fast Refresh] done in 225ms @ http://localhost:3000/_next/static/chunks/node_modules_next_dist_115brz8._.js:2477
[  556480ms] [WARNING] The resource http://localhost:3000/_next/image?url=%2Fassets%2Fsanae-rakik-portrait-cutout.png&w=640&q=75 was preloaded using link preload but not used within a few seconds from the window's load event. Please make sure it has an appropriate `as` value and it is preloaded intentionally. @ http://localhost:3000/:0
[  565832ms] [LOG] [Fast Refresh] rebuilding @ http://localhost:3000/_next/static/chunks/node_modules_next_dist_115brz8._.js:2477
[  565904ms] [LOG] [Fast Refresh] done in 170ms @ http://localhost:3000/_next/static/chunks/node_modules_next_dist_115brz8._.js:2477
[  566078ms] [LOG] [Fast Refresh] rebuilding @ http://localhost:3000/_next/static/chunks/node_modules_next_dist_115brz8._.js:2477
[  566455ms] [LOG] [Fast Refresh] done in 487ms @ http://localhost:3000/_next/static/chunks/node_modules_next_dist_115brz8._.js:2477
[  566720ms] [LOG] [Fast Refresh] rebuilding @ http://localhost:3000/_next/static/chunks/node_modules_next_dist_115brz8._.js:2477
[  566805ms] [LOG] [Fast Refresh] done in 199ms @ http://localhost:3000/_next/static/chunks/node_modules_next_dist_115brz8._.js:2477
[  569943ms] [WARNING] The resource http://localhost:3000/_next/image?url=%2Fassets%2Fsanae-rakik-portrait-cutout.png&w=640&q=75 was preloaded using link preload but not used within a few seconds from the window's load event. Please make sure it has an appropriate `as` value and it is preloaded intentionally. @ http://localhost:3000/:0
[  572789ms] [LOG] [Fast Refresh] rebuilding @ http://localhost:3000/_next/static/chunks/node_modules_next_dist_115brz8._.js:2477
[  572864ms] [LOG] [Fast Refresh] done in 168ms @ http://localhost:3000/_next/static/chunks/node_modules_next_dist_115brz8._.js:2477
[  573053ms] [LOG] [Fast Refresh] rebuilding @ http://localhost:3000/_next/static/chunks/node_modules_next_dist_115brz8._.js:2477
[  573431ms] [LOG] [Fast Refresh] done in 490ms @ http://localhost:3000/_next/static/chunks/node_modules_next_dist_115brz8._.js:2477
[  573585ms] [LOG] [Fast Refresh] rebuilding @ http://localhost:3000/_next/static/chunks/node_modules_next_dist_115brz8._.js:2477
[  573618ms] [LOG] [Fast Refresh] done in 133ms @ http://localhost:3000/_next/static/chunks/node_modules_next_dist_115brz8._.js:2477
[  573727ms] [LOG] [Fast Refresh] rebuilding @ http://localhost:3000/_next/static/chunks/node_modules_next_dist_115brz8._.js:2477
[  573767ms] [LOG] [Fast Refresh] done in 148ms @ http://localhost:3000/_next/static/chunks/node_modules_next_dist_115brz8._.js:2477
[  576801ms] [WARNING] The resource http://localhost:3000/_next/image?url=%2Fassets%2Fsanae-rakik-portrait-cutout.png&w=640&q=75 was preloaded using link preload but not used within a few seconds from the window's load event. Please make sure it has an appropriate `as` value and it is preloaded intentionally. @ http://localhost:3000/:0
[  584371ms] [LOG] [Fast Refresh] rebuilding @ http://localhost:3000/_next/static/chunks/node_modules_next_dist_115brz8._.js:2477
[  584536ms] [LOG] [Fast Refresh] done in 265ms @ http://localhost:3000/_next/static/chunks/node_modules_next_dist_115brz8._.js:2477
[  584722ms] [LOG] [Fast Refresh] rebuilding @ http://localhost:3000/_next/static/chunks/node_modules_next_dist_115brz8._.js:2477
[  585097ms] [LOG] [Fast Refresh] done in 484ms @ http://localhost:3000/_next/static/chunks/node_modules_next_dist_115brz8._.js:2477
[  585261ms] [LOG] [Fast Refresh] rebuilding @ http://localhost:3000/_next/static/chunks/node_modules_next_dist_115brz8._.js:2477
[  585286ms] [LOG] [Fast Refresh] done in 129ms @ http://localhost:3000/_next/static/chunks/node_modules_next_dist_115brz8._.js:2477
[  585398ms] [LOG] [Fast Refresh] rebuilding @ http://localhost:3000/_next/static/chunks/node_modules_next_dist_115brz8._.js:2477
[  585440ms] [LOG] [Fast Refresh] done in 153ms @ http://localhost:3000/_next/static/chunks/node_modules_next_dist_115brz8._.js:2477
[  585599ms] [LOG] [Fast Refresh] rebuilding @ http://localhost:3000/_next/static/chunks/node_modules_next_dist_115brz8._.js:2477
[  585682ms] [LOG] [Fast Refresh] done in 191ms @ http://localhost:3000/_next/static/chunks/node_modules_next_dist_115brz8._.js:2477
[  589154ms] [WARNING] The resource http://localhost:3000/_next/image?url=%2Fassets%2Fsanae-rakik-portrait-cutout.png&w=640&q=75 was preloaded using link preload but not used within a few seconds from the window's load event. Please make sure it has an appropriate `as` value and it is preloaded intentionally. @ http://localhost:3000/:0
[  589756ms] [LOG] [Fast Refresh] rebuilding @ http://localhost:3000/_next/static/chunks/node_modules_next_dist_115brz8._.js:2477
[  589911ms] [LOG] [Fast Refresh] done in 257ms @ http://localhost:3000/_next/static/chunks/node_modules_next_dist_115brz8._.js:2477
[  590018ms] [LOG] [Fast Refresh] rebuilding @ http://localhost:3000/_next/static/chunks/node_modules_next_dist_115brz8._.js:2477
[  590148ms] [LOG] [Fast Refresh] done in 228ms @ http://localhost:3000/_next/static/chunks/node_modules_next_dist_115brz8._.js:2477
[  590356ms] [LOG] [Fast Refresh] rebuilding @ http://localhost:3000/_next/static/chunks/node_modules_next_dist_115brz8._.js:2477
[  590842ms] [LOG] [Fast Refresh] done in 592ms @ http://localhost:3000/_next/static/chunks/node_modules_next_dist_115brz8._.js:2477
[  591001ms] [LOG] [Fast Refresh] rebuilding @ http://localhost:3000/_next/static/chunks/node_modules_next_dist_115brz8._.js:2477
[  591150ms] [LOG] [Fast Refresh] done in 251ms @ http://localhost:3000/_next/static/chunks/node_modules_next_dist_115brz8._.js:2477
[  594297ms] [WARNING] The resource http://localhost:3000/_next/image?url=%2Fassets%2Fsanae-rakik-portrait-cutout.png&w=640&q=75 was preloaded using link preload but not used within a few seconds from the window's load event. Please make sure it has an appropriate `as` value and it is preloaded intentionally. @ http://localhost:3000/:0
[  597814ms] [LOG] [Fast Refresh] rebuilding @ http://localhost:3000/_next/static/chunks/node_modules_next_dist_115brz8._.js:2477
[  597927ms] [LOG] [Fast Refresh] done in 220ms @ http://localhost:3000/_next/static/chunks/node_modules_next_dist_115brz8._.js:2477
[  605175ms] [LOG] [Fast Refresh] rebuilding @ http://localhost:3000/_next/static/chunks/node_modules_next_dist_115brz8._.js:2477
[  605382ms] [LOG] [Fast Refresh] done in 302ms @ http://localhost:3000/_next/static/chunks/node_modules_next_dist_115brz8._.js:2477
[  605560ms] [LOG] [Fast Refresh] rebuilding @ http://localhost:3000/_next/static/chunks/node_modules_next_dist_115brz8._.js:2477
[  605981ms] [LOG] [Fast Refresh] done in 528ms @ http://localhost:3000/_next/static/chunks/node_modules_next_dist_115brz8._.js:2477
[  606116ms] [LOG] [Fast Refresh] rebuilding @ http://localhost:3000/_next/static/chunks/node_modules_next_dist_115brz8._.js:2477
[  606360ms] [LOG] [Fast Refresh] done in 353ms @ http://localhost:3000/_next/static/chunks/node_modules_next_dist_115brz8._.js:2477
[  609426ms] [WARNING] The resource http://localhost:3000/_next/image?url=%2Fassets%2Fsanae-rakik-portrait-cutout.png&w=640&q=75 was preloaded using link preload but not used within a few seconds from the window's load event. Please make sure it has an appropriate `as` value and it is preloaded intentionally. @ http://localhost:3000/:0
[  611949ms] [LOG] [Fast Refresh] rebuilding @ http://localhost:3000/_next/static/chunks/node_modules_next_dist_115brz8._.js:2477
[  612123ms] [LOG] [Fast Refresh] done in 276ms @ http://localhost:3000/_next/static/chunks/node_modules_next_dist_115brz8._.js:2477
[  612279ms] [LOG] [Fast Refresh] rebuilding @ http://localhost:3000/_next/static/chunks/node_modules_next_dist_115brz8._.js:2477
[  613697ms] [LOG] [Fast Refresh] done in 1531ms @ http://localhost:3000/_next/static/chunks/node_modules_next_dist_115brz8._.js:2477
[  613841ms] [LOG] [Fast Refresh] rebuilding @ http://localhost:3000/_next/static/chunks/node_modules_next_dist_115brz8._.js:2477
[  614088ms] [LOG] [Fast Refresh] done in 359ms @ http://localhost:3000/_next/static/chunks/node_modules_next_dist_115brz8._.js:2477
[  617166ms] [WARNING] The resource http://localhost:3000/_next/image?url=%2Fassets%2Fsanae-rakik-portrait-cutout.png&w=640&q=75 was preloaded using link preload but not used within a few seconds from the window's load event. Please make sure it has an appropriate `as` value and it is preloaded intentionally. @ http://localhost:3000/:0
[  624941ms] [LOG] [Fast Refresh] rebuilding @ http://localhost:3000/_next/static/chunks/node_modules_next_dist_115brz8._.js:2477
[  625114ms] [LOG] [Fast Refresh] done in 274ms @ http://localhost:3000/_next/static/chunks/node_modules_next_dist_115brz8._.js:2477
[  628778ms] [LOG] [Fast Refresh] rebuilding @ http://localhost:3000/_next/static/chunks/node_modules_next_dist_115brz8._.js:2477
[  629032ms] [LOG] [Fast Refresh] done in 337ms @ http://localhost:3000/_next/static/chunks/node_modules_next_dist_115brz8._.js:2477
[  629224ms] [LOG] [Fast Refresh] rebuilding @ http://localhost:3000/_next/static/chunks/node_modules_next_dist_115brz8._.js:2477
[  630571ms] [LOG] [Fast Refresh] done in 1459ms @ http://localhost:3000/_next/static/chunks/node_modules_next_dist_115brz8._.js:2477
[  631199ms] [LOG] [Fast Refresh] rebuilding @ http://localhost:3000/_next/static/chunks/node_modules_next_dist_115brz8._.js:2477
[  631362ms] [LOG] [Fast Refresh] done in 265ms @ http://localhost:3000/_next/static/chunks/node_modules_next_dist_115brz8._.js:2477
[  634516ms] [WARNING] The resource http://localhost:3000/_next/image?url=%2Fassets%2Fsanae-rakik-portrait-cutout.png&w=640&q=75 was preloaded using link preload but not used within a few seconds from the window's load event. Please make sure it has an appropriate `as` value and it is preloaded intentionally. @ http://localhost:3000/:0
[  672534ms] [LOG] [Fast Refresh] rebuilding @ http://localhost:3000/_next/static/chunks/node_modules_next_dist_115brz8._.js:2477
[  672834ms] [LOG] [Fast Refresh] done in 399ms @ http://localhost:3000/_next/static/chunks/node_modules_next_dist_115brz8._.js:2477
[  673181ms] [LOG] [Fast Refresh] rebuilding @ http://localhost:3000/_next/static/chunks/node_modules_next_dist_115brz8._.js:2477
[  673339ms] [LOG] [Fast Refresh] done in 263ms @ http://localhost:3000/_next/static/chunks/node_modules_next_dist_115brz8._.js:2477
[  673579ms] [LOG] [Fast Refresh] rebuilding @ http://localhost:3000/_next/static/chunks/node_modules_next_dist_115brz8._.js:2477
[  673927ms] [LOG] [Fast Refresh] done in 454ms @ http://localhost:3000/_next/static/chunks/node_modules_next_dist_115brz8._.js:2477
[  674211ms] [LOG] [Fast Refresh] rebuilding @ http://localhost:3000/_next/static/chunks/node_modules_next_dist_115brz8._.js:2477
[  674218ms] [LOG] [Fast Refresh] done in 121ms @ http://localhost:3000/_next/static/chunks/node_modules_next_dist_115brz8._.js:2477
[  674474ms] [LOG] [Fast Refresh] rebuilding @ http://localhost:3000/_next/static/chunks/node_modules_next_dist_115brz8._.js:2477
[  674853ms] [LOG] [Fast Refresh] done in 487ms @ http://localhost:3000/_next/static/chunks/node_modules_next_dist_115brz8._.js:2477
[  675168ms] [LOG] [Fast Refresh] rebuilding @ http://localhost:3000/_next/static/chunks/node_modules_next_dist_115brz8._.js:2477
[  676277ms] [LOG] [Fast Refresh] done in 1215ms @ http://localhost:3000/_next/static/chunks/node_modules_next_dist_115brz8._.js:2477
[  677434ms] [LOG] [Fast Refresh] rebuilding @ http://localhost:3000/_next/static/chunks/node_modules_next_dist_115brz8._.js:2477
[  678005ms] [LOG] [Fast Refresh] done in 677ms @ http://localhost:3000/_next/static/chunks/node_modules_next_dist_115brz8._.js:2477
[  679152ms] [LOG] [Fast Refresh] rebuilding @ http://localhost:3000/_next/static/chunks/node_modules_next_dist_115brz8._.js:2477
[  679786ms] [LOG] [Fast Refresh] done in 735ms @ http://localhost:3000/_next/static/chunks/node_modules_next_dist_115brz8._.js:2477
[  682475ms] [WARNING] The resource http://localhost:3000/_next/image?url=%2Fassets%2Fsanae-rakik-portrait-cutout.png&w=640&q=75 was preloaded using link preload but not used within a few seconds from the window's load event. Please make sure it has an appropriate `as` value and it is preloaded intentionally. @ http://localhost:3000/:0
[  685554ms] [LOG] [Fast Refresh] rebuilding @ http://localhost:3000/_next/static/chunks/node_modules_next_dist_115brz8._.js:2477
[  687961ms] [WARNING] [Fast Refresh] performing full reload

Fast Refresh will perform a full reload when you edit a file that's imported by modules outside of the React rendering tree.
You might have a file which exports a React component but also exports a value that is imported by a non-React component file.
Consider migrating the non-React component export to a separate file and importing it into both files.

It is also possible the parent component of the component you edited is a class component, which disables Fast Refresh.
Fast Refresh requires at least one parent function component in your React tree. @ http://localhost:3000/_next/static/chunks/node_modules_next_dist_115brz8._.js:2477
[  688004ms] [LOG] [Fast Refresh] done in 2514ms @ http://localhost:3000/_next/static/chunks/node_modules_next_dist_115brz8._.js:2477
[  688193ms] [LOG] [Fast Refresh] rebuilding @ http://localhost:3000/_next/static/chunks/node_modules_next_dist_115brz8._.js:2477
[  688462ms] [LOG] [Fast Refresh] done in 379ms @ http://localhost:3000/_next/static/chunks/node_modules_next_dist_115brz8._.js:2477
[  688621ms] [LOG] [Fast Refresh] rebuilding @ http://localhost:3000/_next/static/chunks/node_modules_next_dist_115brz8._.js:2477
[  688817ms] [LOG] [Fast Refresh] done in 307ms @ http://localhost:3000/_next/static/chunks/node_modules_next_dist_115brz8._.js:2477
[  692002ms] [INFO] %cDownload the React DevTools for a better development experience: https://react.dev/link/react-devtools font-weight:bold @ http://localhost:3000/_next/static/chunks/node_modules_next_dist_115brz8._.js:2477
[  692027ms] [LOG] [HMR] connected @ http://localhost:3000/_next/static/chunks/node_modules_next_dist_115brz8._.js:2477
[  692148ms] [LOG] [Fast Refresh] rebuilding @ http://localhost:3000/_next/static/chunks/node_modules_next_dist_115brz8._.js:2477
[  692474ms] [LOG] [Fast Refresh] done in 426ms @ http://localhost:3000/_next/static/chunks/node_modules_next_dist_115brz8._.js:2477
[  693365ms] [LOG] [Fast Refresh] rebuilding @ http://localhost:3000/_next/static/chunks/node_modules_next_dist_115brz8._.js:2477
[  693585ms] [WARNING] You are trying to animate transformOrigin from "400.087px 100.3px" to "center top". "center top" is not an animatable value.. For more information and steps for solving, visit https://motion.dev/troubleshooting/value-not-animatable @ http://localhost:3000/_next/static/chunks/node_modules_next_dist_115brz8._.js:2477
[  693631ms] [LOG] [Fast Refresh] done in 380ms @ http://localhost:3000/_next/static/chunks/node_modules_next_dist_115brz8._.js:2477
[  694325ms] [LOG] [Fast Refresh] rebuilding @ http://localhost:3000/_next/static/chunks/node_modules_next_dist_115brz8._.js:2477
[  694333ms] [LOG] [Fast Refresh] done in 114ms @ http://localhost:3000/_next/static/chunks/node_modules_next_dist_115brz8._.js:2477
[  710471ms] [LOG] [Fast Refresh] rebuilding @ http://localhost:3000/_next/static/chunks/node_modules_next_dist_115brz8._.js:2477
[  710656ms] [LOG] [Fast Refresh] done in 252ms @ http://localhost:3000/_next/static/chunks/node_modules_next_dist_115brz8._.js:2477
[  722478ms] [LOG] [Fast Refresh] rebuilding @ http://localhost:3000/_next/static/chunks/node_modules_next_dist_115brz8._.js:2477
[  722959ms] [WARNING] [HMR] Invalid message: {"isTrusted":true}
TypeError: Cannot convert undefined or null to object
    at Object.keys (<anonymous>)
    at extractModulesFromTurbopackMessage (http://localhost:3000/_next/static/chunks/node_modules_next_dist_client_0fhqo1d._.js:13654:39)
    at TurbopackHmr.onTurbopackMessage (http://localhost:3000/_next/static/chunks/node_modules_next_dist_client_0fhqo1d._.js:13601:32)
    at processMessage (http://localhost:3000/_next/static/chunks/node_modules_next_dist_client_0fhqo1d._.js:13959:30)
    at WebSocket.handleMessage (http://localhost:3000/_next/static/chunks/node_modules_next_dist_client_0fhqo1d._.js:13358:52) @ http://localhost:3000/_next/static/chunks/node_modules_next_dist_115brz8._.js:2477
[  722959ms] [LOG] [Fast Refresh] done in 581ms @ http://localhost:3000/_next/static/chunks/node_modules_next_dist_115brz8._.js:2477
[  723132ms] [LOG] [Fast Refresh] rebuilding @ http://localhost:3000/_next/static/chunks/node_modules_next_dist_115brz8._.js:2477
[  723543ms] [LOG] [Fast Refresh] done in 517ms @ http://localhost:3000/_next/static/chunks/node_modules_next_dist_115brz8._.js:2477
[  723720ms] [LOG] [Fast Refresh] rebuilding @ http://localhost:3000/_next/static/chunks/node_modules_next_dist_115brz8._.js:2477
[  723915ms] [LOG] [Fast Refresh] done in 305ms @ http://localhost:3000/_next/static/chunks/node_modules_next_dist_115brz8._.js:2477
[  724126ms] [LOG] [Fast Refresh] rebuilding @ http://localhost:3000/_next/static/chunks/node_modules_next_dist_115brz8._.js:2477
[  724379ms] [LOG] [Fast Refresh] done in 364ms @ http://localhost:3000/_next/static/chunks/node_modules_next_dist_115brz8._.js:2477
[  724496ms] [LOG] [Fast Refresh] rebuilding @ http://localhost:3000/_next/static/chunks/node_modules_next_dist_115brz8._.js:2477
[  724617ms] [LOG] [Fast Refresh] done in 236ms @ http://localhost:3000/_next/static/chunks/node_modules_next_dist_115brz8._.js:2477
[  724791ms] [LOG] [Fast Refresh] rebuilding @ http://localhost:3000/_next/static/chunks/node_modules_next_dist_115brz8._.js:2477
[  724838ms] [LOG] [Fast Refresh] done in 153ms @ http://localhost:3000/_next/static/chunks/node_modules_next_dist_115brz8._.js:2477
[  724967ms] [LOG] [Fast Refresh] rebuilding @ http://localhost:3000/_next/static/chunks/node_modules_next_dist_115brz8._.js:2477
[  725046ms] [LOG] [Fast Refresh] done in 180ms @ http://localhost:3000/_next/static/chunks/node_modules_next_dist_115brz8._.js:2477
[  725346ms] [LOG] [Fast Refresh] rebuilding @ http://localhost:3000/_next/static/chunks/node_modules_next_dist_115brz8._.js:2477
[  725347ms] [LOG] [Fast Refresh] done in 104ms @ http://localhost:3000/_next/static/chunks/node_modules_next_dist_115brz8._.js:2477
[  725620ms] [WARNING] You are trying to animate transformOrigin from "400.087px 100.3px" to "center top". "center top" is not an animatable value.. For more information and steps for solving, visit https://motion.dev/troubleshooting/value-not-animatable @ http://localhost:3000/_next/static/chunks/node_modules_next_dist_115brz8._.js:2477
[  728859ms] [LOG] [Fast Refresh] rebuilding @ http://localhost:3000/_next/static/chunks/node_modules_next_dist_115brz8._.js:2477
[  729008ms] [LOG] [Fast Refresh] done in 243ms @ http://localhost:3000/_next/static/chunks/node_modules_next_dist_115brz8._.js:2477
[  729168ms] [LOG] [Fast Refresh] rebuilding @ http://localhost:3000/_next/static/chunks/node_modules_next_dist_115brz8._.js:2477
[  729525ms] [LOG] [Fast Refresh] done in 468ms @ http://localhost:3000/_next/static/chunks/node_modules_next_dist_115brz8._.js:2477
[  729765ms] [LOG] [Fast Refresh] rebuilding @ http://localhost:3000/_next/static/chunks/node_modules_next_dist_115brz8._.js:2477
[  729873ms] [LOG] [Fast Refresh] done in 214ms @ http://localhost:3000/_next/static/chunks/node_modules_next_dist_115brz8._.js:2477
[  730153ms] [LOG] [Fast Refresh] rebuilding @ http://localhost:3000/_next/static/chunks/node_modules_next_dist_115brz8._.js:2477
[  730294ms] [LOG] [Fast Refresh] done in 244ms @ http://localhost:3000/_next/static/chunks/node_modules_next_dist_115brz8._.js:2477
[  730681ms] [LOG] [Fast Refresh] rebuilding @ http://localhost:3000/_next/static/chunks/node_modules_next_dist_115brz8._.js:2477
[  730898ms] [LOG] [Fast Refresh] done in 321ms @ http://localhost:3000/_next/static/chunks/node_modules_next_dist_115brz8._.js:2477
[  731026ms] [LOG] [Fast Refresh] rebuilding @ http://localhost:3000/_next/static/chunks/node_modules_next_dist_115brz8._.js:2477
[  731102ms] [LOG] [Fast Refresh] done in 177ms @ http://localhost:3000/_next/static/chunks/node_modules_next_dist_115brz8._.js:2477
[  731243ms] [LOG] [Fast Refresh] rebuilding @ http://localhost:3000/_next/static/chunks/node_modules_next_dist_115brz8._.js:2477
[  731311ms] [LOG] [Fast Refresh] done in 178ms @ http://localhost:3000/_next/static/chunks/node_modules_next_dist_115brz8._.js:2477
[  731489ms] [LOG] [Fast Refresh] rebuilding @ http://localhost:3000/_next/static/chunks/node_modules_next_dist_115brz8._.js:2477
[  731642ms] [LOG] [Fast Refresh] done in 267ms @ http://localhost:3000/_next/static/chunks/node_modules_next_dist_115brz8._.js:2477
[  731781ms] [LOG] [Fast Refresh] rebuilding @ http://localhost:3000/_next/static/chunks/node_modules_next_dist_115brz8._.js:2477
[  731784ms] [LOG] [Fast Refresh] done in 111ms @ http://localhost:3000/_next/static/chunks/node_modules_next_dist_115brz8._.js:2477
[  731907ms] [LOG] [Fast Refresh] rebuilding @ http://localhost:3000/_next/static/chunks/node_modules_next_dist_115brz8._.js:2477
[  731977ms] [LOG] [Fast Refresh] done in 175ms @ http://localhost:3000/_next/static/chunks/node_modules_next_dist_115brz8._.js:2477
[  732375ms] [LOG] [Fast Refresh] rebuilding @ http://localhost:3000/_next/static/chunks/node_modules_next_dist_115brz8._.js:2477
[  732444ms] [LOG] [Fast Refresh] done in 171ms @ http://localhost:3000/_next/static/chunks/node_modules_next_dist_115brz8._.js:2477
[  757655ms] [LOG] [Fast Refresh] rebuilding @ http://localhost:3000/_next/static/chunks/node_modules_next_dist_115brz8._.js:2477
[  757731ms] [LOG] [Fast Refresh] done in 165ms @ http://localhost:3000/_next/static/chunks/node_modules_next_dist_115brz8._.js:2477
[  757916ms] [LOG] [Fast Refresh] rebuilding @ http://localhost:3000/_next/static/chunks/node_modules_next_dist_115brz8._.js:2477
[  758282ms] [LOG] [Fast Refresh] done in 477ms @ http://localhost:3000/_next/static/chunks/node_modules_next_dist_115brz8._.js:2477
[  758535ms] [LOG] [Fast Refresh] rebuilding @ http://localhost:3000/_next/static/chunks/node_modules_next_dist_115brz8._.js:2477
[  758700ms] [LOG] [Fast Refresh] done in 279ms @ http://localhost:3000/_next/static/chunks/node_modules_next_dist_115brz8._.js:2477
[  768390ms] [LOG] [Fast Refresh] rebuilding @ http://localhost:3000/_next/static/chunks/node_modules_next_dist_115brz8._.js:2477
[  768464ms] [LOG] [Fast Refresh] done in 163ms @ http://localhost:3000/_next/static/chunks/node_modules_next_dist_115brz8._.js:2477
[  768623ms] [LOG] [Fast Refresh] rebuilding @ http://localhost:3000/_next/static/chunks/node_modules_next_dist_115brz8._.js:2477
[  769115ms] [LOG] [Fast Refresh] done in 602ms @ http://localhost:3000/_next/static/chunks/node_modules_next_dist_115brz8._.js:2477
[  769688ms] [LOG] [Fast Refresh] rebuilding @ http://localhost:3000/_next/static/chunks/node_modules_next_dist_115brz8._.js:2477
[  770186ms] [LOG] [Fast Refresh] done in 607ms @ http://localhost:3000/_next/static/chunks/node_modules_next_dist_115brz8._.js:2477
[  772004ms] [LOG] [Fast Refresh] rebuilding @ http://localhost:3000/_next/static/chunks/node_modules_next_dist_115brz8._.js:2477
[  772021ms] [LOG] [Fast Refresh] done in 118ms @ http://localhost:3000/_next/static/chunks/node_modules_next_dist_115brz8._.js:2477
[  779221ms] [LOG] [Fast Refresh] rebuilding @ http://localhost:3000/_next/static/chunks/node_modules_next_dist_115brz8._.js:2477
[  779284ms] [LOG] [Fast Refresh] done in 164ms @ http://localhost:3000/_next/static/chunks/node_modules_next_dist_115brz8._.js:2477
[  802340ms] [LOG] [Fast Refresh] rebuilding @ http://localhost:3000/_next/static/chunks/node_modules_next_dist_115brz8._.js:2477
[  802877ms] [LOG] [Fast Refresh] done in 642ms @ http://localhost:3000/_next/static/chunks/node_modules_next_dist_115brz8._.js:2477
