[    2260ms] [INFO] %cDownload the React DevTools for a better development experience: https://react.dev/link/react-devtools font-weight:bold @ http://localhost:3000/_next/static/chunks/node_modules_next_dist_115brz8._.js:2477
[    2278ms] [LOG] [HMR] connected @ http://localhost:3000/_next/static/chunks/node_modules_next_dist_115brz8._.js:2477
[    2419ms] [LOG] [Fast Refresh] rebuilding @ http://localhost:3000/_next/static/chunks/node_modules_next_dist_115brz8._.js:2477
[    2500ms] [LOG] [Fast Refresh] done in 188ms @ http://localhost:3000/_next/static/chunks/node_modules_next_dist_115brz8._.js:2477
[    4484ms] [LOG] [Fast Refresh] rebuilding @ http://localhost:3000/_next/static/chunks/node_modules_next_dist_115brz8._.js:2477
[    4518ms] [LOG] [Fast Refresh] done in 136ms @ http://localhost:3000/_next/static/chunks/node_modules_next_dist_115brz8._.js:2477
[   22940ms] [LOG] [Fast Refresh] rebuilding @ http://localhost:3000/_next/static/chunks/node_modules_next_dist_115brz8._.js:2477
[   23552ms] [LOG] [Fast Refresh] done in 675ms @ http://localhost:3000/_next/static/chunks/node_modules_next_dist_115brz8._.js:2477
[   23714ms] [LOG] [Fast Refresh] rebuilding @ http://localhost:3000/_next/static/chunks/node_modules_next_dist_115brz8._.js:2477
[   23970ms] [LOG] [Fast Refresh] done in 357ms @ http://localhost:3000/_next/static/chunks/node_modules_next_dist_115brz8._.js:2477
[   24087ms] [LOG] [Fast Refresh] rebuilding @ http://localhost:3000/_next/static/chunks/node_modules_next_dist_115brz8._.js:2477
[   24099ms] [LOG] [Fast Refresh] done in 114ms @ http://localhost:3000/_next/static/chunks/node_modules_next_dist_115brz8._.js:2477
[   24219ms] [LOG] [Fast Refresh] rebuilding @ http://localhost:3000/_next/static/chunks/node_modules_next_dist_115brz8._.js:2477
[   24221ms] [LOG] [Fast Refresh] done in 106ms @ http://localhost:3000/_next/static/chunks/node_modules_next_dist_115brz8._.js:2477
[   33309ms] [LOG] [Fast Refresh] rebuilding @ http://localhost:3000/_next/static/chunks/node_modules_next_dist_115brz8._.js:2477
[   33392ms] [LOG] [Fast Refresh] done in 172ms @ http://localhost:3000/_next/static/chunks/node_modules_next_dist_115brz8._.js:2477
[   33610ms] [LOG] [Fast Refresh] rebuilding @ http://localhost:3000/_next/static/chunks/node_modules_next_dist_115brz8._.js:2477
[   33782ms] [LOG] [Fast Refresh] done in 277ms @ http://localhost:3000/_next/static/chunks/node_modules_next_dist_115brz8._.js:2477
[   42525ms] [LOG] [Fast Refresh] rebuilding @ http://localhost:3000/_next/static/chunks/node_modules_next_dist_115brz8._.js:2477
[   42541ms] [LOG] [Fast Refresh] done in 108ms @ http://localhost:3000/_next/static/chunks/node_modules_next_dist_115brz8._.js:2477
[   42748ms] [LOG] [Fast Refresh] rebuilding @ http://localhost:3000/_next/static/chunks/node_modules_next_dist_115brz8._.js:2477
[   42896ms] [LOG] [Fast Refresh] done in 254ms @ http://localhost:3000/_next/static/chunks/node_modules_next_dist_115brz8._.js:2477
[   64382ms] [LOG] [Fast Refresh] rebuilding @ http://localhost:3000/_next/static/chunks/node_modules_next_dist_115brz8._.js:2477
[   64400ms] [LOG] [Fast Refresh] done in 112ms @ http://localhost:3000/_next/static/chunks/node_modules_next_dist_115brz8._.js:2477
[   64505ms] [LOG] [Fast Refresh] rebuilding @ http://localhost:3000/_next/static/chunks/node_modules_next_dist_115brz8._.js:2477
[   64521ms] [LOG] [Fast Refresh] done in 120ms @ http://localhost:3000/_next/static/chunks/node_modules_next_dist_115brz8._.js:2477
[   64627ms] [LOG] [Fast Refresh] rebuilding @ http://localhost:3000/_next/static/chunks/node_modules_next_dist_115brz8._.js:2477
[   65118ms] [LOG] [Fast Refresh] done in 593ms @ http://localhost:3000/_next/static/chunks/node_modules_next_dist_115brz8._.js:2477
[   65242ms] [LOG] [Fast Refresh] rebuilding @ http://localhost:3000/_next/static/chunks/node_modules_next_dist_115brz8._.js:2477
[   65270ms] [LOG] [Fast Refresh] done in 127ms @ http://localhost:3000/_next/static/chunks/node_modules_next_dist_115brz8._.js:2477
[   78291ms] [LOG] [Fast Refresh] rebuilding @ http://localhost:3000/_next/static/chunks/node_modules_next_dist_115brz8._.js:2477
[   78474ms] [ERROR] ./components/motion/interactions.ts:3:1
Export setStyle doesn't exist in target module
  1 | import { animate } from "motion"
  2 | import { DUR, EASE } from "./tokens"
> 3 | import { setStyle, clearStyle } from "./dom"
    | ^^^^^^^^^^^^^^^^^^^^^^^^^^^^^^^^^^^^^^^^^^^^
  4 |
  5 | /**
  6 |  * Interactive behaviours — the layer that responds to input rather than to scroll.

The export setStyle was not found in module [project]/components/motion/dom.ts [app-client] (ecmascript).
Did you mean to import setStyles?
All exports of the module are statically known (It doesn't have dynamic exports). So it's known statically that the requested export doesn't exist.

Import traces:
  Client Component Browser:
    ./components/motion/interactions.ts [Client Component Browser]
    ./components/motion/anime-scope.tsx [Client Component Browser]
    ./components/motion/anime-scope.tsx [Server Component]
    ./app/[locale]/page.tsx [Server Component]

  Client Component SSR:
    ./components/motion/interactions.ts [Client Component SSR]
    ./components/motion/anime-scope.tsx [Client Component SSR]
    ./components/motion/anime-scope.tsx [Server Component]
    ./app/[locale]/page.tsx [Server Component] @ http://localhost:3000/_next/static/chunks/node_modules_next_dist_115brz8._.js:3318
[   78475ms] [ERROR] ./components/motion/interactions.ts:3:1
Export setStyle doesn't exist in target module
  1 | import { animate } from "motion"
  2 | import { DUR, EASE } from "./tokens"
> 3 | import { setStyle, clearStyle } from "./dom"
    | ^^^^^^^^^^^^^^^^^^^^^^^^^^^^^^^^^^^^^^^^^^^^
  4 |
  5 | /**
  6 |  * Interactive behaviours — the layer that responds to input rather than to scroll.

The export setStyle was not found in module [project]/components/motion/dom.ts [app-ssr] (ecmascript).
Did you mean to import setStyles?
All exports of the module are statically known (It doesn't have dynamic exports). So it's known statically that the requested export doesn't exist.

Import traces:
  Client Component Browser:
    ./components/motion/interactions.ts [Client Component Browser]
    ./components/motion/anime-scope.tsx [Client Component Browser]
    ./components/motion/anime-scope.tsx [Server Component]
    ./app/[locale]/page.tsx [Server Component]

  Client Component SSR:
    ./components/motion/interactions.ts [Client Component SSR]
    ./components/motion/anime-scope.tsx [Client Component SSR]
    ./components/motion/anime-scope.tsx [Server Component]
    ./app/[locale]/page.tsx [Server Component] @ http://localhost:3000/_next/static/chunks/node_modules_next_dist_115brz8._.js:3318
[   78648ms] [LOG] [Fast Refresh] rebuilding @ http://localhost:3000/_next/static/chunks/node_modules_next_dist_115brz8._.js:2477
[   78878ms] [ERROR] ./components/motion/interactions.ts:3:1
Export setStyle doesn't exist in target module
  1 | import { animate } from "motion"
  2 | import { DUR, EASE } from "./tokens"
> 3 | import { setStyle, clearStyle } from "./dom"
    | ^^^^^^^^^^^^^^^^^^^^^^^^^^^^^^^^^^^^^^^^^^^^
  4 |
  5 | /**
  6 |  * Interactive behaviours — the layer that responds to input rather than to scroll.

The export setStyle was not found in module [project]/components/motion/dom.ts [app-client] (ecmascript).
Did you mean to import setStyles?
All exports of the module are statically known (It doesn't have dynamic exports). So it's known statically that the requested export doesn't exist.

Import traces:
  Client Component Browser:
    ./components/motion/interactions.ts [Client Component Browser]
    ./components/motion/anime-scope.tsx [Client Component Browser]
    ./components/motion/anime-scope.tsx [Server Component]
    ./app/[locale]/page.tsx [Server Component]

  Client Component SSR:
    ./components/motion/interactions.ts [Client Component SSR]
    ./components/motion/anime-scope.tsx [Client Component SSR]
    ./components/motion/anime-scope.tsx [Server Component]
    ./app/[locale]/page.tsx [Server Component] @ http://localhost:3000/_next/static/chunks/node_modules_next_dist_115brz8._.js:3318
[   78878ms] [ERROR] ./components/motion/interactions.ts:3:1
Export setStyle doesn't exist in target module
  1 | import { animate } from "motion"
  2 | import { DUR, EASE } from "./tokens"
> 3 | import { setStyle, clearStyle } from "./dom"
    | ^^^^^^^^^^^^^^^^^^^^^^^^^^^^^^^^^^^^^^^^^^^^
  4 |
  5 | /**
  6 |  * Interactive behaviours — the layer that responds to input rather than to scroll.

The export setStyle was not found in module [project]/components/motion/dom.ts [app-ssr] (ecmascript).
Did you mean to import setStyles?
All exports of the module are statically known (It doesn't have dynamic exports). So it's known statically that the requested export doesn't exist.

Import traces:
  Client Component Browser:
    ./components/motion/interactions.ts [Client Component Browser]
    ./components/motion/anime-scope.tsx [Client Component Browser]
    ./components/motion/anime-scope.tsx [Server Component]
    ./app/[locale]/page.tsx [Server Component]

  Client Component SSR:
    ./components/motion/interactions.ts [Client Component SSR]
    ./components/motion/anime-scope.tsx [Client Component SSR]
    ./components/motion/anime-scope.tsx [Server Component]
    ./app/[locale]/page.tsx [Server Component] @ http://localhost:3000/_next/static/chunks/node_modules_next_dist_115brz8._.js:3318
[   78881ms] [ERROR] ./components/motion/interactions.ts:3:1
Export setStyle doesn't exist in target module
  1 | import { animate } from "motion"
  2 | import { DUR, EASE } from "./tokens"
> 3 | import { setStyle, clearStyle } from "./dom"
    | ^^^^^^^^^^^^^^^^^^^^^^^^^^^^^^^^^^^^^^^^^^^^
  4 |
  5 | /**
  6 |  * Interactive behaviours — the layer that responds to input rather than to scroll.

The export setStyle was not found in module [project]/components/motion/dom.ts [app-client] (ecmascript).
Did you mean to import setStyles?
All exports of the module are statically known (It doesn't have dynamic exports). So it's known statically that the requested export doesn't exist.

Import traces:
  Client Component Browser:
    ./components/motion/interactions.ts [Client Component Browser]
    ./components/motion/anime-scope.tsx [Client Component Browser]
    ./components/motion/anime-scope.tsx [Server Component]
    ./app/[locale]/page.tsx [Server Component]

  Client Component SSR:
    ./components/motion/interactions.ts [Client Component SSR]
    ./components/motion/anime-scope.tsx [Client Component SSR]
    ./components/motion/anime-scope.tsx [Server Component]
    ./app/[locale]/page.tsx [Server Component] @ http://localhost:3000/_next/static/chunks/node_modules_next_dist_115brz8._.js:3318
[   78882ms] [ERROR] ./components/motion/interactions.ts:3:1
Export setStyle doesn't exist in target module
  1 | import { animate } from "motion"
  2 | import { DUR, EASE } from "./tokens"
> 3 | import { setStyle, clearStyle } from "./dom"
    | ^^^^^^^^^^^^^^^^^^^^^^^^^^^^^^^^^^^^^^^^^^^^
  4 |
  5 | /**
  6 |  * Interactive behaviours — the layer that responds to input rather than to scroll.

The export setStyle was not found in module [project]/components/motion/dom.ts [app-ssr] (ecmascript).
Did you mean to import setStyles?
All exports of the module are statically known (It doesn't have dynamic exports). So it's known statically that the requested export doesn't exist.

Import traces:
  Client Component Browser:
    ./components/motion/interactions.ts [Client Component Browser]
    ./components/motion/anime-scope.tsx [Client Component Browser]
    ./components/motion/anime-scope.tsx [Server Component]
    ./app/[locale]/page.tsx [Server Component]

  Client Component SSR:
    ./components/motion/interactions.ts [Client Component SSR]
    ./components/motion/anime-scope.tsx [Client Component SSR]
    ./components/motion/anime-scope.tsx [Server Component]
    ./app/[locale]/page.tsx [Server Component] @ http://localhost:3000/_next/static/chunks/node_modules_next_dist_115brz8._.js:3318
[   78884ms] [ERROR] ./components/motion/interactions.ts:3:1
Export setStyle doesn't exist in target module
  1 | import { animate } from "motion"
  2 | import { DUR, EASE } from "./tokens"
> 3 | import { setStyle, clearStyle } from "./dom"
    | ^^^^^^^^^^^^^^^^^^^^^^^^^^^^^^^^^^^^^^^^^^^^
  4 |
  5 | /**
  6 |  * Interactive behaviours — the layer that responds to input rather than to scroll.

The export setStyle was not found in module [project]/components/motion/dom.ts [app-client] (ecmascript).
Did you mean to import setStyles?
All exports of the module are statically known (It doesn't have dynamic exports). So it's known statically that the requested export doesn't exist.

Import traces:
  Client Component Browser:
    ./components/motion/interactions.ts [Client Component Browser]
    ./components/motion/anime-scope.tsx [Client Component Browser]
    ./components/motion/anime-scope.tsx [Server Component]
    ./app/[locale]/page.tsx [Server Component]

  Client Component SSR:
    ./components/motion/interactions.ts [Client Component SSR]
    ./components/motion/anime-scope.tsx [Client Component SSR]
    ./components/motion/anime-scope.tsx [Server Component]
    ./app/[locale]/page.tsx [Server Component] @ http://localhost:3000/_next/static/chunks/node_modules_next_dist_115brz8._.js:3318
[   78884ms] [ERROR] ./components/motion/interactions.ts:3:1
Export setStyle doesn't exist in target module
  1 | import { animate } from "motion"
  2 | import { DUR, EASE } from "./tokens"
> 3 | import { setStyle, clearStyle } from "./dom"
    | ^^^^^^^^^^^^^^^^^^^^^^^^^^^^^^^^^^^^^^^^^^^^
  4 |
  5 | /**
  6 |  * Interactive behaviours — the layer that responds to input rather than to scroll.

The export setStyle was not found in module [project]/components/motion/dom.ts [app-ssr] (ecmascript).
Did you mean to import setStyles?
All exports of the module are statically known (It doesn't have dynamic exports). So it's known statically that the requested export doesn't exist.

Import traces:
  Client Component Browser:
    ./components/motion/interactions.ts [Client Component Browser]
    ./components/motion/anime-scope.tsx [Client Component Browser]
    ./components/motion/anime-scope.tsx [Server Component]
    ./app/[locale]/page.tsx [Server Component]

  Client Component SSR:
    ./components/motion/interactions.ts [Client Component SSR]
    ./components/motion/anime-scope.tsx [Client Component SSR]
    ./components/motion/anime-scope.tsx [Server Component]
    ./app/[locale]/page.tsx [Server Component] @ http://localhost:3000/_next/static/chunks/node_modules_next_dist_115brz8._.js:3318
[   78992ms] [LOG] [Fast Refresh] rebuilding @ http://localhost:3000/_next/static/chunks/node_modules_next_dist_115brz8._.js:2477
[   79122ms] [ERROR] ./components/motion/interactions.ts:3:1
Export setStyle doesn't exist in target module
  1 | import { animate } from "motion"
  2 | import { DUR, EASE } from "./tokens"
> 3 | import { setStyle, clearStyle } from "./dom"
    | ^^^^^^^^^^^^^^^^^^^^^^^^^^^^^^^^^^^^^^^^^^^^
  4 |
  5 | /**
  6 |  * Interactive behaviours — the layer that responds to input rather than to scroll.

The export setStyle was not found in module [project]/components/motion/dom.ts [app-client] (ecmascript).
Did you mean to import setStyles?
All exports of the module are statically known (It doesn't have dynamic exports). So it's known statically that the requested export doesn't exist.

Import traces:
  Client Component Browser:
    ./components/motion/interactions.ts [Client Component Browser]
    ./components/motion/anime-scope.tsx [Client Component Browser]
    ./components/motion/anime-scope.tsx [Server Component]
    ./app/[locale]/page.tsx [Server Component]

  Client Component SSR:
    ./components/motion/interactions.ts [Client Component SSR]
    ./components/motion/anime-scope.tsx [Client Component SSR]
    ./components/motion/anime-scope.tsx [Server Component]
    ./app/[locale]/page.tsx [Server Component] @ http://localhost:3000/_next/static/chunks/node_modules_next_dist_115brz8._.js:3318
[   79122ms] [ERROR] ./components/motion/interactions.ts:3:1
Export setStyle doesn't exist in target module
  1 | import { animate } from "motion"
  2 | import { DUR, EASE } from "./tokens"
> 3 | import { setStyle, clearStyle } from "./dom"
    | ^^^^^^^^^^^^^^^^^^^^^^^^^^^^^^^^^^^^^^^^^^^^
  4 |
  5 | /**
  6 |  * Interactive behaviours — the layer that responds to input rather than to scroll.

The export setStyle was not found in module [project]/components/motion/dom.ts [app-ssr] (ecmascript).
Did you mean to import setStyles?
All exports of the module are statically known (It doesn't have dynamic exports). So it's known statically that the requested export doesn't exist.

Import traces:
  Client Component Browser:
    ./components/motion/interactions.ts [Client Component Browser]
    ./components/motion/anime-scope.tsx [Client Component Browser]
    ./components/motion/anime-scope.tsx [Server Component]
    ./app/[locale]/page.tsx [Server Component]

  Client Component SSR:
    ./components/motion/interactions.ts [Client Component SSR]
    ./components/motion/anime-scope.tsx [Client Component SSR]
    ./components/motion/anime-scope.tsx [Server Component]
    ./app/[locale]/page.tsx [Server Component] @ http://localhost:3000/_next/static/chunks/node_modules_next_dist_115brz8._.js:3318
[   79124ms] [ERROR] ./components/motion/interactions.ts:3:1
Export setStyle doesn't exist in target module
  1 | import { animate } from "motion"
  2 | import { DUR, EASE } from "./tokens"
> 3 | import { setStyle, clearStyle } from "./dom"
    | ^^^^^^^^^^^^^^^^^^^^^^^^^^^^^^^^^^^^^^^^^^^^
  4 |
  5 | /**
  6 |  * Interactive behaviours — the layer that responds to input rather than to scroll.

The export setStyle was not found in module [project]/components/motion/dom.ts [app-client] (ecmascript).
Did you mean to import setStyles?
All exports of the module are statically known (It doesn't have dynamic exports). So it's known statically that the requested export doesn't exist.

Import traces:
  Client Component Browser:
    ./components/motion/interactions.ts [Client Component Browser]
    ./components/motion/anime-scope.tsx [Client Component Browser]
    ./components/motion/anime-scope.tsx [Server Component]
    ./app/[locale]/page.tsx [Server Component]

  Client Component SSR:
    ./components/motion/interactions.ts [Client Component SSR]
    ./components/motion/anime-scope.tsx [Client Component SSR]
    ./components/motion/anime-scope.tsx [Server Component]
    ./app/[locale]/page.tsx [Server Component] @ http://localhost:3000/_next/static/chunks/node_modules_next_dist_115brz8._.js:3318
[   79124ms] [ERROR] ./components/motion/interactions.ts:3:1
Export setStyle doesn't exist in target module
  1 | import { animate } from "motion"
  2 | import { DUR, EASE } from "./tokens"
> 3 | import { setStyle, clearStyle } from "./dom"
    | ^^^^^^^^^^^^^^^^^^^^^^^^^^^^^^^^^^^^^^^^^^^^
  4 |
  5 | /**
  6 |  * Interactive behaviours — the layer that responds to input rather than to scroll.

The export setStyle was not found in module [project]/components/motion/dom.ts [app-ssr] (ecmascript).
Did you mean to import setStyles?
All exports of the module are statically known (It doesn't have dynamic exports). So it's known statically that the requested export doesn't exist.

Import traces:
  Client Component Browser:
    ./components/motion/interactions.ts [Client Component Browser]
    ./components/motion/anime-scope.tsx [Client Component Browser]
    ./components/motion/anime-scope.tsx [Server Component]
    ./app/[locale]/page.tsx [Server Component]

  Client Component SSR:
    ./components/motion/interactions.ts [Client Component SSR]
    ./components/motion/anime-scope.tsx [Client Component SSR]
    ./components/motion/anime-scope.tsx [Server Component]
    ./app/[locale]/page.tsx [Server Component] @ http://localhost:3000/_next/static/chunks/node_modules_next_dist_115brz8._.js:3318
[   79125ms] [ERROR] Failed to load resource: the server responded with a status of 500 (Internal Server Error) @ http://localhost:3000/?_rsc=yWTPUyHVHtWLudsj:0
[   79230ms] [ERROR] Failed to load resource: the server responded with a status of 500 (Internal Server Error) @ http://localhost:3000/:0
[   79268ms] [ERROR] Refused to execute script from 'http://localhost:3000/_next/static/development/_clientMiddlewareManifest.js' because its MIME type ('application/json') is not executable, and strict MIME type checking is enabled. @ http://localhost:3000/:0
[   79362ms] [INFO] %cDownload the React DevTools for a better development experience: https://react.dev/link/react-devtools font-weight:bold @ http://localhost:3000/_next/static/chunks/node_modules_react-dom_cjs_react-dom-client_development_0z3nh7o.js:16702
[   79427ms] Error: ./components/motion/interactions.ts:3:1
Export setStyle doesn't exist in target module
  1 | import { animate } from "motion"
  2 | import { DUR, EASE } from "./tokens"
> 3 | import { setStyle, clearStyle } from "./dom"
    | ^^^^^^^^^^^^^^^^^^^^^^^^^^^^^^^^^^^^^^^^^^^^
  4 |
  5 | /**
  6 |  * Interactive behaviours — the layer that responds to input rather than to scroll.

The export setStyle was not found in module [project]/components/motion/dom.ts [app-client] (ecmascript).
Did you mean to import setStyles?
All exports of the module are statically known (It doesn't have dynamic exports). So it's known statically that the requested export doesn't exist.

Import traces:
  Client Component Browser:
    ./components/motion/interactions.ts [Client Component Browser]
    ./components/motion/anime-scope.tsx [Client Component Browser]
    ./components/motion/anime-scope.tsx [Server Component]
    ./app/[locale]/page.tsx [Server Component]

  Client Component SSR:
    ./components/motion/interactions.ts [Client Component SSR]
    ./components/motion/anime-scope.tsx [Client Component SSR]
    ./components/motion/anime-scope.tsx [Server Component]
    ./app/[locale]/page.tsx [Server Component]


    at <unknown> (Error: ./components/motion/interactions.ts:3:1)
    at Object.getCompilationErrors (file://C:\Users\Ibra\Documents\GitHub\sana\node_modules\next\dist\server\dev\hot-reloader-turbopack.js:1186:59)
    at DevBundlerService.getCompilationError (file://C:\Users\Ibra\Documents\GitHub\sana\node_modules\next\dist\server\lib\dev-bundler-service.js:44:55)
    at DevServer.getCompilationError (file://C:\Users\Ibra\Documents\GitHub\sana\node_modules\next\dist\server\dev\next-dev-server.js:720:42)
    at DevServer.findPageComponents (file://C:\Users\Ibra\Documents\GitHub\sana\node_modules\next\dist\server\dev\next-dev-server.js:690:43)
    at async DevServer.renderErrorToResponseImpl (file://C:\Users\Ibra\Documents\GitHub\sana\node_modules\next\dist\server\base-server.js:1753:26)
[   79427ms] [LOG] [HMR] connected @ http://localhost:3000/_next/static/chunks/node_modules_next_dist_0u_w_5s._.js:1226
[   79431ms] [ERROR] ./components/motion/interactions.ts:3:1
Export setStyle doesn't exist in target module
  1 | import { animate } from "motion"
  2 | import { DUR, EASE } from "./tokens"
> 3 | import { setStyle, clearStyle } from "./dom"
    | ^^^^^^^^^^^^^^^^^^^^^^^^^^^^^^^^^^^^^^^^^^^^
  4 |
  5 | /**
  6 |  * Interactive behaviours — the layer that responds to input rather than to scroll.

The export setStyle was not found in module [project]/components/motion/dom.ts [app-client] (ecmascript).
Did you mean to import setStyles?
All exports of the module are statically known (It doesn't have dynamic exports). So it's known statically that the requested export doesn't exist.

Import traces:
  Client Component Browser:
    ./components/motion/interactions.ts [Client Component Browser]
    ./components/motion/anime-scope.tsx [Client Component Browser]
    ./components/motion/anime-scope.tsx [Server Component]
    ./app/[locale]/page.tsx [Server Component]

  Client Component SSR:
    ./components/motion/interactions.ts [Client Component SSR]
    ./components/motion/anime-scope.tsx [Client Component SSR]
    ./components/motion/anime-scope.tsx [Server Component]
    ./app/[locale]/page.tsx [Server Component] @ http://localhost:3000/_next/static/chunks/node_modules_next_dist_0u_w_5s._.js:1945
[   79431ms] [ERROR] ./components/motion/interactions.ts:3:1
Export setStyle doesn't exist in target module
  1 | import { animate } from "motion"
  2 | import { DUR, EASE } from "./tokens"
> 3 | import { setStyle, clearStyle } from "./dom"
    | ^^^^^^^^^^^^^^^^^^^^^^^^^^^^^^^^^^^^^^^^^^^^
  4 |
  5 | /**
  6 |  * Interactive behaviours — the layer that responds to input rather than to scroll.

The export setStyle was not found in module [project]/components/motion/dom.ts [app-ssr] (ecmascript).
Did you mean to import setStyles?
All exports of the module are statically known (It doesn't have dynamic exports). So it's known statically that the requested export doesn't exist.

Import traces:
  Client Component Browser:
    ./components/motion/interactions.ts [Client Component Browser]
    ./components/motion/anime-scope.tsx [Client Component Browser]
    ./components/motion/anime-scope.tsx [Server Component]
    ./app/[locale]/page.tsx [Server Component]

  Client Component SSR:
    ./components/motion/interactions.ts [Client Component SSR]
    ./components/motion/anime-scope.tsx [Client Component SSR]
    ./components/motion/anime-scope.tsx [Server Component]
    ./app/[locale]/page.tsx [Server Component] @ http://localhost:3000/_next/static/chunks/node_modules_next_dist_0u_w_5s._.js:1945
[   79443ms] [ERROR] Failed to load resource: the server responded with a status of 500 (Internal Server Error) @ http://localhost:3000/favicon.ico:0
[   79507ms] [ERROR] ./components/motion/interactions.ts:3:1
Export setStyle doesn't exist in target module
  1 | import { animate } from "motion"
  2 | import { DUR, EASE } from "./tokens"
> 3 | import { setStyle, clearStyle } from "./dom"
    | ^^^^^^^^^^^^^^^^^^^^^^^^^^^^^^^^^^^^^^^^^^^^
  4 |
  5 | /**
  6 |  * Interactive behaviours — the layer that responds to input rather than to scroll.

The export setStyle was not found in module [project]/components/motion/dom.ts [app-client] (ecmascript).
Did you mean to import setStyles?
All exports of the module are statically known (It doesn't have dynamic exports). So it's known statically that the requested export doesn't exist.

Import traces:
  Client Component Browser:
    ./components/motion/interactions.ts [Client Component Browser]
    ./components/motion/anime-scope.tsx [Client Component Browser]
    ./components/motion/anime-scope.tsx [Server Component]
    ./app/[locale]/page.tsx [Server Component]

  Client Component SSR:
    ./components/motion/interactions.ts [Client Component SSR]
    ./components/motion/anime-scope.tsx [Client Component SSR]
    ./components/motion/anime-scope.tsx [Server Component]
    ./app/[locale]/page.tsx [Server Component] @ http://localhost:3000/_next/static/chunks/node_modules_next_dist_0u_w_5s._.js:1945
[   79507ms] [ERROR] ./components/motion/interactions.ts:3:1
Export setStyle doesn't exist in target module
  1 | import { animate } from "motion"
  2 | import { DUR, EASE } from "./tokens"
> 3 | import { setStyle, clearStyle } from "./dom"
    | ^^^^^^^^^^^^^^^^^^^^^^^^^^^^^^^^^^^^^^^^^^^^
  4 |
  5 | /**
  6 |  * Interactive behaviours — the layer that responds to input rather than to scroll.

The export setStyle was not found in module [project]/components/motion/dom.ts [app-ssr] (ecmascript).
Did you mean to import setStyles?
All exports of the module are statically known (It doesn't have dynamic exports). So it's known statically that the requested export doesn't exist.

Import traces:
  Client Component Browser:
    ./components/motion/interactions.ts [Client Component Browser]
    ./components/motion/anime-scope.tsx [Client Component Browser]
    ./components/motion/anime-scope.tsx [Server Component]
    ./app/[locale]/page.tsx [Server Component]

  Client Component SSR:
    ./components/motion/interactions.ts [Client Component SSR]
    ./components/motion/anime-scope.tsx [Client Component SSR]
    ./components/motion/anime-scope.tsx [Server Component]
    ./app/[locale]/page.tsx [Server Component] @ http://localhost:3000/_next/static/chunks/node_modules_next_dist_0u_w_5s._.js:1945
[   79570ms] [ERROR] ./components/motion/interactions.ts:3:1
Export setStyle doesn't exist in target module
  1 | import { animate } from "motion"
  2 | import { DUR, EASE } from "./tokens"
> 3 | import { setStyle, clearStyle } from "./dom"
    | ^^^^^^^^^^^^^^^^^^^^^^^^^^^^^^^^^^^^^^^^^^^^
  4 |
  5 | /**
  6 |  * Interactive behaviours — the layer that responds to input rather than to scroll.

The export setStyle was not found in module [project]/components/motion/dom.ts [app-client] (ecmascript).
Did you mean to import setStyles?
All exports of the module are statically known (It doesn't have dynamic exports). So it's known statically that the requested export doesn't exist.

Import traces:
  Client Component Browser:
    ./components/motion/interactions.ts [Client Component Browser]
    ./components/motion/anime-scope.tsx [Client Component Browser]
    ./components/motion/anime-scope.tsx [Server Component]
    ./app/[locale]/page.tsx [Server Component]

  Client Component SSR:
    ./components/motion/interactions.ts [Client Component SSR]
    ./components/motion/anime-scope.tsx [Client Component SSR]
    ./components/motion/anime-scope.tsx [Server Component]
    ./app/[locale]/page.tsx [Server Component] @ http://localhost:3000/_next/static/chunks/node_modules_next_dist_0u_w_5s._.js:1945
[   79570ms] [ERROR] ./components/motion/interactions.ts:3:1
Export setStyle doesn't exist in target module
  1 | import { animate } from "motion"
  2 | import { DUR, EASE } from "./tokens"
> 3 | import { setStyle, clearStyle } from "./dom"
    | ^^^^^^^^^^^^^^^^^^^^^^^^^^^^^^^^^^^^^^^^^^^^
  4 |
  5 | /**
  6 |  * Interactive behaviours — the layer that responds to input rather than to scroll.

The export setStyle was not found in module [project]/components/motion/dom.ts [app-ssr] (ecmascript).
Did you mean to import setStyles?
All exports of the module are statically known (It doesn't have dynamic exports). So it's known statically that the requested export doesn't exist.

Import traces:
  Client Component Browser:
    ./components/motion/interactions.ts [Client Component Browser]
    ./components/motion/anime-scope.tsx [Client Component Browser]
    ./components/motion/anime-scope.tsx [Server Component]
    ./app/[locale]/page.tsx [Server Component]

  Client Component SSR:
    ./components/motion/interactions.ts [Client Component SSR]
    ./components/motion/anime-scope.tsx [Client Component SSR]
    ./components/motion/anime-scope.tsx [Server Component]
    ./app/[locale]/page.tsx [Server Component] @ http://localhost:3000/_next/static/chunks/node_modules_next_dist_0u_w_5s._.js:1945
[   79630ms] [ERROR] ./components/motion/interactions.ts:3:1
Export setStyle doesn't exist in target module
  1 | import { animate } from "motion"
  2 | import { DUR, EASE } from "./tokens"
> 3 | import { setStyle, clearStyle } from "./dom"
    | ^^^^^^^^^^^^^^^^^^^^^^^^^^^^^^^^^^^^^^^^^^^^
  4 |
  5 | /**
  6 |  * Interactive behaviours — the layer that responds to input rather than to scroll.

The export setStyle was not found in module [project]/components/motion/dom.ts [app-client] (ecmascript).
Did you mean to import setStyles?
All exports of the module are statically known (It doesn't have dynamic exports). So it's known statically that the requested export doesn't exist.

Import traces:
  Client Component Browser:
    ./components/motion/interactions.ts [Client Component Browser]
    ./components/motion/anime-scope.tsx [Client Component Browser]
    ./components/motion/anime-scope.tsx [Server Component]
    ./app/[locale]/page.tsx [Server Component]

  Client Component SSR:
    ./components/motion/interactions.ts [Client Component SSR]
    ./components/motion/anime-scope.tsx [Client Component SSR]
    ./components/motion/anime-scope.tsx [Server Component]
    ./app/[locale]/page.tsx [Server Component] @ http://localhost:3000/_next/static/chunks/node_modules_next_dist_0u_w_5s._.js:1945
[   79630ms] [ERROR] ./components/motion/interactions.ts:3:1
Export setStyle doesn't exist in target module
  1 | import { animate } from "motion"
  2 | import { DUR, EASE } from "./tokens"
> 3 | import { setStyle, clearStyle } from "./dom"
    | ^^^^^^^^^^^^^^^^^^^^^^^^^^^^^^^^^^^^^^^^^^^^
  4 |
  5 | /**
  6 |  * Interactive behaviours — the layer that responds to input rather than to scroll.

The export setStyle was not found in module [project]/components/motion/dom.ts [app-ssr] (ecmascript).
Did you mean to import setStyles?
All exports of the module are statically known (It doesn't have dynamic exports). So it's known statically that the requested export doesn't exist.

Import traces:
  Client Component Browser:
    ./components/motion/interactions.ts [Client Component Browser]
    ./components/motion/anime-scope.tsx [Client Component Browser]
    ./components/motion/anime-scope.tsx [Server Component]
    ./app/[locale]/page.tsx [Server Component]

  Client Component SSR:
    ./components/motion/interactions.ts [Client Component SSR]
    ./components/motion/anime-scope.tsx [Client Component SSR]
    ./components/motion/anime-scope.tsx [Server Component]
    ./app/[locale]/page.tsx [Server Component] @ http://localhost:3000/_next/static/chunks/node_modules_next_dist_0u_w_5s._.js:1945
[   79690ms] [ERROR] ./components/motion/interactions.ts:3:1
Export setStyle doesn't exist in target module
  1 | import { animate } from "motion"
  2 | import { DUR, EASE } from "./tokens"
> 3 | import { setStyle, clearStyle } from "./dom"
    | ^^^^^^^^^^^^^^^^^^^^^^^^^^^^^^^^^^^^^^^^^^^^
  4 |
  5 | /**
  6 |  * Interactive behaviours — the layer that responds to input rather than to scroll.

The export setStyle was not found in module [project]/components/motion/dom.ts [app-client] (ecmascript).
Did you mean to import setStyles?
All exports of the module are statically known (It doesn't have dynamic exports). So it's known statically that the requested export doesn't exist.

Import traces:
  Client Component Browser:
    ./components/motion/interactions.ts [Client Component Browser]
    ./components/motion/anime-scope.tsx [Client Component Browser]
    ./components/motion/anime-scope.tsx [Server Component]
    ./app/[locale]/page.tsx [Server Component]

  Client Component SSR:
    ./components/motion/interactions.ts [Client Component SSR]
    ./components/motion/anime-scope.tsx [Client Component SSR]
    ./components/motion/anime-scope.tsx [Server Component]
    ./app/[locale]/page.tsx [Server Component] @ http://localhost:3000/_next/static/chunks/node_modules_next_dist_0u_w_5s._.js:1945
[   79691ms] [ERROR] ./components/motion/interactions.ts:3:1
Export setStyle doesn't exist in target module
  1 | import { animate } from "motion"
  2 | import { DUR, EASE } from "./tokens"
> 3 | import { setStyle, clearStyle } from "./dom"
    | ^^^^^^^^^^^^^^^^^^^^^^^^^^^^^^^^^^^^^^^^^^^^
  4 |
  5 | /**
  6 |  * Interactive behaviours — the layer that responds to input rather than to scroll.

The export setStyle was not found in module [project]/components/motion/dom.ts [app-ssr] (ecmascript).
Did you mean to import setStyles?
All exports of the module are statically known (It doesn't have dynamic exports). So it's known statically that the requested export doesn't exist.

Import traces:
  Client Component Browser:
    ./components/motion/interactions.ts [Client Component Browser]
    ./components/motion/anime-scope.tsx [Client Component Browser]
    ./components/motion/anime-scope.tsx [Server Component]
    ./app/[locale]/page.tsx [Server Component]

  Client Component SSR:
    ./components/motion/interactions.ts [Client Component SSR]
    ./components/motion/anime-scope.tsx [Client Component SSR]
    ./components/motion/anime-scope.tsx [Server Component]
    ./app/[locale]/page.tsx [Server Component] @ http://localhost:3000/_next/static/chunks/node_modules_next_dist_0u_w_5s._.js:1945
[   79752ms] [ERROR] ./components/motion/interactions.ts:3:1
Export setStyle doesn't exist in target module
  1 | import { animate } from "motion"
  2 | import { DUR, EASE } from "./tokens"
> 3 | import { setStyle, clearStyle } from "./dom"
    | ^^^^^^^^^^^^^^^^^^^^^^^^^^^^^^^^^^^^^^^^^^^^
  4 |
  5 | /**
  6 |  * Interactive behaviours — the layer that responds to input rather than to scroll.

The export setStyle was not found in module [project]/components/motion/dom.ts [app-client] (ecmascript).
Did you mean to import setStyles?
All exports of the module are statically known (It doesn't have dynamic exports). So it's known statically that the requested export doesn't exist.

Import traces:
  Client Component Browser:
    ./components/motion/interactions.ts [Client Component Browser]
    ./components/motion/anime-scope.tsx [Client Component Browser]
    ./components/motion/anime-scope.tsx [Server Component]
    ./app/[locale]/page.tsx [Server Component]

  Client Component SSR:
    ./components/motion/interactions.ts [Client Component SSR]
    ./components/motion/anime-scope.tsx [Client Component SSR]
    ./components/motion/anime-scope.tsx [Server Component]
    ./app/[locale]/page.tsx [Server Component] @ http://localhost:3000/_next/static/chunks/node_modules_next_dist_0u_w_5s._.js:1945
[   79752ms] [ERROR] ./components/motion/interactions.ts:3:1
Export setStyle doesn't exist in target module
  1 | import { animate } from "motion"
  2 | import { DUR, EASE } from "./tokens"
> 3 | import { setStyle, clearStyle } from "./dom"
    | ^^^^^^^^^^^^^^^^^^^^^^^^^^^^^^^^^^^^^^^^^^^^
  4 |
  5 | /**
  6 |  * Interactive behaviours — the layer that responds to input rather than to scroll.

The export setStyle was not found in module [project]/components/motion/dom.ts [app-ssr] (ecmascript).
Did you mean to import setStyles?
All exports of the module are statically known (It doesn't have dynamic exports). So it's known statically that the requested export doesn't exist.

Import traces:
  Client Component Browser:
    ./components/motion/interactions.ts [Client Component Browser]
    ./components/motion/anime-scope.tsx [Client Component Browser]
    ./components/motion/anime-scope.tsx [Server Component]
    ./app/[locale]/page.tsx [Server Component]

  Client Component SSR:
    ./components/motion/interactions.ts [Client Component SSR]
    ./components/motion/anime-scope.tsx [Client Component SSR]
    ./components/motion/anime-scope.tsx [Server Component]
    ./app/[locale]/page.tsx [Server Component] @ http://localhost:3000/_next/static/chunks/node_modules_next_dist_0u_w_5s._.js:1945
[   79813ms] [ERROR] ./components/motion/interactions.ts:3:1
Export setStyle doesn't exist in target module
  1 | import { animate } from "motion"
  2 | import { DUR, EASE } from "./tokens"
> 3 | import { setStyle, clearStyle } from "./dom"
    | ^^^^^^^^^^^^^^^^^^^^^^^^^^^^^^^^^^^^^^^^^^^^
  4 |
  5 | /**
  6 |  * Interactive behaviours — the layer that responds to input rather than to scroll.

The export setStyle was not found in module [project]/components/motion/dom.ts [app-client] (ecmascript).
Did you mean to import setStyles?
All exports of the module are statically known (It doesn't have dynamic exports). So it's known statically that the requested export doesn't exist.

Import traces:
  Client Component Browser:
    ./components/motion/interactions.ts [Client Component Browser]
    ./components/motion/anime-scope.tsx [Client Component Browser]
    ./components/motion/anime-scope.tsx [Server Component]
    ./app/[locale]/page.tsx [Server Component]

  Client Component SSR:
    ./components/motion/interactions.ts [Client Component SSR]
    ./components/motion/anime-scope.tsx [Client Component SSR]
    ./components/motion/anime-scope.tsx [Server Component]
    ./app/[locale]/page.tsx [Server Component] @ http://localhost:3000/_next/static/chunks/node_modules_next_dist_0u_w_5s._.js:1945
[   79814ms] [ERROR] ./components/motion/interactions.ts:3:1
Export setStyle doesn't exist in target module
  1 | import { animate } from "motion"
  2 | import { DUR, EASE } from "./tokens"
> 3 | import { setStyle, clearStyle } from "./dom"
    | ^^^^^^^^^^^^^^^^^^^^^^^^^^^^^^^^^^^^^^^^^^^^
  4 |
  5 | /**
  6 |  * Interactive behaviours — the layer that responds to input rather than to scroll.

The export setStyle was not found in module [project]/components/motion/dom.ts [app-ssr] (ecmascript).
Did you mean to import setStyles?
All exports of the module are statically known (It doesn't have dynamic exports). So it's known statically that the requested export doesn't exist.

Import traces:
  Client Component Browser:
    ./components/motion/interactions.ts [Client Component Browser]
    ./components/motion/anime-scope.tsx [Client Component Browser]
    ./components/motion/anime-scope.tsx [Server Component]
    ./app/[locale]/page.tsx [Server Component]

  Client Component SSR:
    ./components/motion/interactions.ts [Client Component SSR]
    ./components/motion/anime-scope.tsx [Client Component SSR]
    ./components/motion/anime-scope.tsx [Server Component]
    ./app/[locale]/page.tsx [Server Component] @ http://localhost:3000/_next/static/chunks/node_modules_next_dist_0u_w_5s._.js:1945
[   79875ms] [ERROR] ./components/motion/interactions.ts:3:1
Export setStyle doesn't exist in target module
  1 | import { animate } from "motion"
  2 | import { DUR, EASE } from "./tokens"
> 3 | import { setStyle, clearStyle } from "./dom"
    | ^^^^^^^^^^^^^^^^^^^^^^^^^^^^^^^^^^^^^^^^^^^^
  4 |
  5 | /**
  6 |  * Interactive behaviours — the layer that responds to input rather than to scroll.

The export setStyle was not found in module [project]/components/motion/dom.ts [app-client] (ecmascript).
Did you mean to import setStyles?
All exports of the module are statically known (It doesn't have dynamic exports). So it's known statically that the requested export doesn't exist.

Import traces:
  Client Component Browser:
    ./components/motion/interactions.ts [Client Component Browser]
    ./components/motion/anime-scope.tsx [Client Component Browser]
    ./components/motion/anime-scope.tsx [Server Component]
    ./app/[locale]/page.tsx [Server Component]

  Client Component SSR:
    ./components/motion/interactions.ts [Client Component SSR]
    ./components/motion/anime-scope.tsx [Client Component SSR]
    ./components/motion/anime-scope.tsx [Server Component]
    ./app/[locale]/page.tsx [Server Component] @ http://localhost:3000/_next/static/chunks/node_modules_next_dist_0u_w_5s._.js:1945
[   79875ms] [ERROR] ./components/motion/interactions.ts:3:1
Export setStyle doesn't exist in target module
  1 | import { animate } from "motion"
  2 | import { DUR, EASE } from "./tokens"
> 3 | import { setStyle, clearStyle } from "./dom"
    | ^^^^^^^^^^^^^^^^^^^^^^^^^^^^^^^^^^^^^^^^^^^^
  4 |
  5 | /**
  6 |  * Interactive behaviours — the layer that responds to input rather than to scroll.

The export setStyle was not found in module [project]/components/motion/dom.ts [app-ssr] (ecmascript).
Did you mean to import setStyles?
All exports of the module are statically known (It doesn't have dynamic exports). So it's known statically that the requested export doesn't exist.

Import traces:
  Client Component Browser:
    ./components/motion/interactions.ts [Client Component Browser]
    ./components/motion/anime-scope.tsx [Client Component Browser]
    ./components/motion/anime-scope.tsx [Server Component]
    ./app/[locale]/page.tsx [Server Component]

  Client Component SSR:
    ./components/motion/interactions.ts [Client Component SSR]
    ./components/motion/anime-scope.tsx [Client Component SSR]
    ./components/motion/anime-scope.tsx [Server Component]
    ./app/[locale]/page.tsx [Server Component] @ http://localhost:3000/_next/static/chunks/node_modules_next_dist_0u_w_5s._.js:1945
[   79938ms] [ERROR] ./components/motion/interactions.ts:3:1
Export setStyle doesn't exist in target module
  1 | import { animate } from "motion"
  2 | import { DUR, EASE } from "./tokens"
> 3 | import { setStyle, clearStyle } from "./dom"
    | ^^^^^^^^^^^^^^^^^^^^^^^^^^^^^^^^^^^^^^^^^^^^
  4 |
  5 | /**
  6 |  * Interactive behaviours — the layer that responds to input rather than to scroll.

The export setStyle was not found in module [project]/components/motion/dom.ts [app-client] (ecmascript).
Did you mean to import setStyles?
All exports of the module are statically known (It doesn't have dynamic exports). So it's known statically that the requested export doesn't exist.

Import traces:
  Client Component Browser:
    ./components/motion/interactions.ts [Client Component Browser]
    ./components/motion/anime-scope.tsx [Client Component Browser]
    ./components/motion/anime-scope.tsx [Server Component]
    ./app/[locale]/page.tsx [Server Component]

  Client Component SSR:
    ./components/motion/interactions.ts [Client Component SSR]
    ./components/motion/anime-scope.tsx [Client Component SSR]
    ./components/motion/anime-scope.tsx [Server Component]
    ./app/[locale]/page.tsx [Server Component] @ http://localhost:3000/_next/static/chunks/node_modules_next_dist_0u_w_5s._.js:1945
[   79938ms] [ERROR] ./components/motion/interactions.ts:3:1
Export setStyle doesn't exist in target module
  1 | import { animate } from "motion"
  2 | import { DUR, EASE } from "./tokens"
> 3 | import { setStyle, clearStyle } from "./dom"
    | ^^^^^^^^^^^^^^^^^^^^^^^^^^^^^^^^^^^^^^^^^^^^
  4 |
  5 | /**
  6 |  * Interactive behaviours — the layer that responds to input rather than to scroll.

The export setStyle was not found in module [project]/components/motion/dom.ts [app-ssr] (ecmascript).
Did you mean to import setStyles?
All exports of the module are statically known (It doesn't have dynamic exports). So it's known statically that the requested export doesn't exist.

Import traces:
  Client Component Browser:
    ./components/motion/interactions.ts [Client Component Browser]
    ./components/motion/anime-scope.tsx [Client Component Browser]
    ./components/motion/anime-scope.tsx [Server Component]
    ./app/[locale]/page.tsx [Server Component]

  Client Component SSR:
    ./components/motion/interactions.ts [Client Component SSR]
    ./components/motion/anime-scope.tsx [Client Component SSR]
    ./components/motion/anime-scope.tsx [Server Component]
    ./app/[locale]/page.tsx [Server Component] @ http://localhost:3000/_next/static/chunks/node_modules_next_dist_0u_w_5s._.js:1945
[   79999ms] [ERROR] ./components/motion/interactions.ts:3:1
Export setStyle doesn't exist in target module
  1 | import { animate } from "motion"
  2 | import { DUR, EASE } from "./tokens"
> 3 | import { setStyle, clearStyle } from "./dom"
    | ^^^^^^^^^^^^^^^^^^^^^^^^^^^^^^^^^^^^^^^^^^^^
  4 |
  5 | /**
  6 |  * Interactive behaviours — the layer that responds to input rather than to scroll.

The export setStyle was not found in module [project]/components/motion/dom.ts [app-client] (ecmascript).
Did you mean to import setStyles?
All exports of the module are statically known (It doesn't have dynamic exports). So it's known statically that the requested export doesn't exist.

Import traces:
  Client Component Browser:
    ./components/motion/interactions.ts [Client Component Browser]
    ./components/motion/anime-scope.tsx [Client Component Browser]
    ./components/motion/anime-scope.tsx [Server Component]
    ./app/[locale]/page.tsx [Server Component]

  Client Component SSR:
    ./components/motion/interactions.ts [Client Component SSR]
    ./components/motion/anime-scope.tsx [Client Component SSR]
    ./components/motion/anime-scope.tsx [Server Component]
    ./app/[locale]/page.tsx [Server Component] @ http://localhost:3000/_next/static/chunks/node_modules_next_dist_0u_w_5s._.js:1945
[   79999ms] [ERROR] ./components/motion/interactions.ts:3:1
Export setStyle doesn't exist in target module
  1 | import { animate } from "motion"
  2 | import { DUR, EASE } from "./tokens"
> 3 | import { setStyle, clearStyle } from "./dom"
    | ^^^^^^^^^^^^^^^^^^^^^^^^^^^^^^^^^^^^^^^^^^^^
  4 |
  5 | /**
  6 |  * Interactive behaviours — the layer that responds to input rather than to scroll.

The export setStyle was not found in module [project]/components/motion/dom.ts [app-ssr] (ecmascript).
Did you mean to import setStyles?
All exports of the module are statically known (It doesn't have dynamic exports). So it's known statically that the requested export doesn't exist.

Import traces:
  Client Component Browser:
    ./components/motion/interactions.ts [Client Component Browser]
    ./components/motion/anime-scope.tsx [Client Component Browser]
    ./components/motion/anime-scope.tsx [Server Component]
    ./app/[locale]/page.tsx [Server Component]

  Client Component SSR:
    ./components/motion/interactions.ts [Client Component SSR]
    ./components/motion/anime-scope.tsx [Client Component SSR]
    ./components/motion/anime-scope.tsx [Server Component]
    ./app/[locale]/page.tsx [Server Component] @ http://localhost:3000/_next/static/chunks/node_modules_next_dist_0u_w_5s._.js:1945
[   80062ms] [ERROR] ./components/motion/interactions.ts:3:1
Export setStyle doesn't exist in target module
  1 | import { animate } from "motion"
  2 | import { DUR, EASE } from "./tokens"
> 3 | import { setStyle, clearStyle } from "./dom"
    | ^^^^^^^^^^^^^^^^^^^^^^^^^^^^^^^^^^^^^^^^^^^^
  4 |
  5 | /**
  6 |  * Interactive behaviours — the layer that responds to input rather than to scroll.

The export setStyle was not found in module [project]/components/motion/dom.ts [app-client] (ecmascript).
Did you mean to import setStyles?
All exports of the module are statically known (It doesn't have dynamic exports). So it's known statically that the requested export doesn't exist.

Import traces:
  Client Component Browser:
    ./components/motion/interactions.ts [Client Component Browser]
    ./components/motion/anime-scope.tsx [Client Component Browser]
    ./components/motion/anime-scope.tsx [Server Component]
    ./app/[locale]/page.tsx [Server Component]

  Client Component SSR:
    ./components/motion/interactions.ts [Client Component SSR]
    ./components/motion/anime-scope.tsx [Client Component SSR]
    ./components/motion/anime-scope.tsx [Server Component]
    ./app/[locale]/page.tsx [Server Component] @ http://localhost:3000/_next/static/chunks/node_modules_next_dist_0u_w_5s._.js:1945
[   80062ms] [ERROR] ./components/motion/interactions.ts:3:1
Export setStyle doesn't exist in target module
  1 | import { animate } from "motion"
  2 | import { DUR, EASE } from "./tokens"
> 3 | import { setStyle, clearStyle } from "./dom"
    | ^^^^^^^^^^^^^^^^^^^^^^^^^^^^^^^^^^^^^^^^^^^^
  4 |
  5 | /**
  6 |  * Interactive behaviours — the layer that responds to input rather than to scroll.

The export setStyle was not found in module [project]/components/motion/dom.ts [app-ssr] (ecmascript).
Did you mean to import setStyles?
All exports of the module are statically known (It doesn't have dynamic exports). So it's known statically that the requested export doesn't exist.

Import traces:
  Client Component Browser:
    ./components/motion/interactions.ts [Client Component Browser]
    ./components/motion/anime-scope.tsx [Client Component Browser]
    ./components/motion/anime-scope.tsx [Server Component]
    ./app/[locale]/page.tsx [Server Component]

  Client Component SSR:
    ./components/motion/interactions.ts [Client Component SSR]
    ./components/motion/anime-scope.tsx [Client Component SSR]
    ./components/motion/anime-scope.tsx [Server Component]
    ./app/[locale]/page.tsx [Server Component] @ http://localhost:3000/_next/static/chunks/node_modules_next_dist_0u_w_5s._.js:1945
[   80125ms] [ERROR] ./components/motion/interactions.ts:3:1
Export setStyle doesn't exist in target module
  1 | import { animate } from "motion"
  2 | import { DUR, EASE } from "./tokens"
> 3 | import { setStyle, clearStyle } from "./dom"
    | ^^^^^^^^^^^^^^^^^^^^^^^^^^^^^^^^^^^^^^^^^^^^
  4 |
  5 | /**
  6 |  * Interactive behaviours — the layer that responds to input rather than to scroll.

The export setStyle was not found in module [project]/components/motion/dom.ts [app-client] (ecmascript).
Did you mean to import setStyles?
All exports of the module are statically known (It doesn't have dynamic exports). So it's known statically that the requested export doesn't exist.

Import traces:
  Client Component Browser:
    ./components/motion/interactions.ts [Client Component Browser]
    ./components/motion/anime-scope.tsx [Client Component Browser]
    ./components/motion/anime-scope.tsx [Server Component]
    ./app/[locale]/page.tsx [Server Component]

  Client Component SSR:
    ./components/motion/interactions.ts [Client Component SSR]
    ./components/motion/anime-scope.tsx [Client Component SSR]
    ./components/motion/anime-scope.tsx [Server Component]
    ./app/[locale]/page.tsx [Server Component] @ http://localhost:3000/_next/static/chunks/node_modules_next_dist_0u_w_5s._.js:1945
[   80125ms] [ERROR] ./components/motion/interactions.ts:3:1
Export setStyle doesn't exist in target module
  1 | import { animate } from "motion"
  2 | import { DUR, EASE } from "./tokens"
> 3 | import { setStyle, clearStyle } from "./dom"
    | ^^^^^^^^^^^^^^^^^^^^^^^^^^^^^^^^^^^^^^^^^^^^
  4 |
  5 | /**
  6 |  * Interactive behaviours — the layer that responds to input rather than to scroll.

The export setStyle was not found in module [project]/components/motion/dom.ts [app-ssr] (ecmascript).
Did you mean to import setStyles?
All exports of the module are statically known (It doesn't have dynamic exports). So it's known statically that the requested export doesn't exist.

Import traces:
  Client Component Browser:
    ./components/motion/interactions.ts [Client Component Browser]
    ./components/motion/anime-scope.tsx [Client Component Browser]
    ./components/motion/anime-scope.tsx [Server Component]
    ./app/[locale]/page.tsx [Server Component]

  Client Component SSR:
    ./components/motion/interactions.ts [Client Component SSR]
    ./components/motion/anime-scope.tsx [Client Component SSR]
    ./components/motion/anime-scope.tsx [Server Component]
    ./app/[locale]/page.tsx [Server Component] @ http://localhost:3000/_next/static/chunks/node_modules_next_dist_0u_w_5s._.js:1945
[   80185ms] [ERROR] ./components/motion/interactions.ts:3:1
Export setStyle doesn't exist in target module
  1 | import { animate } from "motion"
  2 | import { DUR, EASE } from "./tokens"
> 3 | import { setStyle, clearStyle } from "./dom"
    | ^^^^^^^^^^^^^^^^^^^^^^^^^^^^^^^^^^^^^^^^^^^^
  4 |
  5 | /**
  6 |  * Interactive behaviours — the layer that responds to input rather than to scroll.

The export setStyle was not found in module [project]/components/motion/dom.ts [app-client] (ecmascript).
Did you mean to import setStyles?
All exports of the module are statically known (It doesn't have dynamic exports). So it's known statically that the requested export doesn't exist.

Import traces:
  Client Component Browser:
    ./components/motion/interactions.ts [Client Component Browser]
    ./components/motion/anime-scope.tsx [Client Component Browser]
    ./components/motion/anime-scope.tsx [Server Component]
    ./app/[locale]/page.tsx [Server Component]

  Client Component SSR:
    ./components/motion/interactions.ts [Client Component SSR]
    ./components/motion/anime-scope.tsx [Client Component SSR]
    ./components/motion/anime-scope.tsx [Server Component]
    ./app/[locale]/page.tsx [Server Component] @ http://localhost:3000/_next/static/chunks/node_modules_next_dist_0u_w_5s._.js:1945
[   80186ms] [ERROR] ./components/motion/interactions.ts:3:1
Export setStyle doesn't exist in target module
  1 | import { animate } from "motion"
  2 | import { DUR, EASE } from "./tokens"
> 3 | import { setStyle, clearStyle } from "./dom"
    | ^^^^^^^^^^^^^^^^^^^^^^^^^^^^^^^^^^^^^^^^^^^^
  4 |
  5 | /**
  6 |  * Interactive behaviours — the layer that responds to input rather than to scroll.

The export setStyle was not found in module [project]/components/motion/dom.ts [app-ssr] (ecmascript).
Did you mean to import setStyles?
All exports of the module are statically known (It doesn't have dynamic exports). So it's known statically that the requested export doesn't exist.

Import traces:
  Client Component Browser:
    ./components/motion/interactions.ts [Client Component Browser]
    ./components/motion/anime-scope.tsx [Client Component Browser]
    ./components/motion/anime-scope.tsx [Server Component]
    ./app/[locale]/page.tsx [Server Component]

  Client Component SSR:
    ./components/motion/interactions.ts [Client Component SSR]
    ./components/motion/anime-scope.tsx [Client Component SSR]
    ./components/motion/anime-scope.tsx [Server Component]
    ./app/[locale]/page.tsx [Server Component] @ http://localhost:3000/_next/static/chunks/node_modules_next_dist_0u_w_5s._.js:1945
[   80246ms] [ERROR] ./components/motion/interactions.ts:3:1
Export setStyle doesn't exist in target module
  1 | import { animate } from "motion"
  2 | import { DUR, EASE } from "./tokens"
> 3 | import { setStyle, clearStyle } from "./dom"
    | ^^^^^^^^^^^^^^^^^^^^^^^^^^^^^^^^^^^^^^^^^^^^
  4 |
  5 | /**
  6 |  * Interactive behaviours — the layer that responds to input rather than to scroll.

The export setStyle was not found in module [project]/components/motion/dom.ts [app-client] (ecmascript).
Did you mean to import setStyles?
All exports of the module are statically known (It doesn't have dynamic exports). So it's known statically that the requested export doesn't exist.

Import traces:
  Client Component Browser:
    ./components/motion/interactions.ts [Client Component Browser]
    ./components/motion/anime-scope.tsx [Client Component Browser]
    ./components/motion/anime-scope.tsx [Server Component]
    ./app/[locale]/page.tsx [Server Component]

  Client Component SSR:
    ./components/motion/interactions.ts [Client Component SSR]
    ./components/motion/anime-scope.tsx [Client Component SSR]
    ./components/motion/anime-scope.tsx [Server Component]
    ./app/[locale]/page.tsx [Server Component] @ http://localhost:3000/_next/static/chunks/node_modules_next_dist_0u_w_5s._.js:1945
[   80247ms] [ERROR] ./components/motion/interactions.ts:3:1
Export setStyle doesn't exist in target module
  1 | import { animate } from "motion"
  2 | import { DUR, EASE } from "./tokens"
> 3 | import { setStyle, clearStyle } from "./dom"
    | ^^^^^^^^^^^^^^^^^^^^^^^^^^^^^^^^^^^^^^^^^^^^
  4 |
  5 | /**
  6 |  * Interactive behaviours — the layer that responds to input rather than to scroll.

The export setStyle was not found in module [project]/components/motion/dom.ts [app-ssr] (ecmascript).
Did you mean to import setStyles?
All exports of the module are statically known (It doesn't have dynamic exports). So it's known statically that the requested export doesn't exist.

Import traces:
  Client Component Browser:
    ./components/motion/interactions.ts [Client Component Browser]
    ./components/motion/anime-scope.tsx [Client Component Browser]
    ./components/motion/anime-scope.tsx [Server Component]
    ./app/[locale]/page.tsx [Server Component]

  Client Component SSR:
    ./components/motion/interactions.ts [Client Component SSR]
    ./components/motion/anime-scope.tsx [Client Component SSR]
    ./components/motion/anime-scope.tsx [Server Component]
    ./app/[locale]/page.tsx [Server Component] @ http://localhost:3000/_next/static/chunks/node_modules_next_dist_0u_w_5s._.js:1945
[   80296ms] [ERROR] ./components/motion/interactions.ts:3:1
Export setStyle doesn't exist in target module
  1 | import { animate } from "motion"
  2 | import { DUR, EASE } from "./tokens"
> 3 | import { setStyle, clearStyle } from "./dom"
    | ^^^^^^^^^^^^^^^^^^^^^^^^^^^^^^^^^^^^^^^^^^^^
  4 |
  5 | /**
  6 |  * Interactive behaviours — the layer that responds to input rather than to scroll.

The export setStyle was not found in module [project]/components/motion/dom.ts [app-client] (ecmascript).
Did you mean to import setStyles?
All exports of the module are statically known (It doesn't have dynamic exports). So it's known statically that the requested export doesn't exist.

Import traces:
  Client Component Browser:
    ./components/motion/interactions.ts [Client Component Browser]
    ./components/motion/anime-scope.tsx [Client Component Browser]
    ./components/motion/anime-scope.tsx [Server Component]
    ./app/[locale]/page.tsx [Server Component]

  Client Component SSR:
    ./components/motion/interactions.ts [Client Component SSR]
    ./components/motion/anime-scope.tsx [Client Component SSR]
    ./components/motion/anime-scope.tsx [Server Component]
    ./app/[locale]/page.tsx [Server Component] @ http://localhost:3000/_next/static/chunks/node_modules_next_dist_0u_w_5s._.js:1945
[   80296ms] [ERROR] ./components/motion/interactions.ts:3:1
Export setStyle doesn't exist in target module
  1 | import { animate } from "motion"
  2 | import { DUR, EASE } from "./tokens"
> 3 | import { setStyle, clearStyle } from "./dom"
    | ^^^^^^^^^^^^^^^^^^^^^^^^^^^^^^^^^^^^^^^^^^^^
  4 |
  5 | /**
  6 |  * Interactive behaviours — the layer that responds to input rather than to scroll.

The export setStyle was not found in module [project]/components/motion/dom.ts [app-ssr] (ecmascript).
Did you mean to import setStyles?
All exports of the module are statically known (It doesn't have dynamic exports). So it's known statically that the requested export doesn't exist.

Import traces:
  Client Component Browser:
    ./components/motion/interactions.ts [Client Component Browser]
    ./components/motion/anime-scope.tsx [Client Component Browser]
    ./components/motion/anime-scope.tsx [Server Component]
    ./app/[locale]/page.tsx [Server Component]

  Client Component SSR:
    ./components/motion/interactions.ts [Client Component SSR]
    ./components/motion/anime-scope.tsx [Client Component SSR]
    ./components/motion/anime-scope.tsx [Server Component]
    ./app/[locale]/page.tsx [Server Component] @ http://localhost:3000/_next/static/chunks/node_modules_next_dist_0u_w_5s._.js:1945
[   80400ms] [LOG] [Fast Refresh] rebuilding @ http://localhost:3000/_next/static/chunks/node_modules_next_dist_0u_w_5s._.js:1226
[   80555ms] [ERROR] ./components/motion/interactions.ts:3:1
Export setStyle doesn't exist in target module
  1 | import { animate } from "motion"
  2 | import { DUR, EASE } from "./tokens"
> 3 | import { setStyle, clearStyle } from "./dom"
    | ^^^^^^^^^^^^^^^^^^^^^^^^^^^^^^^^^^^^^^^^^^^^
  4 |
  5 | /**
  6 |  * Interactive behaviours — the layer that responds to input rather than to scroll.

The export setStyle was not found in module [project]/components/motion/dom.ts [app-client] (ecmascript).
Did you mean to import setStyles?
All exports of the module are statically known (It doesn't have dynamic exports). So it's known statically that the requested export doesn't exist.

Import traces:
  Client Component Browser:
    ./components/motion/interactions.ts [Client Component Browser]
    ./components/motion/anime-scope.tsx [Client Component Browser]
    ./components/motion/anime-scope.tsx [Server Component]
    ./app/[locale]/page.tsx [Server Component]

  Client Component SSR:
    ./components/motion/interactions.ts [Client Component SSR]
    ./components/motion/anime-scope.tsx [Client Component SSR]
    ./components/motion/anime-scope.tsx [Server Component]
    ./app/[locale]/page.tsx [Server Component] @ http://localhost:3000/_next/static/chunks/node_modules_next_dist_0u_w_5s._.js:1945
[   80555ms] [ERROR] ./components/motion/interactions.ts:3:1
Export setStyle doesn't exist in target module
  1 | import { animate } from "motion"
  2 | import { DUR, EASE } from "./tokens"
> 3 | import { setStyle, clearStyle } from "./dom"
    | ^^^^^^^^^^^^^^^^^^^^^^^^^^^^^^^^^^^^^^^^^^^^
  4 |
  5 | /**
  6 |  * Interactive behaviours — the layer that responds to input rather than to scroll.

The export setStyle was not found in module [project]/components/motion/dom.ts [app-ssr] (ecmascript).
Did you mean to import setStyles?
All exports of the module are statically known (It doesn't have dynamic exports). So it's known statically that the requested export doesn't exist.

Import traces:
  Client Component Browser:
    ./components/motion/interactions.ts [Client Component Browser]
    ./components/motion/anime-scope.tsx [Client Component Browser]
    ./components/motion/anime-scope.tsx [Server Component]
    ./app/[locale]/page.tsx [Server Component]

  Client Component SSR:
    ./components/motion/interactions.ts [Client Component SSR]
    ./components/motion/anime-scope.tsx [Client Component SSR]
    ./components/motion/anime-scope.tsx [Server Component]
    ./app/[locale]/page.tsx [Server Component] @ http://localhost:3000/_next/static/chunks/node_modules_next_dist_0u_w_5s._.js:1945
[   80616ms] [ERROR] ./components/motion/interactions.ts:3:1
Export setStyle doesn't exist in target module
  1 | import { animate } from "motion"
  2 | import { DUR, EASE } from "./tokens"
> 3 | import { setStyle, clearStyle } from "./dom"
    | ^^^^^^^^^^^^^^^^^^^^^^^^^^^^^^^^^^^^^^^^^^^^
  4 |
  5 | /**
  6 |  * Interactive behaviours — the layer that responds to input rather than to scroll.

The export setStyle was not found in module [project]/components/motion/dom.ts [app-client] (ecmascript).
Did you mean to import setStyles?
All exports of the module are statically known (It doesn't have dynamic exports). So it's known statically that the requested export doesn't exist.

Import traces:
  Client Component Browser:
    ./components/motion/interactions.ts [Client Component Browser]
    ./components/motion/anime-scope.tsx [Client Component Browser]
    ./components/motion/anime-scope.tsx [Server Component]
    ./app/[locale]/page.tsx [Server Component]

  Client Component SSR:
    ./components/motion/interactions.ts [Client Component SSR]
    ./components/motion/anime-scope.tsx [Client Component SSR]
    ./components/motion/anime-scope.tsx [Server Component]
    ./app/[locale]/page.tsx [Server Component] @ http://localhost:3000/_next/static/chunks/node_modules_next_dist_0u_w_5s._.js:1945
[   80616ms] [ERROR] ./components/motion/interactions.ts:3:1
Export setStyle doesn't exist in target module
  1 | import { animate } from "motion"
  2 | import { DUR, EASE } from "./tokens"
> 3 | import { setStyle, clearStyle } from "./dom"
    | ^^^^^^^^^^^^^^^^^^^^^^^^^^^^^^^^^^^^^^^^^^^^
  4 |
  5 | /**
  6 |  * Interactive behaviours — the layer that responds to input rather than to scroll.

The export setStyle was not found in module [project]/components/motion/dom.ts [app-ssr] (ecmascript).
Did you mean to import setStyles?
All exports of the module are statically known (It doesn't have dynamic exports). So it's known statically that the requested export doesn't exist.

Import traces:
  Client Component Browser:
    ./components/motion/interactions.ts [Client Component Browser]
    ./components/motion/anime-scope.tsx [Client Component Browser]
    ./components/motion/anime-scope.tsx [Server Component]
    ./app/[locale]/page.tsx [Server Component]

  Client Component SSR:
    ./components/motion/interactions.ts [Client Component SSR]
    ./components/motion/anime-scope.tsx [Client Component SSR]
    ./components/motion/anime-scope.tsx [Server Component]
    ./app/[locale]/page.tsx [Server Component] @ http://localhost:3000/_next/static/chunks/node_modules_next_dist_0u_w_5s._.js:1945
[   80677ms] [ERROR] ./components/motion/interactions.ts:3:1
Export setStyle doesn't exist in target module
  1 | import { animate } from "motion"
  2 | import { DUR, EASE } from "./tokens"
> 3 | import { setStyle, clearStyle } from "./dom"
    | ^^^^^^^^^^^^^^^^^^^^^^^^^^^^^^^^^^^^^^^^^^^^
  4 |
  5 | /**
  6 |  * Interactive behaviours — the layer that responds to input rather than to scroll.

The export setStyle was not found in module [project]/components/motion/dom.ts [app-client] (ecmascript).
Did you mean to import setStyles?
All exports of the module are statically known (It doesn't have dynamic exports). So it's known statically that the requested export doesn't exist.

Import traces:
  Client Component Browser:
    ./components/motion/interactions.ts [Client Component Browser]
    ./components/motion/anime-scope.tsx [Client Component Browser]
    ./components/motion/anime-scope.tsx [Server Component]
    ./app/[locale]/page.tsx [Server Component]

  Client Component SSR:
    ./components/motion/interactions.ts [Client Component SSR]
    ./components/motion/anime-scope.tsx [Client Component SSR]
    ./components/motion/anime-scope.tsx [Server Component]
    ./app/[locale]/page.tsx [Server Component] @ http://localhost:3000/_next/static/chunks/node_modules_next_dist_0u_w_5s._.js:1945
[   80677ms] [ERROR] ./components/motion/interactions.ts:3:1
Export setStyle doesn't exist in target module
  1 | import { animate } from "motion"
  2 | import { DUR, EASE } from "./tokens"
> 3 | import { setStyle, clearStyle } from "./dom"
    | ^^^^^^^^^^^^^^^^^^^^^^^^^^^^^^^^^^^^^^^^^^^^
  4 |
  5 | /**
  6 |  * Interactive behaviours — the layer that responds to input rather than to scroll.

The export setStyle was not found in module [project]/components/motion/dom.ts [app-ssr] (ecmascript).
Did you mean to import setStyles?
All exports of the module are statically known (It doesn't have dynamic exports). So it's known statically that the requested export doesn't exist.

Import traces:
  Client Component Browser:
    ./components/motion/interactions.ts [Client Component Browser]
    ./components/motion/anime-scope.tsx [Client Component Browser]
    ./components/motion/anime-scope.tsx [Server Component]
    ./app/[locale]/page.tsx [Server Component]

  Client Component SSR:
    ./components/motion/interactions.ts [Client Component SSR]
    ./components/motion/anime-scope.tsx [Client Component SSR]
    ./components/motion/anime-scope.tsx [Server Component]
    ./app/[locale]/page.tsx [Server Component] @ http://localhost:3000/_next/static/chunks/node_modules_next_dist_0u_w_5s._.js:1945
[   80740ms] [ERROR] ./components/motion/interactions.ts:3:1
Export setStyle doesn't exist in target module
  1 | import { animate } from "motion"
  2 | import { DUR, EASE } from "./tokens"
> 3 | import { setStyle, clearStyle } from "./dom"
    | ^^^^^^^^^^^^^^^^^^^^^^^^^^^^^^^^^^^^^^^^^^^^
  4 |
  5 | /**
  6 |  * Interactive behaviours — the layer that responds to input rather than to scroll.

The export setStyle was not found in module [project]/components/motion/dom.ts [app-client] (ecmascript).
Did you mean to import setStyles?
All exports of the module are statically known (It doesn't have dynamic exports). So it's known statically that the requested export doesn't exist.

Import traces:
  Client Component Browser:
    ./components/motion/interactions.ts [Client Component Browser]
    ./components/motion/anime-scope.tsx [Client Component Browser]
    ./components/motion/anime-scope.tsx [Server Component]
    ./app/[locale]/page.tsx [Server Component]

  Client Component SSR:
    ./components/motion/interactions.ts [Client Component SSR]
    ./components/motion/anime-scope.tsx [Client Component SSR]
    ./components/motion/anime-scope.tsx [Server Component]
    ./app/[locale]/page.tsx [Server Component] @ http://localhost:3000/_next/static/chunks/node_modules_next_dist_0u_w_5s._.js:1945
[   80740ms] [ERROR] ./components/motion/interactions.ts:3:1
Export setStyle doesn't exist in target module
  1 | import { animate } from "motion"
  2 | import { DUR, EASE } from "./tokens"
> 3 | import { setStyle, clearStyle } from "./dom"
    | ^^^^^^^^^^^^^^^^^^^^^^^^^^^^^^^^^^^^^^^^^^^^
  4 |
  5 | /**
  6 |  * Interactive behaviours — the layer that responds to input rather than to scroll.

The export setStyle was not found in module [project]/components/motion/dom.ts [app-ssr] (ecmascript).
Did you mean to import setStyles?
All exports of the module are statically known (It doesn't have dynamic exports). So it's known statically that the requested export doesn't exist.

Import traces:
  Client Component Browser:
    ./components/motion/interactions.ts [Client Component Browser]
    ./components/motion/anime-scope.tsx [Client Component Browser]
    ./components/motion/anime-scope.tsx [Server Component]
    ./app/[locale]/page.tsx [Server Component]

  Client Component SSR:
    ./components/motion/interactions.ts [Client Component SSR]
    ./components/motion/anime-scope.tsx [Client Component SSR]
    ./components/motion/anime-scope.tsx [Server Component]
    ./app/[locale]/page.tsx [Server Component] @ http://localhost:3000/_next/static/chunks/node_modules_next_dist_0u_w_5s._.js:1945
[   80810ms] [ERROR] ./components/motion/interactions.ts:3:1
Export setStyle doesn't exist in target module
  1 | import { animate } from "motion"
  2 | import { DUR, EASE } from "./tokens"
> 3 | import { setStyle, clearStyle } from "./dom"
    | ^^^^^^^^^^^^^^^^^^^^^^^^^^^^^^^^^^^^^^^^^^^^
  4 |
  5 | /**
  6 |  * Interactive behaviours — the layer that responds to input rather than to scroll.

The export setStyle was not found in module [project]/components/motion/dom.ts [app-client] (ecmascript).
Did you mean to import setStyles?
All exports of the module are statically known (It doesn't have dynamic exports). So it's known statically that the requested export doesn't exist.

Import traces:
  Client Component Browser:
    ./components/motion/interactions.ts [Client Component Browser]
    ./components/motion/anime-scope.tsx [Client Component Browser]
    ./components/motion/anime-scope.tsx [Server Component]
    ./app/[locale]/page.tsx [Server Component]

  Client Component SSR:
    ./components/motion/interactions.ts [Client Component SSR]
    ./components/motion/anime-scope.tsx [Client Component SSR]
    ./components/motion/anime-scope.tsx [Server Component]
    ./app/[locale]/page.tsx [Server Component] @ http://localhost:3000/_next/static/chunks/node_modules_next_dist_0u_w_5s._.js:1945
[   80811ms] [ERROR] ./components/motion/interactions.ts:3:1
Export setStyle doesn't exist in target module
  1 | import { animate } from "motion"
  2 | import { DUR, EASE } from "./tokens"
> 3 | import { setStyle, clearStyle } from "./dom"
    | ^^^^^^^^^^^^^^^^^^^^^^^^^^^^^^^^^^^^^^^^^^^^
  4 |
  5 | /**
  6 |  * Interactive behaviours — the layer that responds to input rather than to scroll.

The export setStyle was not found in module [project]/components/motion/dom.ts [app-ssr] (ecmascript).
Did you mean to import setStyles?
All exports of the module are statically known (It doesn't have dynamic exports). So it's known statically that the requested export doesn't exist.

Import traces:
  Client Component Browser:
    ./components/motion/interactions.ts [Client Component Browser]
    ./components/motion/anime-scope.tsx [Client Component Browser]
    ./components/motion/anime-scope.tsx [Server Component]
    ./app/[locale]/page.tsx [Server Component]

  Client Component SSR:
    ./components/motion/interactions.ts [Client Component SSR]
    ./components/motion/anime-scope.tsx [Client Component SSR]
    ./components/motion/anime-scope.tsx [Server Component]
    ./app/[locale]/page.tsx [Server Component] @ http://localhost:3000/_next/static/chunks/node_modules_next_dist_0u_w_5s._.js:1945
[   80866ms] [ERROR] ./components/motion/interactions.ts:3:1
Export setStyle doesn't exist in target module
  1 | import { animate } from "motion"
  2 | import { DUR, EASE } from "./tokens"
> 3 | import { setStyle, clearStyle } from "./dom"
    | ^^^^^^^^^^^^^^^^^^^^^^^^^^^^^^^^^^^^^^^^^^^^
  4 |
  5 | /**
  6 |  * Interactive behaviours — the layer that responds to input rather than to scroll.

The export setStyle was not found in module [project]/components/motion/dom.ts [app-client] (ecmascript).
Did you mean to import setStyles?
All exports of the module are statically known (It doesn't have dynamic exports). So it's known statically that the requested export doesn't exist.

Import traces:
  Client Component Browser:
    ./components/motion/interactions.ts [Client Component Browser]
    ./components/motion/anime-scope.tsx [Client Component Browser]
    ./components/motion/anime-scope.tsx [Server Component]
    ./app/[locale]/page.tsx [Server Component]

  Client Component SSR:
    ./components/motion/interactions.ts [Client Component SSR]
    ./components/motion/anime-scope.tsx [Client Component SSR]
    ./components/motion/anime-scope.tsx [Server Component]
    ./app/[locale]/page.tsx [Server Component] @ http://localhost:3000/_next/static/chunks/node_modules_next_dist_0u_w_5s._.js:1945
[   80866ms] [ERROR] ./components/motion/interactions.ts:3:1
Export setStyle doesn't exist in target module
  1 | import { animate } from "motion"
  2 | import { DUR, EASE } from "./tokens"
> 3 | import { setStyle, clearStyle } from "./dom"
    | ^^^^^^^^^^^^^^^^^^^^^^^^^^^^^^^^^^^^^^^^^^^^
  4 |
  5 | /**
  6 |  * Interactive behaviours — the layer that responds to input rather than to scroll.

The export setStyle was not found in module [project]/components/motion/dom.ts [app-ssr] (ecmascript).
Did you mean to import setStyles?
All exports of the module are statically known (It doesn't have dynamic exports). So it's known statically that the requested export doesn't exist.

Import traces:
  Client Component Browser:
    ./components/motion/interactions.ts [Client Component Browser]
    ./components/motion/anime-scope.tsx [Client Component Browser]
    ./components/motion/anime-scope.tsx [Server Component]
    ./app/[locale]/page.tsx [Server Component]

  Client Component SSR:
    ./components/motion/interactions.ts [Client Component SSR]
    ./components/motion/anime-scope.tsx [Client Component SSR]
    ./components/motion/anime-scope.tsx [Server Component]
    ./app/[locale]/page.tsx [Server Component] @ http://localhost:3000/_next/static/chunks/node_modules_next_dist_0u_w_5s._.js:1945
[   80927ms] [ERROR] ./components/motion/interactions.ts:3:1
Export setStyle doesn't exist in target module
  1 | import { animate } from "motion"
  2 | import { DUR, EASE } from "./tokens"
> 3 | import { setStyle, clearStyle } from "./dom"
    | ^^^^^^^^^^^^^^^^^^^^^^^^^^^^^^^^^^^^^^^^^^^^
  4 |
  5 | /**
  6 |  * Interactive behaviours — the layer that responds to input rather than to scroll.

The export setStyle was not found in module [project]/components/motion/dom.ts [app-client] (ecmascript).
Did you mean to import setStyles?
All exports of the module are statically known (It doesn't have dynamic exports). So it's known statically that the requested export doesn't exist.

Import traces:
  Client Component Browser:
    ./components/motion/interactions.ts [Client Component Browser]
    ./components/motion/anime-scope.tsx [Client Component Browser]
    ./components/motion/anime-scope.tsx [Server Component]
    ./app/[locale]/page.tsx [Server Component]

  Client Component SSR:
    ./components/motion/interactions.ts [Client Component SSR]
    ./components/motion/anime-scope.tsx [Client Component SSR]
    ./components/motion/anime-scope.tsx [Server Component]
    ./app/[locale]/page.tsx [Server Component] @ http://localhost:3000/_next/static/chunks/node_modules_next_dist_0u_w_5s._.js:1945
[   80927ms] [ERROR] ./components/motion/interactions.ts:3:1
Export setStyle doesn't exist in target module
  1 | import { animate } from "motion"
  2 | import { DUR, EASE } from "./tokens"
> 3 | import { setStyle, clearStyle } from "./dom"
    | ^^^^^^^^^^^^^^^^^^^^^^^^^^^^^^^^^^^^^^^^^^^^
  4 |
  5 | /**
  6 |  * Interactive behaviours — the layer that responds to input rather than to scroll.

The export setStyle was not found in module [project]/components/motion/dom.ts [app-ssr] (ecmascript).
Did you mean to import setStyles?
All exports of the module are statically known (It doesn't have dynamic exports). So it's known statically that the requested export doesn't exist.

Import traces:
  Client Component Browser:
    ./components/motion/interactions.ts [Client Component Browser]
    ./components/motion/anime-scope.tsx [Client Component Browser]
    ./components/motion/anime-scope.tsx [Server Component]
    ./app/[locale]/page.tsx [Server Component]

  Client Component SSR:
    ./components/motion/interactions.ts [Client Component SSR]
    ./components/motion/anime-scope.tsx [Client Component SSR]
    ./components/motion/anime-scope.tsx [Server Component]
    ./app/[locale]/page.tsx [Server Component] @ http://localhost:3000/_next/static/chunks/node_modules_next_dist_0u_w_5s._.js:1945
[   80988ms] [ERROR] ./components/motion/interactions.ts:3:1
Export setStyle doesn't exist in target module
  1 | import { animate } from "motion"
  2 | import { DUR, EASE } from "./tokens"
> 3 | import { setStyle, clearStyle } from "./dom"
    | ^^^^^^^^^^^^^^^^^^^^^^^^^^^^^^^^^^^^^^^^^^^^
  4 |
  5 | /**
  6 |  * Interactive behaviours — the layer that responds to input rather than to scroll.

The export setStyle was not found in module [project]/components/motion/dom.ts [app-client] (ecmascript).
Did you mean to import setStyles?
All exports of the module are statically known (It doesn't have dynamic exports). So it's known statically that the requested export doesn't exist.

Import traces:
  Client Component Browser:
    ./components/motion/interactions.ts [Client Component Browser]
    ./components/motion/anime-scope.tsx [Client Component Browser]
    ./components/motion/anime-scope.tsx [Server Component]
    ./app/[locale]/page.tsx [Server Component]

  Client Component SSR:
    ./components/motion/interactions.ts [Client Component SSR]
    ./components/motion/anime-scope.tsx [Client Component SSR]
    ./components/motion/anime-scope.tsx [Server Component]
    ./app/[locale]/page.tsx [Server Component] @ http://localhost:3000/_next/static/chunks/node_modules_next_dist_0u_w_5s._.js:1945
[   80988ms] [ERROR] ./components/motion/interactions.ts:3:1
Export setStyle doesn't exist in target module
  1 | import { animate } from "motion"
  2 | import { DUR, EASE } from "./tokens"
> 3 | import { setStyle, clearStyle } from "./dom"
    | ^^^^^^^^^^^^^^^^^^^^^^^^^^^^^^^^^^^^^^^^^^^^
  4 |
  5 | /**
  6 |  * Interactive behaviours — the layer that responds to input rather than to scroll.

The export setStyle was not found in module [project]/components/motion/dom.ts [app-ssr] (ecmascript).
Did you mean to import setStyles?
All exports of the module are statically known (It doesn't have dynamic exports). So it's known statically that the requested export doesn't exist.

Import traces:
  Client Component Browser:
    ./components/motion/interactions.ts [Client Component Browser]
    ./components/motion/anime-scope.tsx [Client Component Browser]
    ./components/motion/anime-scope.tsx [Server Component]
    ./app/[locale]/page.tsx [Server Component]

  Client Component SSR:
    ./components/motion/interactions.ts [Client Component SSR]
    ./components/motion/anime-scope.tsx [Client Component SSR]
    ./components/motion/anime-scope.tsx [Server Component]
    ./app/[locale]/page.tsx [Server Component] @ http://localhost:3000/_next/static/chunks/node_modules_next_dist_0u_w_5s._.js:1945
[   81048ms] [ERROR] ./components/motion/interactions.ts:3:1
Export setStyle doesn't exist in target module
  1 | import { animate } from "motion"
  2 | import { DUR, EASE } from "./tokens"
> 3 | import { setStyle, clearStyle } from "./dom"
    | ^^^^^^^^^^^^^^^^^^^^^^^^^^^^^^^^^^^^^^^^^^^^
  4 |
  5 | /**
  6 |  * Interactive behaviours — the layer that responds to input rather than to scroll.

The export setStyle was not found in module [project]/components/motion/dom.ts [app-client] (ecmascript).
Did you mean to import setStyles?
All exports of the module are statically known (It doesn't have dynamic exports). So it's known statically that the requested export doesn't exist.

Import traces:
  Client Component Browser:
    ./components/motion/interactions.ts [Client Component Browser]
    ./components/motion/anime-scope.tsx [Client Component Browser]
    ./components/motion/anime-scope.tsx [Server Component]
    ./app/[locale]/page.tsx [Server Component]

  Client Component SSR:
    ./components/motion/interactions.ts [Client Component SSR]
    ./components/motion/anime-scope.tsx [Client Component SSR]
    ./components/motion/anime-scope.tsx [Server Component]
    ./app/[locale]/page.tsx [Server Component] @ http://localhost:3000/_next/static/chunks/node_modules_next_dist_0u_w_5s._.js:1945
[   81048ms] [ERROR] ./components/motion/interactions.ts:3:1
Export setStyle doesn't exist in target module
  1 | import { animate } from "motion"
  2 | import { DUR, EASE } from "./tokens"
> 3 | import { setStyle, clearStyle } from "./dom"
    | ^^^^^^^^^^^^^^^^^^^^^^^^^^^^^^^^^^^^^^^^^^^^
  4 |
  5 | /**
  6 |  * Interactive behaviours — the layer that responds to input rather than to scroll.

The export setStyle was not found in module [project]/components/motion/dom.ts [app-ssr] (ecmascript).
Did you mean to import setStyles?
All exports of the module are statically known (It doesn't have dynamic exports). So it's known statically that the requested export doesn't exist.

Import traces:
  Client Component Browser:
    ./components/motion/interactions.ts [Client Component Browser]
    ./components/motion/anime-scope.tsx [Client Component Browser]
    ./components/motion/anime-scope.tsx [Server Component]
    ./app/[locale]/page.tsx [Server Component]

  Client Component SSR:
    ./components/motion/interactions.ts [Client Component SSR]
    ./components/motion/anime-scope.tsx [Client Component SSR]
    ./components/motion/anime-scope.tsx [Server Component]
    ./app/[locale]/page.tsx [Server Component] @ http://localhost:3000/_next/static/chunks/node_modules_next_dist_0u_w_5s._.js:1945
[   81109ms] [ERROR] ./components/motion/interactions.ts:3:1
Export setStyle doesn't exist in target module
  1 | import { animate } from "motion"
  2 | import { DUR, EASE } from "./tokens"
> 3 | import { setStyle, clearStyle } from "./dom"
    | ^^^^^^^^^^^^^^^^^^^^^^^^^^^^^^^^^^^^^^^^^^^^
  4 |
  5 | /**
  6 |  * Interactive behaviours — the layer that responds to input rather than to scroll.

The export setStyle was not found in module [project]/components/motion/dom.ts [app-client] (ecmascript).
Did you mean to import setStyles?
All exports of the module are statically known (It doesn't have dynamic exports). So it's known statically that the requested export doesn't exist.

Import traces:
  Client Component Browser:
    ./components/motion/interactions.ts [Client Component Browser]
    ./components/motion/anime-scope.tsx [Client Component Browser]
    ./components/motion/anime-scope.tsx [Server Component]
    ./app/[locale]/page.tsx [Server Component]

  Client Component SSR:
    ./components/motion/interactions.ts [Client Component SSR]
    ./components/motion/anime-scope.tsx [Client Component SSR]
    ./components/motion/anime-scope.tsx [Server Component]
    ./app/[locale]/page.tsx [Server Component] @ http://localhost:3000/_next/static/chunks/node_modules_next_dist_0u_w_5s._.js:1945
[   81109ms] [ERROR] ./components/motion/interactions.ts:3:1
Export setStyle doesn't exist in target module
  1 | import { animate } from "motion"
  2 | import { DUR, EASE } from "./tokens"
> 3 | import { setStyle, clearStyle } from "./dom"
    | ^^^^^^^^^^^^^^^^^^^^^^^^^^^^^^^^^^^^^^^^^^^^
  4 |
  5 | /**
  6 |  * Interactive behaviours — the layer that responds to input rather than to scroll.

The export setStyle was not found in module [project]/components/motion/dom.ts [app-ssr] (ecmascript).
Did you mean to import setStyles?
All exports of the module are statically known (It doesn't have dynamic exports). So it's known statically that the requested export doesn't exist.

Import traces:
  Client Component Browser:
    ./components/motion/interactions.ts [Client Component Browser]
    ./components/motion/anime-scope.tsx [Client Component Browser]
    ./components/motion/anime-scope.tsx [Server Component]
    ./app/[locale]/page.tsx [Server Component]

  Client Component SSR:
    ./components/motion/interactions.ts [Client Component SSR]
    ./components/motion/anime-scope.tsx [Client Component SSR]
    ./components/motion/anime-scope.tsx [Server Component]
    ./app/[locale]/page.tsx [Server Component] @ http://localhost:3000/_next/static/chunks/node_modules_next_dist_0u_w_5s._.js:1945
[   81170ms] [ERROR] ./components/motion/interactions.ts:3:1
Export setStyle doesn't exist in target module
  1 | import { animate } from "motion"
  2 | import { DUR, EASE } from "./tokens"
> 3 | import { setStyle, clearStyle } from "./dom"
    | ^^^^^^^^^^^^^^^^^^^^^^^^^^^^^^^^^^^^^^^^^^^^
  4 |
  5 | /**
  6 |  * Interactive behaviours — the layer that responds to input rather than to scroll.

The export setStyle was not found in module [project]/components/motion/dom.ts [app-client] (ecmascript).
Did you mean to import setStyles?
All exports of the module are statically known (It doesn't have dynamic exports). So it's known statically that the requested export doesn't exist.

Import traces:
  Client Component Browser:
    ./components/motion/interactions.ts [Client Component Browser]
    ./components/motion/anime-scope.tsx [Client Component Browser]
    ./components/motion/anime-scope.tsx [Server Component]
    ./app/[locale]/page.tsx [Server Component]

  Client Component SSR:
    ./components/motion/interactions.ts [Client Component SSR]
    ./components/motion/anime-scope.tsx [Client Component SSR]
    ./components/motion/anime-scope.tsx [Server Component]
    ./app/[locale]/page.tsx [Server Component] @ http://localhost:3000/_next/static/chunks/node_modules_next_dist_0u_w_5s._.js:1945
[   81170ms] [ERROR] ./components/motion/interactions.ts:3:1
Export setStyle doesn't exist in target module
  1 | import { animate } from "motion"
  2 | import { DUR, EASE } from "./tokens"
> 3 | import { setStyle, clearStyle } from "./dom"
    | ^^^^^^^^^^^^^^^^^^^^^^^^^^^^^^^^^^^^^^^^^^^^
  4 |
  5 | /**
  6 |  * Interactive behaviours — the layer that responds to input rather than to scroll.

The export setStyle was not found in module [project]/components/motion/dom.ts [app-ssr] (ecmascript).
Did you mean to import setStyles?
All exports of the module are statically known (It doesn't have dynamic exports). So it's known statically that the requested export doesn't exist.

Import traces:
  Client Component Browser:
    ./components/motion/interactions.ts [Client Component Browser]
    ./components/motion/anime-scope.tsx [Client Component Browser]
    ./components/motion/anime-scope.tsx [Server Component]
    ./app/[locale]/page.tsx [Server Component]

  Client Component SSR:
    ./components/motion/interactions.ts [Client Component SSR]
    ./components/motion/anime-scope.tsx [Client Component SSR]
    ./components/motion/anime-scope.tsx [Server Component]
    ./app/[locale]/page.tsx [Server Component] @ http://localhost:3000/_next/static/chunks/node_modules_next_dist_0u_w_5s._.js:1945
[   81230ms] [ERROR] ./components/motion/interactions.ts:3:1
Export setStyle doesn't exist in target module
  1 | import { animate } from "motion"
  2 | import { DUR, EASE } from "./tokens"
> 3 | import { setStyle, clearStyle } from "./dom"
    | ^^^^^^^^^^^^^^^^^^^^^^^^^^^^^^^^^^^^^^^^^^^^
  4 |
  5 | /**
  6 |  * Interactive behaviours — the layer that responds to input rather than to scroll.

The export setStyle was not found in module [project]/components/motion/dom.ts [app-client] (ecmascript).
Did you mean to import setStyles?
All exports of the module are statically known (It doesn't have dynamic exports). So it's known statically that the requested export doesn't exist.

Import traces:
  Client Component Browser:
    ./components/motion/interactions.ts [Client Component Browser]
    ./components/motion/anime-scope.tsx [Client Component Browser]
    ./components/motion/anime-scope.tsx [Server Component]
    ./app/[locale]/page.tsx [Server Component]

  Client Component SSR:
    ./components/motion/interactions.ts [Client Component SSR]
    ./components/motion/anime-scope.tsx [Client Component SSR]
    ./components/motion/anime-scope.tsx [Server Component]
    ./app/[locale]/page.tsx [Server Component] @ http://localhost:3000/_next/static/chunks/node_modules_next_dist_0u_w_5s._.js:1945
[   81231ms] [ERROR] ./components/motion/interactions.ts:3:1
Export setStyle doesn't exist in target module
  1 | import { animate } from "motion"
  2 | import { DUR, EASE } from "./tokens"
> 3 | import { setStyle, clearStyle } from "./dom"
    | ^^^^^^^^^^^^^^^^^^^^^^^^^^^^^^^^^^^^^^^^^^^^
  4 |
  5 | /**
  6 |  * Interactive behaviours — the layer that responds to input rather than to scroll.

The export setStyle was not found in module [project]/components/motion/dom.ts [app-ssr] (ecmascript).
Did you mean to import setStyles?
All exports of the module are statically known (It doesn't have dynamic exports). So it's known statically that the requested export doesn't exist.

Import traces:
  Client Component Browser:
    ./components/motion/interactions.ts [Client Component Browser]
    ./components/motion/anime-scope.tsx [Client Component Browser]
    ./components/motion/anime-scope.tsx [Server Component]
    ./app/[locale]/page.tsx [Server Component]

  Client Component SSR:
    ./components/motion/interactions.ts [Client Component SSR]
    ./components/motion/anime-scope.tsx [Client Component SSR]
    ./components/motion/anime-scope.tsx [Server Component]
    ./app/[locale]/page.tsx [Server Component] @ http://localhost:3000/_next/static/chunks/node_modules_next_dist_0u_w_5s._.js:1945
[   81291ms] [ERROR] ./components/motion/interactions.ts:3:1
Export setStyle doesn't exist in target module
  1 | import { animate } from "motion"
  2 | import { DUR, EASE } from "./tokens"
> 3 | import { setStyle, clearStyle } from "./dom"
    | ^^^^^^^^^^^^^^^^^^^^^^^^^^^^^^^^^^^^^^^^^^^^
  4 |
  5 | /**
  6 |  * Interactive behaviours — the layer that responds to input rather than to scroll.

The export setStyle was not found in module [project]/components/motion/dom.ts [app-client] (ecmascript).
Did you mean to import setStyles?
All exports of the module are statically known (It doesn't have dynamic exports). So it's known statically that the requested export doesn't exist.

Import traces:
  Client Component Browser:
    ./components/motion/interactions.ts [Client Component Browser]
    ./components/motion/anime-scope.tsx [Client Component Browser]
    ./components/motion/anime-scope.tsx [Server Component]
    ./app/[locale]/page.tsx [Server Component]

  Client Component SSR:
    ./components/motion/interactions.ts [Client Component SSR]
    ./components/motion/anime-scope.tsx [Client Component SSR]
    ./components/motion/anime-scope.tsx [Server Component]
    ./app/[locale]/page.tsx [Server Component] @ http://localhost:3000/_next/static/chunks/node_modules_next_dist_0u_w_5s._.js:1945
[   81291ms] [ERROR] ./components/motion/interactions.ts:3:1
Export setStyle doesn't exist in target module
  1 | import { animate } from "motion"
  2 | import { DUR, EASE } from "./tokens"
> 3 | import { setStyle, clearStyle } from "./dom"
    | ^^^^^^^^^^^^^^^^^^^^^^^^^^^^^^^^^^^^^^^^^^^^
  4 |
  5 | /**
  6 |  * Interactive behaviours — the layer that responds to input rather than to scroll.

The export setStyle was not found in module [project]/components/motion/dom.ts [app-ssr] (ecmascript).
Did you mean to import setStyles?
All exports of the module are statically known (It doesn't have dynamic exports). So it's known statically that the requested export doesn't exist.

Import traces:
  Client Component Browser:
    ./components/motion/interactions.ts [Client Component Browser]
    ./components/motion/anime-scope.tsx [Client Component Browser]
    ./components/motion/anime-scope.tsx [Server Component]
    ./app/[locale]/page.tsx [Server Component]

  Client Component SSR:
    ./components/motion/interactions.ts [Client Component SSR]
    ./components/motion/anime-scope.tsx [Client Component SSR]
    ./components/motion/anime-scope.tsx [Server Component]
    ./app/[locale]/page.tsx [Server Component] @ http://localhost:3000/_next/static/chunks/node_modules_next_dist_0u_w_5s._.js:1945
[   81353ms] [ERROR] ./components/motion/interactions.ts:3:1
Export setStyle doesn't exist in target module
  1 | import { animate } from "motion"
  2 | import { DUR, EASE } from "./tokens"
> 3 | import { setStyle, clearStyle } from "./dom"
    | ^^^^^^^^^^^^^^^^^^^^^^^^^^^^^^^^^^^^^^^^^^^^
  4 |
  5 | /**
  6 |  * Interactive behaviours — the layer that responds to input rather than to scroll.

The export setStyle was not found in module [project]/components/motion/dom.ts [app-client] (ecmascript).
Did you mean to import setStyles?
All exports of the module are statically known (It doesn't have dynamic exports). So it's known statically that the requested export doesn't exist.

Import traces:
  Client Component Browser:
    ./components/motion/interactions.ts [Client Component Browser]
    ./components/motion/anime-scope.tsx [Client Component Browser]
    ./components/motion/anime-scope.tsx [Server Component]
    ./app/[locale]/page.tsx [Server Component]

  Client Component SSR:
    ./components/motion/interactions.ts [Client Component SSR]
    ./components/motion/anime-scope.tsx [Client Component SSR]
    ./components/motion/anime-scope.tsx [Server Component]
    ./app/[locale]/page.tsx [Server Component] @ http://localhost:3000/_next/static/chunks/node_modules_next_dist_0u_w_5s._.js:1945
[   81353ms] [ERROR] ./components/motion/interactions.ts:3:1
Export setStyle doesn't exist in target module
  1 | import { animate } from "motion"
  2 | import { DUR, EASE } from "./tokens"
> 3 | import { setStyle, clearStyle } from "./dom"
    | ^^^^^^^^^^^^^^^^^^^^^^^^^^^^^^^^^^^^^^^^^^^^
  4 |
  5 | /**
  6 |  * Interactive behaviours — the layer that responds to input rather than to scroll.

The export setStyle was not found in module [project]/components/motion/dom.ts [app-ssr] (ecmascript).
Did you mean to import setStyles?
All exports of the module are statically known (It doesn't have dynamic exports). So it's known statically that the requested export doesn't exist.

Import traces:
  Client Component Browser:
    ./components/motion/interactions.ts [Client Component Browser]
    ./components/motion/anime-scope.tsx [Client Component Browser]
    ./components/motion/anime-scope.tsx [Server Component]
    ./app/[locale]/page.tsx [Server Component]

  Client Component SSR:
    ./components/motion/interactions.ts [Client Component SSR]
    ./components/motion/anime-scope.tsx [Client Component SSR]
    ./components/motion/anime-scope.tsx [Server Component]
    ./app/[locale]/page.tsx [Server Component] @ http://localhost:3000/_next/static/chunks/node_modules_next_dist_0u_w_5s._.js:1945
[   81415ms] [ERROR] ./components/motion/interactions.ts:3:1
Export setStyle doesn't exist in target module
  1 | import { animate } from "motion"
  2 | import { DUR, EASE } from "./tokens"
> 3 | import { setStyle, clearStyle } from "./dom"
    | ^^^^^^^^^^^^^^^^^^^^^^^^^^^^^^^^^^^^^^^^^^^^
  4 |
  5 | /**
  6 |  * Interactive behaviours — the layer that responds to input rather than to scroll.

The export setStyle was not found in module [project]/components/motion/dom.ts [app-client] (ecmascript).
Did you mean to import setStyles?
All exports of the module are statically known (It doesn't have dynamic exports). So it's known statically that the requested export doesn't exist.

Import traces:
  Client Component Browser:
    ./components/motion/interactions.ts [Client Component Browser]
    ./components/motion/anime-scope.tsx [Client Component Browser]
    ./components/motion/anime-scope.tsx [Server Component]
    ./app/[locale]/page.tsx [Server Component]

  Client Component SSR:
    ./components/motion/interactions.ts [Client Component SSR]
    ./components/motion/anime-scope.tsx [Client Component SSR]
    ./components/motion/anime-scope.tsx [Server Component]
    ./app/[locale]/page.tsx [Server Component] @ http://localhost:3000/_next/static/chunks/node_modules_next_dist_0u_w_5s._.js:1945
[   81415ms] [ERROR] ./components/motion/interactions.ts:3:1
Export setStyle doesn't exist in target module
  1 | import { animate } from "motion"
  2 | import { DUR, EASE } from "./tokens"
> 3 | import { setStyle, clearStyle } from "./dom"
    | ^^^^^^^^^^^^^^^^^^^^^^^^^^^^^^^^^^^^^^^^^^^^
  4 |
  5 | /**
  6 |  * Interactive behaviours — the layer that responds to input rather than to scroll.

The export setStyle was not found in module [project]/components/motion/dom.ts [app-ssr] (ecmascript).
Did you mean to import setStyles?
All exports of the module are statically known (It doesn't have dynamic exports). So it's known statically that the requested export doesn't exist.

Import traces:
  Client Component Browser:
    ./components/motion/interactions.ts [Client Component Browser]
    ./components/motion/anime-scope.tsx [Client Component Browser]
    ./components/motion/anime-scope.tsx [Server Component]
    ./app/[locale]/page.tsx [Server Component]

  Client Component SSR:
    ./components/motion/interactions.ts [Client Component SSR]
    ./components/motion/anime-scope.tsx [Client Component SSR]
    ./components/motion/anime-scope.tsx [Server Component]
    ./app/[locale]/page.tsx [Server Component] @ http://localhost:3000/_next/static/chunks/node_modules_next_dist_0u_w_5s._.js:1945
[   81474ms] [ERROR] ./components/motion/interactions.ts:3:1
Export setStyle doesn't exist in target module
  1 | import { animate } from "motion"
  2 | import { DUR, EASE } from "./tokens"
> 3 | import { setStyle, clearStyle } from "./dom"
    | ^^^^^^^^^^^^^^^^^^^^^^^^^^^^^^^^^^^^^^^^^^^^
  4 |
  5 | /**
  6 |  * Interactive behaviours — the layer that responds to input rather than to scroll.

The export setStyle was not found in module [project]/components/motion/dom.ts [app-client] (ecmascript).
Did you mean to import setStyles?
All exports of the module are statically known (It doesn't have dynamic exports). So it's known statically that the requested export doesn't exist.

Import traces:
  Client Component Browser:
    ./components/motion/interactions.ts [Client Component Browser]
    ./components/motion/anime-scope.tsx [Client Component Browser]
    ./components/motion/anime-scope.tsx [Server Component]
    ./app/[locale]/page.tsx [Server Component]

  Client Component SSR:
    ./components/motion/interactions.ts [Client Component SSR]
    ./components/motion/anime-scope.tsx [Client Component SSR]
    ./components/motion/anime-scope.tsx [Server Component]
    ./app/[locale]/page.tsx [Server Component] @ http://localhost:3000/_next/static/chunks/node_modules_next_dist_0u_w_5s._.js:1945
[   81475ms] [ERROR] ./components/motion/interactions.ts:3:1
Export setStyle doesn't exist in target module
  1 | import { animate } from "motion"
  2 | import { DUR, EASE } from "./tokens"
> 3 | import { setStyle, clearStyle } from "./dom"
    | ^^^^^^^^^^^^^^^^^^^^^^^^^^^^^^^^^^^^^^^^^^^^
  4 |
  5 | /**
  6 |  * Interactive behaviours — the layer that responds to input rather than to scroll.

The export setStyle was not found in module [project]/components/motion/dom.ts [app-ssr] (ecmascript).
Did you mean to import setStyles?
All exports of the module are statically known (It doesn't have dynamic exports). So it's known statically that the requested export doesn't exist.

Import traces:
  Client Component Browser:
    ./components/motion/interactions.ts [Client Component Browser]
    ./components/motion/anime-scope.tsx [Client Component Browser]
    ./components/motion/anime-scope.tsx [Server Component]
    ./app/[locale]/page.tsx [Server Component]

  Client Component SSR:
    ./components/motion/interactions.ts [Client Component SSR]
    ./components/motion/anime-scope.tsx [Client Component SSR]
    ./components/motion/anime-scope.tsx [Server Component]
    ./app/[locale]/page.tsx [Server Component] @ http://localhost:3000/_next/static/chunks/node_modules_next_dist_0u_w_5s._.js:1945
[   81536ms] [ERROR] ./components/motion/interactions.ts:3:1
Export setStyle doesn't exist in target module
  1 | import { animate } from "motion"
  2 | import { DUR, EASE } from "./tokens"
> 3 | import { setStyle, clearStyle } from "./dom"
    | ^^^^^^^^^^^^^^^^^^^^^^^^^^^^^^^^^^^^^^^^^^^^
  4 |
  5 | /**
  6 |  * Interactive behaviours — the layer that responds to input rather than to scroll.

The export setStyle was not found in module [project]/components/motion/dom.ts [app-client] (ecmascript).
Did you mean to import setStyles?
All exports of the module are statically known (It doesn't have dynamic exports). So it's known statically that the requested export doesn't exist.

Import traces:
  Client Component Browser:
    ./components/motion/interactions.ts [Client Component Browser]
    ./components/motion/anime-scope.tsx [Client Component Browser]
    ./components/motion/anime-scope.tsx [Server Component]
    ./app/[locale]/page.tsx [Server Component]

  Client Component SSR:
    ./components/motion/interactions.ts [Client Component SSR]
    ./components/motion/anime-scope.tsx [Client Component SSR]
    ./components/motion/anime-scope.tsx [Server Component]
    ./app/[locale]/page.tsx [Server Component] @ http://localhost:3000/_next/static/chunks/node_modules_next_dist_0u_w_5s._.js:1945
[   81536ms] [ERROR] ./components/motion/interactions.ts:3:1
Export setStyle doesn't exist in target module
  1 | import { animate } from "motion"
  2 | import { DUR, EASE } from "./tokens"
> 3 | import { setStyle, clearStyle } from "./dom"
    | ^^^^^^^^^^^^^^^^^^^^^^^^^^^^^^^^^^^^^^^^^^^^
  4 |
  5 | /**
  6 |  * Interactive behaviours — the layer that responds to input rather than to scroll.

The export setStyle was not found in module [project]/components/motion/dom.ts [app-ssr] (ecmascript).
Did you mean to import setStyles?
All exports of the module are statically known (It doesn't have dynamic exports). So it's known statically that the requested export doesn't exist.

Import traces:
  Client Component Browser:
    ./components/motion/interactions.ts [Client Component Browser]
    ./components/motion/anime-scope.tsx [Client Component Browser]
    ./components/motion/anime-scope.tsx [Server Component]
    ./app/[locale]/page.tsx [Server Component]

  Client Component SSR:
    ./components/motion/interactions.ts [Client Component SSR]
    ./components/motion/anime-scope.tsx [Client Component SSR]
    ./components/motion/anime-scope.tsx [Server Component]
    ./app/[locale]/page.tsx [Server Component] @ http://localhost:3000/_next/static/chunks/node_modules_next_dist_0u_w_5s._.js:1945
[   81597ms] [ERROR] ./components/motion/interactions.ts:3:1
Export setStyle doesn't exist in target module
  1 | import { animate } from "motion"
  2 | import { DUR, EASE } from "./tokens"
> 3 | import { setStyle, clearStyle } from "./dom"
    | ^^^^^^^^^^^^^^^^^^^^^^^^^^^^^^^^^^^^^^^^^^^^
  4 |
  5 | /**
  6 |  * Interactive behaviours — the layer that responds to input rather than to scroll.

The export setStyle was not found in module [project]/components/motion/dom.ts [app-client] (ecmascript).
Did you mean to import setStyles?
All exports of the module are statically known (It doesn't have dynamic exports). So it's known statically that the requested export doesn't exist.

Import traces:
  Client Component Browser:
    ./components/motion/interactions.ts [Client Component Browser]
    ./components/motion/anime-scope.tsx [Client Component Browser]
    ./components/motion/anime-scope.tsx [Server Component]
    ./app/[locale]/page.tsx [Server Component]

  Client Component SSR:
    ./components/motion/interactions.ts [Client Component SSR]
    ./components/motion/anime-scope.tsx [Client Component SSR]
    ./components/motion/anime-scope.tsx [Server Component]
    ./app/[locale]/page.tsx [Server Component] @ http://localhost:3000/_next/static/chunks/node_modules_next_dist_0u_w_5s._.js:1945
[   81598ms] [ERROR] ./components/motion/interactions.ts:3:1
Export setStyle doesn't exist in target module
  1 | import { animate } from "motion"
  2 | import { DUR, EASE } from "./tokens"
> 3 | import { setStyle, clearStyle } from "./dom"
    | ^^^^^^^^^^^^^^^^^^^^^^^^^^^^^^^^^^^^^^^^^^^^
  4 |
  5 | /**
  6 |  * Interactive behaviours — the layer that responds to input rather than to scroll.

The export setStyle was not found in module [project]/components/motion/dom.ts [app-ssr] (ecmascript).
Did you mean to import setStyles?
All exports of the module are statically known (It doesn't have dynamic exports). So it's known statically that the requested export doesn't exist.

Import traces:
  Client Component Browser:
    ./components/motion/interactions.ts [Client Component Browser]
    ./components/motion/anime-scope.tsx [Client Component Browser]
    ./components/motion/anime-scope.tsx [Server Component]
    ./app/[locale]/page.tsx [Server Component]

  Client Component SSR:
    ./components/motion/interactions.ts [Client Component SSR]
    ./components/motion/anime-scope.tsx [Client Component SSR]
    ./components/motion/anime-scope.tsx [Server Component]
    ./app/[locale]/page.tsx [Server Component] @ http://localhost:3000/_next/static/chunks/node_modules_next_dist_0u_w_5s._.js:1945
[   81660ms] [ERROR] ./components/motion/interactions.ts:3:1
Export setStyle doesn't exist in target module
  1 | import { animate } from "motion"
  2 | import { DUR, EASE } from "./tokens"
> 3 | import { setStyle, clearStyle } from "./dom"
    | ^^^^^^^^^^^^^^^^^^^^^^^^^^^^^^^^^^^^^^^^^^^^
  4 |
  5 | /**
  6 |  * Interactive behaviours — the layer that responds to input rather than to scroll.

The export setStyle was not found in module [project]/components/motion/dom.ts [app-client] (ecmascript).
Did you mean to import setStyles?
All exports of the module are statically known (It doesn't have dynamic exports). So it's known statically that the requested export doesn't exist.

Import traces:
  Client Component Browser:
    ./components/motion/interactions.ts [Client Component Browser]
    ./components/motion/anime-scope.tsx [Client Component Browser]
    ./components/motion/anime-scope.tsx [Server Component]
    ./app/[locale]/page.tsx [Server Component]

  Client Component SSR:
    ./components/motion/interactions.ts [Client Component SSR]
    ./components/motion/anime-scope.tsx [Client Component SSR]
    ./components/motion/anime-scope.tsx [Server Component]
    ./app/[locale]/page.tsx [Server Component] @ http://localhost:3000/_next/static/chunks/node_modules_next_dist_0u_w_5s._.js:1945
[   81660ms] [ERROR] ./components/motion/interactions.ts:3:1
Export setStyle doesn't exist in target module
  1 | import { animate } from "motion"
  2 | import { DUR, EASE } from "./tokens"
> 3 | import { setStyle, clearStyle } from "./dom"
    | ^^^^^^^^^^^^^^^^^^^^^^^^^^^^^^^^^^^^^^^^^^^^
  4 |
  5 | /**
  6 |  * Interactive behaviours — the layer that responds to input rather than to scroll.

The export setStyle was not found in module [project]/components/motion/dom.ts [app-ssr] (ecmascript).
Did you mean to import setStyles?
All exports of the module are statically known (It doesn't have dynamic exports). So it's known statically that the requested export doesn't exist.

Import traces:
  Client Component Browser:
    ./components/motion/interactions.ts [Client Component Browser]
    ./components/motion/anime-scope.tsx [Client Component Browser]
    ./components/motion/anime-scope.tsx [Server Component]
    ./app/[locale]/page.tsx [Server Component]

  Client Component SSR:
    ./components/motion/interactions.ts [Client Component SSR]
    ./components/motion/anime-scope.tsx [Client Component SSR]
    ./components/motion/anime-scope.tsx [Server Component]
    ./app/[locale]/page.tsx [Server Component] @ http://localhost:3000/_next/static/chunks/node_modules_next_dist_0u_w_5s._.js:1945
[   81722ms] [ERROR] ./components/motion/interactions.ts:3:1
Export setStyle doesn't exist in target module
  1 | import { animate } from "motion"
  2 | import { DUR, EASE } from "./tokens"
> 3 | import { setStyle, clearStyle } from "./dom"
    | ^^^^^^^^^^^^^^^^^^^^^^^^^^^^^^^^^^^^^^^^^^^^
  4 |
  5 | /**
  6 |  * Interactive behaviours — the layer that responds to input rather than to scroll.

The export setStyle was not found in module [project]/components/motion/dom.ts [app-client] (ecmascript).
Did you mean to import setStyles?
All exports of the module are statically known (It doesn't have dynamic exports). So it's known statically that the requested export doesn't exist.

Import traces:
  Client Component Browser:
    ./components/motion/interactions.ts [Client Component Browser]
    ./components/motion/anime-scope.tsx [Client Component Browser]
    ./components/motion/anime-scope.tsx [Server Component]
    ./app/[locale]/page.tsx [Server Component]

  Client Component SSR:
    ./components/motion/interactions.ts [Client Component SSR]
    ./components/motion/anime-scope.tsx [Client Component SSR]
    ./components/motion/anime-scope.tsx [Server Component]
    ./app/[locale]/page.tsx [Server Component] @ http://localhost:3000/_next/static/chunks/node_modules_next_dist_0u_w_5s._.js:1945
[   81722ms] [ERROR] ./components/motion/interactions.ts:3:1
Export setStyle doesn't exist in target module
  1 | import { animate } from "motion"
  2 | import { DUR, EASE } from "./tokens"
> 3 | import { setStyle, clearStyle } from "./dom"
    | ^^^^^^^^^^^^^^^^^^^^^^^^^^^^^^^^^^^^^^^^^^^^
  4 |
  5 | /**
  6 |  * Interactive behaviours — the layer that responds to input rather than to scroll.

The export setStyle was not found in module [project]/components/motion/dom.ts [app-ssr] (ecmascript).
Did you mean to import setStyles?
All exports of the module are statically known (It doesn't have dynamic exports). So it's known statically that the requested export doesn't exist.

Import traces:
  Client Component Browser:
    ./components/motion/interactions.ts [Client Component Browser]
    ./components/motion/anime-scope.tsx [Client Component Browser]
    ./components/motion/anime-scope.tsx [Server Component]
    ./app/[locale]/page.tsx [Server Component]

  Client Component SSR:
    ./components/motion/interactions.ts [Client Component SSR]
    ./components/motion/anime-scope.tsx [Client Component SSR]
    ./components/motion/anime-scope.tsx [Server Component]
    ./app/[locale]/page.tsx [Server Component] @ http://localhost:3000/_next/static/chunks/node_modules_next_dist_0u_w_5s._.js:1945
[   81784ms] [ERROR] ./components/motion/interactions.ts:3:1
Export setStyle doesn't exist in target module
  1 | import { animate } from "motion"
  2 | import { DUR, EASE } from "./tokens"
> 3 | import { setStyle, clearStyle } from "./dom"
    | ^^^^^^^^^^^^^^^^^^^^^^^^^^^^^^^^^^^^^^^^^^^^
  4 |
  5 | /**
  6 |  * Interactive behaviours — the layer that responds to input rather than to scroll.

The export setStyle was not found in module [project]/components/motion/dom.ts [app-client] (ecmascript).
Did you mean to import setStyles?
All exports of the module are statically known (It doesn't have dynamic exports). So it's known statically that the requested export doesn't exist.

Import traces:
  Client Component Browser:
    ./components/motion/interactions.ts [Client Component Browser]
    ./components/motion/anime-scope.tsx [Client Component Browser]
    ./components/motion/anime-scope.tsx [Server Component]
    ./app/[locale]/page.tsx [Server Component]

  Client Component SSR:
    ./components/motion/interactions.ts [Client Component SSR]
    ./components/motion/anime-scope.tsx [Client Component SSR]
    ./components/motion/anime-scope.tsx [Server Component]
    ./app/[locale]/page.tsx [Server Component] @ http://localhost:3000/_next/static/chunks/node_modules_next_dist_0u_w_5s._.js:1945
[   81784ms] [ERROR] ./components/motion/interactions.ts:3:1
Export setStyle doesn't exist in target module
  1 | import { animate } from "motion"
  2 | import { DUR, EASE } from "./tokens"
> 3 | import { setStyle, clearStyle } from "./dom"
    | ^^^^^^^^^^^^^^^^^^^^^^^^^^^^^^^^^^^^^^^^^^^^
  4 |
  5 | /**
  6 |  * Interactive behaviours — the layer that responds to input rather than to scroll.

The export setStyle was not found in module [project]/components/motion/dom.ts [app-ssr] (ecmascript).
Did you mean to import setStyles?
All exports of the module are statically known (It doesn't have dynamic exports). So it's known statically that the requested export doesn't exist.

Import traces:
  Client Component Browser:
    ./components/motion/interactions.ts [Client Component Browser]
    ./components/motion/anime-scope.tsx [Client Component Browser]
    ./components/motion/anime-scope.tsx [Server Component]
    ./app/[locale]/page.tsx [Server Component]

  Client Component SSR:
    ./components/motion/interactions.ts [Client Component SSR]
    ./components/motion/anime-scope.tsx [Client Component SSR]
    ./components/motion/anime-scope.tsx [Server Component]
    ./app/[locale]/page.tsx [Server Component] @ http://localhost:3000/_next/static/chunks/node_modules_next_dist_0u_w_5s._.js:1945
[   81846ms] [ERROR] ./components/motion/interactions.ts:3:1
Export setStyle doesn't exist in target module
  1 | import { animate } from "motion"
  2 | import { DUR, EASE } from "./tokens"
> 3 | import { setStyle, clearStyle } from "./dom"
    | ^^^^^^^^^^^^^^^^^^^^^^^^^^^^^^^^^^^^^^^^^^^^
  4 |
  5 | /**
  6 |  * Interactive behaviours — the layer that responds to input rather than to scroll.

The export setStyle was not found in module [project]/components/motion/dom.ts [app-client] (ecmascript).
Did you mean to import setStyles?
All exports of the module are statically known (It doesn't have dynamic exports). So it's known statically that the requested export doesn't exist.

Import traces:
  Client Component Browser:
    ./components/motion/interactions.ts [Client Component Browser]
    ./components/motion/anime-scope.tsx [Client Component Browser]
    ./components/motion/anime-scope.tsx [Server Component]
    ./app/[locale]/page.tsx [Server Component]

  Client Component SSR:
    ./components/motion/interactions.ts [Client Component SSR]
    ./components/motion/anime-scope.tsx [Client Component SSR]
    ./components/motion/anime-scope.tsx [Server Component]
    ./app/[locale]/page.tsx [Server Component] @ http://localhost:3000/_next/static/chunks/node_modules_next_dist_0u_w_5s._.js:1945
[   81847ms] [ERROR] ./components/motion/interactions.ts:3:1
Export setStyle doesn't exist in target module
  1 | import { animate } from "motion"
  2 | import { DUR, EASE } from "./tokens"
> 3 | import { setStyle, clearStyle } from "./dom"
    | ^^^^^^^^^^^^^^^^^^^^^^^^^^^^^^^^^^^^^^^^^^^^
  4 |
  5 | /**
  6 |  * Interactive behaviours — the layer that responds to input rather than to scroll.

The export setStyle was not found in module [project]/components/motion/dom.ts [app-ssr] (ecmascript).
Did you mean to import setStyles?
All exports of the module are statically known (It doesn't have dynamic exports). So it's known statically that the requested export doesn't exist.

Import traces:
  Client Component Browser:
    ./components/motion/interactions.ts [Client Component Browser]
    ./components/motion/anime-scope.tsx [Client Component Browser]
    ./components/motion/anime-scope.tsx [Server Component]
    ./app/[locale]/page.tsx [Server Component]

  Client Component SSR:
    ./components/motion/interactions.ts [Client Component SSR]
    ./components/motion/anime-scope.tsx [Client Component SSR]
    ./components/motion/anime-scope.tsx [Server Component]
    ./app/[locale]/page.tsx [Server Component] @ http://localhost:3000/_next/static/chunks/node_modules_next_dist_0u_w_5s._.js:1945
[   81907ms] [ERROR] ./components/motion/interactions.ts:3:1
Export setStyle doesn't exist in target module
  1 | import { animate } from "motion"
  2 | import { DUR, EASE } from "./tokens"
> 3 | import { setStyle, clearStyle } from "./dom"
    | ^^^^^^^^^^^^^^^^^^^^^^^^^^^^^^^^^^^^^^^^^^^^
  4 |
  5 | /**
  6 |  * Interactive behaviours — the layer that responds to input rather than to scroll.

The export setStyle was not found in module [project]/components/motion/dom.ts [app-client] (ecmascript).
Did you mean to import setStyles?
All exports of the module are statically known (It doesn't have dynamic exports). So it's known statically that the requested export doesn't exist.

Import traces:
  Client Component Browser:
    ./components/motion/interactions.ts [Client Component Browser]
    ./components/motion/anime-scope.tsx [Client Component Browser]
    ./components/motion/anime-scope.tsx [Server Component]
    ./app/[locale]/page.tsx [Server Component]

  Client Component SSR:
    ./components/motion/interactions.ts [Client Component SSR]
    ./components/motion/anime-scope.tsx [Client Component SSR]
    ./components/motion/anime-scope.tsx [Server Component]
    ./app/[locale]/page.tsx [Server Component] @ http://localhost:3000/_next/static/chunks/node_modules_next_dist_0u_w_5s._.js:1945
[   81907ms] [ERROR] ./components/motion/interactions.ts:3:1
Export setStyle doesn't exist in target module
  1 | import { animate } from "motion"
  2 | import { DUR, EASE } from "./tokens"
> 3 | import { setStyle, clearStyle } from "./dom"
    | ^^^^^^^^^^^^^^^^^^^^^^^^^^^^^^^^^^^^^^^^^^^^
  4 |
  5 | /**
  6 |  * Interactive behaviours — the layer that responds to input rather than to scroll.

The export setStyle was not found in module [project]/components/motion/dom.ts [app-ssr] (ecmascript).
Did you mean to import setStyles?
All exports of the module are statically known (It doesn't have dynamic exports). So it's known statically that the requested export doesn't exist.

Import traces:
  Client Component Browser:
    ./components/motion/interactions.ts [Client Component Browser]
    ./components/motion/anime-scope.tsx [Client Component Browser]
    ./components/motion/anime-scope.tsx [Server Component]
    ./app/[locale]/page.tsx [Server Component]

  Client Component SSR:
    ./components/motion/interactions.ts [Client Component SSR]
    ./components/motion/anime-scope.tsx [Client Component SSR]
    ./components/motion/anime-scope.tsx [Server Component]
    ./app/[locale]/page.tsx [Server Component] @ http://localhost:3000/_next/static/chunks/node_modules_next_dist_0u_w_5s._.js:1945
[   81970ms] [ERROR] ./components/motion/interactions.ts:3:1
Export setStyle doesn't exist in target module
  1 | import { animate } from "motion"
  2 | import { DUR, EASE } from "./tokens"
> 3 | import { setStyle, clearStyle } from "./dom"
    | ^^^^^^^^^^^^^^^^^^^^^^^^^^^^^^^^^^^^^^^^^^^^
  4 |
  5 | /**
  6 |  * Interactive behaviours — the layer that responds to input rather than to scroll.

The export setStyle was not found in module [project]/components/motion/dom.ts [app-client] (ecmascript).
Did you mean to import setStyles?
All exports of the module are statically known (It doesn't have dynamic exports). So it's known statically that the requested export doesn't exist.

Import traces:
  Client Component Browser:
    ./components/motion/interactions.ts [Client Component Browser]
    ./components/motion/anime-scope.tsx [Client Component Browser]
    ./components/motion/anime-scope.tsx [Server Component]
    ./app/[locale]/page.tsx [Server Component]

  Client Component SSR:
    ./components/motion/interactions.ts [Client Component SSR]
    ./components/motion/anime-scope.tsx [Client Component SSR]
    ./components/motion/anime-scope.tsx [Server Component]
    ./app/[locale]/page.tsx [Server Component] @ http://localhost:3000/_next/static/chunks/node_modules_next_dist_0u_w_5s._.js:1945
[   81970ms] [ERROR] ./components/motion/interactions.ts:3:1
Export setStyle doesn't exist in target module
  1 | import { animate } from "motion"
  2 | import { DUR, EASE } from "./tokens"
> 3 | import { setStyle, clearStyle } from "./dom"
    | ^^^^^^^^^^^^^^^^^^^^^^^^^^^^^^^^^^^^^^^^^^^^
  4 |
  5 | /**
  6 |  * Interactive behaviours — the layer that responds to input rather than to scroll.

The export setStyle was not found in module [project]/components/motion/dom.ts [app-ssr] (ecmascript).
Did you mean to import setStyles?
All exports of the module are statically known (It doesn't have dynamic exports). So it's known statically that the requested export doesn't exist.

Import traces:
  Client Component Browser:
    ./components/motion/interactions.ts [Client Component Browser]
    ./components/motion/anime-scope.tsx [Client Component Browser]
    ./components/motion/anime-scope.tsx [Server Component]
    ./app/[locale]/page.tsx [Server Component]

  Client Component SSR:
    ./components/motion/interactions.ts [Client Component SSR]
    ./components/motion/anime-scope.tsx [Client Component SSR]
    ./components/motion/anime-scope.tsx [Server Component]
    ./app/[locale]/page.tsx [Server Component] @ http://localhost:3000/_next/static/chunks/node_modules_next_dist_0u_w_5s._.js:1945
[   82031ms] [ERROR] ./components/motion/interactions.ts:3:1
Export setStyle doesn't exist in target module
  1 | import { animate } from "motion"
  2 | import { DUR, EASE } from "./tokens"
> 3 | import { setStyle, clearStyle } from "./dom"
    | ^^^^^^^^^^^^^^^^^^^^^^^^^^^^^^^^^^^^^^^^^^^^
  4 |
  5 | /**
  6 |  * Interactive behaviours — the layer that responds to input rather than to scroll.

The export setStyle was not found in module [project]/components/motion/dom.ts [app-client] (ecmascript).
Did you mean to import setStyles?
All exports of the module are statically known (It doesn't have dynamic exports). So it's known statically that the requested export doesn't exist.

Import traces:
  Client Component Browser:
    ./components/motion/interactions.ts [Client Component Browser]
    ./components/motion/anime-scope.tsx [Client Component Browser]
    ./components/motion/anime-scope.tsx [Server Component]
    ./app/[locale]/page.tsx [Server Component]

  Client Component SSR:
    ./components/motion/interactions.ts [Client Component SSR]
    ./components/motion/anime-scope.tsx [Client Component SSR]
    ./components/motion/anime-scope.tsx [Server Component]
    ./app/[locale]/page.tsx [Server Component] @ http://localhost:3000/_next/static/chunks/node_modules_next_dist_0u_w_5s._.js:1945
[   82031ms] [ERROR] ./components/motion/interactions.ts:3:1
Export setStyle doesn't exist in target module
  1 | import { animate } from "motion"
  2 | import { DUR, EASE } from "./tokens"
> 3 | import { setStyle, clearStyle } from "./dom"
    | ^^^^^^^^^^^^^^^^^^^^^^^^^^^^^^^^^^^^^^^^^^^^
  4 |
  5 | /**
  6 |  * Interactive behaviours — the layer that responds to input rather than to scroll.

The export setStyle was not found in module [project]/components/motion/dom.ts [app-ssr] (ecmascript).
Did you mean to import setStyles?
All exports of the module are statically known (It doesn't have dynamic exports). So it's known statically that the requested export doesn't exist.

Import traces:
  Client Component Browser:
    ./components/motion/interactions.ts [Client Component Browser]
    ./components/motion/anime-scope.tsx [Client Component Browser]
    ./components/motion/anime-scope.tsx [Server Component]
    ./app/[locale]/page.tsx [Server Component]

  Client Component SSR:
    ./components/motion/interactions.ts [Client Component SSR]
    ./components/motion/anime-scope.tsx [Client Component SSR]
    ./components/motion/anime-scope.tsx [Server Component]
    ./app/[locale]/page.tsx [Server Component] @ http://localhost:3000/_next/static/chunks/node_modules_next_dist_0u_w_5s._.js:1945
[   82090ms] [ERROR] ./components/motion/interactions.ts:3:1
Export setStyle doesn't exist in target module
  1 | import { animate } from "motion"
  2 | import { DUR, EASE } from "./tokens"
> 3 | import { setStyle, clearStyle } from "./dom"
    | ^^^^^^^^^^^^^^^^^^^^^^^^^^^^^^^^^^^^^^^^^^^^
  4 |
  5 | /**
  6 |  * Interactive behaviours — the layer that responds to input rather than to scroll.

The export setStyle was not found in module [project]/components/motion/dom.ts [app-client] (ecmascript).
Did you mean to import setStyles?
All exports of the module are statically known (It doesn't have dynamic exports). So it's known statically that the requested export doesn't exist.

Import traces:
  Client Component Browser:
    ./components/motion/interactions.ts [Client Component Browser]
    ./components/motion/anime-scope.tsx [Client Component Browser]
    ./components/motion/anime-scope.tsx [Server Component]
    ./app/[locale]/page.tsx [Server Component]

  Client Component SSR:
    ./components/motion/interactions.ts [Client Component SSR]
    ./components/motion/anime-scope.tsx [Client Component SSR]
    ./components/motion/anime-scope.tsx [Server Component]
    ./app/[locale]/page.tsx [Server Component] @ http://localhost:3000/_next/static/chunks/node_modules_next_dist_0u_w_5s._.js:1945
[   82091ms] [ERROR] ./components/motion/interactions.ts:3:1
Export setStyle doesn't exist in target module
  1 | import { animate } from "motion"
  2 | import { DUR, EASE } from "./tokens"
> 3 | import { setStyle, clearStyle } from "./dom"
    | ^^^^^^^^^^^^^^^^^^^^^^^^^^^^^^^^^^^^^^^^^^^^
  4 |
  5 | /**
  6 |  * Interactive behaviours — the layer that responds to input rather than to scroll.

The export setStyle was not found in module [project]/components/motion/dom.ts [app-ssr] (ecmascript).
Did you mean to import setStyles?
All exports of the module are statically known (It doesn't have dynamic exports). So it's known statically that the requested export doesn't exist.

Import traces:
  Client Component Browser:
    ./components/motion/interactions.ts [Client Component Browser]
    ./components/motion/anime-scope.tsx [Client Component Browser]
    ./components/motion/anime-scope.tsx [Server Component]
    ./app/[locale]/page.tsx [Server Component]

  Client Component SSR:
    ./components/motion/interactions.ts [Client Component SSR]
    ./components/motion/anime-scope.tsx [Client Component SSR]
    ./components/motion/anime-scope.tsx [Server Component]
    ./app/[locale]/page.tsx [Server Component] @ http://localhost:3000/_next/static/chunks/node_modules_next_dist_0u_w_5s._.js:1945
[   82152ms] [ERROR] ./components/motion/interactions.ts:3:1
Export setStyle doesn't exist in target module
  1 | import { animate } from "motion"
  2 | import { DUR, EASE } from "./tokens"
> 3 | import { setStyle, clearStyle } from "./dom"
    | ^^^^^^^^^^^^^^^^^^^^^^^^^^^^^^^^^^^^^^^^^^^^
  4 |
  5 | /**
  6 |  * Interactive behaviours — the layer that responds to input rather than to scroll.

The export setStyle was not found in module [project]/components/motion/dom.ts [app-client] (ecmascript).
Did you mean to import setStyles?
All exports of the module are statically known (It doesn't have dynamic exports). So it's known statically that the requested export doesn't exist.

Import traces:
  Client Component Browser:
    ./components/motion/interactions.ts [Client Component Browser]
    ./components/motion/anime-scope.tsx [Client Component Browser]
    ./components/motion/anime-scope.tsx [Server Component]
    ./app/[locale]/page.tsx [Server Component]

  Client Component SSR:
    ./components/motion/interactions.ts [Client Component SSR]
    ./components/motion/anime-scope.tsx [Client Component SSR]
    ./components/motion/anime-scope.tsx [Server Component]
    ./app/[locale]/page.tsx [Server Component] @ http://localhost:3000/_next/static/chunks/node_modules_next_dist_0u_w_5s._.js:1945
[   82152ms] [ERROR] ./components/motion/interactions.ts:3:1
Export setStyle doesn't exist in target module
  1 | import { animate } from "motion"
  2 | import { DUR, EASE } from "./tokens"
> 3 | import { setStyle, clearStyle } from "./dom"
    | ^^^^^^^^^^^^^^^^^^^^^^^^^^^^^^^^^^^^^^^^^^^^
  4 |
  5 | /**
  6 |  * Interactive behaviours — the layer that responds to input rather than to scroll.

The export setStyle was not found in module [project]/components/motion/dom.ts [app-ssr] (ecmascript).
Did you mean to import setStyles?
All exports of the module are statically known (It doesn't have dynamic exports). So it's known statically that the requested export doesn't exist.

Import traces:
  Client Component Browser:
    ./components/motion/interactions.ts [Client Component Browser]
    ./components/motion/anime-scope.tsx [Client Component Browser]
    ./components/motion/anime-scope.tsx [Server Component]
    ./app/[locale]/page.tsx [Server Component]

  Client Component SSR:
    ./components/motion/interactions.ts [Client Component SSR]
    ./components/motion/anime-scope.tsx [Client Component SSR]
    ./components/motion/anime-scope.tsx [Server Component]
    ./app/[locale]/page.tsx [Server Component] @ http://localhost:3000/_next/static/chunks/node_modules_next_dist_0u_w_5s._.js:1945
[   82213ms] [ERROR] ./components/motion/interactions.ts:3:1
Export setStyle doesn't exist in target module
  1 | import { animate } from "motion"
  2 | import { DUR, EASE } from "./tokens"
> 3 | import { setStyle, clearStyle } from "./dom"
    | ^^^^^^^^^^^^^^^^^^^^^^^^^^^^^^^^^^^^^^^^^^^^
  4 |
  5 | /**
  6 |  * Interactive behaviours — the layer that responds to input rather than to scroll.

The export setStyle was not found in module [project]/components/motion/dom.ts [app-client] (ecmascript).
Did you mean to import setStyles?
All exports of the module are statically known (It doesn't have dynamic exports). So it's known statically that the requested export doesn't exist.

Import traces:
  Client Component Browser:
    ./components/motion/interactions.ts [Client Component Browser]
    ./components/motion/anime-scope.tsx [Client Component Browser]
    ./components/motion/anime-scope.tsx [Server Component]
    ./app/[locale]/page.tsx [Server Component]

  Client Component SSR:
    ./components/motion/interactions.ts [Client Component SSR]
    ./components/motion/anime-scope.tsx [Client Component SSR]
    ./components/motion/anime-scope.tsx [Server Component]
    ./app/[locale]/page.tsx [Server Component] @ http://localhost:3000/_next/static/chunks/node_modules_next_dist_0u_w_5s._.js:1945
[   82213ms] [ERROR] ./components/motion/interactions.ts:3:1
Export setStyle doesn't exist in target module
  1 | import { animate } from "motion"
  2 | import { DUR, EASE } from "./tokens"
> 3 | import { setStyle, clearStyle } from "./dom"
    | ^^^^^^^^^^^^^^^^^^^^^^^^^^^^^^^^^^^^^^^^^^^^
  4 |
  5 | /**
  6 |  * Interactive behaviours — the layer that responds to input rather than to scroll.

The export setStyle was not found in module [project]/components/motion/dom.ts [app-ssr] (ecmascript).
Did you mean to import setStyles?
All exports of the module are statically known (It doesn't have dynamic exports). So it's known statically that the requested export doesn't exist.

Import traces:
  Client Component Browser:
    ./components/motion/interactions.ts [Client Component Browser]
    ./components/motion/anime-scope.tsx [Client Component Browser]
    ./components/motion/anime-scope.tsx [Server Component]
    ./app/[locale]/page.tsx [Server Component]

  Client Component SSR:
    ./components/motion/interactions.ts [Client Component SSR]
    ./components/motion/anime-scope.tsx [Client Component SSR]
    ./components/motion/anime-scope.tsx [Server Component]
    ./app/[locale]/page.tsx [Server Component] @ http://localhost:3000/_next/static/chunks/node_modules_next_dist_0u_w_5s._.js:1945
[   82275ms] [ERROR] ./components/motion/interactions.ts:3:1
Export setStyle doesn't exist in target module
  1 | import { animate } from "motion"
  2 | import { DUR, EASE } from "./tokens"
> 3 | import { setStyle, clearStyle } from "./dom"
    | ^^^^^^^^^^^^^^^^^^^^^^^^^^^^^^^^^^^^^^^^^^^^
  4 |
  5 | /**
  6 |  * Interactive behaviours — the layer that responds to input rather than to scroll.

The export setStyle was not found in module [project]/components/motion/dom.ts [app-client] (ecmascript).
Did you mean to import setStyles?
All exports of the module are statically known (It doesn't have dynamic exports). So it's known statically that the requested export doesn't exist.

Import traces:
  Client Component Browser:
    ./components/motion/interactions.ts [Client Component Browser]
    ./components/motion/anime-scope.tsx [Client Component Browser]
    ./components/motion/anime-scope.tsx [Server Component]
    ./app/[locale]/page.tsx [Server Component]

  Client Component SSR:
    ./components/motion/interactions.ts [Client Component SSR]
    ./components/motion/anime-scope.tsx [Client Component SSR]
    ./components/motion/anime-scope.tsx [Server Component]
    ./app/[locale]/page.tsx [Server Component] @ http://localhost:3000/_next/static/chunks/node_modules_next_dist_0u_w_5s._.js:1945
[   82276ms] [ERROR] ./components/motion/interactions.ts:3:1
Export setStyle doesn't exist in target module
  1 | import { animate } from "motion"
  2 | import { DUR, EASE } from "./tokens"
> 3 | import { setStyle, clearStyle } from "./dom"
    | ^^^^^^^^^^^^^^^^^^^^^^^^^^^^^^^^^^^^^^^^^^^^
  4 |
  5 | /**
  6 |  * Interactive behaviours — the layer that responds to input rather than to scroll.

The export setStyle was not found in module [project]/components/motion/dom.ts [app-ssr] (ecmascript).
Did you mean to import setStyles?
All exports of the module are statically known (It doesn't have dynamic exports). So it's known statically that the requested export doesn't exist.

Import traces:
  Client Component Browser:
    ./components/motion/interactions.ts [Client Component Browser]
    ./components/motion/anime-scope.tsx [Client Component Browser]
    ./components/motion/anime-scope.tsx [Server Component]
    ./app/[locale]/page.tsx [Server Component]

  Client Component SSR:
    ./components/motion/interactions.ts [Client Component SSR]
    ./components/motion/anime-scope.tsx [Client Component SSR]
    ./components/motion/anime-scope.tsx [Server Component]
    ./app/[locale]/page.tsx [Server Component] @ http://localhost:3000/_next/static/chunks/node_modules_next_dist_0u_w_5s._.js:1945
[   82336ms] [ERROR] ./components/motion/interactions.ts:3:1
Export setStyle doesn't exist in target module
  1 | import { animate } from "motion"
  2 | import { DUR, EASE } from "./tokens"
> 3 | import { setStyle, clearStyle } from "./dom"
    | ^^^^^^^^^^^^^^^^^^^^^^^^^^^^^^^^^^^^^^^^^^^^
  4 |
  5 | /**
  6 |  * Interactive behaviours — the layer that responds to input rather than to scroll.

The export setStyle was not found in module [project]/components/motion/dom.ts [app-client] (ecmascript).
Did you mean to import setStyles?
All exports of the module are statically known (It doesn't have dynamic exports). So it's known statically that the requested export doesn't exist.

Import traces:
  Client Component Browser:
    ./components/motion/interactions.ts [Client Component Browser]
    ./components/motion/anime-scope.tsx [Client Component Browser]
    ./components/motion/anime-scope.tsx [Server Component]
    ./app/[locale]/page.tsx [Server Component]

  Client Component SSR:
    ./components/motion/interactions.ts [Client Component SSR]
    ./components/motion/anime-scope.tsx [Client Component SSR]
    ./components/motion/anime-scope.tsx [Server Component]
    ./app/[locale]/page.tsx [Server Component] @ http://localhost:3000/_next/static/chunks/node_modules_next_dist_0u_w_5s._.js:1945
[   82336ms] [ERROR] ./components/motion/interactions.ts:3:1
Export setStyle doesn't exist in target module
  1 | import { animate } from "motion"
  2 | import { DUR, EASE } from "./tokens"
> 3 | import { setStyle, clearStyle } from "./dom"
    | ^^^^^^^^^^^^^^^^^^^^^^^^^^^^^^^^^^^^^^^^^^^^
  4 |
  5 | /**
  6 |  * Interactive behaviours — the layer that responds to input rather than to scroll.

The export setStyle was not found in module [project]/components/motion/dom.ts [app-ssr] (ecmascript).
Did you mean to import setStyles?
All exports of the module are statically known (It doesn't have dynamic exports). So it's known statically that the requested export doesn't exist.

Import traces:
  Client Component Browser:
    ./components/motion/interactions.ts [Client Component Browser]
    ./components/motion/anime-scope.tsx [Client Component Browser]
    ./components/motion/anime-scope.tsx [Server Component]
    ./app/[locale]/page.tsx [Server Component]

  Client Component SSR:
    ./components/motion/interactions.ts [Client Component SSR]
    ./components/motion/anime-scope.tsx [Client Component SSR]
    ./components/motion/anime-scope.tsx [Server Component]
    ./app/[locale]/page.tsx [Server Component] @ http://localhost:3000/_next/static/chunks/node_modules_next_dist_0u_w_5s._.js:1945
[   82396ms] [ERROR] ./components/motion/interactions.ts:3:1
Export setStyle doesn't exist in target module
  1 | import { animate } from "motion"
  2 | import { DUR, EASE } from "./tokens"
> 3 | import { setStyle, clearStyle } from "./dom"
    | ^^^^^^^^^^^^^^^^^^^^^^^^^^^^^^^^^^^^^^^^^^^^
  4 |
  5 | /**
  6 |  * Interactive behaviours — the layer that responds to input rather than to scroll.

The export setStyle was not found in module [project]/components/motion/dom.ts [app-client] (ecmascript).
Did you mean to import setStyles?
All exports of the module are statically known (It doesn't have dynamic exports). So it's known statically that the requested export doesn't exist.

Import traces:
  Client Component Browser:
    ./components/motion/interactions.ts [Client Component Browser]
    ./components/motion/anime-scope.tsx [Client Component Browser]
    ./components/motion/anime-scope.tsx [Server Component]
    ./app/[locale]/page.tsx [Server Component]

  Client Component SSR:
    ./components/motion/interactions.ts [Client Component SSR]
    ./components/motion/anime-scope.tsx [Client Component SSR]
    ./components/motion/anime-scope.tsx [Server Component]
    ./app/[locale]/page.tsx [Server Component] @ http://localhost:3000/_next/static/chunks/node_modules_next_dist_0u_w_5s._.js:1945
[   82396ms] [ERROR] ./components/motion/interactions.ts:3:1
Export setStyle doesn't exist in target module
  1 | import { animate } from "motion"
  2 | import { DUR, EASE } from "./tokens"
> 3 | import { setStyle, clearStyle } from "./dom"
    | ^^^^^^^^^^^^^^^^^^^^^^^^^^^^^^^^^^^^^^^^^^^^
  4 |
  5 | /**
  6 |  * Interactive behaviours — the layer that responds to input rather than to scroll.

The export setStyle was not found in module [project]/components/motion/dom.ts [app-ssr] (ecmascript).
Did you mean to import setStyles?
All exports of the module are statically known (It doesn't have dynamic exports). So it's known statically that the requested export doesn't exist.

Import traces:
  Client Component Browser:
    ./components/motion/interactions.ts [Client Component Browser]
    ./components/motion/anime-scope.tsx [Client Component Browser]
    ./components/motion/anime-scope.tsx [Server Component]
    ./app/[locale]/page.tsx [Server Component]

  Client Component SSR:
    ./components/motion/interactions.ts [Client Component SSR]
    ./components/motion/anime-scope.tsx [Client Component SSR]
    ./components/motion/anime-scope.tsx [Server Component]
    ./app/[locale]/page.tsx [Server Component] @ http://localhost:3000/_next/static/chunks/node_modules_next_dist_0u_w_5s._.js:1945
[   82458ms] [ERROR] ./components/motion/interactions.ts:3:1
Export setStyle doesn't exist in target module
  1 | import { animate } from "motion"
  2 | import { DUR, EASE } from "./tokens"
> 3 | import { setStyle, clearStyle } from "./dom"
    | ^^^^^^^^^^^^^^^^^^^^^^^^^^^^^^^^^^^^^^^^^^^^
  4 |
  5 | /**
  6 |  * Interactive behaviours — the layer that responds to input rather than to scroll.

The export setStyle was not found in module [project]/components/motion/dom.ts [app-client] (ecmascript).
Did you mean to import setStyles?
All exports of the module are statically known (It doesn't have dynamic exports). So it's known statically that the requested export doesn't exist.

Import traces:
  Client Component Browser:
    ./components/motion/interactions.ts [Client Component Browser]
    ./components/motion/anime-scope.tsx [Client Component Browser]
    ./components/motion/anime-scope.tsx [Server Component]
    ./app/[locale]/page.tsx [Server Component]

  Client Component SSR:
    ./components/motion/interactions.ts [Client Component SSR]
    ./components/motion/anime-scope.tsx [Client Component SSR]
    ./components/motion/anime-scope.tsx [Server Component]
    ./app/[locale]/page.tsx [Server Component] @ http://localhost:3000/_next/static/chunks/node_modules_next_dist_0u_w_5s._.js:1945
[   82458ms] [ERROR] ./components/motion/interactions.ts:3:1
Export setStyle doesn't exist in target module
  1 | import { animate } from "motion"
  2 | import { DUR, EASE } from "./tokens"
> 3 | import { setStyle, clearStyle } from "./dom"
    | ^^^^^^^^^^^^^^^^^^^^^^^^^^^^^^^^^^^^^^^^^^^^
  4 |
  5 | /**
  6 |  * Interactive behaviours — the layer that responds to input rather than to scroll.

The export setStyle was not found in module [project]/components/motion/dom.ts [app-ssr] (ecmascript).
Did you mean to import setStyles?
All exports of the module are statically known (It doesn't have dynamic exports). So it's known statically that the requested export doesn't exist.

Import traces:
  Client Component Browser:
    ./components/motion/interactions.ts [Client Component Browser]
    ./components/motion/anime-scope.tsx [Client Component Browser]
    ./components/motion/anime-scope.tsx [Server Component]
    ./app/[locale]/page.tsx [Server Component]

  Client Component SSR:
    ./components/motion/interactions.ts [Client Component SSR]
    ./components/motion/anime-scope.tsx [Client Component SSR]
    ./components/motion/anime-scope.tsx [Server Component]
    ./app/[locale]/page.tsx [Server Component] @ http://localhost:3000/_next/static/chunks/node_modules_next_dist_0u_w_5s._.js:1945
[   82520ms] [ERROR] ./components/motion/interactions.ts:3:1
Export setStyle doesn't exist in target module
  1 | import { animate } from "motion"
  2 | import { DUR, EASE } from "./tokens"
> 3 | import { setStyle, clearStyle } from "./dom"
    | ^^^^^^^^^^^^^^^^^^^^^^^^^^^^^^^^^^^^^^^^^^^^
  4 |
  5 | /**
  6 |  * Interactive behaviours — the layer that responds to input rather than to scroll.

The export setStyle was not found in module [project]/components/motion/dom.ts [app-client] (ecmascript).
Did you mean to import setStyles?
All exports of the module are statically known (It doesn't have dynamic exports). So it's known statically that the requested export doesn't exist.

Import traces:
  Client Component Browser:
    ./components/motion/interactions.ts [Client Component Browser]
    ./components/motion/anime-scope.tsx [Client Component Browser]
    ./components/motion/anime-scope.tsx [Server Component]
    ./app/[locale]/page.tsx [Server Component]

  Client Component SSR:
    ./components/motion/interactions.ts [Client Component SSR]
    ./components/motion/anime-scope.tsx [Client Component SSR]
    ./components/motion/anime-scope.tsx [Server Component]
    ./app/[locale]/page.tsx [Server Component] @ http://localhost:3000/_next/static/chunks/node_modules_next_dist_0u_w_5s._.js:1945
[   82520ms] [ERROR] ./components/motion/interactions.ts:3:1
Export setStyle doesn't exist in target module
  1 | import { animate } from "motion"
  2 | import { DUR, EASE } from "./tokens"
> 3 | import { setStyle, clearStyle } from "./dom"
    | ^^^^^^^^^^^^^^^^^^^^^^^^^^^^^^^^^^^^^^^^^^^^
  4 |
  5 | /**
  6 |  * Interactive behaviours — the layer that responds to input rather than to scroll.

The export setStyle was not found in module [project]/components/motion/dom.ts [app-ssr] (ecmascript).
Did you mean to import setStyles?
All exports of the module are statically known (It doesn't have dynamic exports). So it's known statically that the requested export doesn't exist.

Import traces:
  Client Component Browser:
    ./components/motion/interactions.ts [Client Component Browser]
    ./components/motion/anime-scope.tsx [Client Component Browser]
    ./components/motion/anime-scope.tsx [Server Component]
    ./app/[locale]/page.tsx [Server Component]

  Client Component SSR:
    ./components/motion/interactions.ts [Client Component SSR]
    ./components/motion/anime-scope.tsx [Client Component SSR]
    ./components/motion/anime-scope.tsx [Server Component]
    ./app/[locale]/page.tsx [Server Component] @ http://localhost:3000/_next/static/chunks/node_modules_next_dist_0u_w_5s._.js:1945
[   82581ms] [ERROR] ./components/motion/interactions.ts:3:1
Export setStyle doesn't exist in target module
  1 | import { animate } from "motion"
  2 | import { DUR, EASE } from "./tokens"
> 3 | import { setStyle, clearStyle } from "./dom"
    | ^^^^^^^^^^^^^^^^^^^^^^^^^^^^^^^^^^^^^^^^^^^^
  4 |
  5 | /**
  6 |  * Interactive behaviours — the layer that responds to input rather than to scroll.

The export setStyle was not found in module [project]/components/motion/dom.ts [app-client] (ecmascript).
Did you mean to import setStyles?
All exports of the module are statically known (It doesn't have dynamic exports). So it's known statically that the requested export doesn't exist.

Import traces:
  Client Component Browser:
    ./components/motion/interactions.ts [Client Component Browser]
    ./components/motion/anime-scope.tsx [Client Component Browser]
    ./components/motion/anime-scope.tsx [Server Component]
    ./app/[locale]/page.tsx [Server Component]

  Client Component SSR:
    ./components/motion/interactions.ts [Client Component SSR]
    ./components/motion/anime-scope.tsx [Client Component SSR]
    ./components/motion/anime-scope.tsx [Server Component]
    ./app/[locale]/page.tsx [Server Component] @ http://localhost:3000/_next/static/chunks/node_modules_next_dist_0u_w_5s._.js:1945
[   82581ms] [ERROR] ./components/motion/interactions.ts:3:1
Export setStyle doesn't exist in target module
  1 | import { animate } from "motion"
  2 | import { DUR, EASE } from "./tokens"
> 3 | import { setStyle, clearStyle } from "./dom"
    | ^^^^^^^^^^^^^^^^^^^^^^^^^^^^^^^^^^^^^^^^^^^^
  4 |
  5 | /**
  6 |  * Interactive behaviours — the layer that responds to input rather than to scroll.

The export setStyle was not found in module [project]/components/motion/dom.ts [app-ssr] (ecmascript).
Did you mean to import setStyles?
All exports of the module are statically known (It doesn't have dynamic exports). So it's known statically that the requested export doesn't exist.

Import traces:
  Client Component Browser:
    ./components/motion/interactions.ts [Client Component Browser]
    ./components/motion/anime-scope.tsx [Client Component Browser]
    ./components/motion/anime-scope.tsx [Server Component]
    ./app/[locale]/page.tsx [Server Component]

  Client Component SSR:
    ./components/motion/interactions.ts [Client Component SSR]
    ./components/motion/anime-scope.tsx [Client Component SSR]
    ./components/motion/anime-scope.tsx [Server Component]
    ./app/[locale]/page.tsx [Server Component] @ http://localhost:3000/_next/static/chunks/node_modules_next_dist_0u_w_5s._.js:1945
[   82642ms] [ERROR] ./components/motion/interactions.ts:3:1
Export setStyle doesn't exist in target module
  1 | import { animate } from "motion"
  2 | import { DUR, EASE } from "./tokens"
> 3 | import { setStyle, clearStyle } from "./dom"
    | ^^^^^^^^^^^^^^^^^^^^^^^^^^^^^^^^^^^^^^^^^^^^
  4 |
  5 | /**
  6 |  * Interactive behaviours — the layer that responds to input rather than to scroll.

The export setStyle was not found in module [project]/components/motion/dom.ts [app-client] (ecmascript).
Did you mean to import setStyles?
All exports of the module are statically known (It doesn't have dynamic exports). So it's known statically that the requested export doesn't exist.

Import traces:
  Client Component Browser:
    ./components/motion/interactions.ts [Client Component Browser]
    ./components/motion/anime-scope.tsx [Client Component Browser]
    ./components/motion/anime-scope.tsx [Server Component]
    ./app/[locale]/page.tsx [Server Component]

  Client Component SSR:
    ./components/motion/interactions.ts [Client Component SSR]
    ./components/motion/anime-scope.tsx [Client Component SSR]
    ./components/motion/anime-scope.tsx [Server Component]
    ./app/[locale]/page.tsx [Server Component] @ http://localhost:3000/_next/static/chunks/node_modules_next_dist_0u_w_5s._.js:1945
[   82642ms] [ERROR] ./components/motion/interactions.ts:3:1
Export setStyle doesn't exist in target module
  1 | import { animate } from "motion"
  2 | import { DUR, EASE } from "./tokens"
> 3 | import { setStyle, clearStyle } from "./dom"
    | ^^^^^^^^^^^^^^^^^^^^^^^^^^^^^^^^^^^^^^^^^^^^
  4 |
  5 | /**
  6 |  * Interactive behaviours — the layer that responds to input rather than to scroll.

The export setStyle was not found in module [project]/components/motion/dom.ts [app-ssr] (ecmascript).
Did you mean to import setStyles?
All exports of the module are statically known (It doesn't have dynamic exports). So it's known statically that the requested export doesn't exist.

Import traces:
  Client Component Browser:
    ./components/motion/interactions.ts [Client Component Browser]
    ./components/motion/anime-scope.tsx [Client Component Browser]
    ./components/motion/anime-scope.tsx [Server Component]
    ./app/[locale]/page.tsx [Server Component]

  Client Component SSR:
    ./components/motion/interactions.ts [Client Component SSR]
    ./components/motion/anime-scope.tsx [Client Component SSR]
    ./components/motion/anime-scope.tsx [Server Component]
    ./app/[locale]/page.tsx [Server Component] @ http://localhost:3000/_next/static/chunks/node_modules_next_dist_0u_w_5s._.js:1945
[   82704ms] [ERROR] ./components/motion/interactions.ts:3:1
Export setStyle doesn't exist in target module
  1 | import { animate } from "motion"
  2 | import { DUR, EASE } from "./tokens"
> 3 | import { setStyle, clearStyle } from "./dom"
    | ^^^^^^^^^^^^^^^^^^^^^^^^^^^^^^^^^^^^^^^^^^^^
  4 |
  5 | /**
  6 |  * Interactive behaviours — the layer that responds to input rather than to scroll.

The export setStyle was not found in module [project]/components/motion/dom.ts [app-client] (ecmascript).
Did you mean to import setStyles?
All exports of the module are statically known (It doesn't have dynamic exports). So it's known statically that the requested export doesn't exist.

Import traces:
  Client Component Browser:
    ./components/motion/interactions.ts [Client Component Browser]
    ./components/motion/anime-scope.tsx [Client Component Browser]
    ./components/motion/anime-scope.tsx [Server Component]
    ./app/[locale]/page.tsx [Server Component]

  Client Component SSR:
    ./components/motion/interactions.ts [Client Component SSR]
    ./components/motion/anime-scope.tsx [Client Component SSR]
    ./components/motion/anime-scope.tsx [Server Component]
    ./app/[locale]/page.tsx [Server Component] @ http://localhost:3000/_next/static/chunks/node_modules_next_dist_0u_w_5s._.js:1945
[   82705ms] [ERROR] ./components/motion/interactions.ts:3:1
Export setStyle doesn't exist in target module
  1 | import { animate } from "motion"
  2 | import { DUR, EASE } from "./tokens"
> 3 | import { setStyle, clearStyle } from "./dom"
    | ^^^^^^^^^^^^^^^^^^^^^^^^^^^^^^^^^^^^^^^^^^^^
  4 |
  5 | /**
  6 |  * Interactive behaviours — the layer that responds to input rather than to scroll.

The export setStyle was not found in module [project]/components/motion/dom.ts [app-ssr] (ecmascript).
Did you mean to import setStyles?
All exports of the module are statically known (It doesn't have dynamic exports). So it's known statically that the requested export doesn't exist.

Import traces:
  Client Component Browser:
    ./components/motion/interactions.ts [Client Component Browser]
    ./components/motion/anime-scope.tsx [Client Component Browser]
    ./components/motion/anime-scope.tsx [Server Component]
    ./app/[locale]/page.tsx [Server Component]

  Client Component SSR:
    ./components/motion/interactions.ts [Client Component SSR]
    ./components/motion/anime-scope.tsx [Client Component SSR]
    ./components/motion/anime-scope.tsx [Server Component]
    ./app/[locale]/page.tsx [Server Component] @ http://localhost:3000/_next/static/chunks/node_modules_next_dist_0u_w_5s._.js:1945
[   82764ms] [ERROR] ./components/motion/interactions.ts:3:1
Export setStyle doesn't exist in target module
  1 | import { animate } from "motion"
  2 | import { DUR, EASE } from "./tokens"
> 3 | import { setStyle, clearStyle } from "./dom"
    | ^^^^^^^^^^^^^^^^^^^^^^^^^^^^^^^^^^^^^^^^^^^^
  4 |
  5 | /**
  6 |  * Interactive behaviours — the layer that responds to input rather than to scroll.

The export setStyle was not found in module [project]/components/motion/dom.ts [app-client] (ecmascript).
Did you mean to import setStyles?
All exports of the module are statically known (It doesn't have dynamic exports). So it's known statically that the requested export doesn't exist.

Import traces:
  Client Component Browser:
    ./components/motion/interactions.ts [Client Component Browser]
    ./components/motion/anime-scope.tsx [Client Component Browser]
    ./components/motion/anime-scope.tsx [Server Component]
    ./app/[locale]/page.tsx [Server Component]

  Client Component SSR:
    ./components/motion/interactions.ts [Client Component SSR]
    ./components/motion/anime-scope.tsx [Client Component SSR]
    ./components/motion/anime-scope.tsx [Server Component]
    ./app/[locale]/page.tsx [Server Component] @ http://localhost:3000/_next/static/chunks/node_modules_next_dist_0u_w_5s._.js:1945
[   82764ms] [ERROR] ./components/motion/interactions.ts:3:1
Export setStyle doesn't exist in target module
  1 | import { animate } from "motion"
  2 | import { DUR, EASE } from "./tokens"
> 3 | import { setStyle, clearStyle } from "./dom"
    | ^^^^^^^^^^^^^^^^^^^^^^^^^^^^^^^^^^^^^^^^^^^^
  4 |
  5 | /**
  6 |  * Interactive behaviours — the layer that responds to input rather than to scroll.

The export setStyle was not found in module [project]/components/motion/dom.ts [app-ssr] (ecmascript).
Did you mean to import setStyles?
All exports of the module are statically known (It doesn't have dynamic exports). So it's known statically that the requested export doesn't exist.

Import traces:
  Client Component Browser:
    ./components/motion/interactions.ts [Client Component Browser]
    ./components/motion/anime-scope.tsx [Client Component Browser]
    ./components/motion/anime-scope.tsx [Server Component]
    ./app/[locale]/page.tsx [Server Component]

  Client Component SSR:
    ./components/motion/interactions.ts [Client Component SSR]
    ./components/motion/anime-scope.tsx [Client Component SSR]
    ./components/motion/anime-scope.tsx [Server Component]
    ./app/[locale]/page.tsx [Server Component] @ http://localhost:3000/_next/static/chunks/node_modules_next_dist_0u_w_5s._.js:1945
[   82827ms] [ERROR] ./components/motion/interactions.ts:3:1
Export setStyle doesn't exist in target module
  1 | import { animate } from "motion"
  2 | import { DUR, EASE } from "./tokens"
> 3 | import { setStyle, clearStyle } from "./dom"
    | ^^^^^^^^^^^^^^^^^^^^^^^^^^^^^^^^^^^^^^^^^^^^
  4 |
  5 | /**
  6 |  * Interactive behaviours — the layer that responds to input rather than to scroll.

The export setStyle was not found in module [project]/components/motion/dom.ts [app-client] (ecmascript).
Did you mean to import setStyles?
All exports of the module are statically known (It doesn't have dynamic exports). So it's known statically that the requested export doesn't exist.

Import traces:
  Client Component Browser:
    ./components/motion/interactions.ts [Client Component Browser]
    ./components/motion/anime-scope.tsx [Client Component Browser]
    ./components/motion/anime-scope.tsx [Server Component]
    ./app/[locale]/page.tsx [Server Component]

  Client Component SSR:
    ./components/motion/interactions.ts [Client Component SSR]
    ./components/motion/anime-scope.tsx [Client Component SSR]
    ./components/motion/anime-scope.tsx [Server Component]
    ./app/[locale]/page.tsx [Server Component] @ http://localhost:3000/_next/static/chunks/node_modules_next_dist_0u_w_5s._.js:1945
[   82827ms] [ERROR] ./components/motion/interactions.ts:3:1
Export setStyle doesn't exist in target module
  1 | import { animate } from "motion"
  2 | import { DUR, EASE } from "./tokens"
> 3 | import { setStyle, clearStyle } from "./dom"
    | ^^^^^^^^^^^^^^^^^^^^^^^^^^^^^^^^^^^^^^^^^^^^
  4 |
  5 | /**
  6 |  * Interactive behaviours — the layer that responds to input rather than to scroll.

The export setStyle was not found in module [project]/components/motion/dom.ts [app-ssr] (ecmascript).
Did you mean to import setStyles?
All exports of the module are statically known (It doesn't have dynamic exports). So it's known statically that the requested export doesn't exist.

Import traces:
  Client Component Browser:
    ./components/motion/interactions.ts [Client Component Browser]
    ./components/motion/anime-scope.tsx [Client Component Browser]
    ./components/motion/anime-scope.tsx [Server Component]
    ./app/[locale]/page.tsx [Server Component]

  Client Component SSR:
    ./components/motion/interactions.ts [Client Component SSR]
    ./components/motion/anime-scope.tsx [Client Component SSR]
    ./components/motion/anime-scope.tsx [Server Component]
    ./app/[locale]/page.tsx [Server Component] @ http://localhost:3000/_next/static/chunks/node_modules_next_dist_0u_w_5s._.js:1945
[   82888ms] [ERROR] ./components/motion/interactions.ts:3:1
Export setStyle doesn't exist in target module
  1 | import { animate } from "motion"
  2 | import { DUR, EASE } from "./tokens"
> 3 | import { setStyle, clearStyle } from "./dom"
    | ^^^^^^^^^^^^^^^^^^^^^^^^^^^^^^^^^^^^^^^^^^^^
  4 |
  5 | /**
  6 |  * Interactive behaviours — the layer that responds to input rather than to scroll.

The export setStyle was not found in module [project]/components/motion/dom.ts [app-client] (ecmascript).
Did you mean to import setStyles?
All exports of the module are statically known (It doesn't have dynamic exports). So it's known statically that the requested export doesn't exist.

Import traces:
  Client Component Browser:
    ./components/motion/interactions.ts [Client Component Browser]
    ./components/motion/anime-scope.tsx [Client Component Browser]
    ./components/motion/anime-scope.tsx [Server Component]
    ./app/[locale]/page.tsx [Server Component]

  Client Component SSR:
    ./components/motion/interactions.ts [Client Component SSR]
    ./components/motion/anime-scope.tsx [Client Component SSR]
    ./components/motion/anime-scope.tsx [Server Component]
    ./app/[locale]/page.tsx [Server Component] @ http://localhost:3000/_next/static/chunks/node_modules_next_dist_0u_w_5s._.js:1945
[   82888ms] [ERROR] ./components/motion/interactions.ts:3:1
Export setStyle doesn't exist in target module
  1 | import { animate } from "motion"
  2 | import { DUR, EASE } from "./tokens"
> 3 | import { setStyle, clearStyle } from "./dom"
    | ^^^^^^^^^^^^^^^^^^^^^^^^^^^^^^^^^^^^^^^^^^^^
  4 |
  5 | /**
  6 |  * Interactive behaviours — the layer that responds to input rather than to scroll.

The export setStyle was not found in module [project]/components/motion/dom.ts [app-ssr] (ecmascript).
Did you mean to import setStyles?
All exports of the module are statically known (It doesn't have dynamic exports). So it's known statically that the requested export doesn't exist.

Import traces:
  Client Component Browser:
    ./components/motion/interactions.ts [Client Component Browser]
    ./components/motion/anime-scope.tsx [Client Component Browser]
    ./components/motion/anime-scope.tsx [Server Component]
    ./app/[locale]/page.tsx [Server Component]

  Client Component SSR:
    ./components/motion/interactions.ts [Client Component SSR]
    ./components/motion/anime-scope.tsx [Client Component SSR]
    ./components/motion/anime-scope.tsx [Server Component]
    ./app/[locale]/page.tsx [Server Component] @ http://localhost:3000/_next/static/chunks/node_modules_next_dist_0u_w_5s._.js:1945
[   82950ms] [ERROR] ./components/motion/interactions.ts:3:1
Export setStyle doesn't exist in target module
  1 | import { animate } from "motion"
  2 | import { DUR, EASE } from "./tokens"
> 3 | import { setStyle, clearStyle } from "./dom"
    | ^^^^^^^^^^^^^^^^^^^^^^^^^^^^^^^^^^^^^^^^^^^^
  4 |
  5 | /**
  6 |  * Interactive behaviours — the layer that responds to input rather than to scroll.

The export setStyle was not found in module [project]/components/motion/dom.ts [app-client] (ecmascript).
Did you mean to import setStyles?
All exports of the module are statically known (It doesn't have dynamic exports). So it's known statically that the requested export doesn't exist.

Import traces:
  Client Component Browser:
    ./components/motion/interactions.ts [Client Component Browser]
    ./components/motion/anime-scope.tsx [Client Component Browser]
    ./components/motion/anime-scope.tsx [Server Component]
    ./app/[locale]/page.tsx [Server Component]

  Client Component SSR:
    ./components/motion/interactions.ts [Client Component SSR]
    ./components/motion/anime-scope.tsx [Client Component SSR]
    ./components/motion/anime-scope.tsx [Server Component]
    ./app/[locale]/page.tsx [Server Component] @ http://localhost:3000/_next/static/chunks/node_modules_next_dist_0u_w_5s._.js:1945
[   82950ms] [ERROR] ./components/motion/interactions.ts:3:1
Export setStyle doesn't exist in target module
  1 | import { animate } from "motion"
  2 | import { DUR, EASE } from "./tokens"
> 3 | import { setStyle, clearStyle } from "./dom"
    | ^^^^^^^^^^^^^^^^^^^^^^^^^^^^^^^^^^^^^^^^^^^^
  4 |
  5 | /**
  6 |  * Interactive behaviours — the layer that responds to input rather than to scroll.

The export setStyle was not found in module [project]/components/motion/dom.ts [app-ssr] (ecmascript).
Did you mean to import setStyles?
All exports of the module are statically known (It doesn't have dynamic exports). So it's known statically that the requested export doesn't exist.

Import traces:
  Client Component Browser:
    ./components/motion/interactions.ts [Client Component Browser]
    ./components/motion/anime-scope.tsx [Client Component Browser]
    ./components/motion/anime-scope.tsx [Server Component]
    ./app/[locale]/page.tsx [Server Component]

  Client Component SSR:
    ./components/motion/interactions.ts [Client Component SSR]
    ./components/motion/anime-scope.tsx [Client Component SSR]
    ./components/motion/anime-scope.tsx [Server Component]
    ./app/[locale]/page.tsx [Server Component] @ http://localhost:3000/_next/static/chunks/node_modules_next_dist_0u_w_5s._.js:1945
[   83013ms] [ERROR] ./components/motion/interactions.ts:3:1
Export setStyle doesn't exist in target module
  1 | import { animate } from "motion"
  2 | import { DUR, EASE } from "./tokens"
> 3 | import { setStyle, clearStyle } from "./dom"
    | ^^^^^^^^^^^^^^^^^^^^^^^^^^^^^^^^^^^^^^^^^^^^
  4 |
  5 | /**
  6 |  * Interactive behaviours — the layer that responds to input rather than to scroll.

The export setStyle was not found in module [project]/components/motion/dom.ts [app-client] (ecmascript).
Did you mean to import setStyles?
All exports of the module are statically known (It doesn't have dynamic exports). So it's known statically that the requested export doesn't exist.

Import traces:
  Client Component Browser:
    ./components/motion/interactions.ts [Client Component Browser]
    ./components/motion/anime-scope.tsx [Client Component Browser]
    ./components/motion/anime-scope.tsx [Server Component]
    ./app/[locale]/page.tsx [Server Component]

  Client Component SSR:
    ./components/motion/interactions.ts [Client Component SSR]
    ./components/motion/anime-scope.tsx [Client Component SSR]
    ./components/motion/anime-scope.tsx [Server Component]
    ./app/[locale]/page.tsx [Server Component] @ http://localhost:3000/_next/static/chunks/node_modules_next_dist_0u_w_5s._.js:1945
[   83013ms] [ERROR] ./components/motion/interactions.ts:3:1
Export setStyle doesn't exist in target module
  1 | import { animate } from "motion"
  2 | import { DUR, EASE } from "./tokens"
> 3 | import { setStyle, clearStyle } from "./dom"
    | ^^^^^^^^^^^^^^^^^^^^^^^^^^^^^^^^^^^^^^^^^^^^
  4 |
  5 | /**
  6 |  * Interactive behaviours — the layer that responds to input rather than to scroll.

The export setStyle was not found in module [project]/components/motion/dom.ts [app-ssr] (ecmascript).
Did you mean to import setStyles?
All exports of the module are statically known (It doesn't have dynamic exports). So it's known statically that the requested export doesn't exist.

Import traces:
  Client Component Browser:
    ./components/motion/interactions.ts [Client Component Browser]
    ./components/motion/anime-scope.tsx [Client Component Browser]
    ./components/motion/anime-scope.tsx [Server Component]
    ./app/[locale]/page.tsx [Server Component]

  Client Component SSR:
    ./components/motion/interactions.ts [Client Component SSR]
    ./components/motion/anime-scope.tsx [Client Component SSR]
    ./components/motion/anime-scope.tsx [Server Component]
    ./app/[locale]/page.tsx [Server Component] @ http://localhost:3000/_next/static/chunks/node_modules_next_dist_0u_w_5s._.js:1945
[   83073ms] [ERROR] ./components/motion/interactions.ts:3:1
Export setStyle doesn't exist in target module
  1 | import { animate } from "motion"
  2 | import { DUR, EASE } from "./tokens"
> 3 | import { setStyle, clearStyle } from "./dom"
    | ^^^^^^^^^^^^^^^^^^^^^^^^^^^^^^^^^^^^^^^^^^^^
  4 |
  5 | /**
  6 |  * Interactive behaviours — the layer that responds to input rather than to scroll.

The export setStyle was not found in module [project]/components/motion/dom.ts [app-client] (ecmascript).
Did you mean to import setStyles?
All exports of the module are statically known (It doesn't have dynamic exports). So it's known statically that the requested export doesn't exist.

Import traces:
  Client Component Browser:
    ./components/motion/interactions.ts [Client Component Browser]
    ./components/motion/anime-scope.tsx [Client Component Browser]
    ./components/motion/anime-scope.tsx [Server Component]
    ./app/[locale]/page.tsx [Server Component]

  Client Component SSR:
    ./components/motion/interactions.ts [Client Component SSR]
    ./components/motion/anime-scope.tsx [Client Component SSR]
    ./components/motion/anime-scope.tsx [Server Component]
    ./app/[locale]/page.tsx [Server Component] @ http://localhost:3000/_next/static/chunks/node_modules_next_dist_0u_w_5s._.js:1945
[   83074ms] [ERROR] ./components/motion/interactions.ts:3:1
Export setStyle doesn't exist in target module
  1 | import { animate } from "motion"
  2 | import { DUR, EASE } from "./tokens"
> 3 | import { setStyle, clearStyle } from "./dom"
    | ^^^^^^^^^^^^^^^^^^^^^^^^^^^^^^^^^^^^^^^^^^^^
  4 |
  5 | /**
  6 |  * Interactive behaviours — the layer that responds to input rather than to scroll.

The export setStyle was not found in module [project]/components/motion/dom.ts [app-ssr] (ecmascript).
Did you mean to import setStyles?
All exports of the module are statically known (It doesn't have dynamic exports). So it's known statically that the requested export doesn't exist.

Import traces:
  Client Component Browser:
    ./components/motion/interactions.ts [Client Component Browser]
    ./components/motion/anime-scope.tsx [Client Component Browser]
    ./components/motion/anime-scope.tsx [Server Component]
    ./app/[locale]/page.tsx [Server Component]

  Client Component SSR:
    ./components/motion/interactions.ts [Client Component SSR]
    ./components/motion/anime-scope.tsx [Client Component SSR]
    ./components/motion/anime-scope.tsx [Server Component]
    ./app/[locale]/page.tsx [Server Component] @ http://localhost:3000/_next/static/chunks/node_modules_next_dist_0u_w_5s._.js:1945
[   83134ms] [ERROR] ./components/motion/interactions.ts:3:1
Export setStyle doesn't exist in target module
  1 | import { animate } from "motion"
  2 | import { DUR, EASE } from "./tokens"
> 3 | import { setStyle, clearStyle } from "./dom"
    | ^^^^^^^^^^^^^^^^^^^^^^^^^^^^^^^^^^^^^^^^^^^^
  4 |
  5 | /**
  6 |  * Interactive behaviours — the layer that responds to input rather than to scroll.

The export setStyle was not found in module [project]/components/motion/dom.ts [app-client] (ecmascript).
Did you mean to import setStyles?
All exports of the module are statically known (It doesn't have dynamic exports). So it's known statically that the requested export doesn't exist.

Import traces:
  Client Component Browser:
    ./components/motion/interactions.ts [Client Component Browser]
    ./components/motion/anime-scope.tsx [Client Component Browser]
    ./components/motion/anime-scope.tsx [Server Component]
    ./app/[locale]/page.tsx [Server Component]

  Client Component SSR:
    ./components/motion/interactions.ts [Client Component SSR]
    ./components/motion/anime-scope.tsx [Client Component SSR]
    ./components/motion/anime-scope.tsx [Server Component]
    ./app/[locale]/page.tsx [Server Component] @ http://localhost:3000/_next/static/chunks/node_modules_next_dist_0u_w_5s._.js:1945
[   83135ms] [ERROR] ./components/motion/interactions.ts:3:1
Export setStyle doesn't exist in target module
  1 | import { animate } from "motion"
  2 | import { DUR, EASE } from "./tokens"
> 3 | import { setStyle, clearStyle } from "./dom"
    | ^^^^^^^^^^^^^^^^^^^^^^^^^^^^^^^^^^^^^^^^^^^^
  4 |
  5 | /**
  6 |  * Interactive behaviours — the layer that responds to input rather than to scroll.

The export setStyle was not found in module [project]/components/motion/dom.ts [app-ssr] (ecmascript).
Did you mean to import setStyles?
All exports of the module are statically known (It doesn't have dynamic exports). So it's known statically that the requested export doesn't exist.

Import traces:
  Client Component Browser:
    ./components/motion/interactions.ts [Client Component Browser]
    ./components/motion/anime-scope.tsx [Client Component Browser]
    ./components/motion/anime-scope.tsx [Server Component]
    ./app/[locale]/page.tsx [Server Component]

  Client Component SSR:
    ./components/motion/interactions.ts [Client Component SSR]
    ./components/motion/anime-scope.tsx [Client Component SSR]
    ./components/motion/anime-scope.tsx [Server Component]
    ./app/[locale]/page.tsx [Server Component] @ http://localhost:3000/_next/static/chunks/node_modules_next_dist_0u_w_5s._.js:1945
[   83195ms] [ERROR] ./components/motion/interactions.ts:3:1
Export setStyle doesn't exist in target module
  1 | import { animate } from "motion"
  2 | import { DUR, EASE } from "./tokens"
> 3 | import { setStyle, clearStyle } from "./dom"
    | ^^^^^^^^^^^^^^^^^^^^^^^^^^^^^^^^^^^^^^^^^^^^
  4 |
  5 | /**
  6 |  * Interactive behaviours — the layer that responds to input rather than to scroll.

The export setStyle was not found in module [project]/components/motion/dom.ts [app-client] (ecmascript).
Did you mean to import setStyles?
All exports of the module are statically known (It doesn't have dynamic exports). So it's known statically that the requested export doesn't exist.

Import traces:
  Client Component Browser:
    ./components/motion/interactions.ts [Client Component Browser]
    ./components/motion/anime-scope.tsx [Client Component Browser]
    ./components/motion/anime-scope.tsx [Server Component]
    ./app/[locale]/page.tsx [Server Component]

  Client Component SSR:
    ./components/motion/interactions.ts [Client Component SSR]
    ./components/motion/anime-scope.tsx [Client Component SSR]
    ./components/motion/anime-scope.tsx [Server Component]
    ./app/[locale]/page.tsx [Server Component] @ http://localhost:3000/_next/static/chunks/node_modules_next_dist_0u_w_5s._.js:1945
[   83195ms] [ERROR] ./components/motion/interactions.ts:3:1
Export setStyle doesn't exist in target module
  1 | import { animate } from "motion"
  2 | import { DUR, EASE } from "./tokens"
> 3 | import { setStyle, clearStyle } from "./dom"
    | ^^^^^^^^^^^^^^^^^^^^^^^^^^^^^^^^^^^^^^^^^^^^
  4 |
  5 | /**
  6 |  * Interactive behaviours — the layer that responds to input rather than to scroll.

The export setStyle was not found in module [project]/components/motion/dom.ts [app-ssr] (ecmascript).
Did you mean to import setStyles?
All exports of the module are statically known (It doesn't have dynamic exports). So it's known statically that the requested export doesn't exist.

Import traces:
  Client Component Browser:
    ./components/motion/interactions.ts [Client Component Browser]
    ./components/motion/anime-scope.tsx [Client Component Browser]
    ./components/motion/anime-scope.tsx [Server Component]
    ./app/[locale]/page.tsx [Server Component]

  Client Component SSR:
    ./components/motion/interactions.ts [Client Component SSR]
    ./components/motion/anime-scope.tsx [Client Component SSR]
    ./components/motion/anime-scope.tsx [Server Component]
    ./app/[locale]/page.tsx [Server Component] @ http://localhost:3000/_next/static/chunks/node_modules_next_dist_0u_w_5s._.js:1945
[   83257ms] [ERROR] ./components/motion/interactions.ts:3:1
Export setStyle doesn't exist in target module
  1 | import { animate } from "motion"
  2 | import { DUR, EASE } from "./tokens"
> 3 | import { setStyle, clearStyle } from "./dom"
    | ^^^^^^^^^^^^^^^^^^^^^^^^^^^^^^^^^^^^^^^^^^^^
  4 |
  5 | /**
  6 |  * Interactive behaviours — the layer that responds to input rather than to scroll.

The export setStyle was not found in module [project]/components/motion/dom.ts [app-client] (ecmascript).
Did you mean to import setStyles?
All exports of the module are statically known (It doesn't have dynamic exports). So it's known statically that the requested export doesn't exist.

Import traces:
  Client Component Browser:
    ./components/motion/interactions.ts [Client Component Browser]
    ./components/motion/anime-scope.tsx [Client Component Browser]
    ./components/motion/anime-scope.tsx [Server Component]
    ./app/[locale]/page.tsx [Server Component]

  Client Component SSR:
    ./components/motion/interactions.ts [Client Component SSR]
    ./components/motion/anime-scope.tsx [Client Component SSR]
    ./components/motion/anime-scope.tsx [Server Component]
    ./app/[locale]/page.tsx [Server Component] @ http://localhost:3000/_next/static/chunks/node_modules_next_dist_0u_w_5s._.js:1945
[   83257ms] [ERROR] ./components/motion/interactions.ts:3:1
Export setStyle doesn't exist in target module
  1 | import { animate } from "motion"
  2 | import { DUR, EASE } from "./tokens"
> 3 | import { setStyle, clearStyle } from "./dom"
    | ^^^^^^^^^^^^^^^^^^^^^^^^^^^^^^^^^^^^^^^^^^^^
  4 |
  5 | /**
  6 |  * Interactive behaviours — the layer that responds to input rather than to scroll.

The export setStyle was not found in module [project]/components/motion/dom.ts [app-ssr] (ecmascript).
Did you mean to import setStyles?
All exports of the module are statically known (It doesn't have dynamic exports). So it's known statically that the requested export doesn't exist.

Import traces:
  Client Component Browser:
    ./components/motion/interactions.ts [Client Component Browser]
    ./components/motion/anime-scope.tsx [Client Component Browser]
    ./components/motion/anime-scope.tsx [Server Component]
    ./app/[locale]/page.tsx [Server Component]

  Client Component SSR:
    ./components/motion/interactions.ts [Client Component SSR]
    ./components/motion/anime-scope.tsx [Client Component SSR]
    ./components/motion/anime-scope.tsx [Server Component]
    ./app/[locale]/page.tsx [Server Component] @ http://localhost:3000/_next/static/chunks/node_modules_next_dist_0u_w_5s._.js:1945
[   83320ms] [ERROR] ./components/motion/interactions.ts:3:1
Export setStyle doesn't exist in target module
  1 | import { animate } from "motion"
  2 | import { DUR, EASE } from "./tokens"
> 3 | import { setStyle, clearStyle } from "./dom"
    | ^^^^^^^^^^^^^^^^^^^^^^^^^^^^^^^^^^^^^^^^^^^^
  4 |
  5 | /**
  6 |  * Interactive behaviours — the layer that responds to input rather than to scroll.

The export setStyle was not found in module [project]/components/motion/dom.ts [app-client] (ecmascript).
Did you mean to import setStyles?
All exports of the module are statically known (It doesn't have dynamic exports). So it's known statically that the requested export doesn't exist.

Import traces:
  Client Component Browser:
    ./components/motion/interactions.ts [Client Component Browser]
    ./components/motion/anime-scope.tsx [Client Component Browser]
    ./components/motion/anime-scope.tsx [Server Component]
    ./app/[locale]/page.tsx [Server Component]

  Client Component SSR:
    ./components/motion/interactions.ts [Client Component SSR]
    ./components/motion/anime-scope.tsx [Client Component SSR]
    ./components/motion/anime-scope.tsx [Server Component]
    ./app/[locale]/page.tsx [Server Component] @ http://localhost:3000/_next/static/chunks/node_modules_next_dist_0u_w_5s._.js:1945
[   83320ms] [ERROR] ./components/motion/interactions.ts:3:1
Export setStyle doesn't exist in target module
  1 | import { animate } from "motion"
  2 | import { DUR, EASE } from "./tokens"
> 3 | import { setStyle, clearStyle } from "./dom"
    | ^^^^^^^^^^^^^^^^^^^^^^^^^^^^^^^^^^^^^^^^^^^^
  4 |
  5 | /**
  6 |  * Interactive behaviours — the layer that responds to input rather than to scroll.

The export setStyle was not found in module [project]/components/motion/dom.ts [app-ssr] (ecmascript).
Did you mean to import setStyles?
All exports of the module are statically known (It doesn't have dynamic exports). So it's known statically that the requested export doesn't exist.

Import traces:
  Client Component Browser:
    ./components/motion/interactions.ts [Client Component Browser]
    ./components/motion/anime-scope.tsx [Client Component Browser]
    ./components/motion/anime-scope.tsx [Server Component]
    ./app/[locale]/page.tsx [Server Component]

  Client Component SSR:
    ./components/motion/interactions.ts [Client Component SSR]
    ./components/motion/anime-scope.tsx [Client Component SSR]
    ./components/motion/anime-scope.tsx [Server Component]
    ./app/[locale]/page.tsx [Server Component] @ http://localhost:3000/_next/static/chunks/node_modules_next_dist_0u_w_5s._.js:1945
[   83379ms] [ERROR] ./components/motion/interactions.ts:3:1
Export setStyle doesn't exist in target module
  1 | import { animate } from "motion"
  2 | import { DUR, EASE } from "./tokens"
> 3 | import { setStyle, clearStyle } from "./dom"
    | ^^^^^^^^^^^^^^^^^^^^^^^^^^^^^^^^^^^^^^^^^^^^
  4 |
  5 | /**
  6 |  * Interactive behaviours — the layer that responds to input rather than to scroll.

The export setStyle was not found in module [project]/components/motion/dom.ts [app-client] (ecmascript).
Did you mean to import setStyles?
All exports of the module are statically known (It doesn't have dynamic exports). So it's known statically that the requested export doesn't exist.

Import traces:
  Client Component Browser:
    ./components/motion/interactions.ts [Client Component Browser]
    ./components/motion/anime-scope.tsx [Client Component Browser]
    ./components/motion/anime-scope.tsx [Server Component]
    ./app/[locale]/page.tsx [Server Component]

  Client Component SSR:
    ./components/motion/interactions.ts [Client Component SSR]
    ./components/motion/anime-scope.tsx [Client Component SSR]
    ./components/motion/anime-scope.tsx [Server Component]
    ./app/[locale]/page.tsx [Server Component] @ http://localhost:3000/_next/static/chunks/node_modules_next_dist_0u_w_5s._.js:1945
[   83380ms] [ERROR] ./components/motion/interactions.ts:3:1
Export setStyle doesn't exist in target module
  1 | import { animate } from "motion"
  2 | import { DUR, EASE } from "./tokens"
> 3 | import { setStyle, clearStyle } from "./dom"
    | ^^^^^^^^^^^^^^^^^^^^^^^^^^^^^^^^^^^^^^^^^^^^
  4 |
  5 | /**
  6 |  * Interactive behaviours — the layer that responds to input rather than to scroll.

The export setStyle was not found in module [project]/components/motion/dom.ts [app-ssr] (ecmascript).
Did you mean to import setStyles?
All exports of the module are statically known (It doesn't have dynamic exports). So it's known statically that the requested export doesn't exist.

Import traces:
  Client Component Browser:
    ./components/motion/interactions.ts [Client Component Browser]
    ./components/motion/anime-scope.tsx [Client Component Browser]
    ./components/motion/anime-scope.tsx [Server Component]
    ./app/[locale]/page.tsx [Server Component]

  Client Component SSR:
    ./components/motion/interactions.ts [Client Component SSR]
    ./components/motion/anime-scope.tsx [Client Component SSR]
    ./components/motion/anime-scope.tsx [Server Component]
    ./app/[locale]/page.tsx [Server Component] @ http://localhost:3000/_next/static/chunks/node_modules_next_dist_0u_w_5s._.js:1945
[   83441ms] [ERROR] ./components/motion/interactions.ts:3:1
Export setStyle doesn't exist in target module
  1 | import { animate } from "motion"
  2 | import { DUR, EASE } from "./tokens"
> 3 | import { setStyle, clearStyle } from "./dom"
    | ^^^^^^^^^^^^^^^^^^^^^^^^^^^^^^^^^^^^^^^^^^^^
  4 |
  5 | /**
  6 |  * Interactive behaviours — the layer that responds to input rather than to scroll.

The export setStyle was not found in module [project]/components/motion/dom.ts [app-client] (ecmascript).
Did you mean to import setStyles?
All exports of the module are statically known (It doesn't have dynamic exports). So it's known statically that the requested export doesn't exist.

Import traces:
  Client Component Browser:
    ./components/motion/interactions.ts [Client Component Browser]
    ./components/motion/anime-scope.tsx [Client Component Browser]
    ./components/motion/anime-scope.tsx [Server Component]
    ./app/[locale]/page.tsx [Server Component]

  Client Component SSR:
    ./components/motion/interactions.ts [Client Component SSR]
    ./components/motion/anime-scope.tsx [Client Component SSR]
    ./components/motion/anime-scope.tsx [Server Component]
    ./app/[locale]/page.tsx [Server Component] @ http://localhost:3000/_next/static/chunks/node_modules_next_dist_0u_w_5s._.js:1945
[   83441ms] [ERROR] ./components/motion/interactions.ts:3:1
Export setStyle doesn't exist in target module
  1 | import { animate } from "motion"
  2 | import { DUR, EASE } from "./tokens"
> 3 | import { setStyle, clearStyle } from "./dom"
    | ^^^^^^^^^^^^^^^^^^^^^^^^^^^^^^^^^^^^^^^^^^^^
  4 |
  5 | /**
  6 |  * Interactive behaviours — the layer that responds to input rather than to scroll.

The export setStyle was not found in module [project]/components/motion/dom.ts [app-ssr] (ecmascript).
Did you mean to import setStyles?
All exports of the module are statically known (It doesn't have dynamic exports). So it's known statically that the requested export doesn't exist.

Import traces:
  Client Component Browser:
    ./components/motion/interactions.ts [Client Component Browser]
    ./components/motion/anime-scope.tsx [Client Component Browser]
    ./components/motion/anime-scope.tsx [Server Component]
    ./app/[locale]/page.tsx [Server Component]

  Client Component SSR:
    ./components/motion/interactions.ts [Client Component SSR]
    ./components/motion/anime-scope.tsx [Client Component SSR]
    ./components/motion/anime-scope.tsx [Server Component]
    ./app/[locale]/page.tsx [Server Component] @ http://localhost:3000/_next/static/chunks/node_modules_next_dist_0u_w_5s._.js:1945
[   83503ms] [ERROR] ./components/motion/interactions.ts:3:1
Export setStyle doesn't exist in target module
  1 | import { animate } from "motion"
  2 | import { DUR, EASE } from "./tokens"
> 3 | import { setStyle, clearStyle } from "./dom"
    | ^^^^^^^^^^^^^^^^^^^^^^^^^^^^^^^^^^^^^^^^^^^^
  4 |
  5 | /**
  6 |  * Interactive behaviours — the layer that responds to input rather than to scroll.

The export setStyle was not found in module [project]/components/motion/dom.ts [app-client] (ecmascript).
Did you mean to import setStyles?
All exports of the module are statically known (It doesn't have dynamic exports). So it's known statically that the requested export doesn't exist.

Import traces:
  Client Component Browser:
    ./components/motion/interactions.ts [Client Component Browser]
    ./components/motion/anime-scope.tsx [Client Component Browser]
    ./components/motion/anime-scope.tsx [Server Component]
    ./app/[locale]/page.tsx [Server Component]

  Client Component SSR:
    ./components/motion/interactions.ts [Client Component SSR]
    ./components/motion/anime-scope.tsx [Client Component SSR]
    ./components/motion/anime-scope.tsx [Server Component]
    ./app/[locale]/page.tsx [Server Component] @ http://localhost:3000/_next/static/chunks/node_modules_next_dist_0u_w_5s._.js:1945
[   83503ms] [ERROR] ./components/motion/interactions.ts:3:1
Export setStyle doesn't exist in target module
  1 | import { animate } from "motion"
  2 | import { DUR, EASE } from "./tokens"
> 3 | import { setStyle, clearStyle } from "./dom"
    | ^^^^^^^^^^^^^^^^^^^^^^^^^^^^^^^^^^^^^^^^^^^^
  4 |
  5 | /**
  6 |  * Interactive behaviours — the layer that responds to input rather than to scroll.

The export setStyle was not found in module [project]/components/motion/dom.ts [app-ssr] (ecmascript).
Did you mean to import setStyles?
All exports of the module are statically known (It doesn't have dynamic exports). So it's known statically that the requested export doesn't exist.

Import traces:
  Client Component Browser:
    ./components/motion/interactions.ts [Client Component Browser]
    ./components/motion/anime-scope.tsx [Client Component Browser]
    ./components/motion/anime-scope.tsx [Server Component]
    ./app/[locale]/page.tsx [Server Component]

  Client Component SSR:
    ./components/motion/interactions.ts [Client Component SSR]
    ./components/motion/anime-scope.tsx [Client Component SSR]
    ./components/motion/anime-scope.tsx [Server Component]
    ./app/[locale]/page.tsx [Server Component] @ http://localhost:3000/_next/static/chunks/node_modules_next_dist_0u_w_5s._.js:1945
[   83563ms] [ERROR] ./components/motion/interactions.ts:3:1
Export setStyle doesn't exist in target module
  1 | import { animate } from "motion"
  2 | import { DUR, EASE } from "./tokens"
> 3 | import { setStyle, clearStyle } from "./dom"
    | ^^^^^^^^^^^^^^^^^^^^^^^^^^^^^^^^^^^^^^^^^^^^
  4 |
  5 | /**
  6 |  * Interactive behaviours — the layer that responds to input rather than to scroll.

The export setStyle was not found in module [project]/components/motion/dom.ts [app-client] (ecmascript).
Did you mean to import setStyles?
All exports of the module are statically known (It doesn't have dynamic exports). So it's known statically that the requested export doesn't exist.

Import traces:
  Client Component Browser:
    ./components/motion/interactions.ts [Client Component Browser]
    ./components/motion/anime-scope.tsx [Client Component Browser]
    ./components/motion/anime-scope.tsx [Server Component]
    ./app/[locale]/page.tsx [Server Component]

  Client Component SSR:
    ./components/motion/interactions.ts [Client Component SSR]
    ./components/motion/anime-scope.tsx [Client Component SSR]
    ./components/motion/anime-scope.tsx [Server Component]
    ./app/[locale]/page.tsx [Server Component] @ http://localhost:3000/_next/static/chunks/node_modules_next_dist_0u_w_5s._.js:1945
[   83563ms] [ERROR] ./components/motion/interactions.ts:3:1
Export setStyle doesn't exist in target module
  1 | import { animate } from "motion"
  2 | import { DUR, EASE } from "./tokens"
> 3 | import { setStyle, clearStyle } from "./dom"
    | ^^^^^^^^^^^^^^^^^^^^^^^^^^^^^^^^^^^^^^^^^^^^
  4 |
  5 | /**
  6 |  * Interactive behaviours — the layer that responds to input rather than to scroll.

The export setStyle was not found in module [project]/components/motion/dom.ts [app-ssr] (ecmascript).
Did you mean to import setStyles?
All exports of the module are statically known (It doesn't have dynamic exports). So it's known statically that the requested export doesn't exist.

Import traces:
  Client Component Browser:
    ./components/motion/interactions.ts [Client Component Browser]
    ./components/motion/anime-scope.tsx [Client Component Browser]
    ./components/motion/anime-scope.tsx [Server Component]
    ./app/[locale]/page.tsx [Server Component]

  Client Component SSR:
    ./components/motion/interactions.ts [Client Component SSR]
    ./components/motion/anime-scope.tsx [Client Component SSR]
    ./components/motion/anime-scope.tsx [Server Component]
    ./app/[locale]/page.tsx [Server Component] @ http://localhost:3000/_next/static/chunks/node_modules_next_dist_0u_w_5s._.js:1945
[   83623ms] [ERROR] ./components/motion/interactions.ts:3:1
Export setStyle doesn't exist in target module
  1 | import { animate } from "motion"
  2 | import { DUR, EASE } from "./tokens"
> 3 | import { setStyle, clearStyle } from "./dom"
    | ^^^^^^^^^^^^^^^^^^^^^^^^^^^^^^^^^^^^^^^^^^^^
  4 |
  5 | /**
  6 |  * Interactive behaviours — the layer that responds to input rather than to scroll.

The export setStyle was not found in module [project]/components/motion/dom.ts [app-client] (ecmascript).
Did you mean to import setStyles?
All exports of the module are statically known (It doesn't have dynamic exports). So it's known statically that the requested export doesn't exist.

Import traces:
  Client Component Browser:
    ./components/motion/interactions.ts [Client Component Browser]
    ./components/motion/anime-scope.tsx [Client Component Browser]
    ./components/motion/anime-scope.tsx [Server Component]
    ./app/[locale]/page.tsx [Server Component]

  Client Component SSR:
    ./components/motion/interactions.ts [Client Component SSR]
    ./components/motion/anime-scope.tsx [Client Component SSR]
    ./components/motion/anime-scope.tsx [Server Component]
    ./app/[locale]/page.tsx [Server Component] @ http://localhost:3000/_next/static/chunks/node_modules_next_dist_0u_w_5s._.js:1945
[   83623ms] [ERROR] ./components/motion/interactions.ts:3:1
Export setStyle doesn't exist in target module
  1 | import { animate } from "motion"
  2 | import { DUR, EASE } from "./tokens"
> 3 | import { setStyle, clearStyle } from "./dom"
    | ^^^^^^^^^^^^^^^^^^^^^^^^^^^^^^^^^^^^^^^^^^^^
  4 |
  5 | /**
  6 |  * Interactive behaviours — the layer that responds to input rather than to scroll.

The export setStyle was not found in module [project]/components/motion/dom.ts [app-ssr] (ecmascript).
Did you mean to import setStyles?
All exports of the module are statically known (It doesn't have dynamic exports). So it's known statically that the requested export doesn't exist.

Import traces:
  Client Component Browser:
    ./components/motion/interactions.ts [Client Component Browser]
    ./components/motion/anime-scope.tsx [Client Component Browser]
    ./components/motion/anime-scope.tsx [Server Component]
    ./app/[locale]/page.tsx [Server Component]

  Client Component SSR:
    ./components/motion/interactions.ts [Client Component SSR]
    ./components/motion/anime-scope.tsx [Client Component SSR]
    ./components/motion/anime-scope.tsx [Server Component]
    ./app/[locale]/page.tsx [Server Component] @ http://localhost:3000/_next/static/chunks/node_modules_next_dist_0u_w_5s._.js:1945
[   83685ms] [ERROR] ./components/motion/interactions.ts:3:1
Export setStyle doesn't exist in target module
  1 | import { animate } from "motion"
  2 | import { DUR, EASE } from "./tokens"
> 3 | import { setStyle, clearStyle } from "./dom"
    | ^^^^^^^^^^^^^^^^^^^^^^^^^^^^^^^^^^^^^^^^^^^^
  4 |
  5 | /**
  6 |  * Interactive behaviours — the layer that responds to input rather than to scroll.

The export setStyle was not found in module [project]/components/motion/dom.ts [app-client] (ecmascript).
Did you mean to import setStyles?
All exports of the module are statically known (It doesn't have dynamic exports). So it's known statically that the requested export doesn't exist.

Import traces:
  Client Component Browser:
    ./components/motion/interactions.ts [Client Component Browser]
    ./components/motion/anime-scope.tsx [Client Component Browser]
    ./components/motion/anime-scope.tsx [Server Component]
    ./app/[locale]/page.tsx [Server Component]

  Client Component SSR:
    ./components/motion/interactions.ts [Client Component SSR]
    ./components/motion/anime-scope.tsx [Client Component SSR]
    ./components/motion/anime-scope.tsx [Server Component]
    ./app/[locale]/page.tsx [Server Component] @ http://localhost:3000/_next/static/chunks/node_modules_next_dist_0u_w_5s._.js:1945
[   83686ms] [ERROR] ./components/motion/interactions.ts:3:1
Export setStyle doesn't exist in target module
  1 | import { animate } from "motion"
  2 | import { DUR, EASE } from "./tokens"
> 3 | import { setStyle, clearStyle } from "./dom"
    | ^^^^^^^^^^^^^^^^^^^^^^^^^^^^^^^^^^^^^^^^^^^^
  4 |
  5 | /**
  6 |  * Interactive behaviours — the layer that responds to input rather than to scroll.

The export setStyle was not found in module [project]/components/motion/dom.ts [app-ssr] (ecmascript).
Did you mean to import setStyles?
All exports of the module are statically known (It doesn't have dynamic exports). So it's known statically that the requested export doesn't exist.

Import traces:
  Client Component Browser:
    ./components/motion/interactions.ts [Client Component Browser]
    ./components/motion/anime-scope.tsx [Client Component Browser]
    ./components/motion/anime-scope.tsx [Server Component]
    ./app/[locale]/page.tsx [Server Component]

  Client Component SSR:
    ./components/motion/interactions.ts [Client Component SSR]
    ./components/motion/anime-scope.tsx [Client Component SSR]
    ./components/motion/anime-scope.tsx [Server Component]
    ./app/[locale]/page.tsx [Server Component] @ http://localhost:3000/_next/static/chunks/node_modules_next_dist_0u_w_5s._.js:1945
[   83747ms] [ERROR] ./components/motion/interactions.ts:3:1
Export setStyle doesn't exist in target module
  1 | import { animate } from "motion"
  2 | import { DUR, EASE } from "./tokens"
> 3 | import { setStyle, clearStyle } from "./dom"
    | ^^^^^^^^^^^^^^^^^^^^^^^^^^^^^^^^^^^^^^^^^^^^
  4 |
  5 | /**
  6 |  * Interactive behaviours — the layer that responds to input rather than to scroll.

The export setStyle was not found in module [project]/components/motion/dom.ts [app-client] (ecmascript).
Did you mean to import setStyles?
All exports of the module are statically known (It doesn't have dynamic exports). So it's known statically that the requested export doesn't exist.

Import traces:
  Client Component Browser:
    ./components/motion/interactions.ts [Client Component Browser]
    ./components/motion/anime-scope.tsx [Client Component Browser]
    ./components/motion/anime-scope.tsx [Server Component]
    ./app/[locale]/page.tsx [Server Component]

  Client Component SSR:
    ./components/motion/interactions.ts [Client Component SSR]
    ./components/motion/anime-scope.tsx [Client Component SSR]
    ./components/motion/anime-scope.tsx [Server Component]
    ./app/[locale]/page.tsx [Server Component] @ http://localhost:3000/_next/static/chunks/node_modules_next_dist_0u_w_5s._.js:1945
[   83747ms] [ERROR] ./components/motion/interactions.ts:3:1
Export setStyle doesn't exist in target module
  1 | import { animate } from "motion"
  2 | import { DUR, EASE } from "./tokens"
> 3 | import { setStyle, clearStyle } from "./dom"
    | ^^^^^^^^^^^^^^^^^^^^^^^^^^^^^^^^^^^^^^^^^^^^
  4 |
  5 | /**
  6 |  * Interactive behaviours — the layer that responds to input rather than to scroll.

The export setStyle was not found in module [project]/components/motion/dom.ts [app-ssr] (ecmascript).
Did you mean to import setStyles?
All exports of the module are statically known (It doesn't have dynamic exports). So it's known statically that the requested export doesn't exist.

Import traces:
  Client Component Browser:
    ./components/motion/interactions.ts [Client Component Browser]
    ./components/motion/anime-scope.tsx [Client Component Browser]
    ./components/motion/anime-scope.tsx [Server Component]
    ./app/[locale]/page.tsx [Server Component]

  Client Component SSR:
    ./components/motion/interactions.ts [Client Component SSR]
    ./components/motion/anime-scope.tsx [Client Component SSR]
    ./components/motion/anime-scope.tsx [Server Component]
    ./app/[locale]/page.tsx [Server Component] @ http://localhost:3000/_next/static/chunks/node_modules_next_dist_0u_w_5s._.js:1945
[   83808ms] [ERROR] ./components/motion/interactions.ts:3:1
Export setStyle doesn't exist in target module
  1 | import { animate } from "motion"
  2 | import { DUR, EASE } from "./tokens"
> 3 | import { setStyle, clearStyle } from "./dom"
    | ^^^^^^^^^^^^^^^^^^^^^^^^^^^^^^^^^^^^^^^^^^^^
  4 |
  5 | /**
  6 |  * Interactive behaviours — the layer that responds to input rather than to scroll.

The export setStyle was not found in module [project]/components/motion/dom.ts [app-client] (ecmascript).
Did you mean to import setStyles?
All exports of the module are statically known (It doesn't have dynamic exports). So it's known statically that the requested export doesn't exist.

Import traces:
  Client Component Browser:
    ./components/motion/interactions.ts [Client Component Browser]
    ./components/motion/anime-scope.tsx [Client Component Browser]
    ./components/motion/anime-scope.tsx [Server Component]
    ./app/[locale]/page.tsx [Server Component]

  Client Component SSR:
    ./components/motion/interactions.ts [Client Component SSR]
    ./components/motion/anime-scope.tsx [Client Component SSR]
    ./components/motion/anime-scope.tsx [Server Component]
    ./app/[locale]/page.tsx [Server Component] @ http://localhost:3000/_next/static/chunks/node_modules_next_dist_0u_w_5s._.js:1945
[   83809ms] [ERROR] ./components/motion/interactions.ts:3:1
Export setStyle doesn't exist in target module
  1 | import { animate } from "motion"
  2 | import { DUR, EASE } from "./tokens"
> 3 | import { setStyle, clearStyle } from "./dom"
    | ^^^^^^^^^^^^^^^^^^^^^^^^^^^^^^^^^^^^^^^^^^^^
  4 |
  5 | /**
  6 |  * Interactive behaviours — the layer that responds to input rather than to scroll.

The export setStyle was not found in module [project]/components/motion/dom.ts [app-ssr] (ecmascript).
Did you mean to import setStyles?
All exports of the module are statically known (It doesn't have dynamic exports). So it's known statically that the requested export doesn't exist.

Import traces:
  Client Component Browser:
    ./components/motion/interactions.ts [Client Component Browser]
    ./components/motion/anime-scope.tsx [Client Component Browser]
    ./components/motion/anime-scope.tsx [Server Component]
    ./app/[locale]/page.tsx [Server Component]

  Client Component SSR:
    ./components/motion/interactions.ts [Client Component SSR]
    ./components/motion/anime-scope.tsx [Client Component SSR]
    ./components/motion/anime-scope.tsx [Server Component]
    ./app/[locale]/page.tsx [Server Component] @ http://localhost:3000/_next/static/chunks/node_modules_next_dist_0u_w_5s._.js:1945
[   83870ms] [ERROR] ./components/motion/interactions.ts:3:1
Export setStyle doesn't exist in target module
  1 | import { animate } from "motion"
  2 | import { DUR, EASE } from "./tokens"
> 3 | import { setStyle, clearStyle } from "./dom"
    | ^^^^^^^^^^^^^^^^^^^^^^^^^^^^^^^^^^^^^^^^^^^^
  4 |
  5 | /**
  6 |  * Interactive behaviours — the layer that responds to input rather than to scroll.

The export setStyle was not found in module [project]/components/motion/dom.ts [app-client] (ecmascript).
Did you mean to import setStyles?
All exports of the module are statically known (It doesn't have dynamic exports). So it's known statically that the requested export doesn't exist.

Import traces:
  Client Component Browser:
    ./components/motion/interactions.ts [Client Component Browser]
    ./components/motion/anime-scope.tsx [Client Component Browser]
    ./components/motion/anime-scope.tsx [Server Component]
    ./app/[locale]/page.tsx [Server Component]

  Client Component SSR:
    ./components/motion/interactions.ts [Client Component SSR]
    ./components/motion/anime-scope.tsx [Client Component SSR]
    ./components/motion/anime-scope.tsx [Server Component]
    ./app/[locale]/page.tsx [Server Component] @ http://localhost:3000/_next/static/chunks/node_modules_next_dist_0u_w_5s._.js:1945
[   83870ms] [ERROR] ./components/motion/interactions.ts:3:1
Export setStyle doesn't exist in target module
  1 | import { animate } from "motion"
  2 | import { DUR, EASE } from "./tokens"
> 3 | import { setStyle, clearStyle } from "./dom"
    | ^^^^^^^^^^^^^^^^^^^^^^^^^^^^^^^^^^^^^^^^^^^^
  4 |
  5 | /**
  6 |  * Interactive behaviours — the layer that responds to input rather than to scroll.

The export setStyle was not found in module [project]/components/motion/dom.ts [app-ssr] (ecmascript).
Did you mean to import setStyles?
All exports of the module are statically known (It doesn't have dynamic exports). So it's known statically that the requested export doesn't exist.

Import traces:
  Client Component Browser:
    ./components/motion/interactions.ts [Client Component Browser]
    ./components/motion/anime-scope.tsx [Client Component Browser]
    ./components/motion/anime-scope.tsx [Server Component]
    ./app/[locale]/page.tsx [Server Component]

  Client Component SSR:
    ./components/motion/interactions.ts [Client Component SSR]
    ./components/motion/anime-scope.tsx [Client Component SSR]
    ./components/motion/anime-scope.tsx [Server Component]
    ./app/[locale]/page.tsx [Server Component] @ http://localhost:3000/_next/static/chunks/node_modules_next_dist_0u_w_5s._.js:1945
[   83932ms] [ERROR] ./components/motion/interactions.ts:3:1
Export setStyle doesn't exist in target module
  1 | import { animate } from "motion"
  2 | import { DUR, EASE } from "./tokens"
> 3 | import { setStyle, clearStyle } from "./dom"
    | ^^^^^^^^^^^^^^^^^^^^^^^^^^^^^^^^^^^^^^^^^^^^
  4 |
  5 | /**
  6 |  * Interactive behaviours — the layer that responds to input rather than to scroll.

The export setStyle was not found in module [project]/components/motion/dom.ts [app-client] (ecmascript).
Did you mean to import setStyles?
All exports of the module are statically known (It doesn't have dynamic exports). So it's known statically that the requested export doesn't exist.

Import traces:
  Client Component Browser:
    ./components/motion/interactions.ts [Client Component Browser]
    ./components/motion/anime-scope.tsx [Client Component Browser]
    ./components/motion/anime-scope.tsx [Server Component]
    ./app/[locale]/page.tsx [Server Component]

  Client Component SSR:
    ./components/motion/interactions.ts [Client Component SSR]
    ./components/motion/anime-scope.tsx [Client Component SSR]
    ./components/motion/anime-scope.tsx [Server Component]
    ./app/[locale]/page.tsx [Server Component] @ http://localhost:3000/_next/static/chunks/node_modules_next_dist_0u_w_5s._.js:1945
[   83932ms] [ERROR] ./components/motion/interactions.ts:3:1
Export setStyle doesn't exist in target module
  1 | import { animate } from "motion"
  2 | import { DUR, EASE } from "./tokens"
> 3 | import { setStyle, clearStyle } from "./dom"
    | ^^^^^^^^^^^^^^^^^^^^^^^^^^^^^^^^^^^^^^^^^^^^
  4 |
  5 | /**
  6 |  * Interactive behaviours — the layer that responds to input rather than to scroll.

The export setStyle was not found in module [project]/components/motion/dom.ts [app-ssr] (ecmascript).
Did you mean to import setStyles?
All exports of the module are statically known (It doesn't have dynamic exports). So it's known statically that the requested export doesn't exist.

Import traces:
  Client Component Browser:
    ./components/motion/interactions.ts [Client Component Browser]
    ./components/motion/anime-scope.tsx [Client Component Browser]
    ./components/motion/anime-scope.tsx [Server Component]
    ./app/[locale]/page.tsx [Server Component]

  Client Component SSR:
    ./components/motion/interactions.ts [Client Component SSR]
    ./components/motion/anime-scope.tsx [Client Component SSR]
    ./components/motion/anime-scope.tsx [Server Component]
    ./app/[locale]/page.tsx [Server Component] @ http://localhost:3000/_next/static/chunks/node_modules_next_dist_0u_w_5s._.js:1945
[   83995ms] [ERROR] ./components/motion/interactions.ts:3:1
Export setStyle doesn't exist in target module
  1 | import { animate } from "motion"
  2 | import { DUR, EASE } from "./tokens"
> 3 | import { setStyle, clearStyle } from "./dom"
    | ^^^^^^^^^^^^^^^^^^^^^^^^^^^^^^^^^^^^^^^^^^^^
  4 |
  5 | /**
  6 |  * Interactive behaviours — the layer that responds to input rather than to scroll.

The export setStyle was not found in module [project]/components/motion/dom.ts [app-client] (ecmascript).
Did you mean to import setStyles?
All exports of the module are statically known (It doesn't have dynamic exports). So it's known statically that the requested export doesn't exist.

Import traces:
  Client Component Browser:
    ./components/motion/interactions.ts [Client Component Browser]
    ./components/motion/anime-scope.tsx [Client Component Browser]
    ./components/motion/anime-scope.tsx [Server Component]
    ./app/[locale]/page.tsx [Server Component]

  Client Component SSR:
    ./components/motion/interactions.ts [Client Component SSR]
    ./components/motion/anime-scope.tsx [Client Component SSR]
    ./components/motion/anime-scope.tsx [Server Component]
    ./app/[locale]/page.tsx [Server Component] @ http://localhost:3000/_next/static/chunks/node_modules_next_dist_0u_w_5s._.js:1945
[   83995ms] [ERROR] ./components/motion/interactions.ts:3:1
Export setStyle doesn't exist in target module
  1 | import { animate } from "motion"
  2 | import { DUR, EASE } from "./tokens"
> 3 | import { setStyle, clearStyle } from "./dom"
    | ^^^^^^^^^^^^^^^^^^^^^^^^^^^^^^^^^^^^^^^^^^^^
  4 |
  5 | /**
  6 |  * Interactive behaviours — the layer that responds to input rather than to scroll.

The export setStyle was not found in module [project]/components/motion/dom.ts [app-ssr] (ecmascript).
Did you mean to import setStyles?
All exports of the module are statically known (It doesn't have dynamic exports). So it's known statically that the requested export doesn't exist.

Import traces:
  Client Component Browser:
    ./components/motion/interactions.ts [Client Component Browser]
    ./components/motion/anime-scope.tsx [Client Component Browser]
    ./components/motion/anime-scope.tsx [Server Component]
    ./app/[locale]/page.tsx [Server Component]

  Client Component SSR:
    ./components/motion/interactions.ts [Client Component SSR]
    ./components/motion/anime-scope.tsx [Client Component SSR]
    ./components/motion/anime-scope.tsx [Server Component]
    ./app/[locale]/page.tsx [Server Component] @ http://localhost:3000/_next/static/chunks/node_modules_next_dist_0u_w_5s._.js:1945
[   84057ms] [ERROR] ./components/motion/interactions.ts:3:1
Export setStyle doesn't exist in target module
  1 | import { animate } from "motion"
  2 | import { DUR, EASE } from "./tokens"
> 3 | import { setStyle, clearStyle } from "./dom"
    | ^^^^^^^^^^^^^^^^^^^^^^^^^^^^^^^^^^^^^^^^^^^^
  4 |
  5 | /**
  6 |  * Interactive behaviours — the layer that responds to input rather than to scroll.

The export setStyle was not found in module [project]/components/motion/dom.ts [app-client] (ecmascript).
Did you mean to import setStyles?
All exports of the module are statically known (It doesn't have dynamic exports). So it's known statically that the requested export doesn't exist.

Import traces:
  Client Component Browser:
    ./components/motion/interactions.ts [Client Component Browser]
    ./components/motion/anime-scope.tsx [Client Component Browser]
    ./components/motion/anime-scope.tsx [Server Component]
    ./app/[locale]/page.tsx [Server Component]

  Client Component SSR:
    ./components/motion/interactions.ts [Client Component SSR]
    ./components/motion/anime-scope.tsx [Client Component SSR]
    ./components/motion/anime-scope.tsx [Server Component]
    ./app/[locale]/page.tsx [Server Component] @ http://localhost:3000/_next/static/chunks/node_modules_next_dist_0u_w_5s._.js:1945
[   84057ms] [ERROR] ./components/motion/interactions.ts:3:1
Export setStyle doesn't exist in target module
  1 | import { animate } from "motion"
  2 | import { DUR, EASE } from "./tokens"
> 3 | import { setStyle, clearStyle } from "./dom"
    | ^^^^^^^^^^^^^^^^^^^^^^^^^^^^^^^^^^^^^^^^^^^^
  4 |
  5 | /**
  6 |  * Interactive behaviours — the layer that responds to input rather than to scroll.

The export setStyle was not found in module [project]/components/motion/dom.ts [app-ssr] (ecmascript).
Did you mean to import setStyles?
All exports of the module are statically known (It doesn't have dynamic exports). So it's known statically that the requested export doesn't exist.

Import traces:
  Client Component Browser:
    ./components/motion/interactions.ts [Client Component Browser]
    ./components/motion/anime-scope.tsx [Client Component Browser]
    ./components/motion/anime-scope.tsx [Server Component]
    ./app/[locale]/page.tsx [Server Component]

  Client Component SSR:
    ./components/motion/interactions.ts [Client Component SSR]
    ./components/motion/anime-scope.tsx [Client Component SSR]
    ./components/motion/anime-scope.tsx [Server Component]
    ./app/[locale]/page.tsx [Server Component] @ http://localhost:3000/_next/static/chunks/node_modules_next_dist_0u_w_5s._.js:1945
[   84120ms] [ERROR] ./components/motion/interactions.ts:3:1
Export setStyle doesn't exist in target module
  1 | import { animate } from "motion"
  2 | import { DUR, EASE } from "./tokens"
> 3 | import { setStyle, clearStyle } from "./dom"
    | ^^^^^^^^^^^^^^^^^^^^^^^^^^^^^^^^^^^^^^^^^^^^
  4 |
  5 | /**
  6 |  * Interactive behaviours — the layer that responds to input rather than to scroll.

The export setStyle was not found in module [project]/components/motion/dom.ts [app-client] (ecmascript).
Did you mean to import setStyles?
All exports of the module are statically known (It doesn't have dynamic exports). So it's known statically that the requested export doesn't exist.

Import traces:
  Client Component Browser:
    ./components/motion/interactions.ts [Client Component Browser]
    ./components/motion/anime-scope.tsx [Client Component Browser]
    ./components/motion/anime-scope.tsx [Server Component]
    ./app/[locale]/page.tsx [Server Component]

  Client Component SSR:
    ./components/motion/interactions.ts [Client Component SSR]
    ./components/motion/anime-scope.tsx [Client Component SSR]
    ./components/motion/anime-scope.tsx [Server Component]
    ./app/[locale]/page.tsx [Server Component] @ http://localhost:3000/_next/static/chunks/node_modules_next_dist_0u_w_5s._.js:1945
[   84120ms] [ERROR] ./components/motion/interactions.ts:3:1
Export setStyle doesn't exist in target module
  1 | import { animate } from "motion"
  2 | import { DUR, EASE } from "./tokens"
> 3 | import { setStyle, clearStyle } from "./dom"
    | ^^^^^^^^^^^^^^^^^^^^^^^^^^^^^^^^^^^^^^^^^^^^
  4 |
  5 | /**
  6 |  * Interactive behaviours — the layer that responds to input rather than to scroll.

The export setStyle was not found in module [project]/components/motion/dom.ts [app-ssr] (ecmascript).
Did you mean to import setStyles?
All exports of the module are statically known (It doesn't have dynamic exports). So it's known statically that the requested export doesn't exist.

Import traces:
  Client Component Browser:
    ./components/motion/interactions.ts [Client Component Browser]
    ./components/motion/anime-scope.tsx [Client Component Browser]
    ./components/motion/anime-scope.tsx [Server Component]
    ./app/[locale]/page.tsx [Server Component]

  Client Component SSR:
    ./components/motion/interactions.ts [Client Component SSR]
    ./components/motion/anime-scope.tsx [Client Component SSR]
    ./components/motion/anime-scope.tsx [Server Component]
    ./app/[locale]/page.tsx [Server Component] @ http://localhost:3000/_next/static/chunks/node_modules_next_dist_0u_w_5s._.js:1945
[   84181ms] [ERROR] ./components/motion/interactions.ts:3:1
Export setStyle doesn't exist in target module
  1 | import { animate } from "motion"
  2 | import { DUR, EASE } from "./tokens"
> 3 | import { setStyle, clearStyle } from "./dom"
    | ^^^^^^^^^^^^^^^^^^^^^^^^^^^^^^^^^^^^^^^^^^^^
  4 |
  5 | /**
  6 |  * Interactive behaviours — the layer that responds to input rather than to scroll.

The export setStyle was not found in module [project]/components/motion/dom.ts [app-client] (ecmascript).
Did you mean to import setStyles?
All exports of the module are statically known (It doesn't have dynamic exports). So it's known statically that the requested export doesn't exist.

Import traces:
  Client Component Browser:
    ./components/motion/interactions.ts [Client Component Browser]
    ./components/motion/anime-scope.tsx [Client Component Browser]
    ./components/motion/anime-scope.tsx [Server Component]
    ./app/[locale]/page.tsx [Server Component]

  Client Component SSR:
    ./components/motion/interactions.ts [Client Component SSR]
    ./components/motion/anime-scope.tsx [Client Component SSR]
    ./components/motion/anime-scope.tsx [Server Component]
    ./app/[locale]/page.tsx [Server Component] @ http://localhost:3000/_next/static/chunks/node_modules_next_dist_0u_w_5s._.js:1945
[   84181ms] [ERROR] ./components/motion/interactions.ts:3:1
Export setStyle doesn't exist in target module
  1 | import { animate } from "motion"
  2 | import { DUR, EASE } from "./tokens"
> 3 | import { setStyle, clearStyle } from "./dom"
    | ^^^^^^^^^^^^^^^^^^^^^^^^^^^^^^^^^^^^^^^^^^^^
  4 |
  5 | /**
  6 |  * Interactive behaviours — the layer that responds to input rather than to scroll.

The export setStyle was not found in module [project]/components/motion/dom.ts [app-ssr] (ecmascript).
Did you mean to import setStyles?
All exports of the module are statically known (It doesn't have dynamic exports). So it's known statically that the requested export doesn't exist.

Import traces:
  Client Component Browser:
    ./components/motion/interactions.ts [Client Component Browser]
    ./components/motion/anime-scope.tsx [Client Component Browser]
    ./components/motion/anime-scope.tsx [Server Component]
    ./app/[locale]/page.tsx [Server Component]

  Client Component SSR:
    ./components/motion/interactions.ts [Client Component SSR]
    ./components/motion/anime-scope.tsx [Client Component SSR]
    ./components/motion/anime-scope.tsx [Server Component]
    ./app/[locale]/page.tsx [Server Component] @ http://localhost:3000/_next/static/chunks/node_modules_next_dist_0u_w_5s._.js:1945
[   84243ms] [ERROR] ./components/motion/interactions.ts:3:1
Export setStyle doesn't exist in target module
  1 | import { animate } from "motion"
  2 | import { DUR, EASE } from "./tokens"
> 3 | import { setStyle, clearStyle } from "./dom"
    | ^^^^^^^^^^^^^^^^^^^^^^^^^^^^^^^^^^^^^^^^^^^^
  4 |
  5 | /**
  6 |  * Interactive behaviours — the layer that responds to input rather than to scroll.

The export setStyle was not found in module [project]/components/motion/dom.ts [app-client] (ecmascript).
Did you mean to import setStyles?
All exports of the module are statically known (It doesn't have dynamic exports). So it's known statically that the requested export doesn't exist.

Import traces:
  Client Component Browser:
    ./components/motion/interactions.ts [Client Component Browser]
    ./components/motion/anime-scope.tsx [Client Component Browser]
    ./components/motion/anime-scope.tsx [Server Component]
    ./app/[locale]/page.tsx [Server Component]

  Client Component SSR:
    ./components/motion/interactions.ts [Client Component SSR]
    ./components/motion/anime-scope.tsx [Client Component SSR]
    ./components/motion/anime-scope.tsx [Server Component]
    ./app/[locale]/page.tsx [Server Component] @ http://localhost:3000/_next/static/chunks/node_modules_next_dist_0u_w_5s._.js:1945
[   84244ms] [ERROR] ./components/motion/interactions.ts:3:1
Export setStyle doesn't exist in target module
  1 | import { animate } from "motion"
  2 | import { DUR, EASE } from "./tokens"
> 3 | import { setStyle, clearStyle } from "./dom"
    | ^^^^^^^^^^^^^^^^^^^^^^^^^^^^^^^^^^^^^^^^^^^^
  4 |
  5 | /**
  6 |  * Interactive behaviours — the layer that responds to input rather than to scroll.

The export setStyle was not found in module [project]/components/motion/dom.ts [app-ssr] (ecmascript).
Did you mean to import setStyles?
All exports of the module are statically known (It doesn't have dynamic exports). So it's known statically that the requested export doesn't exist.

Import traces:
  Client Component Browser:
    ./components/motion/interactions.ts [Client Component Browser]
    ./components/motion/anime-scope.tsx [Client Component Browser]
    ./components/motion/anime-scope.tsx [Server Component]
    ./app/[locale]/page.tsx [Server Component]

  Client Component SSR:
    ./components/motion/interactions.ts [Client Component SSR]
    ./components/motion/anime-scope.tsx [Client Component SSR]
    ./components/motion/anime-scope.tsx [Server Component]
    ./app/[locale]/page.tsx [Server Component] @ http://localhost:3000/_next/static/chunks/node_modules_next_dist_0u_w_5s._.js:1945
[   84305ms] [ERROR] ./components/motion/interactions.ts:3:1
Export setStyle doesn't exist in target module
  1 | import { animate } from "motion"
  2 | import { DUR, EASE } from "./tokens"
> 3 | import { setStyle, clearStyle } from "./dom"
    | ^^^^^^^^^^^^^^^^^^^^^^^^^^^^^^^^^^^^^^^^^^^^
  4 |
  5 | /**
  6 |  * Interactive behaviours — the layer that responds to input rather than to scroll.

The export setStyle was not found in module [project]/components/motion/dom.ts [app-client] (ecmascript).
Did you mean to import setStyles?
All exports of the module are statically known (It doesn't have dynamic exports). So it's known statically that the requested export doesn't exist.

Import traces:
  Client Component Browser:
    ./components/motion/interactions.ts [Client Component Browser]
    ./components/motion/anime-scope.tsx [Client Component Browser]
    ./components/motion/anime-scope.tsx [Server Component]
    ./app/[locale]/page.tsx [Server Component]

  Client Component SSR:
    ./components/motion/interactions.ts [Client Component SSR]
    ./components/motion/anime-scope.tsx [Client Component SSR]
    ./components/motion/anime-scope.tsx [Server Component]
    ./app/[locale]/page.tsx [Server Component] @ http://localhost:3000/_next/static/chunks/node_modules_next_dist_0u_w_5s._.js:1945
[   84306ms] [ERROR] ./components/motion/interactions.ts:3:1
Export setStyle doesn't exist in target module
  1 | import { animate } from "motion"
  2 | import { DUR, EASE } from "./tokens"
> 3 | import { setStyle, clearStyle } from "./dom"
    | ^^^^^^^^^^^^^^^^^^^^^^^^^^^^^^^^^^^^^^^^^^^^
  4 |
  5 | /**
  6 |  * Interactive behaviours — the layer that responds to input rather than to scroll.

The export setStyle was not found in module [project]/components/motion/dom.ts [app-ssr] (ecmascript).
Did you mean to import setStyles?
All exports of the module are statically known (It doesn't have dynamic exports). So it's known statically that the requested export doesn't exist.

Import traces:
  Client Component Browser:
    ./components/motion/interactions.ts [Client Component Browser]
    ./components/motion/anime-scope.tsx [Client Component Browser]
    ./components/motion/anime-scope.tsx [Server Component]
    ./app/[locale]/page.tsx [Server Component]

  Client Component SSR:
    ./components/motion/interactions.ts [Client Component SSR]
    ./components/motion/anime-scope.tsx [Client Component SSR]
    ./components/motion/anime-scope.tsx [Server Component]
    ./app/[locale]/page.tsx [Server Component] @ http://localhost:3000/_next/static/chunks/node_modules_next_dist_0u_w_5s._.js:1945
[   84368ms] [ERROR] ./components/motion/interactions.ts:3:1
Export setStyle doesn't exist in target module
  1 | import { animate } from "motion"
  2 | import { DUR, EASE } from "./tokens"
> 3 | import { setStyle, clearStyle } from "./dom"
    | ^^^^^^^^^^^^^^^^^^^^^^^^^^^^^^^^^^^^^^^^^^^^
  4 |
  5 | /**
  6 |  * Interactive behaviours — the layer that responds to input rather than to scroll.

The export setStyle was not found in module [project]/components/motion/dom.ts [app-client] (ecmascript).
Did you mean to import setStyles?
All exports of the module are statically known (It doesn't have dynamic exports). So it's known statically that the requested export doesn't exist.

Import traces:
  Client Component Browser:
    ./components/motion/interactions.ts [Client Component Browser]
    ./components/motion/anime-scope.tsx [Client Component Browser]
    ./components/motion/anime-scope.tsx [Server Component]
    ./app/[locale]/page.tsx [Server Component]

  Client Component SSR:
    ./components/motion/interactions.ts [Client Component SSR]
    ./components/motion/anime-scope.tsx [Client Component SSR]
    ./components/motion/anime-scope.tsx [Server Component]
    ./app/[locale]/page.tsx [Server Component] @ http://localhost:3000/_next/static/chunks/node_modules_next_dist_0u_w_5s._.js:1945
[   84368ms] [ERROR] ./components/motion/interactions.ts:3:1
Export setStyle doesn't exist in target module
  1 | import { animate } from "motion"
  2 | import { DUR, EASE } from "./tokens"
> 3 | import { setStyle, clearStyle } from "./dom"
    | ^^^^^^^^^^^^^^^^^^^^^^^^^^^^^^^^^^^^^^^^^^^^
  4 |
  5 | /**
  6 |  * Interactive behaviours — the layer that responds to input rather than to scroll.

The export setStyle was not found in module [project]/components/motion/dom.ts [app-ssr] (ecmascript).
Did you mean to import setStyles?
All exports of the module are statically known (It doesn't have dynamic exports). So it's known statically that the requested export doesn't exist.

Import traces:
  Client Component Browser:
    ./components/motion/interactions.ts [Client Component Browser]
    ./components/motion/anime-scope.tsx [Client Component Browser]
    ./components/motion/anime-scope.tsx [Server Component]
    ./app/[locale]/page.tsx [Server Component]

  Client Component SSR:
    ./components/motion/interactions.ts [Client Component SSR]
    ./components/motion/anime-scope.tsx [Client Component SSR]
    ./components/motion/anime-scope.tsx [Server Component]
    ./app/[locale]/page.tsx [Server Component] @ http://localhost:3000/_next/static/chunks/node_modules_next_dist_0u_w_5s._.js:1945
[   84430ms] [ERROR] ./components/motion/interactions.ts:3:1
Export setStyle doesn't exist in target module
  1 | import { animate } from "motion"
  2 | import { DUR, EASE } from "./tokens"
> 3 | import { setStyle, clearStyle } from "./dom"
    | ^^^^^^^^^^^^^^^^^^^^^^^^^^^^^^^^^^^^^^^^^^^^
  4 |
  5 | /**
  6 |  * Interactive behaviours — the layer that responds to input rather than to scroll.

The export setStyle was not found in module [project]/components/motion/dom.ts [app-client] (ecmascript).
Did you mean to import setStyles?
All exports of the module are statically known (It doesn't have dynamic exports). So it's known statically that the requested export doesn't exist.

Import traces:
  Client Component Browser:
    ./components/motion/interactions.ts [Client Component Browser]
    ./components/motion/anime-scope.tsx [Client Component Browser]
    ./components/motion/anime-scope.tsx [Server Component]
    ./app/[locale]/page.tsx [Server Component]

  Client Component SSR:
    ./components/motion/interactions.ts [Client Component SSR]
    ./components/motion/anime-scope.tsx [Client Component SSR]
    ./components/motion/anime-scope.tsx [Server Component]
    ./app/[locale]/page.tsx [Server Component] @ http://localhost:3000/_next/static/chunks/node_modules_next_dist_0u_w_5s._.js:1945
[   84430ms] [ERROR] ./components/motion/interactions.ts:3:1
Export setStyle doesn't exist in target module
  1 | import { animate } from "motion"
  2 | import { DUR, EASE } from "./tokens"
> 3 | import { setStyle, clearStyle } from "./dom"
    | ^^^^^^^^^^^^^^^^^^^^^^^^^^^^^^^^^^^^^^^^^^^^
  4 |
  5 | /**
  6 |  * Interactive behaviours — the layer that responds to input rather than to scroll.

The export setStyle was not found in module [project]/components/motion/dom.ts [app-ssr] (ecmascript).
Did you mean to import setStyles?
All exports of the module are statically known (It doesn't have dynamic exports). So it's known statically that the requested export doesn't exist.

Import traces:
  Client Component Browser:
    ./components/motion/interactions.ts [Client Component Browser]
    ./components/motion/anime-scope.tsx [Client Component Browser]
    ./components/motion/anime-scope.tsx [Server Component]
    ./app/[locale]/page.tsx [Server Component]

  Client Component SSR:
    ./components/motion/interactions.ts [Client Component SSR]
    ./components/motion/anime-scope.tsx [Client Component SSR]
    ./components/motion/anime-scope.tsx [Server Component]
    ./app/[locale]/page.tsx [Server Component] @ http://localhost:3000/_next/static/chunks/node_modules_next_dist_0u_w_5s._.js:1945
[   84492ms] [ERROR] ./components/motion/interactions.ts:3:1
Export setStyle doesn't exist in target module
  1 | import { animate } from "motion"
  2 | import { DUR, EASE } from "./tokens"
> 3 | import { setStyle, clearStyle } from "./dom"
    | ^^^^^^^^^^^^^^^^^^^^^^^^^^^^^^^^^^^^^^^^^^^^
  4 |
  5 | /**
  6 |  * Interactive behaviours — the layer that responds to input rather than to scroll.

The export setStyle was not found in module [project]/components/motion/dom.ts [app-client] (ecmascript).
Did you mean to import setStyles?
All exports of the module are statically known (It doesn't have dynamic exports). So it's known statically that the requested export doesn't exist.

Import traces:
  Client Component Browser:
    ./components/motion/interactions.ts [Client Component Browser]
    ./components/motion/anime-scope.tsx [Client Component Browser]
    ./components/motion/anime-scope.tsx [Server Component]
    ./app/[locale]/page.tsx [Server Component]

  Client Component SSR:
    ./components/motion/interactions.ts [Client Component SSR]
    ./components/motion/anime-scope.tsx [Client Component SSR]
    ./components/motion/anime-scope.tsx [Server Component]
    ./app/[locale]/page.tsx [Server Component] @ http://localhost:3000/_next/static/chunks/node_modules_next_dist_0u_w_5s._.js:1945
[   84492ms] [ERROR] ./components/motion/interactions.ts:3:1
Export setStyle doesn't exist in target module
  1 | import { animate } from "motion"
  2 | import { DUR, EASE } from "./tokens"
> 3 | import { setStyle, clearStyle } from "./dom"
    | ^^^^^^^^^^^^^^^^^^^^^^^^^^^^^^^^^^^^^^^^^^^^
  4 |
  5 | /**
  6 |  * Interactive behaviours — the layer that responds to input rather than to scroll.

The export setStyle was not found in module [project]/components/motion/dom.ts [app-ssr] (ecmascript).
Did you mean to import setStyles?
All exports of the module are statically known (It doesn't have dynamic exports). So it's known statically that the requested export doesn't exist.

Import traces:
  Client Component Browser:
    ./components/motion/interactions.ts [Client Component Browser]
    ./components/motion/anime-scope.tsx [Client Component Browser]
    ./components/motion/anime-scope.tsx [Server Component]
    ./app/[locale]/page.tsx [Server Component]

  Client Component SSR:
    ./components/motion/interactions.ts [Client Component SSR]
    ./components/motion/anime-scope.tsx [Client Component SSR]
    ./components/motion/anime-scope.tsx [Server Component]
    ./app/[locale]/page.tsx [Server Component] @ http://localhost:3000/_next/static/chunks/node_modules_next_dist_0u_w_5s._.js:1945
[   84554ms] [ERROR] ./components/motion/interactions.ts:3:1
Export setStyle doesn't exist in target module
  1 | import { animate } from "motion"
  2 | import { DUR, EASE } from "./tokens"
> 3 | import { setStyle, clearStyle } from "./dom"
    | ^^^^^^^^^^^^^^^^^^^^^^^^^^^^^^^^^^^^^^^^^^^^
  4 |
  5 | /**
  6 |  * Interactive behaviours — the layer that responds to input rather than to scroll.

The export setStyle was not found in module [project]/components/motion/dom.ts [app-client] (ecmascript).
Did you mean to import setStyles?
All exports of the module are statically known (It doesn't have dynamic exports). So it's known statically that the requested export doesn't exist.

Import traces:
  Client Component Browser:
    ./components/motion/interactions.ts [Client Component Browser]
    ./components/motion/anime-scope.tsx [Client Component Browser]
    ./components/motion/anime-scope.tsx [Server Component]
    ./app/[locale]/page.tsx [Server Component]

  Client Component SSR:
    ./components/motion/interactions.ts [Client Component SSR]
    ./components/motion/anime-scope.tsx [Client Component SSR]
    ./components/motion/anime-scope.tsx [Server Component]
    ./app/[locale]/page.tsx [Server Component] @ http://localhost:3000/_next/static/chunks/node_modules_next_dist_0u_w_5s._.js:1945
[   84554ms] [ERROR] ./components/motion/interactions.ts:3:1
Export setStyle doesn't exist in target module
  1 | import { animate } from "motion"
  2 | import { DUR, EASE } from "./tokens"
> 3 | import { setStyle, clearStyle } from "./dom"
    | ^^^^^^^^^^^^^^^^^^^^^^^^^^^^^^^^^^^^^^^^^^^^
  4 |
  5 | /**
  6 |  * Interactive behaviours — the layer that responds to input rather than to scroll.

The export setStyle was not found in module [project]/components/motion/dom.ts [app-ssr] (ecmascript).
Did you mean to import setStyles?
All exports of the module are statically known (It doesn't have dynamic exports). So it's known statically that the requested export doesn't exist.

Import traces:
  Client Component Browser:
    ./components/motion/interactions.ts [Client Component Browser]
    ./components/motion/anime-scope.tsx [Client Component Browser]
    ./components/motion/anime-scope.tsx [Server Component]
    ./app/[locale]/page.tsx [Server Component]

  Client Component SSR:
    ./components/motion/interactions.ts [Client Component SSR]
    ./components/motion/anime-scope.tsx [Client Component SSR]
    ./components/motion/anime-scope.tsx [Server Component]
    ./app/[locale]/page.tsx [Server Component] @ http://localhost:3000/_next/static/chunks/node_modules_next_dist_0u_w_5s._.js:1945
[   84615ms] [ERROR] ./components/motion/interactions.ts:3:1
Export setStyle doesn't exist in target module
  1 | import { animate } from "motion"
  2 | import { DUR, EASE } from "./tokens"
> 3 | import { setStyle, clearStyle } from "./dom"
    | ^^^^^^^^^^^^^^^^^^^^^^^^^^^^^^^^^^^^^^^^^^^^
  4 |
  5 | /**
  6 |  * Interactive behaviours — the layer that responds to input rather than to scroll.

The export setStyle was not found in module [project]/components/motion/dom.ts [app-client] (ecmascript).
Did you mean to import setStyles?
All exports of the module are statically known (It doesn't have dynamic exports). So it's known statically that the requested export doesn't exist.

Import traces:
  Client Component Browser:
    ./components/motion/interactions.ts [Client Component Browser]
    ./components/motion/anime-scope.tsx [Client Component Browser]
    ./components/motion/anime-scope.tsx [Server Component]
    ./app/[locale]/page.tsx [Server Component]

  Client Component SSR:
    ./components/motion/interactions.ts [Client Component SSR]
    ./components/motion/anime-scope.tsx [Client Component SSR]
    ./components/motion/anime-scope.tsx [Server Component]
    ./app/[locale]/page.tsx [Server Component] @ http://localhost:3000/_next/static/chunks/node_modules_next_dist_0u_w_5s._.js:1945
[   84616ms] [ERROR] ./components/motion/interactions.ts:3:1
Export setStyle doesn't exist in target module
  1 | import { animate } from "motion"
  2 | import { DUR, EASE } from "./tokens"
> 3 | import { setStyle, clearStyle } from "./dom"
    | ^^^^^^^^^^^^^^^^^^^^^^^^^^^^^^^^^^^^^^^^^^^^
  4 |
  5 | /**
  6 |  * Interactive behaviours — the layer that responds to input rather than to scroll.

The export setStyle was not found in module [project]/components/motion/dom.ts [app-ssr] (ecmascript).
Did you mean to import setStyles?
All exports of the module are statically known (It doesn't have dynamic exports). So it's known statically that the requested export doesn't exist.

Import traces:
  Client Component Browser:
    ./components/motion/interactions.ts [Client Component Browser]
    ./components/motion/anime-scope.tsx [Client Component Browser]
    ./components/motion/anime-scope.tsx [Server Component]
    ./app/[locale]/page.tsx [Server Component]

  Client Component SSR:
    ./components/motion/interactions.ts [Client Component SSR]
    ./components/motion/anime-scope.tsx [Client Component SSR]
    ./components/motion/anime-scope.tsx [Server Component]
    ./app/[locale]/page.tsx [Server Component] @ http://localhost:3000/_next/static/chunks/node_modules_next_dist_0u_w_5s._.js:1945
[   84678ms] [ERROR] ./components/motion/interactions.ts:3:1
Export setStyle doesn't exist in target module
  1 | import { animate } from "motion"
  2 | import { DUR, EASE } from "./tokens"
> 3 | import { setStyle, clearStyle } from "./dom"
    | ^^^^^^^^^^^^^^^^^^^^^^^^^^^^^^^^^^^^^^^^^^^^
  4 |
  5 | /**
  6 |  * Interactive behaviours — the layer that responds to input rather than to scroll.

The export setStyle was not found in module [project]/components/motion/dom.ts [app-client] (ecmascript).
Did you mean to import setStyles?
All exports of the module are statically known (It doesn't have dynamic exports). So it's known statically that the requested export doesn't exist.

Import traces:
  Client Component Browser:
    ./components/motion/interactions.ts [Client Component Browser]
    ./components/motion/anime-scope.tsx [Client Component Browser]
    ./components/motion/anime-scope.tsx [Server Component]
    ./app/[locale]/page.tsx [Server Component]

  Client Component SSR:
    ./components/motion/interactions.ts [Client Component SSR]
    ./components/motion/anime-scope.tsx [Client Component SSR]
    ./components/motion/anime-scope.tsx [Server Component]
    ./app/[locale]/page.tsx [Server Component] @ http://localhost:3000/_next/static/chunks/node_modules_next_dist_0u_w_5s._.js:1945
[   84678ms] [ERROR] ./components/motion/interactions.ts:3:1
Export setStyle doesn't exist in target module
  1 | import { animate } from "motion"
  2 | import { DUR, EASE } from "./tokens"
> 3 | import { setStyle, clearStyle } from "./dom"
    | ^^^^^^^^^^^^^^^^^^^^^^^^^^^^^^^^^^^^^^^^^^^^
  4 |
  5 | /**
  6 |  * Interactive behaviours — the layer that responds to input rather than to scroll.

The export setStyle was not found in module [project]/components/motion/dom.ts [app-ssr] (ecmascript).
Did you mean to import setStyles?
All exports of the module are statically known (It doesn't have dynamic exports). So it's known statically that the requested export doesn't exist.

Import traces:
  Client Component Browser:
    ./components/motion/interactions.ts [Client Component Browser]
    ./components/motion/anime-scope.tsx [Client Component Browser]
    ./components/motion/anime-scope.tsx [Server Component]
    ./app/[locale]/page.tsx [Server Component]

  Client Component SSR:
    ./components/motion/interactions.ts [Client Component SSR]
    ./components/motion/anime-scope.tsx [Client Component SSR]
    ./components/motion/anime-scope.tsx [Server Component]
    ./app/[locale]/page.tsx [Server Component] @ http://localhost:3000/_next/static/chunks/node_modules_next_dist_0u_w_5s._.js:1945
[   84739ms] [ERROR] ./components/motion/interactions.ts:3:1
Export setStyle doesn't exist in target module
  1 | import { animate } from "motion"
  2 | import { DUR, EASE } from "./tokens"
> 3 | import { setStyle, clearStyle } from "./dom"
    | ^^^^^^^^^^^^^^^^^^^^^^^^^^^^^^^^^^^^^^^^^^^^
  4 |
  5 | /**
  6 |  * Interactive behaviours — the layer that responds to input rather than to scroll.

The export setStyle was not found in module [project]/components/motion/dom.ts [app-client] (ecmascript).
Did you mean to import setStyles?
All exports of the module are statically known (It doesn't have dynamic exports). So it's known statically that the requested export doesn't exist.

Import traces:
  Client Component Browser:
    ./components/motion/interactions.ts [Client Component Browser]
    ./components/motion/anime-scope.tsx [Client Component Browser]
    ./components/motion/anime-scope.tsx [Server Component]
    ./app/[locale]/page.tsx [Server Component]

  Client Component SSR:
    ./components/motion/interactions.ts [Client Component SSR]
    ./components/motion/anime-scope.tsx [Client Component SSR]
    ./components/motion/anime-scope.tsx [Server Component]
    ./app/[locale]/page.tsx [Server Component] @ http://localhost:3000/_next/static/chunks/node_modules_next_dist_0u_w_5s._.js:1945
[   84739ms] [ERROR] ./components/motion/interactions.ts:3:1
Export setStyle doesn't exist in target module
  1 | import { animate } from "motion"
  2 | import { DUR, EASE } from "./tokens"
> 3 | import { setStyle, clearStyle } from "./dom"
    | ^^^^^^^^^^^^^^^^^^^^^^^^^^^^^^^^^^^^^^^^^^^^
  4 |
  5 | /**
  6 |  * Interactive behaviours — the layer that responds to input rather than to scroll.

The export setStyle was not found in module [project]/components/motion/dom.ts [app-ssr] (ecmascript).
Did you mean to import setStyles?
All exports of the module are statically known (It doesn't have dynamic exports). So it's known statically that the requested export doesn't exist.

Import traces:
  Client Component Browser:
    ./components/motion/interactions.ts [Client Component Browser]
    ./components/motion/anime-scope.tsx [Client Component Browser]
    ./components/motion/anime-scope.tsx [Server Component]
    ./app/[locale]/page.tsx [Server Component]

  Client Component SSR:
    ./components/motion/interactions.ts [Client Component SSR]
    ./components/motion/anime-scope.tsx [Client Component SSR]
    ./components/motion/anime-scope.tsx [Server Component]
    ./app/[locale]/page.tsx [Server Component] @ http://localhost:3000/_next/static/chunks/node_modules_next_dist_0u_w_5s._.js:1945
[   84801ms] [ERROR] ./components/motion/interactions.ts:3:1
Export setStyle doesn't exist in target module
  1 | import { animate } from "motion"
  2 | import { DUR, EASE } from "./tokens"
> 3 | import { setStyle, clearStyle } from "./dom"
    | ^^^^^^^^^^^^^^^^^^^^^^^^^^^^^^^^^^^^^^^^^^^^
  4 |
  5 | /**
  6 |  * Interactive behaviours — the layer that responds to input rather than to scroll.

The export setStyle was not found in module [project]/components/motion/dom.ts [app-client] (ecmascript).
Did you mean to import setStyles?
All exports of the module are statically known (It doesn't have dynamic exports). So it's known statically that the requested export doesn't exist.

Import traces:
  Client Component Browser:
    ./components/motion/interactions.ts [Client Component Browser]
    ./components/motion/anime-scope.tsx [Client Component Browser]
    ./components/motion/anime-scope.tsx [Server Component]
    ./app/[locale]/page.tsx [Server Component]

  Client Component SSR:
    ./components/motion/interactions.ts [Client Component SSR]
    ./components/motion/anime-scope.tsx [Client Component SSR]
    ./components/motion/anime-scope.tsx [Server Component]
    ./app/[locale]/page.tsx [Server Component] @ http://localhost:3000/_next/static/chunks/node_modules_next_dist_0u_w_5s._.js:1945
[   84801ms] [ERROR] ./components/motion/interactions.ts:3:1
Export setStyle doesn't exist in target module
  1 | import { animate } from "motion"
  2 | import { DUR, EASE } from "./tokens"
> 3 | import { setStyle, clearStyle } from "./dom"
    | ^^^^^^^^^^^^^^^^^^^^^^^^^^^^^^^^^^^^^^^^^^^^
  4 |
  5 | /**
  6 |  * Interactive behaviours — the layer that responds to input rather than to scroll.

The export setStyle was not found in module [project]/components/motion/dom.ts [app-ssr] (ecmascript).
Did you mean to import setStyles?
All exports of the module are statically known (It doesn't have dynamic exports). So it's known statically that the requested export doesn't exist.

Import traces:
  Client Component Browser:
    ./components/motion/interactions.ts [Client Component Browser]
    ./components/motion/anime-scope.tsx [Client Component Browser]
    ./components/motion/anime-scope.tsx [Server Component]
    ./app/[locale]/page.tsx [Server Component]

  Client Component SSR:
    ./components/motion/interactions.ts [Client Component SSR]
    ./components/motion/anime-scope.tsx [Client Component SSR]
    ./components/motion/anime-scope.tsx [Server Component]
    ./app/[locale]/page.tsx [Server Component] @ http://localhost:3000/_next/static/chunks/node_modules_next_dist_0u_w_5s._.js:1945
[   84864ms] [ERROR] ./components/motion/interactions.ts:3:1
Export setStyle doesn't exist in target module
  1 | import { animate } from "motion"
  2 | import { DUR, EASE } from "./tokens"
> 3 | import { setStyle, clearStyle } from "./dom"
    | ^^^^^^^^^^^^^^^^^^^^^^^^^^^^^^^^^^^^^^^^^^^^
  4 |
  5 | /**
  6 |  * Interactive behaviours — the layer that responds to input rather than to scroll.

The export setStyle was not found in module [project]/components/motion/dom.ts [app-client] (ecmascript).
Did you mean to import setStyles?
All exports of the module are statically known (It doesn't have dynamic exports). So it's known statically that the requested export doesn't exist.

Import traces:
  Client Component Browser:
    ./components/motion/interactions.ts [Client Component Browser]
    ./components/motion/anime-scope.tsx [Client Component Browser]
    ./components/motion/anime-scope.tsx [Server Component]
    ./app/[locale]/page.tsx [Server Component]

  Client Component SSR:
    ./components/motion/interactions.ts [Client Component SSR]
    ./components/motion/anime-scope.tsx [Client Component SSR]
    ./components/motion/anime-scope.tsx [Server Component]
    ./app/[locale]/page.tsx [Server Component] @ http://localhost:3000/_next/static/chunks/node_modules_next_dist_0u_w_5s._.js:1945
[   84864ms] [ERROR] ./components/motion/interactions.ts:3:1
Export setStyle doesn't exist in target module
  1 | import { animate } from "motion"
  2 | import { DUR, EASE } from "./tokens"
> 3 | import { setStyle, clearStyle } from "./dom"
    | ^^^^^^^^^^^^^^^^^^^^^^^^^^^^^^^^^^^^^^^^^^^^
  4 |
  5 | /**
  6 |  * Interactive behaviours — the layer that responds to input rather than to scroll.

The export setStyle was not found in module [project]/components/motion/dom.ts [app-ssr] (ecmascript).
Did you mean to import setStyles?
All exports of the module are statically known (It doesn't have dynamic exports). So it's known statically that the requested export doesn't exist.

Import traces:
  Client Component Browser:
    ./components/motion/interactions.ts [Client Component Browser]
    ./components/motion/anime-scope.tsx [Client Component Browser]
    ./components/motion/anime-scope.tsx [Server Component]
    ./app/[locale]/page.tsx [Server Component]

  Client Component SSR:
    ./components/motion/interactions.ts [Client Component SSR]
    ./components/motion/anime-scope.tsx [Client Component SSR]
    ./components/motion/anime-scope.tsx [Server Component]
    ./app/[locale]/page.tsx [Server Component] @ http://localhost:3000/_next/static/chunks/node_modules_next_dist_0u_w_5s._.js:1945
[   84926ms] [ERROR] ./components/motion/interactions.ts:3:1
Export setStyle doesn't exist in target module
  1 | import { animate } from "motion"
  2 | import { DUR, EASE } from "./tokens"
> 3 | import { setStyle, clearStyle } from "./dom"
    | ^^^^^^^^^^^^^^^^^^^^^^^^^^^^^^^^^^^^^^^^^^^^
  4 |
  5 | /**
  6 |  * Interactive behaviours — the layer that responds to input rather than to scroll.

The export setStyle was not found in module [project]/components/motion/dom.ts [app-client] (ecmascript).
Did you mean to import setStyles?
All exports of the module are statically known (It doesn't have dynamic exports). So it's known statically that the requested export doesn't exist.

Import traces:
  Client Component Browser:
    ./components/motion/interactions.ts [Client Component Browser]
    ./components/motion/anime-scope.tsx [Client Component Browser]
    ./components/motion/anime-scope.tsx [Server Component]
    ./app/[locale]/page.tsx [Server Component]

  Client Component SSR:
    ./components/motion/interactions.ts [Client Component SSR]
    ./components/motion/anime-scope.tsx [Client Component SSR]
    ./components/motion/anime-scope.tsx [Server Component]
    ./app/[locale]/page.tsx [Server Component] @ http://localhost:3000/_next/static/chunks/node_modules_next_dist_0u_w_5s._.js:1945
[   84926ms] [ERROR] ./components/motion/interactions.ts:3:1
Export setStyle doesn't exist in target module
  1 | import { animate } from "motion"
  2 | import { DUR, EASE } from "./tokens"
> 3 | import { setStyle, clearStyle } from "./dom"
    | ^^^^^^^^^^^^^^^^^^^^^^^^^^^^^^^^^^^^^^^^^^^^
  4 |
  5 | /**
  6 |  * Interactive behaviours — the layer that responds to input rather than to scroll.

The export setStyle was not found in module [project]/components/motion/dom.ts [app-ssr] (ecmascript).
Did you mean to import setStyles?
All exports of the module are statically known (It doesn't have dynamic exports). So it's known statically that the requested export doesn't exist.

Import traces:
  Client Component Browser:
    ./components/motion/interactions.ts [Client Component Browser]
    ./components/motion/anime-scope.tsx [Client Component Browser]
    ./components/motion/anime-scope.tsx [Server Component]
    ./app/[locale]/page.tsx [Server Component]

  Client Component SSR:
    ./components/motion/interactions.ts [Client Component SSR]
    ./components/motion/anime-scope.tsx [Client Component SSR]
    ./components/motion/anime-scope.tsx [Server Component]
    ./app/[locale]/page.tsx [Server Component] @ http://localhost:3000/_next/static/chunks/node_modules_next_dist_0u_w_5s._.js:1945
[   84985ms] [ERROR] ./components/motion/interactions.ts:3:1
Export setStyle doesn't exist in target module
  1 | import { animate } from "motion"
  2 | import { DUR, EASE } from "./tokens"
> 3 | import { setStyle, clearStyle } from "./dom"
    | ^^^^^^^^^^^^^^^^^^^^^^^^^^^^^^^^^^^^^^^^^^^^
  4 |
  5 | /**
  6 |  * Interactive behaviours — the layer that responds to input rather than to scroll.

The export setStyle was not found in module [project]/components/motion/dom.ts [app-client] (ecmascript).
Did you mean to import setStyles?
All exports of the module are statically known (It doesn't have dynamic exports). So it's known statically that the requested export doesn't exist.

Import traces:
  Client Component Browser:
    ./components/motion/interactions.ts [Client Component Browser]
    ./components/motion/anime-scope.tsx [Client Component Browser]
    ./components/motion/anime-scope.tsx [Server Component]
    ./app/[locale]/page.tsx [Server Component]

  Client Component SSR:
    ./components/motion/interactions.ts [Client Component SSR]
    ./components/motion/anime-scope.tsx [Client Component SSR]
    ./components/motion/anime-scope.tsx [Server Component]
    ./app/[locale]/page.tsx [Server Component] @ http://localhost:3000/_next/static/chunks/node_modules_next_dist_0u_w_5s._.js:1945
[   84986ms] [ERROR] ./components/motion/interactions.ts:3:1
Export setStyle doesn't exist in target module
  1 | import { animate } from "motion"
  2 | import { DUR, EASE } from "./tokens"
> 3 | import { setStyle, clearStyle } from "./dom"
    | ^^^^^^^^^^^^^^^^^^^^^^^^^^^^^^^^^^^^^^^^^^^^
  4 |
  5 | /**
  6 |  * Interactive behaviours — the layer that responds to input rather than to scroll.

The export setStyle was not found in module [project]/components/motion/dom.ts [app-ssr] (ecmascript).
Did you mean to import setStyles?
All exports of the module are statically known (It doesn't have dynamic exports). So it's known statically that the requested export doesn't exist.

Import traces:
  Client Component Browser:
    ./components/motion/interactions.ts [Client Component Browser]
    ./components/motion/anime-scope.tsx [Client Component Browser]
    ./components/motion/anime-scope.tsx [Server Component]
    ./app/[locale]/page.tsx [Server Component]

  Client Component SSR:
    ./components/motion/interactions.ts [Client Component SSR]
    ./components/motion/anime-scope.tsx [Client Component SSR]
    ./components/motion/anime-scope.tsx [Server Component]
    ./app/[locale]/page.tsx [Server Component] @ http://localhost:3000/_next/static/chunks/node_modules_next_dist_0u_w_5s._.js:1945
[   85049ms] [ERROR] ./components/motion/interactions.ts:3:1
Export setStyle doesn't exist in target module
  1 | import { animate } from "motion"
  2 | import { DUR, EASE } from "./tokens"
> 3 | import { setStyle, clearStyle } from "./dom"
    | ^^^^^^^^^^^^^^^^^^^^^^^^^^^^^^^^^^^^^^^^^^^^
  4 |
  5 | /**
  6 |  * Interactive behaviours — the layer that responds to input rather than to scroll.

The export setStyle was not found in module [project]/components/motion/dom.ts [app-client] (ecmascript).
Did you mean to import setStyles?
All exports of the module are statically known (It doesn't have dynamic exports). So it's known statically that the requested export doesn't exist.

Import traces:
  Client Component Browser:
    ./components/motion/interactions.ts [Client Component Browser]
    ./components/motion/anime-scope.tsx [Client Component Browser]
    ./components/motion/anime-scope.tsx [Server Component]
    ./app/[locale]/page.tsx [Server Component]

  Client Component SSR:
    ./components/motion/interactions.ts [Client Component SSR]
    ./components/motion/anime-scope.tsx [Client Component SSR]
    ./components/motion/anime-scope.tsx [Server Component]
    ./app/[locale]/page.tsx [Server Component] @ http://localhost:3000/_next/static/chunks/node_modules_next_dist_0u_w_5s._.js:1945
[   85049ms] [ERROR] ./components/motion/interactions.ts:3:1
Export setStyle doesn't exist in target module
  1 | import { animate } from "motion"
  2 | import { DUR, EASE } from "./tokens"
> 3 | import { setStyle, clearStyle } from "./dom"
    | ^^^^^^^^^^^^^^^^^^^^^^^^^^^^^^^^^^^^^^^^^^^^
  4 |
  5 | /**
  6 |  * Interactive behaviours — the layer that responds to input rather than to scroll.

The export setStyle was not found in module [project]/components/motion/dom.ts [app-ssr] (ecmascript).
Did you mean to import setStyles?
All exports of the module are statically known (It doesn't have dynamic exports). So it's known statically that the requested export doesn't exist.

Import traces:
  Client Component Browser:
    ./components/motion/interactions.ts [Client Component Browser]
    ./components/motion/anime-scope.tsx [Client Component Browser]
    ./components/motion/anime-scope.tsx [Server Component]
    ./app/[locale]/page.tsx [Server Component]

  Client Component SSR:
    ./components/motion/interactions.ts [Client Component SSR]
    ./components/motion/anime-scope.tsx [Client Component SSR]
    ./components/motion/anime-scope.tsx [Server Component]
    ./app/[locale]/page.tsx [Server Component] @ http://localhost:3000/_next/static/chunks/node_modules_next_dist_0u_w_5s._.js:1945
[   85111ms] [ERROR] ./components/motion/interactions.ts:3:1
Export setStyle doesn't exist in target module
  1 | import { animate } from "motion"
  2 | import { DUR, EASE } from "./tokens"
> 3 | import { setStyle, clearStyle } from "./dom"
    | ^^^^^^^^^^^^^^^^^^^^^^^^^^^^^^^^^^^^^^^^^^^^
  4 |
  5 | /**
  6 |  * Interactive behaviours — the layer that responds to input rather than to scroll.

The export setStyle was not found in module [project]/components/motion/dom.ts [app-client] (ecmascript).
Did you mean to import setStyles?
All exports of the module are statically known (It doesn't have dynamic exports). So it's known statically that the requested export doesn't exist.

Import traces:
  Client Component Browser:
    ./components/motion/interactions.ts [Client Component Browser]
    ./components/motion/anime-scope.tsx [Client Component Browser]
    ./components/motion/anime-scope.tsx [Server Component]
    ./app/[locale]/page.tsx [Server Component]

  Client Component SSR:
    ./components/motion/interactions.ts [Client Component SSR]
    ./components/motion/anime-scope.tsx [Client Component SSR]
    ./components/motion/anime-scope.tsx [Server Component]
    ./app/[locale]/page.tsx [Server Component] @ http://localhost:3000/_next/static/chunks/node_modules_next_dist_0u_w_5s._.js:1945
[   85111ms] [ERROR] ./components/motion/interactions.ts:3:1
Export setStyle doesn't exist in target module
  1 | import { animate } from "motion"
  2 | import { DUR, EASE } from "./tokens"
> 3 | import { setStyle, clearStyle } from "./dom"
    | ^^^^^^^^^^^^^^^^^^^^^^^^^^^^^^^^^^^^^^^^^^^^
  4 |
  5 | /**
  6 |  * Interactive behaviours — the layer that responds to input rather than to scroll.

The export setStyle was not found in module [project]/components/motion/dom.ts [app-ssr] (ecmascript).
Did you mean to import setStyles?
All exports of the module are statically known (It doesn't have dynamic exports). So it's known statically that the requested export doesn't exist.

Import traces:
  Client Component Browser:
    ./components/motion/interactions.ts [Client Component Browser]
    ./components/motion/anime-scope.tsx [Client Component Browser]
    ./components/motion/anime-scope.tsx [Server Component]
    ./app/[locale]/page.tsx [Server Component]

  Client Component SSR:
    ./components/motion/interactions.ts [Client Component SSR]
    ./components/motion/anime-scope.tsx [Client Component SSR]
    ./components/motion/anime-scope.tsx [Server Component]
    ./app/[locale]/page.tsx [Server Component] @ http://localhost:3000/_next/static/chunks/node_modules_next_dist_0u_w_5s._.js:1945
[   85175ms] [ERROR] ./components/motion/interactions.ts:3:1
Export setStyle doesn't exist in target module
  1 | import { animate } from "motion"
  2 | import { DUR, EASE } from "./tokens"
> 3 | import { setStyle, clearStyle } from "./dom"
    | ^^^^^^^^^^^^^^^^^^^^^^^^^^^^^^^^^^^^^^^^^^^^
  4 |
  5 | /**
  6 |  * Interactive behaviours — the layer that responds to input rather than to scroll.

The export setStyle was not found in module [project]/components/motion/dom.ts [app-client] (ecmascript).
Did you mean to import setStyles?
All exports of the module are statically known (It doesn't have dynamic exports). So it's known statically that the requested export doesn't exist.

Import traces:
  Client Component Browser:
    ./components/motion/interactions.ts [Client Component Browser]
    ./components/motion/anime-scope.tsx [Client Component Browser]
    ./components/motion/anime-scope.tsx [Server Component]
    ./app/[locale]/page.tsx [Server Component]

  Client Component SSR:
    ./components/motion/interactions.ts [Client Component SSR]
    ./components/motion/anime-scope.tsx [Client Component SSR]
    ./components/motion/anime-scope.tsx [Server Component]
    ./app/[locale]/page.tsx [Server Component] @ http://localhost:3000/_next/static/chunks/node_modules_next_dist_0u_w_5s._.js:1945
[   85175ms] [ERROR] ./components/motion/interactions.ts:3:1
Export setStyle doesn't exist in target module
  1 | import { animate } from "motion"
  2 | import { DUR, EASE } from "./tokens"
> 3 | import { setStyle, clearStyle } from "./dom"
    | ^^^^^^^^^^^^^^^^^^^^^^^^^^^^^^^^^^^^^^^^^^^^
  4 |
  5 | /**
  6 |  * Interactive behaviours — the layer that responds to input rather than to scroll.

The export setStyle was not found in module [project]/components/motion/dom.ts [app-ssr] (ecmascript).
Did you mean to import setStyles?
All exports of the module are statically known (It doesn't have dynamic exports). So it's known statically that the requested export doesn't exist.

Import traces:
  Client Component Browser:
    ./components/motion/interactions.ts [Client Component Browser]
    ./components/motion/anime-scope.tsx [Client Component Browser]
    ./components/motion/anime-scope.tsx [Server Component]
    ./app/[locale]/page.tsx [Server Component]

  Client Component SSR:
    ./components/motion/interactions.ts [Client Component SSR]
    ./components/motion/anime-scope.tsx [Client Component SSR]
    ./components/motion/anime-scope.tsx [Server Component]
    ./app/[locale]/page.tsx [Server Component] @ http://localhost:3000/_next/static/chunks/node_modules_next_dist_0u_w_5s._.js:1945
[   85235ms] [ERROR] ./components/motion/interactions.ts:3:1
Export setStyle doesn't exist in target module
  1 | import { animate } from "motion"
  2 | import { DUR, EASE } from "./tokens"
> 3 | import { setStyle, clearStyle } from "./dom"
    | ^^^^^^^^^^^^^^^^^^^^^^^^^^^^^^^^^^^^^^^^^^^^
  4 |
  5 | /**
  6 |  * Interactive behaviours — the layer that responds to input rather than to scroll.

The export setStyle was not found in module [project]/components/motion/dom.ts [app-client] (ecmascript).
Did you mean to import setStyles?
All exports of the module are statically known (It doesn't have dynamic exports). So it's known statically that the requested export doesn't exist.

Import traces:
  Client Component Browser:
    ./components/motion/interactions.ts [Client Component Browser]
    ./components/motion/anime-scope.tsx [Client Component Browser]
    ./components/motion/anime-scope.tsx [Server Component]
    ./app/[locale]/page.tsx [Server Component]

  Client Component SSR:
    ./components/motion/interactions.ts [Client Component SSR]
    ./components/motion/anime-scope.tsx [Client Component SSR]
    ./components/motion/anime-scope.tsx [Server Component]
    ./app/[locale]/page.tsx [Server Component] @ http://localhost:3000/_next/static/chunks/node_modules_next_dist_0u_w_5s._.js:1945
[   85235ms] [ERROR] ./components/motion/interactions.ts:3:1
Export setStyle doesn't exist in target module
  1 | import { animate } from "motion"
  2 | import { DUR, EASE } from "./tokens"
> 3 | import { setStyle, clearStyle } from "./dom"
    | ^^^^^^^^^^^^^^^^^^^^^^^^^^^^^^^^^^^^^^^^^^^^
  4 |
  5 | /**
  6 |  * Interactive behaviours — the layer that responds to input rather than to scroll.

The export setStyle was not found in module [project]/components/motion/dom.ts [app-ssr] (ecmascript).
Did you mean to import setStyles?
All exports of the module are statically known (It doesn't have dynamic exports). So it's known statically that the requested export doesn't exist.

Import traces:
  Client Component Browser:
    ./components/motion/interactions.ts [Client Component Browser]
    ./components/motion/anime-scope.tsx [Client Component Browser]
    ./components/motion/anime-scope.tsx [Server Component]
    ./app/[locale]/page.tsx [Server Component]

  Client Component SSR:
    ./components/motion/interactions.ts [Client Component SSR]
    ./components/motion/anime-scope.tsx [Client Component SSR]
    ./components/motion/anime-scope.tsx [Server Component]
    ./app/[locale]/page.tsx [Server Component] @ http://localhost:3000/_next/static/chunks/node_modules_next_dist_0u_w_5s._.js:1945
[   85299ms] [ERROR] ./components/motion/interactions.ts:3:1
Export setStyle doesn't exist in target module
  1 | import { animate } from "motion"
  2 | import { DUR, EASE } from "./tokens"
> 3 | import { setStyle, clearStyle } from "./dom"
    | ^^^^^^^^^^^^^^^^^^^^^^^^^^^^^^^^^^^^^^^^^^^^
  4 |
  5 | /**
  6 |  * Interactive behaviours — the layer that responds to input rather than to scroll.

The export setStyle was not found in module [project]/components/motion/dom.ts [app-client] (ecmascript).
Did you mean to import setStyles?
All exports of the module are statically known (It doesn't have dynamic exports). So it's known statically that the requested export doesn't exist.

Import traces:
  Client Component Browser:
    ./components/motion/interactions.ts [Client Component Browser]
    ./components/motion/anime-scope.tsx [Client Component Browser]
    ./components/motion/anime-scope.tsx [Server Component]
    ./app/[locale]/page.tsx [Server Component]

  Client Component SSR:
    ./components/motion/interactions.ts [Client Component SSR]
    ./components/motion/anime-scope.tsx [Client Component SSR]
    ./components/motion/anime-scope.tsx [Server Component]
    ./app/[locale]/page.tsx [Server Component] @ http://localhost:3000/_next/static/chunks/node_modules_next_dist_0u_w_5s._.js:1945
[   85299ms] [ERROR] ./components/motion/interactions.ts:3:1
Export setStyle doesn't exist in target module
  1 | import { animate } from "motion"
  2 | import { DUR, EASE } from "./tokens"
> 3 | import { setStyle, clearStyle } from "./dom"
    | ^^^^^^^^^^^^^^^^^^^^^^^^^^^^^^^^^^^^^^^^^^^^
  4 |
  5 | /**
  6 |  * Interactive behaviours — the layer that responds to input rather than to scroll.

The export setStyle was not found in module [project]/components/motion/dom.ts [app-ssr] (ecmascript).
Did you mean to import setStyles?
All exports of the module are statically known (It doesn't have dynamic exports). So it's known statically that the requested export doesn't exist.

Import traces:
  Client Component Browser:
    ./components/motion/interactions.ts [Client Component Browser]
    ./components/motion/anime-scope.tsx [Client Component Browser]
    ./components/motion/anime-scope.tsx [Server Component]
    ./app/[locale]/page.tsx [Server Component]

  Client Component SSR:
    ./components/motion/interactions.ts [Client Component SSR]
    ./components/motion/anime-scope.tsx [Client Component SSR]
    ./components/motion/anime-scope.tsx [Server Component]
    ./app/[locale]/page.tsx [Server Component] @ http://localhost:3000/_next/static/chunks/node_modules_next_dist_0u_w_5s._.js:1945
[   85360ms] [ERROR] ./components/motion/interactions.ts:3:1
Export setStyle doesn't exist in target module
  1 | import { animate } from "motion"
  2 | import { DUR, EASE } from "./tokens"
> 3 | import { setStyle, clearStyle } from "./dom"
    | ^^^^^^^^^^^^^^^^^^^^^^^^^^^^^^^^^^^^^^^^^^^^
  4 |
  5 | /**
  6 |  * Interactive behaviours — the layer that responds to input rather than to scroll.

The export setStyle was not found in module [project]/components/motion/dom.ts [app-client] (ecmascript).
Did you mean to import setStyles?
All exports of the module are statically known (It doesn't have dynamic exports). So it's known statically that the requested export doesn't exist.

Import traces:
  Client Component Browser:
    ./components/motion/interactions.ts [Client Component Browser]
    ./components/motion/anime-scope.tsx [Client Component Browser]
    ./components/motion/anime-scope.tsx [Server Component]
    ./app/[locale]/page.tsx [Server Component]

  Client Component SSR:
    ./components/motion/interactions.ts [Client Component SSR]
    ./components/motion/anime-scope.tsx [Client Component SSR]
    ./components/motion/anime-scope.tsx [Server Component]
    ./app/[locale]/page.tsx [Server Component] @ http://localhost:3000/_next/static/chunks/node_modules_next_dist_0u_w_5s._.js:1945
[   85360ms] [ERROR] ./components/motion/interactions.ts:3:1
Export setStyle doesn't exist in target module
  1 | import { animate } from "motion"
  2 | import { DUR, EASE } from "./tokens"
> 3 | import { setStyle, clearStyle } from "./dom"
    | ^^^^^^^^^^^^^^^^^^^^^^^^^^^^^^^^^^^^^^^^^^^^
  4 |
  5 | /**
  6 |  * Interactive behaviours — the layer that responds to input rather than to scroll.

The export setStyle was not found in module [project]/components/motion/dom.ts [app-ssr] (ecmascript).
Did you mean to import setStyles?
All exports of the module are statically known (It doesn't have dynamic exports). So it's known statically that the requested export doesn't exist.

Import traces:
  Client Component Browser:
    ./components/motion/interactions.ts [Client Component Browser]
    ./components/motion/anime-scope.tsx [Client Component Browser]
    ./components/motion/anime-scope.tsx [Server Component]
    ./app/[locale]/page.tsx [Server Component]

  Client Component SSR:
    ./components/motion/interactions.ts [Client Component SSR]
    ./components/motion/anime-scope.tsx [Client Component SSR]
    ./components/motion/anime-scope.tsx [Server Component]
    ./app/[locale]/page.tsx [Server Component] @ http://localhost:3000/_next/static/chunks/node_modules_next_dist_0u_w_5s._.js:1945
[   85422ms] [ERROR] ./components/motion/interactions.ts:3:1
Export setStyle doesn't exist in target module
  1 | import { animate } from "motion"
  2 | import { DUR, EASE } from "./tokens"
> 3 | import { setStyle, clearStyle } from "./dom"
    | ^^^^^^^^^^^^^^^^^^^^^^^^^^^^^^^^^^^^^^^^^^^^
  4 |
  5 | /**
  6 |  * Interactive behaviours — the layer that responds to input rather than to scroll.

The export setStyle was not found in module [project]/components/motion/dom.ts [app-client] (ecmascript).
Did you mean to import setStyles?
All exports of the module are statically known (It doesn't have dynamic exports). So it's known statically that the requested export doesn't exist.

Import traces:
  Client Component Browser:
    ./components/motion/interactions.ts [Client Component Browser]
    ./components/motion/anime-scope.tsx [Client Component Browser]
    ./components/motion/anime-scope.tsx [Server Component]
    ./app/[locale]/page.tsx [Server Component]

  Client Component SSR:
    ./components/motion/interactions.ts [Client Component SSR]
    ./components/motion/anime-scope.tsx [Client Component SSR]
    ./components/motion/anime-scope.tsx [Server Component]
    ./app/[locale]/page.tsx [Server Component] @ http://localhost:3000/_next/static/chunks/node_modules_next_dist_0u_w_5s._.js:1945
[   85422ms] [ERROR] ./components/motion/interactions.ts:3:1
Export setStyle doesn't exist in target module
  1 | import { animate } from "motion"
  2 | import { DUR, EASE } from "./tokens"
> 3 | import { setStyle, clearStyle } from "./dom"
    | ^^^^^^^^^^^^^^^^^^^^^^^^^^^^^^^^^^^^^^^^^^^^
  4 |
  5 | /**
  6 |  * Interactive behaviours — the layer that responds to input rather than to scroll.

The export setStyle was not found in module [project]/components/motion/dom.ts [app-ssr] (ecmascript).
Did you mean to import setStyles?
All exports of the module are statically known (It doesn't have dynamic exports). So it's known statically that the requested export doesn't exist.

Import traces:
  Client Component Browser:
    ./components/motion/interactions.ts [Client Component Browser]
    ./components/motion/anime-scope.tsx [Client Component Browser]
    ./components/motion/anime-scope.tsx [Server Component]
    ./app/[locale]/page.tsx [Server Component]

  Client Component SSR:
    ./components/motion/interactions.ts [Client Component SSR]
    ./components/motion/anime-scope.tsx [Client Component SSR]
    ./components/motion/anime-scope.tsx [Server Component]
    ./app/[locale]/page.tsx [Server Component] @ http://localhost:3000/_next/static/chunks/node_modules_next_dist_0u_w_5s._.js:1945
[   85483ms] [ERROR] ./components/motion/interactions.ts:3:1
Export setStyle doesn't exist in target module
  1 | import { animate } from "motion"
  2 | import { DUR, EASE } from "./tokens"
> 3 | import { setStyle, clearStyle } from "./dom"
    | ^^^^^^^^^^^^^^^^^^^^^^^^^^^^^^^^^^^^^^^^^^^^
  4 |
  5 | /**
  6 |  * Interactive behaviours — the layer that responds to input rather than to scroll.

The export setStyle was not found in module [project]/components/motion/dom.ts [app-client] (ecmascript).
Did you mean to import setStyles?
All exports of the module are statically known (It doesn't have dynamic exports). So it's known statically that the requested export doesn't exist.

Import traces:
  Client Component Browser:
    ./components/motion/interactions.ts [Client Component Browser]
    ./components/motion/anime-scope.tsx [Client Component Browser]
    ./components/motion/anime-scope.tsx [Server Component]
    ./app/[locale]/page.tsx [Server Component]

  Client Component SSR:
    ./components/motion/interactions.ts [Client Component SSR]
    ./components/motion/anime-scope.tsx [Client Component SSR]
    ./components/motion/anime-scope.tsx [Server Component]
    ./app/[locale]/page.tsx [Server Component] @ http://localhost:3000/_next/static/chunks/node_modules_next_dist_0u_w_5s._.js:1945
[   85484ms] [ERROR] ./components/motion/interactions.ts:3:1
Export setStyle doesn't exist in target module
  1 | import { animate } from "motion"
  2 | import { DUR, EASE } from "./tokens"
> 3 | import { setStyle, clearStyle } from "./dom"
    | ^^^^^^^^^^^^^^^^^^^^^^^^^^^^^^^^^^^^^^^^^^^^
  4 |
  5 | /**
  6 |  * Interactive behaviours — the layer that responds to input rather than to scroll.

The export setStyle was not found in module [project]/components/motion/dom.ts [app-ssr] (ecmascript).
Did you mean to import setStyles?
All exports of the module are statically known (It doesn't have dynamic exports). So it's known statically that the requested export doesn't exist.

Import traces:
  Client Component Browser:
    ./components/motion/interactions.ts [Client Component Browser]
    ./components/motion/anime-scope.tsx [Client Component Browser]
    ./components/motion/anime-scope.tsx [Server Component]
    ./app/[locale]/page.tsx [Server Component]

  Client Component SSR:
    ./components/motion/interactions.ts [Client Component SSR]
    ./components/motion/anime-scope.tsx [Client Component SSR]
    ./components/motion/anime-scope.tsx [Server Component]
    ./app/[locale]/page.tsx [Server Component] @ http://localhost:3000/_next/static/chunks/node_modules_next_dist_0u_w_5s._.js:1945
[   85546ms] [ERROR] ./components/motion/interactions.ts:3:1
Export setStyle doesn't exist in target module
  1 | import { animate } from "motion"
  2 | import { DUR, EASE } from "./tokens"
> 3 | import { setStyle, clearStyle } from "./dom"
    | ^^^^^^^^^^^^^^^^^^^^^^^^^^^^^^^^^^^^^^^^^^^^
  4 |
  5 | /**
  6 |  * Interactive behaviours — the layer that responds to input rather than to scroll.

The export setStyle was not found in module [project]/components/motion/dom.ts [app-client] (ecmascript).
Did you mean to import setStyles?
All exports of the module are statically known (It doesn't have dynamic exports). So it's known statically that the requested export doesn't exist.

Import traces:
  Client Component Browser:
    ./components/motion/interactions.ts [Client Component Browser]
    ./components/motion/anime-scope.tsx [Client Component Browser]
    ./components/motion/anime-scope.tsx [Server Component]
    ./app/[locale]/page.tsx [Server Component]

  Client Component SSR:
    ./components/motion/interactions.ts [Client Component SSR]
    ./components/motion/anime-scope.tsx [Client Component SSR]
    ./components/motion/anime-scope.tsx [Server Component]
    ./app/[locale]/page.tsx [Server Component] @ http://localhost:3000/_next/static/chunks/node_modules_next_dist_0u_w_5s._.js:1945
[   85546ms] [ERROR] ./components/motion/interactions.ts:3:1
Export setStyle doesn't exist in target module
  1 | import { animate } from "motion"
  2 | import { DUR, EASE } from "./tokens"
> 3 | import { setStyle, clearStyle } from "./dom"
    | ^^^^^^^^^^^^^^^^^^^^^^^^^^^^^^^^^^^^^^^^^^^^
  4 |
  5 | /**
  6 |  * Interactive behaviours — the layer that responds to input rather than to scroll.

The export setStyle was not found in module [project]/components/motion/dom.ts [app-ssr] (ecmascript).
Did you mean to import setStyles?
All exports of the module are statically known (It doesn't have dynamic exports). So it's known statically that the requested export doesn't exist.

Import traces:
  Client Component Browser:
    ./components/motion/interactions.ts [Client Component Browser]
    ./components/motion/anime-scope.tsx [Client Component Browser]
    ./components/motion/anime-scope.tsx [Server Component]
    ./app/[locale]/page.tsx [Server Component]

  Client Component SSR:
    ./components/motion/interactions.ts [Client Component SSR]
    ./components/motion/anime-scope.tsx [Client Component SSR]
    ./components/motion/anime-scope.tsx [Server Component]
    ./app/[locale]/page.tsx [Server Component] @ http://localhost:3000/_next/static/chunks/node_modules_next_dist_0u_w_5s._.js:1945
[   85608ms] [ERROR] ./components/motion/interactions.ts:3:1
Export setStyle doesn't exist in target module
  1 | import { animate } from "motion"
  2 | import { DUR, EASE } from "./tokens"
> 3 | import { setStyle, clearStyle } from "./dom"
    | ^^^^^^^^^^^^^^^^^^^^^^^^^^^^^^^^^^^^^^^^^^^^
  4 |
  5 | /**
  6 |  * Interactive behaviours — the layer that responds to input rather than to scroll.

The export setStyle was not found in module [project]/components/motion/dom.ts [app-client] (ecmascript).
Did you mean to import setStyles?
All exports of the module are statically known (It doesn't have dynamic exports). So it's known statically that the requested export doesn't exist.

Import traces:
  Client Component Browser:
    ./components/motion/interactions.ts [Client Component Browser]
    ./components/motion/anime-scope.tsx [Client Component Browser]
    ./components/motion/anime-scope.tsx [Server Component]
    ./app/[locale]/page.tsx [Server Component]

  Client Component SSR:
    ./components/motion/interactions.ts [Client Component SSR]
    ./components/motion/anime-scope.tsx [Client Component SSR]
    ./components/motion/anime-scope.tsx [Server Component]
    ./app/[locale]/page.tsx [Server Component] @ http://localhost:3000/_next/static/chunks/node_modules_next_dist_0u_w_5s._.js:1945
[   85608ms] [ERROR] ./components/motion/interactions.ts:3:1
Export setStyle doesn't exist in target module
  1 | import { animate } from "motion"
  2 | import { DUR, EASE } from "./tokens"
> 3 | import { setStyle, clearStyle } from "./dom"
    | ^^^^^^^^^^^^^^^^^^^^^^^^^^^^^^^^^^^^^^^^^^^^
  4 |
  5 | /**
  6 |  * Interactive behaviours — the layer that responds to input rather than to scroll.

The export setStyle was not found in module [project]/components/motion/dom.ts [app-ssr] (ecmascript).
Did you mean to import setStyles?
All exports of the module are statically known (It doesn't have dynamic exports). So it's known statically that the requested export doesn't exist.

Import traces:
  Client Component Browser:
    ./components/motion/interactions.ts [Client Component Browser]
    ./components/motion/anime-scope.tsx [Client Component Browser]
    ./components/motion/anime-scope.tsx [Server Component]
    ./app/[locale]/page.tsx [Server Component]

  Client Component SSR:
    ./components/motion/interactions.ts [Client Component SSR]
    ./components/motion/anime-scope.tsx [Client Component SSR]
    ./components/motion/anime-scope.tsx [Server Component]
    ./app/[locale]/page.tsx [Server Component] @ http://localhost:3000/_next/static/chunks/node_modules_next_dist_0u_w_5s._.js:1945
[   85671ms] [ERROR] ./components/motion/interactions.ts:3:1
Export setStyle doesn't exist in target module
  1 | import { animate } from "motion"
  2 | import { DUR, EASE } from "./tokens"
> 3 | import { setStyle, clearStyle } from "./dom"
    | ^^^^^^^^^^^^^^^^^^^^^^^^^^^^^^^^^^^^^^^^^^^^
  4 |
  5 | /**
  6 |  * Interactive behaviours — the layer that responds to input rather than to scroll.

The export setStyle was not found in module [project]/components/motion/dom.ts [app-client] (ecmascript).
Did you mean to import setStyles?
All exports of the module are statically known (It doesn't have dynamic exports). So it's known statically that the requested export doesn't exist.

Import traces:
  Client Component Browser:
    ./components/motion/interactions.ts [Client Component Browser]
    ./components/motion/anime-scope.tsx [Client Component Browser]
    ./components/motion/anime-scope.tsx [Server Component]
    ./app/[locale]/page.tsx [Server Component]

  Client Component SSR:
    ./components/motion/interactions.ts [Client Component SSR]
    ./components/motion/anime-scope.tsx [Client Component SSR]
    ./components/motion/anime-scope.tsx [Server Component]
    ./app/[locale]/page.tsx [Server Component] @ http://localhost:3000/_next/static/chunks/node_modules_next_dist_0u_w_5s._.js:1945
[   85671ms] [ERROR] ./components/motion/interactions.ts:3:1
Export setStyle doesn't exist in target module
  1 | import { animate } from "motion"
  2 | import { DUR, EASE } from "./tokens"
> 3 | import { setStyle, clearStyle } from "./dom"
    | ^^^^^^^^^^^^^^^^^^^^^^^^^^^^^^^^^^^^^^^^^^^^
  4 |
  5 | /**
  6 |  * Interactive behaviours — the layer that responds to input rather than to scroll.

The export setStyle was not found in module [project]/components/motion/dom.ts [app-ssr] (ecmascript).
Did you mean to import setStyles?
All exports of the module are statically known (It doesn't have dynamic exports). So it's known statically that the requested export doesn't exist.

Import traces:
  Client Component Browser:
    ./components/motion/interactions.ts [Client Component Browser]
    ./components/motion/anime-scope.tsx [Client Component Browser]
    ./components/motion/anime-scope.tsx [Server Component]
    ./app/[locale]/page.tsx [Server Component]

  Client Component SSR:
    ./components/motion/interactions.ts [Client Component SSR]
    ./components/motion/anime-scope.tsx [Client Component SSR]
    ./components/motion/anime-scope.tsx [Server Component]
    ./app/[locale]/page.tsx [Server Component] @ http://localhost:3000/_next/static/chunks/node_modules_next_dist_0u_w_5s._.js:1945
[   85733ms] [ERROR] ./components/motion/interactions.ts:3:1
Export setStyle doesn't exist in target module
  1 | import { animate } from "motion"
  2 | import { DUR, EASE } from "./tokens"
> 3 | import { setStyle, clearStyle } from "./dom"
    | ^^^^^^^^^^^^^^^^^^^^^^^^^^^^^^^^^^^^^^^^^^^^
  4 |
  5 | /**
  6 |  * Interactive behaviours — the layer that responds to input rather than to scroll.

The export setStyle was not found in module [project]/components/motion/dom.ts [app-client] (ecmascript).
Did you mean to import setStyles?
All exports of the module are statically known (It doesn't have dynamic exports). So it's known statically that the requested export doesn't exist.

Import traces:
  Client Component Browser:
    ./components/motion/interactions.ts [Client Component Browser]
    ./components/motion/anime-scope.tsx [Client Component Browser]
    ./components/motion/anime-scope.tsx [Server Component]
    ./app/[locale]/page.tsx [Server Component]

  Client Component SSR:
    ./components/motion/interactions.ts [Client Component SSR]
    ./components/motion/anime-scope.tsx [Client Component SSR]
    ./components/motion/anime-scope.tsx [Server Component]
    ./app/[locale]/page.tsx [Server Component] @ http://localhost:3000/_next/static/chunks/node_modules_next_dist_0u_w_5s._.js:1945
[   85734ms] [ERROR] ./components/motion/interactions.ts:3:1
Export setStyle doesn't exist in target module
  1 | import { animate } from "motion"
  2 | import { DUR, EASE } from "./tokens"
> 3 | import { setStyle, clearStyle } from "./dom"
    | ^^^^^^^^^^^^^^^^^^^^^^^^^^^^^^^^^^^^^^^^^^^^
  4 |
  5 | /**
  6 |  * Interactive behaviours — the layer that responds to input rather than to scroll.

The export setStyle was not found in module [project]/components/motion/dom.ts [app-ssr] (ecmascript).
Did you mean to import setStyles?
All exports of the module are statically known (It doesn't have dynamic exports). So it's known statically that the requested export doesn't exist.

Import traces:
  Client Component Browser:
    ./components/motion/interactions.ts [Client Component Browser]
    ./components/motion/anime-scope.tsx [Client Component Browser]
    ./components/motion/anime-scope.tsx [Server Component]
    ./app/[locale]/page.tsx [Server Component]

  Client Component SSR:
    ./components/motion/interactions.ts [Client Component SSR]
    ./components/motion/anime-scope.tsx [Client Component SSR]
    ./components/motion/anime-scope.tsx [Server Component]
    ./app/[locale]/page.tsx [Server Component] @ http://localhost:3000/_next/static/chunks/node_modules_next_dist_0u_w_5s._.js:1945
[   85796ms] [ERROR] ./components/motion/interactions.ts:3:1
Export setStyle doesn't exist in target module
  1 | import { animate } from "motion"
  2 | import { DUR, EASE } from "./tokens"
> 3 | import { setStyle, clearStyle } from "./dom"
    | ^^^^^^^^^^^^^^^^^^^^^^^^^^^^^^^^^^^^^^^^^^^^
  4 |
  5 | /**
  6 |  * Interactive behaviours — the layer that responds to input rather than to scroll.

The export setStyle was not found in module [project]/components/motion/dom.ts [app-client] (ecmascript).
Did you mean to import setStyles?
All exports of the module are statically known (It doesn't have dynamic exports). So it's known statically that the requested export doesn't exist.

Import traces:
  Client Component Browser:
    ./components/motion/interactions.ts [Client Component Browser]
    ./components/motion/anime-scope.tsx [Client Component Browser]
    ./components/motion/anime-scope.tsx [Server Component]
    ./app/[locale]/page.tsx [Server Component]

  Client Component SSR:
    ./components/motion/interactions.ts [Client Component SSR]
    ./components/motion/anime-scope.tsx [Client Component SSR]
    ./components/motion/anime-scope.tsx [Server Component]
    ./app/[locale]/page.tsx [Server Component] @ http://localhost:3000/_next/static/chunks/node_modules_next_dist_0u_w_5s._.js:1945
[   85796ms] [ERROR] ./components/motion/interactions.ts:3:1
Export setStyle doesn't exist in target module
  1 | import { animate } from "motion"
  2 | import { DUR, EASE } from "./tokens"
> 3 | import { setStyle, clearStyle } from "./dom"
    | ^^^^^^^^^^^^^^^^^^^^^^^^^^^^^^^^^^^^^^^^^^^^
  4 |
  5 | /**
  6 |  * Interactive behaviours — the layer that responds to input rather than to scroll.

The export setStyle was not found in module [project]/components/motion/dom.ts [app-ssr] (ecmascript).
Did you mean to import setStyles?
All exports of the module are statically known (It doesn't have dynamic exports). So it's known statically that the requested export doesn't exist.

Import traces:
  Client Component Browser:
    ./components/motion/interactions.ts [Client Component Browser]
    ./components/motion/anime-scope.tsx [Client Component Browser]
    ./components/motion/anime-scope.tsx [Server Component]
    ./app/[locale]/page.tsx [Server Component]

  Client Component SSR:
    ./components/motion/interactions.ts [Client Component SSR]
    ./components/motion/anime-scope.tsx [Client Component SSR]
    ./components/motion/anime-scope.tsx [Server Component]
    ./app/[locale]/page.tsx [Server Component] @ http://localhost:3000/_next/static/chunks/node_modules_next_dist_0u_w_5s._.js:1945
[   85858ms] [ERROR] ./components/motion/interactions.ts:3:1
Export setStyle doesn't exist in target module
  1 | import { animate } from "motion"
  2 | import { DUR, EASE } from "./tokens"
> 3 | import { setStyle, clearStyle } from "./dom"
    | ^^^^^^^^^^^^^^^^^^^^^^^^^^^^^^^^^^^^^^^^^^^^
  4 |
  5 | /**
  6 |  * Interactive behaviours — the layer that responds to input rather than to scroll.

The export setStyle was not found in module [project]/components/motion/dom.ts [app-client] (ecmascript).
Did you mean to import setStyles?
All exports of the module are statically known (It doesn't have dynamic exports). So it's known statically that the requested export doesn't exist.

Import traces:
  Client Component Browser:
    ./components/motion/interactions.ts [Client Component Browser]
    ./components/motion/anime-scope.tsx [Client Component Browser]
    ./components/motion/anime-scope.tsx [Server Component]
    ./app/[locale]/page.tsx [Server Component]

  Client Component SSR:
    ./components/motion/interactions.ts [Client Component SSR]
    ./components/motion/anime-scope.tsx [Client Component SSR]
    ./components/motion/anime-scope.tsx [Server Component]
    ./app/[locale]/page.tsx [Server Component] @ http://localhost:3000/_next/static/chunks/node_modules_next_dist_0u_w_5s._.js:1945
[   85858ms] [ERROR] ./components/motion/interactions.ts:3:1
Export setStyle doesn't exist in target module
  1 | import { animate } from "motion"
  2 | import { DUR, EASE } from "./tokens"
> 3 | import { setStyle, clearStyle } from "./dom"
    | ^^^^^^^^^^^^^^^^^^^^^^^^^^^^^^^^^^^^^^^^^^^^
  4 |
  5 | /**
  6 |  * Interactive behaviours — the layer that responds to input rather than to scroll.

The export setStyle was not found in module [project]/components/motion/dom.ts [app-ssr] (ecmascript).
Did you mean to import setStyles?
All exports of the module are statically known (It doesn't have dynamic exports). So it's known statically that the requested export doesn't exist.

Import traces:
  Client Component Browser:
    ./components/motion/interactions.ts [Client Component Browser]
    ./components/motion/anime-scope.tsx [Client Component Browser]
    ./components/motion/anime-scope.tsx [Server Component]
    ./app/[locale]/page.tsx [Server Component]

  Client Component SSR:
    ./components/motion/interactions.ts [Client Component SSR]
    ./components/motion/anime-scope.tsx [Client Component SSR]
    ./components/motion/anime-scope.tsx [Server Component]
    ./app/[locale]/page.tsx [Server Component] @ http://localhost:3000/_next/static/chunks/node_modules_next_dist_0u_w_5s._.js:1945
[   85921ms] [ERROR] ./components/motion/interactions.ts:3:1
Export setStyle doesn't exist in target module
  1 | import { animate } from "motion"
  2 | import { DUR, EASE } from "./tokens"
> 3 | import { setStyle, clearStyle } from "./dom"
    | ^^^^^^^^^^^^^^^^^^^^^^^^^^^^^^^^^^^^^^^^^^^^
  4 |
  5 | /**
  6 |  * Interactive behaviours — the layer that responds to input rather than to scroll.

The export setStyle was not found in module [project]/components/motion/dom.ts [app-client] (ecmascript).
Did you mean to import setStyles?
All exports of the module are statically known (It doesn't have dynamic exports). So it's known statically that the requested export doesn't exist.

Import traces:
  Client Component Browser:
    ./components/motion/interactions.ts [Client Component Browser]
    ./components/motion/anime-scope.tsx [Client Component Browser]
    ./components/motion/anime-scope.tsx [Server Component]
    ./app/[locale]/page.tsx [Server Component]

  Client Component SSR:
    ./components/motion/interactions.ts [Client Component SSR]
    ./components/motion/anime-scope.tsx [Client Component SSR]
    ./components/motion/anime-scope.tsx [Server Component]
    ./app/[locale]/page.tsx [Server Component] @ http://localhost:3000/_next/static/chunks/node_modules_next_dist_0u_w_5s._.js:1945
[   85921ms] [ERROR] ./components/motion/interactions.ts:3:1
Export setStyle doesn't exist in target module
  1 | import { animate } from "motion"
  2 | import { DUR, EASE } from "./tokens"
> 3 | import { setStyle, clearStyle } from "./dom"
    | ^^^^^^^^^^^^^^^^^^^^^^^^^^^^^^^^^^^^^^^^^^^^
  4 |
  5 | /**
  6 |  * Interactive behaviours — the layer that responds to input rather than to scroll.

The export setStyle was not found in module [project]/components/motion/dom.ts [app-ssr] (ecmascript).
Did you mean to import setStyles?
All exports of the module are statically known (It doesn't have dynamic exports). So it's known statically that the requested export doesn't exist.

Import traces:
  Client Component Browser:
    ./components/motion/interactions.ts [Client Component Browser]
    ./components/motion/anime-scope.tsx [Client Component Browser]
    ./components/motion/anime-scope.tsx [Server Component]
    ./app/[locale]/page.tsx [Server Component]

  Client Component SSR:
    ./components/motion/interactions.ts [Client Component SSR]
    ./components/motion/anime-scope.tsx [Client Component SSR]
    ./components/motion/anime-scope.tsx [Server Component]
    ./app/[locale]/page.tsx [Server Component] @ http://localhost:3000/_next/static/chunks/node_modules_next_dist_0u_w_5s._.js:1945
[   85983ms] [ERROR] ./components/motion/interactions.ts:3:1
Export setStyle doesn't exist in target module
  1 | import { animate } from "motion"
  2 | import { DUR, EASE } from "./tokens"
> 3 | import { setStyle, clearStyle } from "./dom"
    | ^^^^^^^^^^^^^^^^^^^^^^^^^^^^^^^^^^^^^^^^^^^^
  4 |
  5 | /**
  6 |  * Interactive behaviours — the layer that responds to input rather than to scroll.

The export setStyle was not found in module [project]/components/motion/dom.ts [app-client] (ecmascript).
Did you mean to import setStyles?
All exports of the module are statically known (It doesn't have dynamic exports). So it's known statically that the requested export doesn't exist.

Import traces:
  Client Component Browser:
    ./components/motion/interactions.ts [Client Component Browser]
    ./components/motion/anime-scope.tsx [Client Component Browser]
    ./components/motion/anime-scope.tsx [Server Component]
    ./app/[locale]/page.tsx [Server Component]

  Client Component SSR:
    ./components/motion/interactions.ts [Client Component SSR]
    ./components/motion/anime-scope.tsx [Client Component SSR]
    ./components/motion/anime-scope.tsx [Server Component]
    ./app/[locale]/page.tsx [Server Component] @ http://localhost:3000/_next/static/chunks/node_modules_next_dist_0u_w_5s._.js:1945
[   85983ms] [ERROR] ./components/motion/interactions.ts:3:1
Export setStyle doesn't exist in target module
  1 | import { animate } from "motion"
  2 | import { DUR, EASE } from "./tokens"
> 3 | import { setStyle, clearStyle } from "./dom"
    | ^^^^^^^^^^^^^^^^^^^^^^^^^^^^^^^^^^^^^^^^^^^^
  4 |
  5 | /**
  6 |  * Interactive behaviours — the layer that responds to input rather than to scroll.

The export setStyle was not found in module [project]/components/motion/dom.ts [app-ssr] (ecmascript).
Did you mean to import setStyles?
All exports of the module are statically known (It doesn't have dynamic exports). So it's known statically that the requested export doesn't exist.

Import traces:
  Client Component Browser:
    ./components/motion/interactions.ts [Client Component Browser]
    ./components/motion/anime-scope.tsx [Client Component Browser]
    ./components/motion/anime-scope.tsx [Server Component]
    ./app/[locale]/page.tsx [Server Component]

  Client Component SSR:
    ./components/motion/interactions.ts [Client Component SSR]
    ./components/motion/anime-scope.tsx [Client Component SSR]
    ./components/motion/anime-scope.tsx [Server Component]
    ./app/[locale]/page.tsx [Server Component] @ http://localhost:3000/_next/static/chunks/node_modules_next_dist_0u_w_5s._.js:1945
[   86047ms] [ERROR] ./components/motion/interactions.ts:3:1
Export setStyle doesn't exist in target module
  1 | import { animate } from "motion"
  2 | import { DUR, EASE } from "./tokens"
> 3 | import { setStyle, clearStyle } from "./dom"
    | ^^^^^^^^^^^^^^^^^^^^^^^^^^^^^^^^^^^^^^^^^^^^
  4 |
  5 | /**
  6 |  * Interactive behaviours — the layer that responds to input rather than to scroll.

The export setStyle was not found in module [project]/components/motion/dom.ts [app-client] (ecmascript).
Did you mean to import setStyles?
All exports of the module are statically known (It doesn't have dynamic exports). So it's known statically that the requested export doesn't exist.

Import traces:
  Client Component Browser:
    ./components/motion/interactions.ts [Client Component Browser]
    ./components/motion/anime-scope.tsx [Client Component Browser]
    ./components/motion/anime-scope.tsx [Server Component]
    ./app/[locale]/page.tsx [Server Component]

  Client Component SSR:
    ./components/motion/interactions.ts [Client Component SSR]
    ./components/motion/anime-scope.tsx [Client Component SSR]
    ./components/motion/anime-scope.tsx [Server Component]
    ./app/[locale]/page.tsx [Server Component] @ http://localhost:3000/_next/static/chunks/node_modules_next_dist_0u_w_5s._.js:1945
[   86047ms] [ERROR] ./components/motion/interactions.ts:3:1
Export setStyle doesn't exist in target module
  1 | import { animate } from "motion"
  2 | import { DUR, EASE } from "./tokens"
> 3 | import { setStyle, clearStyle } from "./dom"
    | ^^^^^^^^^^^^^^^^^^^^^^^^^^^^^^^^^^^^^^^^^^^^
  4 |
  5 | /**
  6 |  * Interactive behaviours — the layer that responds to input rather than to scroll.

The export setStyle was not found in module [project]/components/motion/dom.ts [app-ssr] (ecmascript).
Did you mean to import setStyles?
All exports of the module are statically known (It doesn't have dynamic exports). So it's known statically that the requested export doesn't exist.

Import traces:
  Client Component Browser:
    ./components/motion/interactions.ts [Client Component Browser]
    ./components/motion/anime-scope.tsx [Client Component Browser]
    ./components/motion/anime-scope.tsx [Server Component]
    ./app/[locale]/page.tsx [Server Component]

  Client Component SSR:
    ./components/motion/interactions.ts [Client Component SSR]
    ./components/motion/anime-scope.tsx [Client Component SSR]
    ./components/motion/anime-scope.tsx [Server Component]
    ./app/[locale]/page.tsx [Server Component] @ http://localhost:3000/_next/static/chunks/node_modules_next_dist_0u_w_5s._.js:1945
[   86109ms] [ERROR] ./components/motion/interactions.ts:3:1
Export setStyle doesn't exist in target module
  1 | import { animate } from "motion"
  2 | import { DUR, EASE } from "./tokens"
> 3 | import { setStyle, clearStyle } from "./dom"
    | ^^^^^^^^^^^^^^^^^^^^^^^^^^^^^^^^^^^^^^^^^^^^
  4 |
  5 | /**
  6 |  * Interactive behaviours — the layer that responds to input rather than to scroll.

The export setStyle was not found in module [project]/components/motion/dom.ts [app-client] (ecmascript).
Did you mean to import setStyles?
All exports of the module are statically known (It doesn't have dynamic exports). So it's known statically that the requested export doesn't exist.

Import traces:
  Client Component Browser:
    ./components/motion/interactions.ts [Client Component Browser]
    ./components/motion/anime-scope.tsx [Client Component Browser]
    ./components/motion/anime-scope.tsx [Server Component]
    ./app/[locale]/page.tsx [Server Component]

  Client Component SSR:
    ./components/motion/interactions.ts [Client Component SSR]
    ./components/motion/anime-scope.tsx [Client Component SSR]
    ./components/motion/anime-scope.tsx [Server Component]
    ./app/[locale]/page.tsx [Server Component] @ http://localhost:3000/_next/static/chunks/node_modules_next_dist_0u_w_5s._.js:1945
[   86110ms] [ERROR] ./components/motion/interactions.ts:3:1
Export setStyle doesn't exist in target module
  1 | import { animate } from "motion"
  2 | import { DUR, EASE } from "./tokens"
> 3 | import { setStyle, clearStyle } from "./dom"
    | ^^^^^^^^^^^^^^^^^^^^^^^^^^^^^^^^^^^^^^^^^^^^
  4 |
  5 | /**
  6 |  * Interactive behaviours — the layer that responds to input rather than to scroll.

The export setStyle was not found in module [project]/components/motion/dom.ts [app-ssr] (ecmascript).
Did you mean to import setStyles?
All exports of the module are statically known (It doesn't have dynamic exports). So it's known statically that the requested export doesn't exist.

Import traces:
  Client Component Browser:
    ./components/motion/interactions.ts [Client Component Browser]
    ./components/motion/anime-scope.tsx [Client Component Browser]
    ./components/motion/anime-scope.tsx [Server Component]
    ./app/[locale]/page.tsx [Server Component]

  Client Component SSR:
    ./components/motion/interactions.ts [Client Component SSR]
    ./components/motion/anime-scope.tsx [Client Component SSR]
    ./components/motion/anime-scope.tsx [Server Component]
    ./app/[locale]/page.tsx [Server Component] @ http://localhost:3000/_next/static/chunks/node_modules_next_dist_0u_w_5s._.js:1945
[   86172ms] [ERROR] ./components/motion/interactions.ts:3:1
Export setStyle doesn't exist in target module
  1 | import { animate } from "motion"
  2 | import { DUR, EASE } from "./tokens"
> 3 | import { setStyle, clearStyle } from "./dom"
    | ^^^^^^^^^^^^^^^^^^^^^^^^^^^^^^^^^^^^^^^^^^^^
  4 |
  5 | /**
  6 |  * Interactive behaviours — the layer that responds to input rather than to scroll.

The export setStyle was not found in module [project]/components/motion/dom.ts [app-client] (ecmascript).
Did you mean to import setStyles?
All exports of the module are statically known (It doesn't have dynamic exports). So it's known statically that the requested export doesn't exist.

Import traces:
  Client Component Browser:
    ./components/motion/interactions.ts [Client Component Browser]
    ./components/motion/anime-scope.tsx [Client Component Browser]
    ./components/motion/anime-scope.tsx [Server Component]
    ./app/[locale]/page.tsx [Server Component]

  Client Component SSR:
    ./components/motion/interactions.ts [Client Component SSR]
    ./components/motion/anime-scope.tsx [Client Component SSR]
    ./components/motion/anime-scope.tsx [Server Component]
    ./app/[locale]/page.tsx [Server Component] @ http://localhost:3000/_next/static/chunks/node_modules_next_dist_0u_w_5s._.js:1945
[   86172ms] [ERROR] ./components/motion/interactions.ts:3:1
Export setStyle doesn't exist in target module
  1 | import { animate } from "motion"
  2 | import { DUR, EASE } from "./tokens"
> 3 | import { setStyle, clearStyle } from "./dom"
    | ^^^^^^^^^^^^^^^^^^^^^^^^^^^^^^^^^^^^^^^^^^^^
  4 |
  5 | /**
  6 |  * Interactive behaviours — the layer that responds to input rather than to scroll.

The export setStyle was not found in module [project]/components/motion/dom.ts [app-ssr] (ecmascript).
Did you mean to import setStyles?
All exports of the module are statically known (It doesn't have dynamic exports). So it's known statically that the requested export doesn't exist.

Import traces:
  Client Component Browser:
    ./components/motion/interactions.ts [Client Component Browser]
    ./components/motion/anime-scope.tsx [Client Component Browser]
    ./components/motion/anime-scope.tsx [Server Component]
    ./app/[locale]/page.tsx [Server Component]

  Client Component SSR:
    ./components/motion/interactions.ts [Client Component SSR]
    ./components/motion/anime-scope.tsx [Client Component SSR]
    ./components/motion/anime-scope.tsx [Server Component]
    ./app/[locale]/page.tsx [Server Component] @ http://localhost:3000/_next/static/chunks/node_modules_next_dist_0u_w_5s._.js:1945
[   86234ms] [ERROR] ./components/motion/interactions.ts:3:1
Export setStyle doesn't exist in target module
  1 | import { animate } from "motion"
  2 | import { DUR, EASE } from "./tokens"
> 3 | import { setStyle, clearStyle } from "./dom"
    | ^^^^^^^^^^^^^^^^^^^^^^^^^^^^^^^^^^^^^^^^^^^^
  4 |
  5 | /**
  6 |  * Interactive behaviours — the layer that responds to input rather than to scroll.

The export setStyle was not found in module [project]/components/motion/dom.ts [app-client] (ecmascript).
Did you mean to import setStyles?
All exports of the module are statically known (It doesn't have dynamic exports). So it's known statically that the requested export doesn't exist.

Import traces:
  Client Component Browser:
    ./components/motion/interactions.ts [Client Component Browser]
    ./components/motion/anime-scope.tsx [Client Component Browser]
    ./components/motion/anime-scope.tsx [Server Component]
    ./app/[locale]/page.tsx [Server Component]

  Client Component SSR:
    ./components/motion/interactions.ts [Client Component SSR]
    ./components/motion/anime-scope.tsx [Client Component SSR]
    ./components/motion/anime-scope.tsx [Server Component]
    ./app/[locale]/page.tsx [Server Component] @ http://localhost:3000/_next/static/chunks/node_modules_next_dist_0u_w_5s._.js:1945
[   86234ms] [ERROR] ./components/motion/interactions.ts:3:1
Export setStyle doesn't exist in target module
  1 | import { animate } from "motion"
  2 | import { DUR, EASE } from "./tokens"
> 3 | import { setStyle, clearStyle } from "./dom"
    | ^^^^^^^^^^^^^^^^^^^^^^^^^^^^^^^^^^^^^^^^^^^^
  4 |
  5 | /**
  6 |  * Interactive behaviours — the layer that responds to input rather than to scroll.

The export setStyle was not found in module [project]/components/motion/dom.ts [app-ssr] (ecmascript).
Did you mean to import setStyles?
All exports of the module are statically known (It doesn't have dynamic exports). So it's known statically that the requested export doesn't exist.

Import traces:
  Client Component Browser:
    ./components/motion/interactions.ts [Client Component Browser]
    ./components/motion/anime-scope.tsx [Client Component Browser]
    ./components/motion/anime-scope.tsx [Server Component]
    ./app/[locale]/page.tsx [Server Component]

  Client Component SSR:
    ./components/motion/interactions.ts [Client Component SSR]
    ./components/motion/anime-scope.tsx [Client Component SSR]
    ./components/motion/anime-scope.tsx [Server Component]
    ./app/[locale]/page.tsx [Server Component] @ http://localhost:3000/_next/static/chunks/node_modules_next_dist_0u_w_5s._.js:1945
[   86295ms] [ERROR] ./components/motion/interactions.ts:3:1
Export setStyle doesn't exist in target module
  1 | import { animate } from "motion"
  2 | import { DUR, EASE } from "./tokens"
> 3 | import { setStyle, clearStyle } from "./dom"
    | ^^^^^^^^^^^^^^^^^^^^^^^^^^^^^^^^^^^^^^^^^^^^
  4 |
  5 | /**
  6 |  * Interactive behaviours — the layer that responds to input rather than to scroll.

The export setStyle was not found in module [project]/components/motion/dom.ts [app-client] (ecmascript).
Did you mean to import setStyles?
All exports of the module are statically known (It doesn't have dynamic exports). So it's known statically that the requested export doesn't exist.

Import traces:
  Client Component Browser:
    ./components/motion/interactions.ts [Client Component Browser]
    ./components/motion/anime-scope.tsx [Client Component Browser]
    ./components/motion/anime-scope.tsx [Server Component]
    ./app/[locale]/page.tsx [Server Component]

  Client Component SSR:
    ./components/motion/interactions.ts [Client Component SSR]
    ./components/motion/anime-scope.tsx [Client Component SSR]
    ./components/motion/anime-scope.tsx [Server Component]
    ./app/[locale]/page.tsx [Server Component] @ http://localhost:3000/_next/static/chunks/node_modules_next_dist_0u_w_5s._.js:1945
[   86296ms] [ERROR] ./components/motion/interactions.ts:3:1
Export setStyle doesn't exist in target module
  1 | import { animate } from "motion"
  2 | import { DUR, EASE } from "./tokens"
> 3 | import { setStyle, clearStyle } from "./dom"
    | ^^^^^^^^^^^^^^^^^^^^^^^^^^^^^^^^^^^^^^^^^^^^
  4 |
  5 | /**
  6 |  * Interactive behaviours — the layer that responds to input rather than to scroll.

The export setStyle was not found in module [project]/components/motion/dom.ts [app-ssr] (ecmascript).
Did you mean to import setStyles?
All exports of the module are statically known (It doesn't have dynamic exports). So it's known statically that the requested export doesn't exist.

Import traces:
  Client Component Browser:
    ./components/motion/interactions.ts [Client Component Browser]
    ./components/motion/anime-scope.tsx [Client Component Browser]
    ./components/motion/anime-scope.tsx [Server Component]
    ./app/[locale]/page.tsx [Server Component]

  Client Component SSR:
    ./components/motion/interactions.ts [Client Component SSR]
    ./components/motion/anime-scope.tsx [Client Component SSR]
    ./components/motion/anime-scope.tsx [Server Component]
    ./app/[locale]/page.tsx [Server Component] @ http://localhost:3000/_next/static/chunks/node_modules_next_dist_0u_w_5s._.js:1945
[   86357ms] [ERROR] ./components/motion/interactions.ts:3:1
Export setStyle doesn't exist in target module
  1 | import { animate } from "motion"
  2 | import { DUR, EASE } from "./tokens"
> 3 | import { setStyle, clearStyle } from "./dom"
    | ^^^^^^^^^^^^^^^^^^^^^^^^^^^^^^^^^^^^^^^^^^^^
  4 |
  5 | /**
  6 |  * Interactive behaviours — the layer that responds to input rather than to scroll.

The export setStyle was not found in module [project]/components/motion/dom.ts [app-client] (ecmascript).
Did you mean to import setStyles?
All exports of the module are statically known (It doesn't have dynamic exports). So it's known statically that the requested export doesn't exist.

Import traces:
  Client Component Browser:
    ./components/motion/interactions.ts [Client Component Browser]
    ./components/motion/anime-scope.tsx [Client Component Browser]
    ./components/motion/anime-scope.tsx [Server Component]
    ./app/[locale]/page.tsx [Server Component]

  Client Component SSR:
    ./components/motion/interactions.ts [Client Component SSR]
    ./components/motion/anime-scope.tsx [Client Component SSR]
    ./components/motion/anime-scope.tsx [Server Component]
    ./app/[locale]/page.tsx [Server Component] @ http://localhost:3000/_next/static/chunks/node_modules_next_dist_0u_w_5s._.js:1945
[   86357ms] [ERROR] ./components/motion/interactions.ts:3:1
Export setStyle doesn't exist in target module
  1 | import { animate } from "motion"
  2 | import { DUR, EASE } from "./tokens"
> 3 | import { setStyle, clearStyle } from "./dom"
    | ^^^^^^^^^^^^^^^^^^^^^^^^^^^^^^^^^^^^^^^^^^^^
  4 |
  5 | /**
  6 |  * Interactive behaviours — the layer that responds to input rather than to scroll.

The export setStyle was not found in module [project]/components/motion/dom.ts [app-ssr] (ecmascript).
Did you mean to import setStyles?
All exports of the module are statically known (It doesn't have dynamic exports). So it's known statically that the requested export doesn't exist.

Import traces:
  Client Component Browser:
    ./components/motion/interactions.ts [Client Component Browser]
    ./components/motion/anime-scope.tsx [Client Component Browser]
    ./components/motion/anime-scope.tsx [Server Component]
    ./app/[locale]/page.tsx [Server Component]

  Client Component SSR:
    ./components/motion/interactions.ts [Client Component SSR]
    ./components/motion/anime-scope.tsx [Client Component SSR]
    ./components/motion/anime-scope.tsx [Server Component]
    ./app/[locale]/page.tsx [Server Component] @ http://localhost:3000/_next/static/chunks/node_modules_next_dist_0u_w_5s._.js:1945
[   86420ms] [ERROR] ./components/motion/interactions.ts:3:1
Export setStyle doesn't exist in target module
  1 | import { animate } from "motion"
  2 | import { DUR, EASE } from "./tokens"
> 3 | import { setStyle, clearStyle } from "./dom"
    | ^^^^^^^^^^^^^^^^^^^^^^^^^^^^^^^^^^^^^^^^^^^^
  4 |
  5 | /**
  6 |  * Interactive behaviours — the layer that responds to input rather than to scroll.

The export setStyle was not found in module [project]/components/motion/dom.ts [app-client] (ecmascript).
Did you mean to import setStyles?
All exports of the module are statically known (It doesn't have dynamic exports). So it's known statically that the requested export doesn't exist.

Import traces:
  Client Component Browser:
    ./components/motion/interactions.ts [Client Component Browser]
    ./components/motion/anime-scope.tsx [Client Component Browser]
    ./components/motion/anime-scope.tsx [Server Component]
    ./app/[locale]/page.tsx [Server Component]

  Client Component SSR:
    ./components/motion/interactions.ts [Client Component SSR]
    ./components/motion/anime-scope.tsx [Client Component SSR]
    ./components/motion/anime-scope.tsx [Server Component]
    ./app/[locale]/page.tsx [Server Component] @ http://localhost:3000/_next/static/chunks/node_modules_next_dist_0u_w_5s._.js:1945
[   86420ms] [ERROR] ./components/motion/interactions.ts:3:1
Export setStyle doesn't exist in target module
  1 | import { animate } from "motion"
  2 | import { DUR, EASE } from "./tokens"
> 3 | import { setStyle, clearStyle } from "./dom"
    | ^^^^^^^^^^^^^^^^^^^^^^^^^^^^^^^^^^^^^^^^^^^^
  4 |
  5 | /**
  6 |  * Interactive behaviours — the layer that responds to input rather than to scroll.

The export setStyle was not found in module [project]/components/motion/dom.ts [app-ssr] (ecmascript).
Did you mean to import setStyles?
All exports of the module are statically known (It doesn't have dynamic exports). So it's known statically that the requested export doesn't exist.

Import traces:
  Client Component Browser:
    ./components/motion/interactions.ts [Client Component Browser]
    ./components/motion/anime-scope.tsx [Client Component Browser]
    ./components/motion/anime-scope.tsx [Server Component]
    ./app/[locale]/page.tsx [Server Component]

  Client Component SSR:
    ./components/motion/interactions.ts [Client Component SSR]
    ./components/motion/anime-scope.tsx [Client Component SSR]
    ./components/motion/anime-scope.tsx [Server Component]
    ./app/[locale]/page.tsx [Server Component] @ http://localhost:3000/_next/static/chunks/node_modules_next_dist_0u_w_5s._.js:1945
[   86482ms] [ERROR] ./components/motion/interactions.ts:3:1
Export setStyle doesn't exist in target module
  1 | import { animate } from "motion"
  2 | import { DUR, EASE } from "./tokens"
> 3 | import { setStyle, clearStyle } from "./dom"
    | ^^^^^^^^^^^^^^^^^^^^^^^^^^^^^^^^^^^^^^^^^^^^
  4 |
  5 | /**
  6 |  * Interactive behaviours — the layer that responds to input rather than to scroll.

The export setStyle was not found in module [project]/components/motion/dom.ts [app-client] (ecmascript).
Did you mean to import setStyles?
All exports of the module are statically known (It doesn't have dynamic exports). So it's known statically that the requested export doesn't exist.

Import traces:
  Client Component Browser:
    ./components/motion/interactions.ts [Client Component Browser]
    ./components/motion/anime-scope.tsx [Client Component Browser]
    ./components/motion/anime-scope.tsx [Server Component]
    ./app/[locale]/page.tsx [Server Component]

  Client Component SSR:
    ./components/motion/interactions.ts [Client Component SSR]
    ./components/motion/anime-scope.tsx [Client Component SSR]
    ./components/motion/anime-scope.tsx [Server Component]
    ./app/[locale]/page.tsx [Server Component] @ http://localhost:3000/_next/static/chunks/node_modules_next_dist_0u_w_5s._.js:1945
[   86482ms] [ERROR] ./components/motion/interactions.ts:3:1
Export setStyle doesn't exist in target module
  1 | import { animate } from "motion"
  2 | import { DUR, EASE } from "./tokens"
> 3 | import { setStyle, clearStyle } from "./dom"
    | ^^^^^^^^^^^^^^^^^^^^^^^^^^^^^^^^^^^^^^^^^^^^
  4 |
  5 | /**
  6 |  * Interactive behaviours — the layer that responds to input rather than to scroll.

The export setStyle was not found in module [project]/components/motion/dom.ts [app-ssr] (ecmascript).
Did you mean to import setStyles?
All exports of the module are statically known (It doesn't have dynamic exports). So it's known statically that the requested export doesn't exist.

Import traces:
  Client Component Browser:
    ./components/motion/interactions.ts [Client Component Browser]
    ./components/motion/anime-scope.tsx [Client Component Browser]
    ./components/motion/anime-scope.tsx [Server Component]
    ./app/[locale]/page.tsx [Server Component]

  Client Component SSR:
    ./components/motion/interactions.ts [Client Component SSR]
    ./components/motion/anime-scope.tsx [Client Component SSR]
    ./components/motion/anime-scope.tsx [Server Component]
    ./app/[locale]/page.tsx [Server Component] @ http://localhost:3000/_next/static/chunks/node_modules_next_dist_0u_w_5s._.js:1945
[   86545ms] [ERROR] ./components/motion/interactions.ts:3:1
Export setStyle doesn't exist in target module
  1 | import { animate } from "motion"
  2 | import { DUR, EASE } from "./tokens"
> 3 | import { setStyle, clearStyle } from "./dom"
    | ^^^^^^^^^^^^^^^^^^^^^^^^^^^^^^^^^^^^^^^^^^^^
  4 |
  5 | /**
  6 |  * Interactive behaviours — the layer that responds to input rather than to scroll.

The export setStyle was not found in module [project]/components/motion/dom.ts [app-client] (ecmascript).
Did you mean to import setStyles?
All exports of the module are statically known (It doesn't have dynamic exports). So it's known statically that the requested export doesn't exist.

Import traces:
  Client Component Browser:
    ./components/motion/interactions.ts [Client Component Browser]
    ./components/motion/anime-scope.tsx [Client Component Browser]
    ./components/motion/anime-scope.tsx [Server Component]
    ./app/[locale]/page.tsx [Server Component]

  Client Component SSR:
    ./components/motion/interactions.ts [Client Component SSR]
    ./components/motion/anime-scope.tsx [Client Component SSR]
    ./components/motion/anime-scope.tsx [Server Component]
    ./app/[locale]/page.tsx [Server Component] @ http://localhost:3000/_next/static/chunks/node_modules_next_dist_0u_w_5s._.js:1945
[   86545ms] [ERROR] ./components/motion/interactions.ts:3:1
Export setStyle doesn't exist in target module
  1 | import { animate } from "motion"
  2 | import { DUR, EASE } from "./tokens"
> 3 | import { setStyle, clearStyle } from "./dom"
    | ^^^^^^^^^^^^^^^^^^^^^^^^^^^^^^^^^^^^^^^^^^^^
  4 |
  5 | /**
  6 |  * Interactive behaviours — the layer that responds to input rather than to scroll.

The export setStyle was not found in module [project]/components/motion/dom.ts [app-ssr] (ecmascript).
Did you mean to import setStyles?
All exports of the module are statically known (It doesn't have dynamic exports). So it's known statically that the requested export doesn't exist.

Import traces:
  Client Component Browser:
    ./components/motion/interactions.ts [Client Component Browser]
    ./components/motion/anime-scope.tsx [Client Component Browser]
    ./components/motion/anime-scope.tsx [Server Component]
    ./app/[locale]/page.tsx [Server Component]

  Client Component SSR:
    ./components/motion/interactions.ts [Client Component SSR]
    ./components/motion/anime-scope.tsx [Client Component SSR]
    ./components/motion/anime-scope.tsx [Server Component]
    ./app/[locale]/page.tsx [Server Component] @ http://localhost:3000/_next/static/chunks/node_modules_next_dist_0u_w_5s._.js:1945
[   86606ms] [ERROR] ./components/motion/interactions.ts:3:1
Export setStyle doesn't exist in target module
  1 | import { animate } from "motion"
  2 | import { DUR, EASE } from "./tokens"
> 3 | import { setStyle, clearStyle } from "./dom"
    | ^^^^^^^^^^^^^^^^^^^^^^^^^^^^^^^^^^^^^^^^^^^^
  4 |
  5 | /**
  6 |  * Interactive behaviours — the layer that responds to input rather than to scroll.

The export setStyle was not found in module [project]/components/motion/dom.ts [app-client] (ecmascript).
Did you mean to import setStyles?
All exports of the module are statically known (It doesn't have dynamic exports). So it's known statically that the requested export doesn't exist.

Import traces:
  Client Component Browser:
    ./components/motion/interactions.ts [Client Component Browser]
    ./components/motion/anime-scope.tsx [Client Component Browser]
    ./components/motion/anime-scope.tsx [Server Component]
    ./app/[locale]/page.tsx [Server Component]

  Client Component SSR:
    ./components/motion/interactions.ts [Client Component SSR]
    ./components/motion/anime-scope.tsx [Client Component SSR]
    ./components/motion/anime-scope.tsx [Server Component]
    ./app/[locale]/page.tsx [Server Component] @ http://localhost:3000/_next/static/chunks/node_modules_next_dist_0u_w_5s._.js:1945
[   86607ms] [ERROR] ./components/motion/interactions.ts:3:1
Export setStyle doesn't exist in target module
  1 | import { animate } from "motion"
  2 | import { DUR, EASE } from "./tokens"
> 3 | import { setStyle, clearStyle } from "./dom"
    | ^^^^^^^^^^^^^^^^^^^^^^^^^^^^^^^^^^^^^^^^^^^^
  4 |
  5 | /**
  6 |  * Interactive behaviours — the layer that responds to input rather than to scroll.

The export setStyle was not found in module [project]/components/motion/dom.ts [app-ssr] (ecmascript).
Did you mean to import setStyles?
All exports of the module are statically known (It doesn't have dynamic exports). So it's known statically that the requested export doesn't exist.

Import traces:
  Client Component Browser:
    ./components/motion/interactions.ts [Client Component Browser]
    ./components/motion/anime-scope.tsx [Client Component Browser]
    ./components/motion/anime-scope.tsx [Server Component]
    ./app/[locale]/page.tsx [Server Component]

  Client Component SSR:
    ./components/motion/interactions.ts [Client Component SSR]
    ./components/motion/anime-scope.tsx [Client Component SSR]
    ./components/motion/anime-scope.tsx [Server Component]
    ./app/[locale]/page.tsx [Server Component] @ http://localhost:3000/_next/static/chunks/node_modules_next_dist_0u_w_5s._.js:1945
[   86668ms] [ERROR] ./components/motion/interactions.ts:3:1
Export setStyle doesn't exist in target module
  1 | import { animate } from "motion"
  2 | import { DUR, EASE } from "./tokens"
> 3 | import { setStyle, clearStyle } from "./dom"
    | ^^^^^^^^^^^^^^^^^^^^^^^^^^^^^^^^^^^^^^^^^^^^
  4 |
  5 | /**
  6 |  * Interactive behaviours — the layer that responds to input rather than to scroll.

The export setStyle was not found in module [project]/components/motion/dom.ts [app-client] (ecmascript).
Did you mean to import setStyles?
All exports of the module are statically known (It doesn't have dynamic exports). So it's known statically that the requested export doesn't exist.

Import traces:
  Client Component Browser:
    ./components/motion/interactions.ts [Client Component Browser]
    ./components/motion/anime-scope.tsx [Client Component Browser]
    ./components/motion/anime-scope.tsx [Server Component]
    ./app/[locale]/page.tsx [Server Component]

  Client Component SSR:
    ./components/motion/interactions.ts [Client Component SSR]
    ./components/motion/anime-scope.tsx [Client Component SSR]
    ./components/motion/anime-scope.tsx [Server Component]
    ./app/[locale]/page.tsx [Server Component] @ http://localhost:3000/_next/static/chunks/node_modules_next_dist_0u_w_5s._.js:1945
[   86668ms] [ERROR] ./components/motion/interactions.ts:3:1
Export setStyle doesn't exist in target module
  1 | import { animate } from "motion"
  2 | import { DUR, EASE } from "./tokens"
> 3 | import { setStyle, clearStyle } from "./dom"
    | ^^^^^^^^^^^^^^^^^^^^^^^^^^^^^^^^^^^^^^^^^^^^
  4 |
  5 | /**
  6 |  * Interactive behaviours — the layer that responds to input rather than to scroll.

The export setStyle was not found in module [project]/components/motion/dom.ts [app-ssr] (ecmascript).
Did you mean to import setStyles?
All exports of the module are statically known (It doesn't have dynamic exports). So it's known statically that the requested export doesn't exist.

Import traces:
  Client Component Browser:
    ./components/motion/interactions.ts [Client Component Browser]
    ./components/motion/anime-scope.tsx [Client Component Browser]
    ./components/motion/anime-scope.tsx [Server Component]
    ./app/[locale]/page.tsx [Server Component]

  Client Component SSR:
    ./components/motion/interactions.ts [Client Component SSR]
    ./components/motion/anime-scope.tsx [Client Component SSR]
    ./components/motion/anime-scope.tsx [Server Component]
    ./app/[locale]/page.tsx [Server Component] @ http://localhost:3000/_next/static/chunks/node_modules_next_dist_0u_w_5s._.js:1945
[   86730ms] [ERROR] ./components/motion/interactions.ts:3:1
Export setStyle doesn't exist in target module
  1 | import { animate } from "motion"
  2 | import { DUR, EASE } from "./tokens"
> 3 | import { setStyle, clearStyle } from "./dom"
    | ^^^^^^^^^^^^^^^^^^^^^^^^^^^^^^^^^^^^^^^^^^^^
  4 |
  5 | /**
  6 |  * Interactive behaviours — the layer that responds to input rather than to scroll.

The export setStyle was not found in module [project]/components/motion/dom.ts [app-client] (ecmascript).
Did you mean to import setStyles?
All exports of the module are statically known (It doesn't have dynamic exports). So it's known statically that the requested export doesn't exist.

Import traces:
  Client Component Browser:
    ./components/motion/interactions.ts [Client Component Browser]
    ./components/motion/anime-scope.tsx [Client Component Browser]
    ./components/motion/anime-scope.tsx [Server Component]
    ./app/[locale]/page.tsx [Server Component]

  Client Component SSR:
    ./components/motion/interactions.ts [Client Component SSR]
    ./components/motion/anime-scope.tsx [Client Component SSR]
    ./components/motion/anime-scope.tsx [Server Component]
    ./app/[locale]/page.tsx [Server Component] @ http://localhost:3000/_next/static/chunks/node_modules_next_dist_0u_w_5s._.js:1945
[   86730ms] [ERROR] ./components/motion/interactions.ts:3:1
Export setStyle doesn't exist in target module
  1 | import { animate } from "motion"
  2 | import { DUR, EASE } from "./tokens"
> 3 | import { setStyle, clearStyle } from "./dom"
    | ^^^^^^^^^^^^^^^^^^^^^^^^^^^^^^^^^^^^^^^^^^^^
  4 |
  5 | /**
  6 |  * Interactive behaviours — the layer that responds to input rather than to scroll.

The export setStyle was not found in module [project]/components/motion/dom.ts [app-ssr] (ecmascript).
Did you mean to import setStyles?
All exports of the module are statically known (It doesn't have dynamic exports). So it's known statically that the requested export doesn't exist.

Import traces:
  Client Component Browser:
    ./components/motion/interactions.ts [Client Component Browser]
    ./components/motion/anime-scope.tsx [Client Component Browser]
    ./components/motion/anime-scope.tsx [Server Component]
    ./app/[locale]/page.tsx [Server Component]

  Client Component SSR:
    ./components/motion/interactions.ts [Client Component SSR]
    ./components/motion/anime-scope.tsx [Client Component SSR]
    ./components/motion/anime-scope.tsx [Server Component]
    ./app/[locale]/page.tsx [Server Component] @ http://localhost:3000/_next/static/chunks/node_modules_next_dist_0u_w_5s._.js:1945
[   86794ms] [ERROR] ./components/motion/interactions.ts:3:1
Export setStyle doesn't exist in target module
  1 | import { animate } from "motion"
  2 | import { DUR, EASE } from "./tokens"
> 3 | import { setStyle, clearStyle } from "./dom"
    | ^^^^^^^^^^^^^^^^^^^^^^^^^^^^^^^^^^^^^^^^^^^^
  4 |
  5 | /**
  6 |  * Interactive behaviours — the layer that responds to input rather than to scroll.

The export setStyle was not found in module [project]/components/motion/dom.ts [app-client] (ecmascript).
Did you mean to import setStyles?
All exports of the module are statically known (It doesn't have dynamic exports). So it's known statically that the requested export doesn't exist.

Import traces:
  Client Component Browser:
    ./components/motion/interactions.ts [Client Component Browser]
    ./components/motion/anime-scope.tsx [Client Component Browser]
    ./components/motion/anime-scope.tsx [Server Component]
    ./app/[locale]/page.tsx [Server Component]

  Client Component SSR:
    ./components/motion/interactions.ts [Client Component SSR]
    ./components/motion/anime-scope.tsx [Client Component SSR]
    ./components/motion/anime-scope.tsx [Server Component]
    ./app/[locale]/page.tsx [Server Component] @ http://localhost:3000/_next/static/chunks/node_modules_next_dist_0u_w_5s._.js:1945
[   86794ms] [ERROR] ./components/motion/interactions.ts:3:1
Export setStyle doesn't exist in target module
  1 | import { animate } from "motion"
  2 | import { DUR, EASE } from "./tokens"
> 3 | import { setStyle, clearStyle } from "./dom"
    | ^^^^^^^^^^^^^^^^^^^^^^^^^^^^^^^^^^^^^^^^^^^^
  4 |
  5 | /**
  6 |  * Interactive behaviours — the layer that responds to input rather than to scroll.

The export setStyle was not found in module [project]/components/motion/dom.ts [app-ssr] (ecmascript).
Did you mean to import setStyles?
All exports of the module are statically known (It doesn't have dynamic exports). So it's known statically that the requested export doesn't exist.

Import traces:
  Client Component Browser:
    ./components/motion/interactions.ts [Client Component Browser]
    ./components/motion/anime-scope.tsx [Client Component Browser]
    ./components/motion/anime-scope.tsx [Server Component]
    ./app/[locale]/page.tsx [Server Component]

  Client Component SSR:
    ./components/motion/interactions.ts [Client Component SSR]
    ./components/motion/anime-scope.tsx [Client Component SSR]
    ./components/motion/anime-scope.tsx [Server Component]
    ./app/[locale]/page.tsx [Server Component] @ http://localhost:3000/_next/static/chunks/node_modules_next_dist_0u_w_5s._.js:1945
[   86855ms] [ERROR] ./components/motion/interactions.ts:3:1
Export setStyle doesn't exist in target module
  1 | import { animate } from "motion"
  2 | import { DUR, EASE } from "./tokens"
> 3 | import { setStyle, clearStyle } from "./dom"
    | ^^^^^^^^^^^^^^^^^^^^^^^^^^^^^^^^^^^^^^^^^^^^
  4 |
  5 | /**
  6 |  * Interactive behaviours — the layer that responds to input rather than to scroll.

The export setStyle was not found in module [project]/components/motion/dom.ts [app-client] (ecmascript).
Did you mean to import setStyles?
All exports of the module are statically known (It doesn't have dynamic exports). So it's known statically that the requested export doesn't exist.

Import traces:
  Client Component Browser:
    ./components/motion/interactions.ts [Client Component Browser]
    ./components/motion/anime-scope.tsx [Client Component Browser]
    ./components/motion/anime-scope.tsx [Server Component]
    ./app/[locale]/page.tsx [Server Component]

  Client Component SSR:
    ./components/motion/interactions.ts [Client Component SSR]
    ./components/motion/anime-scope.tsx [Client Component SSR]
    ./components/motion/anime-scope.tsx [Server Component]
    ./app/[locale]/page.tsx [Server Component] @ http://localhost:3000/_next/static/chunks/node_modules_next_dist_0u_w_5s._.js:1945
[   86855ms] [ERROR] ./components/motion/interactions.ts:3:1
Export setStyle doesn't exist in target module
  1 | import { animate } from "motion"
  2 | import { DUR, EASE } from "./tokens"
> 3 | import { setStyle, clearStyle } from "./dom"
    | ^^^^^^^^^^^^^^^^^^^^^^^^^^^^^^^^^^^^^^^^^^^^
  4 |
  5 | /**
  6 |  * Interactive behaviours — the layer that responds to input rather than to scroll.

The export setStyle was not found in module [project]/components/motion/dom.ts [app-ssr] (ecmascript).
Did you mean to import setStyles?
All exports of the module are statically known (It doesn't have dynamic exports). So it's known statically that the requested export doesn't exist.

Import traces:
  Client Component Browser:
    ./components/motion/interactions.ts [Client Component Browser]
    ./components/motion/anime-scope.tsx [Client Component Browser]
    ./components/motion/anime-scope.tsx [Server Component]
    ./app/[locale]/page.tsx [Server Component]

  Client Component SSR:
    ./components/motion/interactions.ts [Client Component SSR]
    ./components/motion/anime-scope.tsx [Client Component SSR]
    ./components/motion/anime-scope.tsx [Server Component]
    ./app/[locale]/page.tsx [Server Component] @ http://localhost:3000/_next/static/chunks/node_modules_next_dist_0u_w_5s._.js:1945
[   86918ms] [ERROR] ./components/motion/interactions.ts:3:1
Export setStyle doesn't exist in target module
  1 | import { animate } from "motion"
  2 | import { DUR, EASE } from "./tokens"
> 3 | import { setStyle, clearStyle } from "./dom"
    | ^^^^^^^^^^^^^^^^^^^^^^^^^^^^^^^^^^^^^^^^^^^^
  4 |
  5 | /**
  6 |  * Interactive behaviours — the layer that responds to input rather than to scroll.

The export setStyle was not found in module [project]/components/motion/dom.ts [app-client] (ecmascript).
Did you mean to import setStyles?
All exports of the module are statically known (It doesn't have dynamic exports). So it's known statically that the requested export doesn't exist.

Import traces:
  Client Component Browser:
    ./components/motion/interactions.ts [Client Component Browser]
    ./components/motion/anime-scope.tsx [Client Component Browser]
    ./components/motion/anime-scope.tsx [Server Component]
    ./app/[locale]/page.tsx [Server Component]

  Client Component SSR:
    ./components/motion/interactions.ts [Client Component SSR]
    ./components/motion/anime-scope.tsx [Client Component SSR]
    ./components/motion/anime-scope.tsx [Server Component]
    ./app/[locale]/page.tsx [Server Component] @ http://localhost:3000/_next/static/chunks/node_modules_next_dist_0u_w_5s._.js:1945
[   86919ms] [ERROR] ./components/motion/interactions.ts:3:1
Export setStyle doesn't exist in target module
  1 | import { animate } from "motion"
  2 | import { DUR, EASE } from "./tokens"
> 3 | import { setStyle, clearStyle } from "./dom"
    | ^^^^^^^^^^^^^^^^^^^^^^^^^^^^^^^^^^^^^^^^^^^^
  4 |
  5 | /**
  6 |  * Interactive behaviours — the layer that responds to input rather than to scroll.

The export setStyle was not found in module [project]/components/motion/dom.ts [app-ssr] (ecmascript).
Did you mean to import setStyles?
All exports of the module are statically known (It doesn't have dynamic exports). So it's known statically that the requested export doesn't exist.

Import traces:
  Client Component Browser:
    ./components/motion/interactions.ts [Client Component Browser]
    ./components/motion/anime-scope.tsx [Client Component Browser]
    ./components/motion/anime-scope.tsx [Server Component]
    ./app/[locale]/page.tsx [Server Component]

  Client Component SSR:
    ./components/motion/interactions.ts [Client Component SSR]
    ./components/motion/anime-scope.tsx [Client Component SSR]
    ./components/motion/anime-scope.tsx [Server Component]
    ./app/[locale]/page.tsx [Server Component] @ http://localhost:3000/_next/static/chunks/node_modules_next_dist_0u_w_5s._.js:1945
[   86981ms] [ERROR] ./components/motion/interactions.ts:3:1
Export setStyle doesn't exist in target module
  1 | import { animate } from "motion"
  2 | import { DUR, EASE } from "./tokens"
> 3 | import { setStyle, clearStyle } from "./dom"
    | ^^^^^^^^^^^^^^^^^^^^^^^^^^^^^^^^^^^^^^^^^^^^
  4 |
  5 | /**
  6 |  * Interactive behaviours — the layer that responds to input rather than to scroll.

The export setStyle was not found in module [project]/components/motion/dom.ts [app-client] (ecmascript).
Did you mean to import setStyles?
All exports of the module are statically known (It doesn't have dynamic exports). So it's known statically that the requested export doesn't exist.

Import traces:
  Client Component Browser:
    ./components/motion/interactions.ts [Client Component Browser]
    ./components/motion/anime-scope.tsx [Client Component Browser]
    ./components/motion/anime-scope.tsx [Server Component]
    ./app/[locale]/page.tsx [Server Component]

  Client Component SSR:
    ./components/motion/interactions.ts [Client Component SSR]
    ./components/motion/anime-scope.tsx [Client Component SSR]
    ./components/motion/anime-scope.tsx [Server Component]
    ./app/[locale]/page.tsx [Server Component] @ http://localhost:3000/_next/static/chunks/node_modules_next_dist_0u_w_5s._.js:1945
[   86981ms] [ERROR] ./components/motion/interactions.ts:3:1
Export setStyle doesn't exist in target module
  1 | import { animate } from "motion"
  2 | import { DUR, EASE } from "./tokens"
> 3 | import { setStyle, clearStyle } from "./dom"
    | ^^^^^^^^^^^^^^^^^^^^^^^^^^^^^^^^^^^^^^^^^^^^
  4 |
  5 | /**
  6 |  * Interactive behaviours — the layer that responds to input rather than to scroll.

The export setStyle was not found in module [project]/components/motion/dom.ts [app-ssr] (ecmascript).
Did you mean to import setStyles?
All exports of the module are statically known (It doesn't have dynamic exports). So it's known statically that the requested export doesn't exist.

Import traces:
  Client Component Browser:
    ./components/motion/interactions.ts [Client Component Browser]
    ./components/motion/anime-scope.tsx [Client Component Browser]
    ./components/motion/anime-scope.tsx [Server Component]
    ./app/[locale]/page.tsx [Server Component]

  Client Component SSR:
    ./components/motion/interactions.ts [Client Component SSR]
    ./components/motion/anime-scope.tsx [Client Component SSR]
    ./components/motion/anime-scope.tsx [Server Component]
    ./app/[locale]/page.tsx [Server Component] @ http://localhost:3000/_next/static/chunks/node_modules_next_dist_0u_w_5s._.js:1945
[   87043ms] [ERROR] ./components/motion/interactions.ts:3:1
Export setStyle doesn't exist in target module
  1 | import { animate } from "motion"
  2 | import { DUR, EASE } from "./tokens"
> 3 | import { setStyle, clearStyle } from "./dom"
    | ^^^^^^^^^^^^^^^^^^^^^^^^^^^^^^^^^^^^^^^^^^^^
  4 |
  5 | /**
  6 |  * Interactive behaviours — the layer that responds to input rather than to scroll.

The export setStyle was not found in module [project]/components/motion/dom.ts [app-client] (ecmascript).
Did you mean to import setStyles?
All exports of the module are statically known (It doesn't have dynamic exports). So it's known statically that the requested export doesn't exist.

Import traces:
  Client Component Browser:
    ./components/motion/interactions.ts [Client Component Browser]
    ./components/motion/anime-scope.tsx [Client Component Browser]
    ./components/motion/anime-scope.tsx [Server Component]
    ./app/[locale]/page.tsx [Server Component]

  Client Component SSR:
    ./components/motion/interactions.ts [Client Component SSR]
    ./components/motion/anime-scope.tsx [Client Component SSR]
    ./components/motion/anime-scope.tsx [Server Component]
    ./app/[locale]/page.tsx [Server Component] @ http://localhost:3000/_next/static/chunks/node_modules_next_dist_0u_w_5s._.js:1945
[   87044ms] [ERROR] ./components/motion/interactions.ts:3:1
Export setStyle doesn't exist in target module
  1 | import { animate } from "motion"
  2 | import { DUR, EASE } from "./tokens"
> 3 | import { setStyle, clearStyle } from "./dom"
    | ^^^^^^^^^^^^^^^^^^^^^^^^^^^^^^^^^^^^^^^^^^^^
  4 |
  5 | /**
  6 |  * Interactive behaviours — the layer that responds to input rather than to scroll.

The export setStyle was not found in module [project]/components/motion/dom.ts [app-ssr] (ecmascript).
Did you mean to import setStyles?
All exports of the module are statically known (It doesn't have dynamic exports). So it's known statically that the requested export doesn't exist.

Import traces:
  Client Component Browser:
    ./components/motion/interactions.ts [Client Component Browser]
    ./components/motion/anime-scope.tsx [Client Component Browser]
    ./components/motion/anime-scope.tsx [Server Component]
    ./app/[locale]/page.tsx [Server Component]

  Client Component SSR:
    ./components/motion/interactions.ts [Client Component SSR]
    ./components/motion/anime-scope.tsx [Client Component SSR]
    ./components/motion/anime-scope.tsx [Server Component]
    ./app/[locale]/page.tsx [Server Component] @ http://localhost:3000/_next/static/chunks/node_modules_next_dist_0u_w_5s._.js:1945
[   87105ms] [ERROR] ./components/motion/interactions.ts:3:1
Export setStyle doesn't exist in target module
  1 | import { animate } from "motion"
  2 | import { DUR, EASE } from "./tokens"
> 3 | import { setStyle, clearStyle } from "./dom"
    | ^^^^^^^^^^^^^^^^^^^^^^^^^^^^^^^^^^^^^^^^^^^^
  4 |
  5 | /**
  6 |  * Interactive behaviours — the layer that responds to input rather than to scroll.

The export setStyle was not found in module [project]/components/motion/dom.ts [app-client] (ecmascript).
Did you mean to import setStyles?
All exports of the module are statically known (It doesn't have dynamic exports). So it's known statically that the requested export doesn't exist.

Import traces:
  Client Component Browser:
    ./components/motion/interactions.ts [Client Component Browser]
    ./components/motion/anime-scope.tsx [Client Component Browser]
    ./components/motion/anime-scope.tsx [Server Component]
    ./app/[locale]/page.tsx [Server Component]

  Client Component SSR:
    ./components/motion/interactions.ts [Client Component SSR]
    ./components/motion/anime-scope.tsx [Client Component SSR]
    ./components/motion/anime-scope.tsx [Server Component]
    ./app/[locale]/page.tsx [Server Component] @ http://localhost:3000/_next/static/chunks/node_modules_next_dist_0u_w_5s._.js:1945
[   87105ms] [ERROR] ./components/motion/interactions.ts:3:1
Export setStyle doesn't exist in target module
  1 | import { animate } from "motion"
  2 | import { DUR, EASE } from "./tokens"
> 3 | import { setStyle, clearStyle } from "./dom"
    | ^^^^^^^^^^^^^^^^^^^^^^^^^^^^^^^^^^^^^^^^^^^^
  4 |
  5 | /**
  6 |  * Interactive behaviours — the layer that responds to input rather than to scroll.

The export setStyle was not found in module [project]/components/motion/dom.ts [app-ssr] (ecmascript).
Did you mean to import setStyles?
All exports of the module are statically known (It doesn't have dynamic exports). So it's known statically that the requested export doesn't exist.

Import traces:
  Client Component Browser:
    ./components/motion/interactions.ts [Client Component Browser]
    ./components/motion/anime-scope.tsx [Client Component Browser]
    ./components/motion/anime-scope.tsx [Server Component]
    ./app/[locale]/page.tsx [Server Component]

  Client Component SSR:
    ./components/motion/interactions.ts [Client Component SSR]
    ./components/motion/anime-scope.tsx [Client Component SSR]
    ./components/motion/anime-scope.tsx [Server Component]
    ./app/[locale]/page.tsx [Server Component] @ http://localhost:3000/_next/static/chunks/node_modules_next_dist_0u_w_5s._.js:1945
[   87167ms] [ERROR] ./components/motion/interactions.ts:3:1
Export setStyle doesn't exist in target module
  1 | import { animate } from "motion"
  2 | import { DUR, EASE } from "./tokens"
> 3 | import { setStyle, clearStyle } from "./dom"
    | ^^^^^^^^^^^^^^^^^^^^^^^^^^^^^^^^^^^^^^^^^^^^
  4 |
  5 | /**
  6 |  * Interactive behaviours — the layer that responds to input rather than to scroll.

The export setStyle was not found in module [project]/components/motion/dom.ts [app-client] (ecmascript).
Did you mean to import setStyles?
All exports of the module are statically known (It doesn't have dynamic exports). So it's known statically that the requested export doesn't exist.

Import traces:
  Client Component Browser:
    ./components/motion/interactions.ts [Client Component Browser]
    ./components/motion/anime-scope.tsx [Client Component Browser]
    ./components/motion/anime-scope.tsx [Server Component]
    ./app/[locale]/page.tsx [Server Component]

  Client Component SSR:
    ./components/motion/interactions.ts [Client Component SSR]
    ./components/motion/anime-scope.tsx [Client Component SSR]
    ./components/motion/anime-scope.tsx [Server Component]
    ./app/[locale]/page.tsx [Server Component] @ http://localhost:3000/_next/static/chunks/node_modules_next_dist_0u_w_5s._.js:1945
[   87167ms] [ERROR] ./components/motion/interactions.ts:3:1
Export setStyle doesn't exist in target module
  1 | import { animate } from "motion"
  2 | import { DUR, EASE } from "./tokens"
> 3 | import { setStyle, clearStyle } from "./dom"
    | ^^^^^^^^^^^^^^^^^^^^^^^^^^^^^^^^^^^^^^^^^^^^
  4 |
  5 | /**
  6 |  * Interactive behaviours — the layer that responds to input rather than to scroll.

The export setStyle was not found in module [project]/components/motion/dom.ts [app-ssr] (ecmascript).
Did you mean to import setStyles?
All exports of the module are statically known (It doesn't have dynamic exports). So it's known statically that the requested export doesn't exist.

Import traces:
  Client Component Browser:
    ./components/motion/interactions.ts [Client Component Browser]
    ./components/motion/anime-scope.tsx [Client Component Browser]
    ./components/motion/anime-scope.tsx [Server Component]
    ./app/[locale]/page.tsx [Server Component]

  Client Component SSR:
    ./components/motion/interactions.ts [Client Component SSR]
    ./components/motion/anime-scope.tsx [Client Component SSR]
    ./components/motion/anime-scope.tsx [Server Component]
    ./app/[locale]/page.tsx [Server Component] @ http://localhost:3000/_next/static/chunks/node_modules_next_dist_0u_w_5s._.js:1945
[   87229ms] [ERROR] ./components/motion/interactions.ts:3:1
Export setStyle doesn't exist in target module
  1 | import { animate } from "motion"
  2 | import { DUR, EASE } from "./tokens"
> 3 | import { setStyle, clearStyle } from "./dom"
    | ^^^^^^^^^^^^^^^^^^^^^^^^^^^^^^^^^^^^^^^^^^^^
  4 |
  5 | /**
  6 |  * Interactive behaviours — the layer that responds to input rather than to scroll.

The export setStyle was not found in module [project]/components/motion/dom.ts [app-client] (ecmascript).
Did you mean to import setStyles?
All exports of the module are statically known (It doesn't have dynamic exports). So it's known statically that the requested export doesn't exist.

Import traces:
  Client Component Browser:
    ./components/motion/interactions.ts [Client Component Browser]
    ./components/motion/anime-scope.tsx [Client Component Browser]
    ./components/motion/anime-scope.tsx [Server Component]
    ./app/[locale]/page.tsx [Server Component]

  Client Component SSR:
    ./components/motion/interactions.ts [Client Component SSR]
    ./components/motion/anime-scope.tsx [Client Component SSR]
    ./components/motion/anime-scope.tsx [Server Component]
    ./app/[locale]/page.tsx [Server Component] @ http://localhost:3000/_next/static/chunks/node_modules_next_dist_0u_w_5s._.js:1945
[   87229ms] [ERROR] ./components/motion/interactions.ts:3:1
Export setStyle doesn't exist in target module
  1 | import { animate } from "motion"
  2 | import { DUR, EASE } from "./tokens"
> 3 | import { setStyle, clearStyle } from "./dom"
    | ^^^^^^^^^^^^^^^^^^^^^^^^^^^^^^^^^^^^^^^^^^^^
  4 |
  5 | /**
  6 |  * Interactive behaviours — the layer that responds to input rather than to scroll.

The export setStyle was not found in module [project]/components/motion/dom.ts [app-ssr] (ecmascript).
Did you mean to import setStyles?
All exports of the module are statically known (It doesn't have dynamic exports). So it's known statically that the requested export doesn't exist.

Import traces:
  Client Component Browser:
    ./components/motion/interactions.ts [Client Component Browser]
    ./components/motion/anime-scope.tsx [Client Component Browser]
    ./components/motion/anime-scope.tsx [Server Component]
    ./app/[locale]/page.tsx [Server Component]

  Client Component SSR:
    ./components/motion/interactions.ts [Client Component SSR]
    ./components/motion/anime-scope.tsx [Client Component SSR]
    ./components/motion/anime-scope.tsx [Server Component]
    ./app/[locale]/page.tsx [Server Component] @ http://localhost:3000/_next/static/chunks/node_modules_next_dist_0u_w_5s._.js:1945
[   87291ms] [ERROR] ./components/motion/interactions.ts:3:1
Export setStyle doesn't exist in target module
  1 | import { animate } from "motion"
  2 | import { DUR, EASE } from "./tokens"
> 3 | import { setStyle, clearStyle } from "./dom"
    | ^^^^^^^^^^^^^^^^^^^^^^^^^^^^^^^^^^^^^^^^^^^^
  4 |
  5 | /**
  6 |  * Interactive behaviours — the layer that responds to input rather than to scroll.

The export setStyle was not found in module [project]/components/motion/dom.ts [app-client] (ecmascript).
Did you mean to import setStyles?
All exports of the module are statically known (It doesn't have dynamic exports). So it's known statically that the requested export doesn't exist.

Import traces:
  Client Component Browser:
    ./components/motion/interactions.ts [Client Component Browser]
    ./components/motion/anime-scope.tsx [Client Component Browser]
    ./components/motion/anime-scope.tsx [Server Component]
    ./app/[locale]/page.tsx [Server Component]

  Client Component SSR:
    ./components/motion/interactions.ts [Client Component SSR]
    ./components/motion/anime-scope.tsx [Client Component SSR]
    ./components/motion/anime-scope.tsx [Server Component]
    ./app/[locale]/page.tsx [Server Component] @ http://localhost:3000/_next/static/chunks/node_modules_next_dist_0u_w_5s._.js:1945
[   87291ms] [ERROR] ./components/motion/interactions.ts:3:1
Export setStyle doesn't exist in target module
  1 | import { animate } from "motion"
  2 | import { DUR, EASE } from "./tokens"
> 3 | import { setStyle, clearStyle } from "./dom"
    | ^^^^^^^^^^^^^^^^^^^^^^^^^^^^^^^^^^^^^^^^^^^^
  4 |
  5 | /**
  6 |  * Interactive behaviours — the layer that responds to input rather than to scroll.

The export setStyle was not found in module [project]/components/motion/dom.ts [app-ssr] (ecmascript).
Did you mean to import setStyles?
All exports of the module are statically known (It doesn't have dynamic exports). So it's known statically that the requested export doesn't exist.

Import traces:
  Client Component Browser:
    ./components/motion/interactions.ts [Client Component Browser]
    ./components/motion/anime-scope.tsx [Client Component Browser]
    ./components/motion/anime-scope.tsx [Server Component]
    ./app/[locale]/page.tsx [Server Component]

  Client Component SSR:
    ./components/motion/interactions.ts [Client Component SSR]
    ./components/motion/anime-scope.tsx [Client Component SSR]
    ./components/motion/anime-scope.tsx [Server Component]
    ./app/[locale]/page.tsx [Server Component] @ http://localhost:3000/_next/static/chunks/node_modules_next_dist_0u_w_5s._.js:1945
[   87355ms] [ERROR] ./components/motion/interactions.ts:3:1
Export setStyle doesn't exist in target module
  1 | import { animate } from "motion"
  2 | import { DUR, EASE } from "./tokens"
> 3 | import { setStyle, clearStyle } from "./dom"
    | ^^^^^^^^^^^^^^^^^^^^^^^^^^^^^^^^^^^^^^^^^^^^
  4 |
  5 | /**
  6 |  * Interactive behaviours — the layer that responds to input rather than to scroll.

The export setStyle was not found in module [project]/components/motion/dom.ts [app-client] (ecmascript).
Did you mean to import setStyles?
All exports of the module are statically known (It doesn't have dynamic exports). So it's known statically that the requested export doesn't exist.

Import traces:
  Client Component Browser:
    ./components/motion/interactions.ts [Client Component Browser]
    ./components/motion/anime-scope.tsx [Client Component Browser]
    ./components/motion/anime-scope.tsx [Server Component]
    ./app/[locale]/page.tsx [Server Component]

  Client Component SSR:
    ./components/motion/interactions.ts [Client Component SSR]
    ./components/motion/anime-scope.tsx [Client Component SSR]
    ./components/motion/anime-scope.tsx [Server Component]
    ./app/[locale]/page.tsx [Server Component] @ http://localhost:3000/_next/static/chunks/node_modules_next_dist_0u_w_5s._.js:1945
[   87355ms] [ERROR] ./components/motion/interactions.ts:3:1
Export setStyle doesn't exist in target module
  1 | import { animate } from "motion"
  2 | import { DUR, EASE } from "./tokens"
> 3 | import { setStyle, clearStyle } from "./dom"
    | ^^^^^^^^^^^^^^^^^^^^^^^^^^^^^^^^^^^^^^^^^^^^
  4 |
  5 | /**
  6 |  * Interactive behaviours — the layer that responds to input rather than to scroll.

The export setStyle was not found in module [project]/components/motion/dom.ts [app-ssr] (ecmascript).
Did you mean to import setStyles?
All exports of the module are statically known (It doesn't have dynamic exports). So it's known statically that the requested export doesn't exist.

Import traces:
  Client Component Browser:
    ./components/motion/interactions.ts [Client Component Browser]
    ./components/motion/anime-scope.tsx [Client Component Browser]
    ./components/motion/anime-scope.tsx [Server Component]
    ./app/[locale]/page.tsx [Server Component]

  Client Component SSR:
    ./components/motion/interactions.ts [Client Component SSR]
    ./components/motion/anime-scope.tsx [Client Component SSR]
    ./components/motion/anime-scope.tsx [Server Component]
    ./app/[locale]/page.tsx [Server Component] @ http://localhost:3000/_next/static/chunks/node_modules_next_dist_0u_w_5s._.js:1945
[   87417ms] [ERROR] ./components/motion/interactions.ts:3:1
Export setStyle doesn't exist in target module
  1 | import { animate } from "motion"
  2 | import { DUR, EASE } from "./tokens"
> 3 | import { setStyle, clearStyle } from "./dom"
    | ^^^^^^^^^^^^^^^^^^^^^^^^^^^^^^^^^^^^^^^^^^^^
  4 |
  5 | /**
  6 |  * Interactive behaviours — the layer that responds to input rather than to scroll.

The export setStyle was not found in module [project]/components/motion/dom.ts [app-client] (ecmascript).
Did you mean to import setStyles?
All exports of the module are statically known (It doesn't have dynamic exports). So it's known statically that the requested export doesn't exist.

Import traces:
  Client Component Browser:
    ./components/motion/interactions.ts [Client Component Browser]
    ./components/motion/anime-scope.tsx [Client Component Browser]
    ./components/motion/anime-scope.tsx [Server Component]
    ./app/[locale]/page.tsx [Server Component]

  Client Component SSR:
    ./components/motion/interactions.ts [Client Component SSR]
    ./components/motion/anime-scope.tsx [Client Component SSR]
    ./components/motion/anime-scope.tsx [Server Component]
    ./app/[locale]/page.tsx [Server Component] @ http://localhost:3000/_next/static/chunks/node_modules_next_dist_0u_w_5s._.js:1945
[   87417ms] [ERROR] ./components/motion/interactions.ts:3:1
Export setStyle doesn't exist in target module
  1 | import { animate } from "motion"
  2 | import { DUR, EASE } from "./tokens"
> 3 | import { setStyle, clearStyle } from "./dom"
    | ^^^^^^^^^^^^^^^^^^^^^^^^^^^^^^^^^^^^^^^^^^^^
  4 |
  5 | /**
  6 |  * Interactive behaviours — the layer that responds to input rather than to scroll.

The export setStyle was not found in module [project]/components/motion/dom.ts [app-ssr] (ecmascript).
Did you mean to import setStyles?
All exports of the module are statically known (It doesn't have dynamic exports). So it's known statically that the requested export doesn't exist.

Import traces:
  Client Component Browser:
    ./components/motion/interactions.ts [Client Component Browser]
    ./components/motion/anime-scope.tsx [Client Component Browser]
    ./components/motion/anime-scope.tsx [Server Component]
    ./app/[locale]/page.tsx [Server Component]

  Client Component SSR:
    ./components/motion/interactions.ts [Client Component SSR]
    ./components/motion/anime-scope.tsx [Client Component SSR]
    ./components/motion/anime-scope.tsx [Server Component]
    ./app/[locale]/page.tsx [Server Component] @ http://localhost:3000/_next/static/chunks/node_modules_next_dist_0u_w_5s._.js:1945
[   87479ms] [ERROR] ./components/motion/interactions.ts:3:1
Export setStyle doesn't exist in target module
  1 | import { animate } from "motion"
  2 | import { DUR, EASE } from "./tokens"
> 3 | import { setStyle, clearStyle } from "./dom"
    | ^^^^^^^^^^^^^^^^^^^^^^^^^^^^^^^^^^^^^^^^^^^^
  4 |
  5 | /**
  6 |  * Interactive behaviours — the layer that responds to input rather than to scroll.

The export setStyle was not found in module [project]/components/motion/dom.ts [app-client] (ecmascript).
Did you mean to import setStyles?
All exports of the module are statically known (It doesn't have dynamic exports). So it's known statically that the requested export doesn't exist.

Import traces:
  Client Component Browser:
    ./components/motion/interactions.ts [Client Component Browser]
    ./components/motion/anime-scope.tsx [Client Component Browser]
    ./components/motion/anime-scope.tsx [Server Component]
    ./app/[locale]/page.tsx [Server Component]

  Client Component SSR:
    ./components/motion/interactions.ts [Client Component SSR]
    ./components/motion/anime-scope.tsx [Client Component SSR]
    ./components/motion/anime-scope.tsx [Server Component]
    ./app/[locale]/page.tsx [Server Component] @ http://localhost:3000/_next/static/chunks/node_modules_next_dist_0u_w_5s._.js:1945
[   87479ms] [ERROR] ./components/motion/interactions.ts:3:1
Export setStyle doesn't exist in target module
  1 | import { animate } from "motion"
  2 | import { DUR, EASE } from "./tokens"
> 3 | import { setStyle, clearStyle } from "./dom"
    | ^^^^^^^^^^^^^^^^^^^^^^^^^^^^^^^^^^^^^^^^^^^^
  4 |
  5 | /**
  6 |  * Interactive behaviours — the layer that responds to input rather than to scroll.

The export setStyle was not found in module [project]/components/motion/dom.ts [app-ssr] (ecmascript).
Did you mean to import setStyles?
All exports of the module are statically known (It doesn't have dynamic exports). So it's known statically that the requested export doesn't exist.

Import traces:
  Client Component Browser:
    ./components/motion/interactions.ts [Client Component Browser]
    ./components/motion/anime-scope.tsx [Client Component Browser]
    ./components/motion/anime-scope.tsx [Server Component]
    ./app/[locale]/page.tsx [Server Component]

  Client Component SSR:
    ./components/motion/interactions.ts [Client Component SSR]
    ./components/motion/anime-scope.tsx [Client Component SSR]
    ./components/motion/anime-scope.tsx [Server Component]
    ./app/[locale]/page.tsx [Server Component] @ http://localhost:3000/_next/static/chunks/node_modules_next_dist_0u_w_5s._.js:1945
[   87541ms] [ERROR] ./components/motion/interactions.ts:3:1
Export setStyle doesn't exist in target module
  1 | import { animate } from "motion"
  2 | import { DUR, EASE } from "./tokens"
> 3 | import { setStyle, clearStyle } from "./dom"
    | ^^^^^^^^^^^^^^^^^^^^^^^^^^^^^^^^^^^^^^^^^^^^
  4 |
  5 | /**
  6 |  * Interactive behaviours — the layer that responds to input rather than to scroll.

The export setStyle was not found in module [project]/components/motion/dom.ts [app-client] (ecmascript).
Did you mean to import setStyles?
All exports of the module are statically known (It doesn't have dynamic exports). So it's known statically that the requested export doesn't exist.

Import traces:
  Client Component Browser:
    ./components/motion/interactions.ts [Client Component Browser]
    ./components/motion/anime-scope.tsx [Client Component Browser]
    ./components/motion/anime-scope.tsx [Server Component]
    ./app/[locale]/page.tsx [Server Component]

  Client Component SSR:
    ./components/motion/interactions.ts [Client Component SSR]
    ./components/motion/anime-scope.tsx [Client Component SSR]
    ./components/motion/anime-scope.tsx [Server Component]
    ./app/[locale]/page.tsx [Server Component] @ http://localhost:3000/_next/static/chunks/node_modules_next_dist_0u_w_5s._.js:1945
[   87541ms] [ERROR] ./components/motion/interactions.ts:3:1
Export setStyle doesn't exist in target module
  1 | import { animate } from "motion"
  2 | import { DUR, EASE } from "./tokens"
> 3 | import { setStyle, clearStyle } from "./dom"
    | ^^^^^^^^^^^^^^^^^^^^^^^^^^^^^^^^^^^^^^^^^^^^
  4 |
  5 | /**
  6 |  * Interactive behaviours — the layer that responds to input rather than to scroll.

The export setStyle was not found in module [project]/components/motion/dom.ts [app-ssr] (ecmascript).
Did you mean to import setStyles?
All exports of the module are statically known (It doesn't have dynamic exports). So it's known statically that the requested export doesn't exist.

Import traces:
  Client Component Browser:
    ./components/motion/interactions.ts [Client Component Browser]
    ./components/motion/anime-scope.tsx [Client Component Browser]
    ./components/motion/anime-scope.tsx [Server Component]
    ./app/[locale]/page.tsx [Server Component]

  Client Component SSR:
    ./components/motion/interactions.ts [Client Component SSR]
    ./components/motion/anime-scope.tsx [Client Component SSR]
    ./components/motion/anime-scope.tsx [Server Component]
    ./app/[locale]/page.tsx [Server Component] @ http://localhost:3000/_next/static/chunks/node_modules_next_dist_0u_w_5s._.js:1945
[   87604ms] [ERROR] ./components/motion/interactions.ts:3:1
Export setStyle doesn't exist in target module
  1 | import { animate } from "motion"
  2 | import { DUR, EASE } from "./tokens"
> 3 | import { setStyle, clearStyle } from "./dom"
    | ^^^^^^^^^^^^^^^^^^^^^^^^^^^^^^^^^^^^^^^^^^^^
  4 |
  5 | /**
  6 |  * Interactive behaviours — the layer that responds to input rather than to scroll.

The export setStyle was not found in module [project]/components/motion/dom.ts [app-client] (ecmascript).
Did you mean to import setStyles?
All exports of the module are statically known (It doesn't have dynamic exports). So it's known statically that the requested export doesn't exist.

Import traces:
  Client Component Browser:
    ./components/motion/interactions.ts [Client Component Browser]
    ./components/motion/anime-scope.tsx [Client Component Browser]
    ./components/motion/anime-scope.tsx [Server Component]
    ./app/[locale]/page.tsx [Server Component]

  Client Component SSR:
    ./components/motion/interactions.ts [Client Component SSR]
    ./components/motion/anime-scope.tsx [Client Component SSR]
    ./components/motion/anime-scope.tsx [Server Component]
    ./app/[locale]/page.tsx [Server Component] @ http://localhost:3000/_next/static/chunks/node_modules_next_dist_0u_w_5s._.js:1945
[   87604ms] [ERROR] ./components/motion/interactions.ts:3:1
Export setStyle doesn't exist in target module
  1 | import { animate } from "motion"
  2 | import { DUR, EASE } from "./tokens"
> 3 | import { setStyle, clearStyle } from "./dom"
    | ^^^^^^^^^^^^^^^^^^^^^^^^^^^^^^^^^^^^^^^^^^^^
  4 |
  5 | /**
  6 |  * Interactive behaviours — the layer that responds to input rather than to scroll.

The export setStyle was not found in module [project]/components/motion/dom.ts [app-ssr] (ecmascript).
Did you mean to import setStyles?
All exports of the module are statically known (It doesn't have dynamic exports). So it's known statically that the requested export doesn't exist.

Import traces:
  Client Component Browser:
    ./components/motion/interactions.ts [Client Component Browser]
    ./components/motion/anime-scope.tsx [Client Component Browser]
    ./components/motion/anime-scope.tsx [Server Component]
    ./app/[locale]/page.tsx [Server Component]

  Client Component SSR:
    ./components/motion/interactions.ts [Client Component SSR]
    ./components/motion/anime-scope.tsx [Client Component SSR]
    ./components/motion/anime-scope.tsx [Server Component]
    ./app/[locale]/page.tsx [Server Component] @ http://localhost:3000/_next/static/chunks/node_modules_next_dist_0u_w_5s._.js:1945
[   87666ms] [ERROR] ./components/motion/interactions.ts:3:1
Export setStyle doesn't exist in target module
  1 | import { animate } from "motion"
  2 | import { DUR, EASE } from "./tokens"
> 3 | import { setStyle, clearStyle } from "./dom"
    | ^^^^^^^^^^^^^^^^^^^^^^^^^^^^^^^^^^^^^^^^^^^^
  4 |
  5 | /**
  6 |  * Interactive behaviours — the layer that responds to input rather than to scroll.

The export setStyle was not found in module [project]/components/motion/dom.ts [app-client] (ecmascript).
Did you mean to import setStyles?
All exports of the module are statically known (It doesn't have dynamic exports). So it's known statically that the requested export doesn't exist.

Import traces:
  Client Component Browser:
    ./components/motion/interactions.ts [Client Component Browser]
    ./components/motion/anime-scope.tsx [Client Component Browser]
    ./components/motion/anime-scope.tsx [Server Component]
    ./app/[locale]/page.tsx [Server Component]

  Client Component SSR:
    ./components/motion/interactions.ts [Client Component SSR]
    ./components/motion/anime-scope.tsx [Client Component SSR]
    ./components/motion/anime-scope.tsx [Server Component]
    ./app/[locale]/page.tsx [Server Component] @ http://localhost:3000/_next/static/chunks/node_modules_next_dist_0u_w_5s._.js:1945
[   87666ms] [ERROR] ./components/motion/interactions.ts:3:1
Export setStyle doesn't exist in target module
  1 | import { animate } from "motion"
  2 | import { DUR, EASE } from "./tokens"
> 3 | import { setStyle, clearStyle } from "./dom"
    | ^^^^^^^^^^^^^^^^^^^^^^^^^^^^^^^^^^^^^^^^^^^^
  4 |
  5 | /**
  6 |  * Interactive behaviours — the layer that responds to input rather than to scroll.

The export setStyle was not found in module [project]/components/motion/dom.ts [app-ssr] (ecmascript).
Did you mean to import setStyles?
All exports of the module are statically known (It doesn't have dynamic exports). So it's known statically that the requested export doesn't exist.

Import traces:
  Client Component Browser:
    ./components/motion/interactions.ts [Client Component Browser]
    ./components/motion/anime-scope.tsx [Client Component Browser]
    ./components/motion/anime-scope.tsx [Server Component]
    ./app/[locale]/page.tsx [Server Component]

  Client Component SSR:
    ./components/motion/interactions.ts [Client Component SSR]
    ./components/motion/anime-scope.tsx [Client Component SSR]
    ./components/motion/anime-scope.tsx [Server Component]
    ./app/[locale]/page.tsx [Server Component] @ http://localhost:3000/_next/static/chunks/node_modules_next_dist_0u_w_5s._.js:1945
[   87728ms] [ERROR] ./components/motion/interactions.ts:3:1
Export setStyle doesn't exist in target module
  1 | import { animate } from "motion"
  2 | import { DUR, EASE } from "./tokens"
> 3 | import { setStyle, clearStyle } from "./dom"
    | ^^^^^^^^^^^^^^^^^^^^^^^^^^^^^^^^^^^^^^^^^^^^
  4 |
  5 | /**
  6 |  * Interactive behaviours — the layer that responds to input rather than to scroll.

The export setStyle was not found in module [project]/components/motion/dom.ts [app-client] (ecmascript).
Did you mean to import setStyles?
All exports of the module are statically known (It doesn't have dynamic exports). So it's known statically that the requested export doesn't exist.

Import traces:
  Client Component Browser:
    ./components/motion/interactions.ts [Client Component Browser]
    ./components/motion/anime-scope.tsx [Client Component Browser]
    ./components/motion/anime-scope.tsx [Server Component]
    ./app/[locale]/page.tsx [Server Component]

  Client Component SSR:
    ./components/motion/interactions.ts [Client Component SSR]
    ./components/motion/anime-scope.tsx [Client Component SSR]
    ./components/motion/anime-scope.tsx [Server Component]
    ./app/[locale]/page.tsx [Server Component] @ http://localhost:3000/_next/static/chunks/node_modules_next_dist_0u_w_5s._.js:1945
[   87728ms] [ERROR] ./components/motion/interactions.ts:3:1
Export setStyle doesn't exist in target module
  1 | import { animate } from "motion"
  2 | import { DUR, EASE } from "./tokens"
> 3 | import { setStyle, clearStyle } from "./dom"
    | ^^^^^^^^^^^^^^^^^^^^^^^^^^^^^^^^^^^^^^^^^^^^
  4 |
  5 | /**
  6 |  * Interactive behaviours — the layer that responds to input rather than to scroll.

The export setStyle was not found in module [project]/components/motion/dom.ts [app-ssr] (ecmascript).
Did you mean to import setStyles?
All exports of the module are statically known (It doesn't have dynamic exports). So it's known statically that the requested export doesn't exist.

Import traces:
  Client Component Browser:
    ./components/motion/interactions.ts [Client Component Browser]
    ./components/motion/anime-scope.tsx [Client Component Browser]
    ./components/motion/anime-scope.tsx [Server Component]
    ./app/[locale]/page.tsx [Server Component]

  Client Component SSR:
    ./components/motion/interactions.ts [Client Component SSR]
    ./components/motion/anime-scope.tsx [Client Component SSR]
    ./components/motion/anime-scope.tsx [Server Component]
    ./app/[locale]/page.tsx [Server Component] @ http://localhost:3000/_next/static/chunks/node_modules_next_dist_0u_w_5s._.js:1945
[   87791ms] [ERROR] ./components/motion/interactions.ts:3:1
Export setStyle doesn't exist in target module
  1 | import { animate } from "motion"
  2 | import { DUR, EASE } from "./tokens"
> 3 | import { setStyle, clearStyle } from "./dom"
    | ^^^^^^^^^^^^^^^^^^^^^^^^^^^^^^^^^^^^^^^^^^^^
  4 |
  5 | /**
  6 |  * Interactive behaviours — the layer that responds to input rather than to scroll.

The export setStyle was not found in module [project]/components/motion/dom.ts [app-client] (ecmascript).
Did you mean to import setStyles?
All exports of the module are statically known (It doesn't have dynamic exports). So it's known statically that the requested export doesn't exist.

Import traces:
  Client Component Browser:
    ./components/motion/interactions.ts [Client Component Browser]
    ./components/motion/anime-scope.tsx [Client Component Browser]
    ./components/motion/anime-scope.tsx [Server Component]
    ./app/[locale]/page.tsx [Server Component]

  Client Component SSR:
    ./components/motion/interactions.ts [Client Component SSR]
    ./components/motion/anime-scope.tsx [Client Component SSR]
    ./components/motion/anime-scope.tsx [Server Component]
    ./app/[locale]/page.tsx [Server Component] @ http://localhost:3000/_next/static/chunks/node_modules_next_dist_0u_w_5s._.js:1945
[   87791ms] [ERROR] ./components/motion/interactions.ts:3:1
Export setStyle doesn't exist in target module
  1 | import { animate } from "motion"
  2 | import { DUR, EASE } from "./tokens"
> 3 | import { setStyle, clearStyle } from "./dom"
    | ^^^^^^^^^^^^^^^^^^^^^^^^^^^^^^^^^^^^^^^^^^^^
  4 |
  5 | /**
  6 |  * Interactive behaviours — the layer that responds to input rather than to scroll.

The export setStyle was not found in module [project]/components/motion/dom.ts [app-ssr] (ecmascript).
Did you mean to import setStyles?
All exports of the module are statically known (It doesn't have dynamic exports). So it's known statically that the requested export doesn't exist.

Import traces:
  Client Component Browser:
    ./components/motion/interactions.ts [Client Component Browser]
    ./components/motion/anime-scope.tsx [Client Component Browser]
    ./components/motion/anime-scope.tsx [Server Component]
    ./app/[locale]/page.tsx [Server Component]

  Client Component SSR:
    ./components/motion/interactions.ts [Client Component SSR]
    ./components/motion/anime-scope.tsx [Client Component SSR]
    ./components/motion/anime-scope.tsx [Server Component]
    ./app/[locale]/page.tsx [Server Component] @ http://localhost:3000/_next/static/chunks/node_modules_next_dist_0u_w_5s._.js:1945
[   87854ms] [ERROR] ./components/motion/interactions.ts:3:1
Export setStyle doesn't exist in target module
  1 | import { animate } from "motion"
  2 | import { DUR, EASE } from "./tokens"
> 3 | import { setStyle, clearStyle } from "./dom"
    | ^^^^^^^^^^^^^^^^^^^^^^^^^^^^^^^^^^^^^^^^^^^^
  4 |
  5 | /**
  6 |  * Interactive behaviours — the layer that responds to input rather than to scroll.

The export setStyle was not found in module [project]/components/motion/dom.ts [app-client] (ecmascript).
Did you mean to import setStyles?
All exports of the module are statically known (It doesn't have dynamic exports). So it's known statically that the requested export doesn't exist.

Import traces:
  Client Component Browser:
    ./components/motion/interactions.ts [Client Component Browser]
    ./components/motion/anime-scope.tsx [Client Component Browser]
    ./components/motion/anime-scope.tsx [Server Component]
    ./app/[locale]/page.tsx [Server Component]

  Client Component SSR:
    ./components/motion/interactions.ts [Client Component SSR]
    ./components/motion/anime-scope.tsx [Client Component SSR]
    ./components/motion/anime-scope.tsx [Server Component]
    ./app/[locale]/page.tsx [Server Component] @ http://localhost:3000/_next/static/chunks/node_modules_next_dist_0u_w_5s._.js:1945
[   87854ms] [ERROR] ./components/motion/interactions.ts:3:1
Export setStyle doesn't exist in target module
  1 | import { animate } from "motion"
  2 | import { DUR, EASE } from "./tokens"
> 3 | import { setStyle, clearStyle } from "./dom"
    | ^^^^^^^^^^^^^^^^^^^^^^^^^^^^^^^^^^^^^^^^^^^^
  4 |
  5 | /**
  6 |  * Interactive behaviours — the layer that responds to input rather than to scroll.

The export setStyle was not found in module [project]/components/motion/dom.ts [app-ssr] (ecmascript).
Did you mean to import setStyles?
All exports of the module are statically known (It doesn't have dynamic exports). So it's known statically that the requested export doesn't exist.

Import traces:
  Client Component Browser:
    ./components/motion/interactions.ts [Client Component Browser]
    ./components/motion/anime-scope.tsx [Client Component Browser]
    ./components/motion/anime-scope.tsx [Server Component]
    ./app/[locale]/page.tsx [Server Component]

  Client Component SSR:
    ./components/motion/interactions.ts [Client Component SSR]
    ./components/motion/anime-scope.tsx [Client Component SSR]
    ./components/motion/anime-scope.tsx [Server Component]
    ./app/[locale]/page.tsx [Server Component] @ http://localhost:3000/_next/static/chunks/node_modules_next_dist_0u_w_5s._.js:1945
[   87917ms] [ERROR] ./components/motion/interactions.ts:3:1
Export setStyle doesn't exist in target module
  1 | import { animate } from "motion"
  2 | import { DUR, EASE } from "./tokens"
> 3 | import { setStyle, clearStyle } from "./dom"
    | ^^^^^^^^^^^^^^^^^^^^^^^^^^^^^^^^^^^^^^^^^^^^
  4 |
  5 | /**
  6 |  * Interactive behaviours — the layer that responds to input rather than to scroll.

The export setStyle was not found in module [project]/components/motion/dom.ts [app-client] (ecmascript).
Did you mean to import setStyles?
All exports of the module are statically known (It doesn't have dynamic exports). So it's known statically that the requested export doesn't exist.

Import traces:
  Client Component Browser:
    ./components/motion/interactions.ts [Client Component Browser]
    ./components/motion/anime-scope.tsx [Client Component Browser]
    ./components/motion/anime-scope.tsx [Server Component]
    ./app/[locale]/page.tsx [Server Component]

  Client Component SSR:
    ./components/motion/interactions.ts [Client Component SSR]
    ./components/motion/anime-scope.tsx [Client Component SSR]
    ./components/motion/anime-scope.tsx [Server Component]
    ./app/[locale]/page.tsx [Server Component] @ http://localhost:3000/_next/static/chunks/node_modules_next_dist_0u_w_5s._.js:1945
[   87917ms] [ERROR] ./components/motion/interactions.ts:3:1
Export setStyle doesn't exist in target module
  1 | import { animate } from "motion"
  2 | import { DUR, EASE } from "./tokens"
> 3 | import { setStyle, clearStyle } from "./dom"
    | ^^^^^^^^^^^^^^^^^^^^^^^^^^^^^^^^^^^^^^^^^^^^
  4 |
  5 | /**
  6 |  * Interactive behaviours — the layer that responds to input rather than to scroll.

The export setStyle was not found in module [project]/components/motion/dom.ts [app-ssr] (ecmascript).
Did you mean to import setStyles?
All exports of the module are statically known (It doesn't have dynamic exports). So it's known statically that the requested export doesn't exist.

Import traces:
  Client Component Browser:
    ./components/motion/interactions.ts [Client Component Browser]
    ./components/motion/anime-scope.tsx [Client Component Browser]
    ./components/motion/anime-scope.tsx [Server Component]
    ./app/[locale]/page.tsx [Server Component]

  Client Component SSR:
    ./components/motion/interactions.ts [Client Component SSR]
    ./components/motion/anime-scope.tsx [Client Component SSR]
    ./components/motion/anime-scope.tsx [Server Component]
    ./app/[locale]/page.tsx [Server Component] @ http://localhost:3000/_next/static/chunks/node_modules_next_dist_0u_w_5s._.js:1945
[   87978ms] [ERROR] ./components/motion/interactions.ts:3:1
Export setStyle doesn't exist in target module
  1 | import { animate } from "motion"
  2 | import { DUR, EASE } from "./tokens"
> 3 | import { setStyle, clearStyle } from "./dom"
    | ^^^^^^^^^^^^^^^^^^^^^^^^^^^^^^^^^^^^^^^^^^^^
  4 |
  5 | /**
  6 |  * Interactive behaviours — the layer that responds to input rather than to scroll.

The export setStyle was not found in module [project]/components/motion/dom.ts [app-client] (ecmascript).
Did you mean to import setStyles?
All exports of the module are statically known (It doesn't have dynamic exports). So it's known statically that the requested export doesn't exist.

Import traces:
  Client Component Browser:
    ./components/motion/interactions.ts [Client Component Browser]
    ./components/motion/anime-scope.tsx [Client Component Browser]
    ./components/motion/anime-scope.tsx [Server Component]
    ./app/[locale]/page.tsx [Server Component]

  Client Component SSR:
    ./components/motion/interactions.ts [Client Component SSR]
    ./components/motion/anime-scope.tsx [Client Component SSR]
    ./components/motion/anime-scope.tsx [Server Component]
    ./app/[locale]/page.tsx [Server Component] @ http://localhost:3000/_next/static/chunks/node_modules_next_dist_0u_w_5s._.js:1945
[   87979ms] [ERROR] ./components/motion/interactions.ts:3:1
Export setStyle doesn't exist in target module
  1 | import { animate } from "motion"
  2 | import { DUR, EASE } from "./tokens"
> 3 | import { setStyle, clearStyle } from "./dom"
    | ^^^^^^^^^^^^^^^^^^^^^^^^^^^^^^^^^^^^^^^^^^^^
  4 |
  5 | /**
  6 |  * Interactive behaviours — the layer that responds to input rather than to scroll.

The export setStyle was not found in module [project]/components/motion/dom.ts [app-ssr] (ecmascript).
Did you mean to import setStyles?
All exports of the module are statically known (It doesn't have dynamic exports). So it's known statically that the requested export doesn't exist.

Import traces:
  Client Component Browser:
    ./components/motion/interactions.ts [Client Component Browser]
    ./components/motion/anime-scope.tsx [Client Component Browser]
    ./components/motion/anime-scope.tsx [Server Component]
    ./app/[locale]/page.tsx [Server Component]

  Client Component SSR:
    ./components/motion/interactions.ts [Client Component SSR]
    ./components/motion/anime-scope.tsx [Client Component SSR]
    ./components/motion/anime-scope.tsx [Server Component]
    ./app/[locale]/page.tsx [Server Component] @ http://localhost:3000/_next/static/chunks/node_modules_next_dist_0u_w_5s._.js:1945
[   88042ms] [ERROR] ./components/motion/interactions.ts:3:1
Export setStyle doesn't exist in target module
  1 | import { animate } from "motion"
  2 | import { DUR, EASE } from "./tokens"
> 3 | import { setStyle, clearStyle } from "./dom"
    | ^^^^^^^^^^^^^^^^^^^^^^^^^^^^^^^^^^^^^^^^^^^^
  4 |
  5 | /**
  6 |  * Interactive behaviours — the layer that responds to input rather than to scroll.

The export setStyle was not found in module [project]/components/motion/dom.ts [app-client] (ecmascript).
Did you mean to import setStyles?
All exports of the module are statically known (It doesn't have dynamic exports). So it's known statically that the requested export doesn't exist.

Import traces:
  Client Component Browser:
    ./components/motion/interactions.ts [Client Component Browser]
    ./components/motion/anime-scope.tsx [Client Component Browser]
    ./components/motion/anime-scope.tsx [Server Component]
    ./app/[locale]/page.tsx [Server Component]

  Client Component SSR:
    ./components/motion/interactions.ts [Client Component SSR]
    ./components/motion/anime-scope.tsx [Client Component SSR]
    ./components/motion/anime-scope.tsx [Server Component]
    ./app/[locale]/page.tsx [Server Component] @ http://localhost:3000/_next/static/chunks/node_modules_next_dist_0u_w_5s._.js:1945
[   88042ms] [ERROR] ./components/motion/interactions.ts:3:1
Export setStyle doesn't exist in target module
  1 | import { animate } from "motion"
  2 | import { DUR, EASE } from "./tokens"
> 3 | import { setStyle, clearStyle } from "./dom"
    | ^^^^^^^^^^^^^^^^^^^^^^^^^^^^^^^^^^^^^^^^^^^^
  4 |
  5 | /**
  6 |  * Interactive behaviours — the layer that responds to input rather than to scroll.

The export setStyle was not found in module [project]/components/motion/dom.ts [app-ssr] (ecmascript).
Did you mean to import setStyles?
All exports of the module are statically known (It doesn't have dynamic exports). So it's known statically that the requested export doesn't exist.

Import traces:
  Client Component Browser:
    ./components/motion/interactions.ts [Client Component Browser]
    ./components/motion/anime-scope.tsx [Client Component Browser]
    ./components/motion/anime-scope.tsx [Server Component]
    ./app/[locale]/page.tsx [Server Component]

  Client Component SSR:
    ./components/motion/interactions.ts [Client Component SSR]
    ./components/motion/anime-scope.tsx [Client Component SSR]
    ./components/motion/anime-scope.tsx [Server Component]
    ./app/[locale]/page.tsx [Server Component] @ http://localhost:3000/_next/static/chunks/node_modules_next_dist_0u_w_5s._.js:1945
[   88104ms] [ERROR] ./components/motion/interactions.ts:3:1
Export setStyle doesn't exist in target module
  1 | import { animate } from "motion"
  2 | import { DUR, EASE } from "./tokens"
> 3 | import { setStyle, clearStyle } from "./dom"
    | ^^^^^^^^^^^^^^^^^^^^^^^^^^^^^^^^^^^^^^^^^^^^
  4 |
  5 | /**
  6 |  * Interactive behaviours — the layer that responds to input rather than to scroll.

The export setStyle was not found in module [project]/components/motion/dom.ts [app-client] (ecmascript).
Did you mean to import setStyles?
All exports of the module are statically known (It doesn't have dynamic exports). So it's known statically that the requested export doesn't exist.

Import traces:
  Client Component Browser:
    ./components/motion/interactions.ts [Client Component Browser]
    ./components/motion/anime-scope.tsx [Client Component Browser]
    ./components/motion/anime-scope.tsx [Server Component]
    ./app/[locale]/page.tsx [Server Component]

  Client Component SSR:
    ./components/motion/interactions.ts [Client Component SSR]
    ./components/motion/anime-scope.tsx [Client Component SSR]
    ./components/motion/anime-scope.tsx [Server Component]
    ./app/[locale]/page.tsx [Server Component] @ http://localhost:3000/_next/static/chunks/node_modules_next_dist_0u_w_5s._.js:1945
[   88104ms] [ERROR] ./components/motion/interactions.ts:3:1
Export setStyle doesn't exist in target module
  1 | import { animate } from "motion"
  2 | import { DUR, EASE } from "./tokens"
> 3 | import { setStyle, clearStyle } from "./dom"
    | ^^^^^^^^^^^^^^^^^^^^^^^^^^^^^^^^^^^^^^^^^^^^
  4 |
  5 | /**
  6 |  * Interactive behaviours — the layer that responds to input rather than to scroll.

The export setStyle was not found in module [project]/components/motion/dom.ts [app-ssr] (ecmascript).
Did you mean to import setStyles?
All exports of the module are statically known (It doesn't have dynamic exports). So it's known statically that the requested export doesn't exist.

Import traces:
  Client Component Browser:
    ./components/motion/interactions.ts [Client Component Browser]
    ./components/motion/anime-scope.tsx [Client Component Browser]
    ./components/motion/anime-scope.tsx [Server Component]
    ./app/[locale]/page.tsx [Server Component]

  Client Component SSR:
    ./components/motion/interactions.ts [Client Component SSR]
    ./components/motion/anime-scope.tsx [Client Component SSR]
    ./components/motion/anime-scope.tsx [Server Component]
    ./app/[locale]/page.tsx [Server Component] @ http://localhost:3000/_next/static/chunks/node_modules_next_dist_0u_w_5s._.js:1945
[   88165ms] [ERROR] ./components/motion/interactions.ts:3:1
Export setStyle doesn't exist in target module
  1 | import { animate } from "motion"
  2 | import { DUR, EASE } from "./tokens"
> 3 | import { setStyle, clearStyle } from "./dom"
    | ^^^^^^^^^^^^^^^^^^^^^^^^^^^^^^^^^^^^^^^^^^^^
  4 |
  5 | /**
  6 |  * Interactive behaviours — the layer that responds to input rather than to scroll.

The export setStyle was not found in module [project]/components/motion/dom.ts [app-client] (ecmascript).
Did you mean to import setStyles?
All exports of the module are statically known (It doesn't have dynamic exports). So it's known statically that the requested export doesn't exist.

Import traces:
  Client Component Browser:
    ./components/motion/interactions.ts [Client Component Browser]
    ./components/motion/anime-scope.tsx [Client Component Browser]
    ./components/motion/anime-scope.tsx [Server Component]
    ./app/[locale]/page.tsx [Server Component]

  Client Component SSR:
    ./components/motion/interactions.ts [Client Component SSR]
    ./components/motion/anime-scope.tsx [Client Component SSR]
    ./components/motion/anime-scope.tsx [Server Component]
    ./app/[locale]/page.tsx [Server Component] @ http://localhost:3000/_next/static/chunks/node_modules_next_dist_0u_w_5s._.js:1945
[   88166ms] [ERROR] ./components/motion/interactions.ts:3:1
Export setStyle doesn't exist in target module
  1 | import { animate } from "motion"
  2 | import { DUR, EASE } from "./tokens"
> 3 | import { setStyle, clearStyle } from "./dom"
    | ^^^^^^^^^^^^^^^^^^^^^^^^^^^^^^^^^^^^^^^^^^^^
  4 |
  5 | /**
  6 |  * Interactive behaviours — the layer that responds to input rather than to scroll.

The export setStyle was not found in module [project]/components/motion/dom.ts [app-ssr] (ecmascript).
Did you mean to import setStyles?
All exports of the module are statically known (It doesn't have dynamic exports). So it's known statically that the requested export doesn't exist.

Import traces:
  Client Component Browser:
    ./components/motion/interactions.ts [Client Component Browser]
    ./components/motion/anime-scope.tsx [Client Component Browser]
    ./components/motion/anime-scope.tsx [Server Component]
    ./app/[locale]/page.tsx [Server Component]

  Client Component SSR:
    ./components/motion/interactions.ts [Client Component SSR]
    ./components/motion/anime-scope.tsx [Client Component SSR]
    ./components/motion/anime-scope.tsx [Server Component]
    ./app/[locale]/page.tsx [Server Component] @ http://localhost:3000/_next/static/chunks/node_modules_next_dist_0u_w_5s._.js:1945
[   88227ms] [ERROR] ./components/motion/interactions.ts:3:1
Export setStyle doesn't exist in target module
  1 | import { animate } from "motion"
  2 | import { DUR, EASE } from "./tokens"
> 3 | import { setStyle, clearStyle } from "./dom"
    | ^^^^^^^^^^^^^^^^^^^^^^^^^^^^^^^^^^^^^^^^^^^^
  4 |
  5 | /**
  6 |  * Interactive behaviours — the layer that responds to input rather than to scroll.

The export setStyle was not found in module [project]/components/motion/dom.ts [app-client] (ecmascript).
Did you mean to import setStyles?
All exports of the module are statically known (It doesn't have dynamic exports). So it's known statically that the requested export doesn't exist.

Import traces:
  Client Component Browser:
    ./components/motion/interactions.ts [Client Component Browser]
    ./components/motion/anime-scope.tsx [Client Component Browser]
    ./components/motion/anime-scope.tsx [Server Component]
    ./app/[locale]/page.tsx [Server Component]

  Client Component SSR:
    ./components/motion/interactions.ts [Client Component SSR]
    ./components/motion/anime-scope.tsx [Client Component SSR]
    ./components/motion/anime-scope.tsx [Server Component]
    ./app/[locale]/page.tsx [Server Component] @ http://localhost:3000/_next/static/chunks/node_modules_next_dist_0u_w_5s._.js:1945
[   88227ms] [ERROR] ./components/motion/interactions.ts:3:1
Export setStyle doesn't exist in target module
  1 | import { animate } from "motion"
  2 | import { DUR, EASE } from "./tokens"
> 3 | import { setStyle, clearStyle } from "./dom"
    | ^^^^^^^^^^^^^^^^^^^^^^^^^^^^^^^^^^^^^^^^^^^^
  4 |
  5 | /**
  6 |  * Interactive behaviours — the layer that responds to input rather than to scroll.

The export setStyle was not found in module [project]/components/motion/dom.ts [app-ssr] (ecmascript).
Did you mean to import setStyles?
All exports of the module are statically known (It doesn't have dynamic exports). So it's known statically that the requested export doesn't exist.

Import traces:
  Client Component Browser:
    ./components/motion/interactions.ts [Client Component Browser]
    ./components/motion/anime-scope.tsx [Client Component Browser]
    ./components/motion/anime-scope.tsx [Server Component]
    ./app/[locale]/page.tsx [Server Component]

  Client Component SSR:
    ./components/motion/interactions.ts [Client Component SSR]
    ./components/motion/anime-scope.tsx [Client Component SSR]
    ./components/motion/anime-scope.tsx [Server Component]
    ./app/[locale]/page.tsx [Server Component] @ http://localhost:3000/_next/static/chunks/node_modules_next_dist_0u_w_5s._.js:1945
[   88289ms] [ERROR] ./components/motion/interactions.ts:3:1
Export setStyle doesn't exist in target module
  1 | import { animate } from "motion"
  2 | import { DUR, EASE } from "./tokens"
> 3 | import { setStyle, clearStyle } from "./dom"
    | ^^^^^^^^^^^^^^^^^^^^^^^^^^^^^^^^^^^^^^^^^^^^
  4 |
  5 | /**
  6 |  * Interactive behaviours — the layer that responds to input rather than to scroll.

The export setStyle was not found in module [project]/components/motion/dom.ts [app-client] (ecmascript).
Did you mean to import setStyles?
All exports of the module are statically known (It doesn't have dynamic exports). So it's known statically that the requested export doesn't exist.

Import traces:
  Client Component Browser:
    ./components/motion/interactions.ts [Client Component Browser]
    ./components/motion/anime-scope.tsx [Client Component Browser]
    ./components/motion/anime-scope.tsx [Server Component]
    ./app/[locale]/page.tsx [Server Component]

  Client Component SSR:
    ./components/motion/interactions.ts [Client Component SSR]
    ./components/motion/anime-scope.tsx [Client Component SSR]
    ./components/motion/anime-scope.tsx [Server Component]
    ./app/[locale]/page.tsx [Server Component] @ http://localhost:3000/_next/static/chunks/node_modules_next_dist_0u_w_5s._.js:1945
[   88289ms] [ERROR] ./components/motion/interactions.ts:3:1
Export setStyle doesn't exist in target module
  1 | import { animate } from "motion"
  2 | import { DUR, EASE } from "./tokens"
> 3 | import { setStyle, clearStyle } from "./dom"
    | ^^^^^^^^^^^^^^^^^^^^^^^^^^^^^^^^^^^^^^^^^^^^
  4 |
  5 | /**
  6 |  * Interactive behaviours — the layer that responds to input rather than to scroll.

The export setStyle was not found in module [project]/components/motion/dom.ts [app-ssr] (ecmascript).
Did you mean to import setStyles?
All exports of the module are statically known (It doesn't have dynamic exports). So it's known statically that the requested export doesn't exist.

Import traces:
  Client Component Browser:
    ./components/motion/interactions.ts [Client Component Browser]
    ./components/motion/anime-scope.tsx [Client Component Browser]
    ./components/motion/anime-scope.tsx [Server Component]
    ./app/[locale]/page.tsx [Server Component]

  Client Component SSR:
    ./components/motion/interactions.ts [Client Component SSR]
    ./components/motion/anime-scope.tsx [Client Component SSR]
    ./components/motion/anime-scope.tsx [Server Component]
    ./app/[locale]/page.tsx [Server Component] @ http://localhost:3000/_next/static/chunks/node_modules_next_dist_0u_w_5s._.js:1945
[   88352ms] [ERROR] ./components/motion/interactions.ts:3:1
Export setStyle doesn't exist in target module
  1 | import { animate } from "motion"
  2 | import { DUR, EASE } from "./tokens"
> 3 | import { setStyle, clearStyle } from "./dom"
    | ^^^^^^^^^^^^^^^^^^^^^^^^^^^^^^^^^^^^^^^^^^^^
  4 |
  5 | /**
  6 |  * Interactive behaviours — the layer that responds to input rather than to scroll.

The export setStyle was not found in module [project]/components/motion/dom.ts [app-client] (ecmascript).
Did you mean to import setStyles?
All exports of the module are statically known (It doesn't have dynamic exports). So it's known statically that the requested export doesn't exist.

Import traces:
  Client Component Browser:
    ./components/motion/interactions.ts [Client Component Browser]
    ./components/motion/anime-scope.tsx [Client Component Browser]
    ./components/motion/anime-scope.tsx [Server Component]
    ./app/[locale]/page.tsx [Server Component]

  Client Component SSR:
    ./components/motion/interactions.ts [Client Component SSR]
    ./components/motion/anime-scope.tsx [Client Component SSR]
    ./components/motion/anime-scope.tsx [Server Component]
    ./app/[locale]/page.tsx [Server Component] @ http://localhost:3000/_next/static/chunks/node_modules_next_dist_0u_w_5s._.js:1945
[   88352ms] [ERROR] ./components/motion/interactions.ts:3:1
Export setStyle doesn't exist in target module
  1 | import { animate } from "motion"
  2 | import { DUR, EASE } from "./tokens"
> 3 | import { setStyle, clearStyle } from "./dom"
    | ^^^^^^^^^^^^^^^^^^^^^^^^^^^^^^^^^^^^^^^^^^^^
  4 |
  5 | /**
  6 |  * Interactive behaviours — the layer that responds to input rather than to scroll.

The export setStyle was not found in module [project]/components/motion/dom.ts [app-ssr] (ecmascript).
Did you mean to import setStyles?
All exports of the module are statically known (It doesn't have dynamic exports). So it's known statically that the requested export doesn't exist.

Import traces:
  Client Component Browser:
    ./components/motion/interactions.ts [Client Component Browser]
    ./components/motion/anime-scope.tsx [Client Component Browser]
    ./components/motion/anime-scope.tsx [Server Component]
    ./app/[locale]/page.tsx [Server Component]

  Client Component SSR:
    ./components/motion/interactions.ts [Client Component SSR]
    ./components/motion/anime-scope.tsx [Client Component SSR]
    ./components/motion/anime-scope.tsx [Server Component]
    ./app/[locale]/page.tsx [Server Component] @ http://localhost:3000/_next/static/chunks/node_modules_next_dist_0u_w_5s._.js:1945
[   88414ms] [ERROR] ./components/motion/interactions.ts:3:1
Export setStyle doesn't exist in target module
  1 | import { animate } from "motion"
  2 | import { DUR, EASE } from "./tokens"
> 3 | import { setStyle, clearStyle } from "./dom"
    | ^^^^^^^^^^^^^^^^^^^^^^^^^^^^^^^^^^^^^^^^^^^^
  4 |
  5 | /**
  6 |  * Interactive behaviours — the layer that responds to input rather than to scroll.

The export setStyle was not found in module [project]/components/motion/dom.ts [app-client] (ecmascript).
Did you mean to import setStyles?
All exports of the module are statically known (It doesn't have dynamic exports). So it's known statically that the requested export doesn't exist.

Import traces:
  Client Component Browser:
    ./components/motion/interactions.ts [Client Component Browser]
    ./components/motion/anime-scope.tsx [Client Component Browser]
    ./components/motion/anime-scope.tsx [Server Component]
    ./app/[locale]/page.tsx [Server Component]

  Client Component SSR:
    ./components/motion/interactions.ts [Client Component SSR]
    ./components/motion/anime-scope.tsx [Client Component SSR]
    ./components/motion/anime-scope.tsx [Server Component]
    ./app/[locale]/page.tsx [Server Component] @ http://localhost:3000/_next/static/chunks/node_modules_next_dist_0u_w_5s._.js:1945
[   88415ms] [ERROR] ./components/motion/interactions.ts:3:1
Export setStyle doesn't exist in target module
  1 | import { animate } from "motion"
  2 | import { DUR, EASE } from "./tokens"
> 3 | import { setStyle, clearStyle } from "./dom"
    | ^^^^^^^^^^^^^^^^^^^^^^^^^^^^^^^^^^^^^^^^^^^^
  4 |
  5 | /**
  6 |  * Interactive behaviours — the layer that responds to input rather than to scroll.

The export setStyle was not found in module [project]/components/motion/dom.ts [app-ssr] (ecmascript).
Did you mean to import setStyles?
All exports of the module are statically known (It doesn't have dynamic exports). So it's known statically that the requested export doesn't exist.

Import traces:
  Client Component Browser:
    ./components/motion/interactions.ts [Client Component Browser]
    ./components/motion/anime-scope.tsx [Client Component Browser]
    ./components/motion/anime-scope.tsx [Server Component]
    ./app/[locale]/page.tsx [Server Component]

  Client Component SSR:
    ./components/motion/interactions.ts [Client Component SSR]
    ./components/motion/anime-scope.tsx [Client Component SSR]
    ./components/motion/anime-scope.tsx [Server Component]
    ./app/[locale]/page.tsx [Server Component] @ http://localhost:3000/_next/static/chunks/node_modules_next_dist_0u_w_5s._.js:1945
[   88476ms] [ERROR] ./components/motion/interactions.ts:3:1
Export setStyle doesn't exist in target module
  1 | import { animate } from "motion"
  2 | import { DUR, EASE } from "./tokens"
> 3 | import { setStyle, clearStyle } from "./dom"
    | ^^^^^^^^^^^^^^^^^^^^^^^^^^^^^^^^^^^^^^^^^^^^
  4 |
  5 | /**
  6 |  * Interactive behaviours — the layer that responds to input rather than to scroll.

The export setStyle was not found in module [project]/components/motion/dom.ts [app-client] (ecmascript).
Did you mean to import setStyles?
All exports of the module are statically known (It doesn't have dynamic exports). So it's known statically that the requested export doesn't exist.

Import traces:
  Client Component Browser:
    ./components/motion/interactions.ts [Client Component Browser]
    ./components/motion/anime-scope.tsx [Client Component Browser]
    ./components/motion/anime-scope.tsx [Server Component]
    ./app/[locale]/page.tsx [Server Component]

  Client Component SSR:
    ./components/motion/interactions.ts [Client Component SSR]
    ./components/motion/anime-scope.tsx [Client Component SSR]
    ./components/motion/anime-scope.tsx [Server Component]
    ./app/[locale]/page.tsx [Server Component] @ http://localhost:3000/_next/static/chunks/node_modules_next_dist_0u_w_5s._.js:1945
[   88476ms] [ERROR] ./components/motion/interactions.ts:3:1
Export setStyle doesn't exist in target module
  1 | import { animate } from "motion"
  2 | import { DUR, EASE } from "./tokens"
> 3 | import { setStyle, clearStyle } from "./dom"
    | ^^^^^^^^^^^^^^^^^^^^^^^^^^^^^^^^^^^^^^^^^^^^
  4 |
  5 | /**
  6 |  * Interactive behaviours — the layer that responds to input rather than to scroll.

The export setStyle was not found in module [project]/components/motion/dom.ts [app-ssr] (ecmascript).
Did you mean to import setStyles?
All exports of the module are statically known (It doesn't have dynamic exports). So it's known statically that the requested export doesn't exist.

Import traces:
  Client Component Browser:
    ./components/motion/interactions.ts [Client Component Browser]
    ./components/motion/anime-scope.tsx [Client Component Browser]
    ./components/motion/anime-scope.tsx [Server Component]
    ./app/[locale]/page.tsx [Server Component]

  Client Component SSR:
    ./components/motion/interactions.ts [Client Component SSR]
    ./components/motion/anime-scope.tsx [Client Component SSR]
    ./components/motion/anime-scope.tsx [Server Component]
    ./app/[locale]/page.tsx [Server Component] @ http://localhost:3000/_next/static/chunks/node_modules_next_dist_0u_w_5s._.js:1945
[   88538ms] [ERROR] ./components/motion/interactions.ts:3:1
Export setStyle doesn't exist in target module
  1 | import { animate } from "motion"
  2 | import { DUR, EASE } from "./tokens"
> 3 | import { setStyle, clearStyle } from "./dom"
    | ^^^^^^^^^^^^^^^^^^^^^^^^^^^^^^^^^^^^^^^^^^^^
  4 |
  5 | /**
  6 |  * Interactive behaviours — the layer that responds to input rather than to scroll.

The export setStyle was not found in module [project]/components/motion/dom.ts [app-client] (ecmascript).
Did you mean to import setStyles?
All exports of the module are statically known (It doesn't have dynamic exports). So it's known statically that the requested export doesn't exist.

Import traces:
  Client Component Browser:
    ./components/motion/interactions.ts [Client Component Browser]
    ./components/motion/anime-scope.tsx [Client Component Browser]
    ./components/motion/anime-scope.tsx [Server Component]
    ./app/[locale]/page.tsx [Server Component]

  Client Component SSR:
    ./components/motion/interactions.ts [Client Component SSR]
    ./components/motion/anime-scope.tsx [Client Component SSR]
    ./components/motion/anime-scope.tsx [Server Component]
    ./app/[locale]/page.tsx [Server Component] @ http://localhost:3000/_next/static/chunks/node_modules_next_dist_0u_w_5s._.js:1945
[   88538ms] [ERROR] ./components/motion/interactions.ts:3:1
Export setStyle doesn't exist in target module
  1 | import { animate } from "motion"
  2 | import { DUR, EASE } from "./tokens"
> 3 | import { setStyle, clearStyle } from "./dom"
    | ^^^^^^^^^^^^^^^^^^^^^^^^^^^^^^^^^^^^^^^^^^^^
  4 |
  5 | /**
  6 |  * Interactive behaviours — the layer that responds to input rather than to scroll.

The export setStyle was not found in module [project]/components/motion/dom.ts [app-ssr] (ecmascript).
Did you mean to import setStyles?
All exports of the module are statically known (It doesn't have dynamic exports). So it's known statically that the requested export doesn't exist.

Import traces:
  Client Component Browser:
    ./components/motion/interactions.ts [Client Component Browser]
    ./components/motion/anime-scope.tsx [Client Component Browser]
    ./components/motion/anime-scope.tsx [Server Component]
    ./app/[locale]/page.tsx [Server Component]

  Client Component SSR:
    ./components/motion/interactions.ts [Client Component SSR]
    ./components/motion/anime-scope.tsx [Client Component SSR]
    ./components/motion/anime-scope.tsx [Server Component]
    ./app/[locale]/page.tsx [Server Component] @ http://localhost:3000/_next/static/chunks/node_modules_next_dist_0u_w_5s._.js:1945
[   88601ms] [ERROR] ./components/motion/interactions.ts:3:1
Export setStyle doesn't exist in target module
  1 | import { animate } from "motion"
  2 | import { DUR, EASE } from "./tokens"
> 3 | import { setStyle, clearStyle } from "./dom"
    | ^^^^^^^^^^^^^^^^^^^^^^^^^^^^^^^^^^^^^^^^^^^^
  4 |
  5 | /**
  6 |  * Interactive behaviours — the layer that responds to input rather than to scroll.

The export setStyle was not found in module [project]/components/motion/dom.ts [app-client] (ecmascript).
Did you mean to import setStyles?
All exports of the module are statically known (It doesn't have dynamic exports). So it's known statically that the requested export doesn't exist.

Import traces:
  Client Component Browser:
    ./components/motion/interactions.ts [Client Component Browser]
    ./components/motion/anime-scope.tsx [Client Component Browser]
    ./components/motion/anime-scope.tsx [Server Component]
    ./app/[locale]/page.tsx [Server Component]

  Client Component SSR:
    ./components/motion/interactions.ts [Client Component SSR]
    ./components/motion/anime-scope.tsx [Client Component SSR]
    ./components/motion/anime-scope.tsx [Server Component]
    ./app/[locale]/page.tsx [Server Component] @ http://localhost:3000/_next/static/chunks/node_modules_next_dist_0u_w_5s._.js:1945
[   88602ms] [ERROR] ./components/motion/interactions.ts:3:1
Export setStyle doesn't exist in target module
  1 | import { animate } from "motion"
  2 | import { DUR, EASE } from "./tokens"
> 3 | import { setStyle, clearStyle } from "./dom"
    | ^^^^^^^^^^^^^^^^^^^^^^^^^^^^^^^^^^^^^^^^^^^^
  4 |
  5 | /**
  6 |  * Interactive behaviours — the layer that responds to input rather than to scroll.

The export setStyle was not found in module [project]/components/motion/dom.ts [app-ssr] (ecmascript).
Did you mean to import setStyles?
All exports of the module are statically known (It doesn't have dynamic exports). So it's known statically that the requested export doesn't exist.

Import traces:
  Client Component Browser:
    ./components/motion/interactions.ts [Client Component Browser]
    ./components/motion/anime-scope.tsx [Client Component Browser]
    ./components/motion/anime-scope.tsx [Server Component]
    ./app/[locale]/page.tsx [Server Component]

  Client Component SSR:
    ./components/motion/interactions.ts [Client Component SSR]
    ./components/motion/anime-scope.tsx [Client Component SSR]
    ./components/motion/anime-scope.tsx [Server Component]
    ./app/[locale]/page.tsx [Server Component] @ http://localhost:3000/_next/static/chunks/node_modules_next_dist_0u_w_5s._.js:1945
[   88708ms] [LOG] [Fast Refresh] rebuilding @ http://localhost:3000/_next/static/chunks/node_modules_next_dist_0u_w_5s._.js:1226
[   88775ms] [ERROR] ./components/motion/interactions.ts:3:1
Export setStyle doesn't exist in target module
  1 | import { animate } from "motion"
  2 | import { DUR, EASE } from "./tokens"
> 3 | import { setStyle, clearStyle } from "./dom"
    | ^^^^^^^^^^^^^^^^^^^^^^^^^^^^^^^^^^^^^^^^^^^^
  4 |
  5 | /**
  6 |  * Interactive behaviours — the layer that responds to input rather than to scroll.

The export setStyle was not found in module [project]/components/motion/dom.ts [app-client] (ecmascript).
Did you mean to import setStyles?
All exports of the module are statically known (It doesn't have dynamic exports). So it's known statically that the requested export doesn't exist.

Import traces:
  Client Component Browser:
    ./components/motion/interactions.ts [Client Component Browser]
    ./components/motion/anime-scope.tsx [Client Component Browser]
    ./components/motion/anime-scope.tsx [Server Component]
    ./app/[locale]/page.tsx [Server Component]

  Client Component SSR:
    ./components/motion/interactions.ts [Client Component SSR]
    ./components/motion/anime-scope.tsx [Client Component SSR]
    ./components/motion/anime-scope.tsx [Server Component]
    ./app/[locale]/page.tsx [Server Component] @ http://localhost:3000/_next/static/chunks/node_modules_next_dist_0u_w_5s._.js:1945
[   88775ms] [ERROR] ./components/motion/interactions.ts:3:1
Export setStyle doesn't exist in target module
  1 | import { animate } from "motion"
  2 | import { DUR, EASE } from "./tokens"
> 3 | import { setStyle, clearStyle } from "./dom"
    | ^^^^^^^^^^^^^^^^^^^^^^^^^^^^^^^^^^^^^^^^^^^^
  4 |
  5 | /**
  6 |  * Interactive behaviours — the layer that responds to input rather than to scroll.

The export setStyle was not found in module [project]/components/motion/dom.ts [app-ssr] (ecmascript).
Did you mean to import setStyles?
All exports of the module are statically known (It doesn't have dynamic exports). So it's known statically that the requested export doesn't exist.

Import traces:
  Client Component Browser:
    ./components/motion/interactions.ts [Client Component Browser]
    ./components/motion/anime-scope.tsx [Client Component Browser]
    ./components/motion/anime-scope.tsx [Server Component]
    ./app/[locale]/page.tsx [Server Component]

  Client Component SSR:
    ./components/motion/interactions.ts [Client Component SSR]
    ./components/motion/anime-scope.tsx [Client Component SSR]
    ./components/motion/anime-scope.tsx [Server Component]
    ./app/[locale]/page.tsx [Server Component] @ http://localhost:3000/_next/static/chunks/node_modules_next_dist_0u_w_5s._.js:1945
[   88841ms] [ERROR] ./components/motion/interactions.ts:3:1
Export setStyle doesn't exist in target module
  1 | import { animate } from "motion"
  2 | import { DUR, EASE } from "./tokens"
> 3 | import { setStyle, clearStyle } from "./dom"
    | ^^^^^^^^^^^^^^^^^^^^^^^^^^^^^^^^^^^^^^^^^^^^
  4 |
  5 | /**
  6 |  * Interactive behaviours — the layer that responds to input rather than to scroll.

The export setStyle was not found in module [project]/components/motion/dom.ts [app-client] (ecmascript).
Did you mean to import setStyles?
All exports of the module are statically known (It doesn't have dynamic exports). So it's known statically that the requested export doesn't exist.

Import traces:
  Client Component Browser:
    ./components/motion/interactions.ts [Client Component Browser]
    ./components/motion/anime-scope.tsx [Client Component Browser]
    ./components/motion/anime-scope.tsx [Server Component]
    ./app/[locale]/page.tsx [Server Component]

  Client Component SSR:
    ./components/motion/interactions.ts [Client Component SSR]
    ./components/motion/anime-scope.tsx [Client Component SSR]
    ./components/motion/anime-scope.tsx [Server Component]
    ./app/[locale]/page.tsx [Server Component] @ http://localhost:3000/_next/static/chunks/node_modules_next_dist_0u_w_5s._.js:1945
[   88841ms] [ERROR] ./components/motion/interactions.ts:3:1
Export setStyle doesn't exist in target module
  1 | import { animate } from "motion"
  2 | import { DUR, EASE } from "./tokens"
> 3 | import { setStyle, clearStyle } from "./dom"
    | ^^^^^^^^^^^^^^^^^^^^^^^^^^^^^^^^^^^^^^^^^^^^
  4 |
  5 | /**
  6 |  * Interactive behaviours — the layer that responds to input rather than to scroll.

The export setStyle was not found in module [project]/components/motion/dom.ts [app-ssr] (ecmascript).
Did you mean to import setStyles?
All exports of the module are statically known (It doesn't have dynamic exports). So it's known statically that the requested export doesn't exist.

Import traces:
  Client Component Browser:
    ./components/motion/interactions.ts [Client Component Browser]
    ./components/motion/anime-scope.tsx [Client Component Browser]
    ./components/motion/anime-scope.tsx [Server Component]
    ./app/[locale]/page.tsx [Server Component]

  Client Component SSR:
    ./components/motion/interactions.ts [Client Component SSR]
    ./components/motion/anime-scope.tsx [Client Component SSR]
    ./components/motion/anime-scope.tsx [Server Component]
    ./app/[locale]/page.tsx [Server Component] @ http://localhost:3000/_next/static/chunks/node_modules_next_dist_0u_w_5s._.js:1945
[   88895ms] [ERROR] Failed to load resource: the server responded with a status of 500 (Internal Server Error) @ http://localhost:3000/:0
[   88931ms] [INFO] %cDownload the React DevTools for a better development experience: https://react.dev/link/react-devtools font-weight:bold @ http://localhost:3000/_next/static/chunks/node_modules_react-dom_cjs_react-dom-client_development_0z3nh7o.js:16702
[   88940ms] Error: ./components/motion/interactions.ts:3:1
Export setStyle doesn't exist in target module
  1 | import { animate } from "motion"
  2 | import { DUR, EASE } from "./tokens"
> 3 | import { setStyle, clearStyle } from "./dom"
    | ^^^^^^^^^^^^^^^^^^^^^^^^^^^^^^^^^^^^^^^^^^^^
  4 |
  5 | /**
  6 |  * Interactive behaviours — the layer that responds to input rather than to scroll.

The export setStyle was not found in module [project]/components/motion/dom.ts [app-client] (ecmascript).
Did you mean to import setStyles?
All exports of the module are statically known (It doesn't have dynamic exports). So it's known statically that the requested export doesn't exist.

Import traces:
  Client Component Browser:
    ./components/motion/interactions.ts [Client Component Browser]
    ./components/motion/anime-scope.tsx [Client Component Browser]
    ./components/motion/anime-scope.tsx [Server Component]
    ./app/[locale]/page.tsx [Server Component]

  Client Component SSR:
    ./components/motion/interactions.ts [Client Component SSR]
    ./components/motion/anime-scope.tsx [Client Component SSR]
    ./components/motion/anime-scope.tsx [Server Component]
    ./app/[locale]/page.tsx [Server Component]


    at <unknown> (Error: ./components/motion/interactions.ts:3:1)
    at Object.getCompilationErrors (file://C:\Users\Ibra\Documents\GitHub\sana\node_modules\next\dist\server\dev\hot-reloader-turbopack.js:1186:59)
    at DevBundlerService.getCompilationError (file://C:\Users\Ibra\Documents\GitHub\sana\node_modules\next\dist\server\lib\dev-bundler-service.js:44:55)
    at DevServer.getCompilationError (file://C:\Users\Ibra\Documents\GitHub\sana\node_modules\next\dist\server\dev\next-dev-server.js:720:42)
    at DevServer.findPageComponents (file://C:\Users\Ibra\Documents\GitHub\sana\node_modules\next\dist\server\dev\next-dev-server.js:690:43)
    at async DevServer.renderErrorToResponseImpl (file://C:\Users\Ibra\Documents\GitHub\sana\node_modules\next\dist\server\base-server.js:1753:26)
[   88940ms] [ERROR] Refused to execute script from 'http://localhost:3000/_next/static/development/_clientMiddlewareManifest.js' because its MIME type ('application/json') is not executable, and strict MIME type checking is enabled. @ http://localhost:3000/:0
[   88942ms] [LOG] [HMR] connected @ http://localhost:3000/_next/static/chunks/node_modules_next_dist_0u_w_5s._.js:1226
[   88983ms] [ERROR] ./components/motion/interactions.ts:3:1
Export setStyle doesn't exist in target module
  1 | import { animate } from "motion"
  2 | import { DUR, EASE } from "./tokens"
> 3 | import { setStyle, clearStyle } from "./dom"
    | ^^^^^^^^^^^^^^^^^^^^^^^^^^^^^^^^^^^^^^^^^^^^
  4 |
  5 | /**
  6 |  * Interactive behaviours — the layer that responds to input rather than to scroll.

The export setStyle was not found in module [project]/components/motion/dom.ts [app-client] (ecmascript).
Did you mean to import setStyles?
All exports of the module are statically known (It doesn't have dynamic exports). So it's known statically that the requested export doesn't exist.

Import traces:
  Client Component Browser:
    ./components/motion/interactions.ts [Client Component Browser]
    ./components/motion/anime-scope.tsx [Client Component Browser]
    ./components/motion/anime-scope.tsx [Server Component]
    ./app/[locale]/page.tsx [Server Component]

  Client Component SSR:
    ./components/motion/interactions.ts [Client Component SSR]
    ./components/motion/anime-scope.tsx [Client Component SSR]
    ./components/motion/anime-scope.tsx [Server Component]
    ./app/[locale]/page.tsx [Server Component] @ http://localhost:3000/_next/static/chunks/node_modules_next_dist_0u_w_5s._.js:1945
[   88983ms] [ERROR] ./components/motion/interactions.ts:3:1
Export setStyle doesn't exist in target module
  1 | import { animate } from "motion"
  2 | import { DUR, EASE } from "./tokens"
> 3 | import { setStyle, clearStyle } from "./dom"
    | ^^^^^^^^^^^^^^^^^^^^^^^^^^^^^^^^^^^^^^^^^^^^
  4 |
  5 | /**
  6 |  * Interactive behaviours — the layer that responds to input rather than to scroll.

The export setStyle was not found in module [project]/components/motion/dom.ts [app-ssr] (ecmascript).
Did you mean to import setStyles?
All exports of the module are statically known (It doesn't have dynamic exports). So it's known statically that the requested export doesn't exist.

Import traces:
  Client Component Browser:
    ./components/motion/interactions.ts [Client Component Browser]
    ./components/motion/anime-scope.tsx [Client Component Browser]
    ./components/motion/anime-scope.tsx [Server Component]
    ./app/[locale]/page.tsx [Server Component]

  Client Component SSR:
    ./components/motion/interactions.ts [Client Component SSR]
    ./components/motion/anime-scope.tsx [Client Component SSR]
    ./components/motion/anime-scope.tsx [Server Component]
    ./app/[locale]/page.tsx [Server Component] @ http://localhost:3000/_next/static/chunks/node_modules_next_dist_0u_w_5s._.js:1945
[   89003ms] [ERROR] Failed to load resource: the server responded with a status of 500 (Internal Server Error) @ http://localhost:3000/favicon.ico:0
[   89067ms] [ERROR] ./components/motion/interactions.ts:3:1
Export setStyle doesn't exist in target module
  1 | import { animate } from "motion"
  2 | import { DUR, EASE } from "./tokens"
> 3 | import { setStyle, clearStyle } from "./dom"
    | ^^^^^^^^^^^^^^^^^^^^^^^^^^^^^^^^^^^^^^^^^^^^
  4 |
  5 | /**
  6 |  * Interactive behaviours — the layer that responds to input rather than to scroll.

The export setStyle was not found in module [project]/components/motion/dom.ts [app-client] (ecmascript).
Did you mean to import setStyles?
All exports of the module are statically known (It doesn't have dynamic exports). So it's known statically that the requested export doesn't exist.

Import traces:
  Client Component Browser:
    ./components/motion/interactions.ts [Client Component Browser]
    ./components/motion/anime-scope.tsx [Client Component Browser]
    ./components/motion/anime-scope.tsx [Server Component]
    ./app/[locale]/page.tsx [Server Component]

  Client Component SSR:
    ./components/motion/interactions.ts [Client Component SSR]
    ./components/motion/anime-scope.tsx [Client Component SSR]
    ./components/motion/anime-scope.tsx [Server Component]
    ./app/[locale]/page.tsx [Server Component] @ http://localhost:3000/_next/static/chunks/node_modules_next_dist_0u_w_5s._.js:1945
[   89067ms] [ERROR] ./components/motion/interactions.ts:3:1
Export setStyle doesn't exist in target module
  1 | import { animate } from "motion"
  2 | import { DUR, EASE } from "./tokens"
> 3 | import { setStyle, clearStyle } from "./dom"
    | ^^^^^^^^^^^^^^^^^^^^^^^^^^^^^^^^^^^^^^^^^^^^
  4 |
  5 | /**
  6 |  * Interactive behaviours — the layer that responds to input rather than to scroll.

The export setStyle was not found in module [project]/components/motion/dom.ts [app-ssr] (ecmascript).
Did you mean to import setStyles?
All exports of the module are statically known (It doesn't have dynamic exports). So it's known statically that the requested export doesn't exist.

Import traces:
  Client Component Browser:
    ./components/motion/interactions.ts [Client Component Browser]
    ./components/motion/anime-scope.tsx [Client Component Browser]
    ./components/motion/anime-scope.tsx [Server Component]
    ./app/[locale]/page.tsx [Server Component]

  Client Component SSR:
    ./components/motion/interactions.ts [Client Component SSR]
    ./components/motion/anime-scope.tsx [Client Component SSR]
    ./components/motion/anime-scope.tsx [Server Component]
    ./app/[locale]/page.tsx [Server Component] @ http://localhost:3000/_next/static/chunks/node_modules_next_dist_0u_w_5s._.js:1945
[   89115ms] [ERROR] ./components/motion/interactions.ts:3:1
Export setStyle doesn't exist in target module
  1 | import { animate } from "motion"
  2 | import { DUR, EASE } from "./tokens"
> 3 | import { setStyle, clearStyle } from "./dom"
    | ^^^^^^^^^^^^^^^^^^^^^^^^^^^^^^^^^^^^^^^^^^^^
  4 |
  5 | /**
  6 |  * Interactive behaviours — the layer that responds to input rather than to scroll.

The export setStyle was not found in module [project]/components/motion/dom.ts [app-client] (ecmascript).
Did you mean to import setStyles?
All exports of the module are statically known (It doesn't have dynamic exports). So it's known statically that the requested export doesn't exist.

Import traces:
  Client Component Browser:
    ./components/motion/interactions.ts [Client Component Browser]
    ./components/motion/anime-scope.tsx [Client Component Browser]
    ./components/motion/anime-scope.tsx [Server Component]
    ./app/[locale]/page.tsx [Server Component]

  Client Component SSR:
    ./components/motion/interactions.ts [Client Component SSR]
    ./components/motion/anime-scope.tsx [Client Component SSR]
    ./components/motion/anime-scope.tsx [Server Component]
    ./app/[locale]/page.tsx [Server Component] @ http://localhost:3000/_next/static/chunks/node_modules_next_dist_0u_w_5s._.js:1945
[   89115ms] [ERROR] ./components/motion/interactions.ts:3:1
Export setStyle doesn't exist in target module
  1 | import { animate } from "motion"
  2 | import { DUR, EASE } from "./tokens"
> 3 | import { setStyle, clearStyle } from "./dom"
    | ^^^^^^^^^^^^^^^^^^^^^^^^^^^^^^^^^^^^^^^^^^^^
  4 |
  5 | /**
  6 |  * Interactive behaviours — the layer that responds to input rather than to scroll.

The export setStyle was not found in module [project]/components/motion/dom.ts [app-ssr] (ecmascript).
Did you mean to import setStyles?
All exports of the module are statically known (It doesn't have dynamic exports). So it's known statically that the requested export doesn't exist.

Import traces:
  Client Component Browser:
    ./components/motion/interactions.ts [Client Component Browser]
    ./components/motion/anime-scope.tsx [Client Component Browser]
    ./components/motion/anime-scope.tsx [Server Component]
    ./app/[locale]/page.tsx [Server Component]

  Client Component SSR:
    ./components/motion/interactions.ts [Client Component SSR]
    ./components/motion/anime-scope.tsx [Client Component SSR]
    ./components/motion/anime-scope.tsx [Server Component]
    ./app/[locale]/page.tsx [Server Component] @ http://localhost:3000/_next/static/chunks/node_modules_next_dist_0u_w_5s._.js:1945
[   89174ms] [ERROR] ./components/motion/interactions.ts:3:1
Export setStyle doesn't exist in target module
  1 | import { animate } from "motion"
  2 | import { DUR, EASE } from "./tokens"
> 3 | import { setStyle, clearStyle } from "./dom"
    | ^^^^^^^^^^^^^^^^^^^^^^^^^^^^^^^^^^^^^^^^^^^^
  4 |
  5 | /**
  6 |  * Interactive behaviours — the layer that responds to input rather than to scroll.

The export setStyle was not found in module [project]/components/motion/dom.ts [app-client] (ecmascript).
Did you mean to import setStyles?
All exports of the module are statically known (It doesn't have dynamic exports). So it's known statically that the requested export doesn't exist.

Import traces:
  Client Component Browser:
    ./components/motion/interactions.ts [Client Component Browser]
    ./components/motion/anime-scope.tsx [Client Component Browser]
    ./components/motion/anime-scope.tsx [Server Component]
    ./app/[locale]/page.tsx [Server Component]

  Client Component SSR:
    ./components/motion/interactions.ts [Client Component SSR]
    ./components/motion/anime-scope.tsx [Client Component SSR]
    ./components/motion/anime-scope.tsx [Server Component]
    ./app/[locale]/page.tsx [Server Component] @ http://localhost:3000/_next/static/chunks/node_modules_next_dist_0u_w_5s._.js:1945
[   89174ms] [ERROR] ./components/motion/interactions.ts:3:1
Export setStyle doesn't exist in target module
  1 | import { animate } from "motion"
  2 | import { DUR, EASE } from "./tokens"
> 3 | import { setStyle, clearStyle } from "./dom"
    | ^^^^^^^^^^^^^^^^^^^^^^^^^^^^^^^^^^^^^^^^^^^^
  4 |
  5 | /**
  6 |  * Interactive behaviours — the layer that responds to input rather than to scroll.

The export setStyle was not found in module [project]/components/motion/dom.ts [app-ssr] (ecmascript).
Did you mean to import setStyles?
All exports of the module are statically known (It doesn't have dynamic exports). So it's known statically that the requested export doesn't exist.

Import traces:
  Client Component Browser:
    ./components/motion/interactions.ts [Client Component Browser]
    ./components/motion/anime-scope.tsx [Client Component Browser]
    ./components/motion/anime-scope.tsx [Server Component]
    ./app/[locale]/page.tsx [Server Component]

  Client Component SSR:
    ./components/motion/interactions.ts [Client Component SSR]
    ./components/motion/anime-scope.tsx [Client Component SSR]
    ./components/motion/anime-scope.tsx [Server Component]
    ./app/[locale]/page.tsx [Server Component] @ http://localhost:3000/_next/static/chunks/node_modules_next_dist_0u_w_5s._.js:1945
[   89235ms] [ERROR] ./components/motion/interactions.ts:3:1
Export setStyle doesn't exist in target module
  1 | import { animate } from "motion"
  2 | import { DUR, EASE } from "./tokens"
> 3 | import { setStyle, clearStyle } from "./dom"
    | ^^^^^^^^^^^^^^^^^^^^^^^^^^^^^^^^^^^^^^^^^^^^
  4 |
  5 | /**
  6 |  * Interactive behaviours — the layer that responds to input rather than to scroll.

The export setStyle was not found in module [project]/components/motion/dom.ts [app-client] (ecmascript).
Did you mean to import setStyles?
All exports of the module are statically known (It doesn't have dynamic exports). So it's known statically that the requested export doesn't exist.

Import traces:
  Client Component Browser:
    ./components/motion/interactions.ts [Client Component Browser]
    ./components/motion/anime-scope.tsx [Client Component Browser]
    ./components/motion/anime-scope.tsx [Server Component]
    ./app/[locale]/page.tsx [Server Component]

  Client Component SSR:
    ./components/motion/interactions.ts [Client Component SSR]
    ./components/motion/anime-scope.tsx [Client Component SSR]
    ./components/motion/anime-scope.tsx [Server Component]
    ./app/[locale]/page.tsx [Server Component] @ http://localhost:3000/_next/static/chunks/node_modules_next_dist_0u_w_5s._.js:1945
[   89236ms] [ERROR] ./components/motion/interactions.ts:3:1
Export setStyle doesn't exist in target module
  1 | import { animate } from "motion"
  2 | import { DUR, EASE } from "./tokens"
> 3 | import { setStyle, clearStyle } from "./dom"
    | ^^^^^^^^^^^^^^^^^^^^^^^^^^^^^^^^^^^^^^^^^^^^
  4 |
  5 | /**
  6 |  * Interactive behaviours — the layer that responds to input rather than to scroll.

The export setStyle was not found in module [project]/components/motion/dom.ts [app-ssr] (ecmascript).
Did you mean to import setStyles?
All exports of the module are statically known (It doesn't have dynamic exports). So it's known statically that the requested export doesn't exist.

Import traces:
  Client Component Browser:
    ./components/motion/interactions.ts [Client Component Browser]
    ./components/motion/anime-scope.tsx [Client Component Browser]
    ./components/motion/anime-scope.tsx [Server Component]
    ./app/[locale]/page.tsx [Server Component]

  Client Component SSR:
    ./components/motion/interactions.ts [Client Component SSR]
    ./components/motion/anime-scope.tsx [Client Component SSR]
    ./components/motion/anime-scope.tsx [Server Component]
    ./app/[locale]/page.tsx [Server Component] @ http://localhost:3000/_next/static/chunks/node_modules_next_dist_0u_w_5s._.js:1945
[   89298ms] [ERROR] ./components/motion/interactions.ts:3:1
Export setStyle doesn't exist in target module
  1 | import { animate } from "motion"
  2 | import { DUR, EASE } from "./tokens"
> 3 | import { setStyle, clearStyle } from "./dom"
    | ^^^^^^^^^^^^^^^^^^^^^^^^^^^^^^^^^^^^^^^^^^^^
  4 |
  5 | /**
  6 |  * Interactive behaviours — the layer that responds to input rather than to scroll.

The export setStyle was not found in module [project]/components/motion/dom.ts [app-client] (ecmascript).
Did you mean to import setStyles?
All exports of the module are statically known (It doesn't have dynamic exports). So it's known statically that the requested export doesn't exist.

Import traces:
  Client Component Browser:
    ./components/motion/interactions.ts [Client Component Browser]
    ./components/motion/anime-scope.tsx [Client Component Browser]
    ./components/motion/anime-scope.tsx [Server Component]
    ./app/[locale]/page.tsx [Server Component]

  Client Component SSR:
    ./components/motion/interactions.ts [Client Component SSR]
    ./components/motion/anime-scope.tsx [Client Component SSR]
    ./components/motion/anime-scope.tsx [Server Component]
    ./app/[locale]/page.tsx [Server Component] @ http://localhost:3000/_next/static/chunks/node_modules_next_dist_0u_w_5s._.js:1945
[   89298ms] [ERROR] ./components/motion/interactions.ts:3:1
Export setStyle doesn't exist in target module
  1 | import { animate } from "motion"
  2 | import { DUR, EASE } from "./tokens"
> 3 | import { setStyle, clearStyle } from "./dom"
    | ^^^^^^^^^^^^^^^^^^^^^^^^^^^^^^^^^^^^^^^^^^^^
  4 |
  5 | /**
  6 |  * Interactive behaviours — the layer that responds to input rather than to scroll.

The export setStyle was not found in module [project]/components/motion/dom.ts [app-ssr] (ecmascript).
Did you mean to import setStyles?
All exports of the module are statically known (It doesn't have dynamic exports). So it's known statically that the requested export doesn't exist.

Import traces:
  Client Component Browser:
    ./components/motion/interactions.ts [Client Component Browser]
    ./components/motion/anime-scope.tsx [Client Component Browser]
    ./components/motion/anime-scope.tsx [Server Component]
    ./app/[locale]/page.tsx [Server Component]

  Client Component SSR:
    ./components/motion/interactions.ts [Client Component SSR]
    ./components/motion/anime-scope.tsx [Client Component SSR]
    ./components/motion/anime-scope.tsx [Server Component]
    ./app/[locale]/page.tsx [Server Component] @ http://localhost:3000/_next/static/chunks/node_modules_next_dist_0u_w_5s._.js:1945
[   89361ms] [ERROR] ./components/motion/interactions.ts:3:1
Export setStyle doesn't exist in target module
  1 | import { animate } from "motion"
  2 | import { DUR, EASE } from "./tokens"
> 3 | import { setStyle, clearStyle } from "./dom"
    | ^^^^^^^^^^^^^^^^^^^^^^^^^^^^^^^^^^^^^^^^^^^^
  4 |
  5 | /**
  6 |  * Interactive behaviours — the layer that responds to input rather than to scroll.

The export setStyle was not found in module [project]/components/motion/dom.ts [app-client] (ecmascript).
Did you mean to import setStyles?
All exports of the module are statically known (It doesn't have dynamic exports). So it's known statically that the requested export doesn't exist.

Import traces:
  Client Component Browser:
    ./components/motion/interactions.ts [Client Component Browser]
    ./components/motion/anime-scope.tsx [Client Component Browser]
    ./components/motion/anime-scope.tsx [Server Component]
    ./app/[locale]/page.tsx [Server Component]

  Client Component SSR:
    ./components/motion/interactions.ts [Client Component SSR]
    ./components/motion/anime-scope.tsx [Client Component SSR]
    ./components/motion/anime-scope.tsx [Server Component]
    ./app/[locale]/page.tsx [Server Component] @ http://localhost:3000/_next/static/chunks/node_modules_next_dist_0u_w_5s._.js:1945
[   89361ms] [ERROR] ./components/motion/interactions.ts:3:1
Export setStyle doesn't exist in target module
  1 | import { animate } from "motion"
  2 | import { DUR, EASE } from "./tokens"
> 3 | import { setStyle, clearStyle } from "./dom"
    | ^^^^^^^^^^^^^^^^^^^^^^^^^^^^^^^^^^^^^^^^^^^^
  4 |
  5 | /**
  6 |  * Interactive behaviours — the layer that responds to input rather than to scroll.

The export setStyle was not found in module [project]/components/motion/dom.ts [app-ssr] (ecmascript).
Did you mean to import setStyles?
All exports of the module are statically known (It doesn't have dynamic exports). So it's known statically that the requested export doesn't exist.

Import traces:
  Client Component Browser:
    ./components/motion/interactions.ts [Client Component Browser]
    ./components/motion/anime-scope.tsx [Client Component Browser]
    ./components/motion/anime-scope.tsx [Server Component]
    ./app/[locale]/page.tsx [Server Component]

  Client Component SSR:
    ./components/motion/interactions.ts [Client Component SSR]
    ./components/motion/anime-scope.tsx [Client Component SSR]
    ./components/motion/anime-scope.tsx [Server Component]
    ./app/[locale]/page.tsx [Server Component] @ http://localhost:3000/_next/static/chunks/node_modules_next_dist_0u_w_5s._.js:1945
[   89424ms] [ERROR] ./components/motion/interactions.ts:3:1
Export setStyle doesn't exist in target module
  1 | import { animate } from "motion"
  2 | import { DUR, EASE } from "./tokens"
> 3 | import { setStyle, clearStyle } from "./dom"
    | ^^^^^^^^^^^^^^^^^^^^^^^^^^^^^^^^^^^^^^^^^^^^
  4 |
  5 | /**
  6 |  * Interactive behaviours — the layer that responds to input rather than to scroll.

The export setStyle was not found in module [project]/components/motion/dom.ts [app-client] (ecmascript).
Did you mean to import setStyles?
All exports of the module are statically known (It doesn't have dynamic exports). So it's known statically that the requested export doesn't exist.

Import traces:
  Client Component Browser:
    ./components/motion/interactions.ts [Client Component Browser]
    ./components/motion/anime-scope.tsx [Client Component Browser]
    ./components/motion/anime-scope.tsx [Server Component]
    ./app/[locale]/page.tsx [Server Component]

  Client Component SSR:
    ./components/motion/interactions.ts [Client Component SSR]
    ./components/motion/anime-scope.tsx [Client Component SSR]
    ./components/motion/anime-scope.tsx [Server Component]
    ./app/[locale]/page.tsx [Server Component] @ http://localhost:3000/_next/static/chunks/node_modules_next_dist_0u_w_5s._.js:1945
[   89424ms] [ERROR] ./components/motion/interactions.ts:3:1
Export setStyle doesn't exist in target module
  1 | import { animate } from "motion"
  2 | import { DUR, EASE } from "./tokens"
> 3 | import { setStyle, clearStyle } from "./dom"
    | ^^^^^^^^^^^^^^^^^^^^^^^^^^^^^^^^^^^^^^^^^^^^
  4 |
  5 | /**
  6 |  * Interactive behaviours — the layer that responds to input rather than to scroll.

The export setStyle was not found in module [project]/components/motion/dom.ts [app-ssr] (ecmascript).
Did you mean to import setStyles?
All exports of the module are statically known (It doesn't have dynamic exports). So it's known statically that the requested export doesn't exist.

Import traces:
  Client Component Browser:
    ./components/motion/interactions.ts [Client Component Browser]
    ./components/motion/anime-scope.tsx [Client Component Browser]
    ./components/motion/anime-scope.tsx [Server Component]
    ./app/[locale]/page.tsx [Server Component]

  Client Component SSR:
    ./components/motion/interactions.ts [Client Component SSR]
    ./components/motion/anime-scope.tsx [Client Component SSR]
    ./components/motion/anime-scope.tsx [Server Component]
    ./app/[locale]/page.tsx [Server Component] @ http://localhost:3000/_next/static/chunks/node_modules_next_dist_0u_w_5s._.js:1945
[   89488ms] [ERROR] ./components/motion/interactions.ts:3:1
Export setStyle doesn't exist in target module
  1 | import { animate } from "motion"
  2 | import { DUR, EASE } from "./tokens"
> 3 | import { setStyle, clearStyle } from "./dom"
    | ^^^^^^^^^^^^^^^^^^^^^^^^^^^^^^^^^^^^^^^^^^^^
  4 |
  5 | /**
  6 |  * Interactive behaviours — the layer that responds to input rather than to scroll.

The export setStyle was not found in module [project]/components/motion/dom.ts [app-client] (ecmascript).
Did you mean to import setStyles?
All exports of the module are statically known (It doesn't have dynamic exports). So it's known statically that the requested export doesn't exist.

Import traces:
  Client Component Browser:
    ./components/motion/interactions.ts [Client Component Browser]
    ./components/motion/anime-scope.tsx [Client Component Browser]
    ./components/motion/anime-scope.tsx [Server Component]
    ./app/[locale]/page.tsx [Server Component]

  Client Component SSR:
    ./components/motion/interactions.ts [Client Component SSR]
    ./components/motion/anime-scope.tsx [Client Component SSR]
    ./components/motion/anime-scope.tsx [Server Component]
    ./app/[locale]/page.tsx [Server Component] @ http://localhost:3000/_next/static/chunks/node_modules_next_dist_0u_w_5s._.js:1945
[   89488ms] [ERROR] ./components/motion/interactions.ts:3:1
Export setStyle doesn't exist in target module
  1 | import { animate } from "motion"
  2 | import { DUR, EASE } from "./tokens"
> 3 | import { setStyle, clearStyle } from "./dom"
    | ^^^^^^^^^^^^^^^^^^^^^^^^^^^^^^^^^^^^^^^^^^^^
  4 |
  5 | /**
  6 |  * Interactive behaviours — the layer that responds to input rather than to scroll.

The export setStyle was not found in module [project]/components/motion/dom.ts [app-ssr] (ecmascript).
Did you mean to import setStyles?
All exports of the module are statically known (It doesn't have dynamic exports). So it's known statically that the requested export doesn't exist.

Import traces:
  Client Component Browser:
    ./components/motion/interactions.ts [Client Component Browser]
    ./components/motion/anime-scope.tsx [Client Component Browser]
    ./components/motion/anime-scope.tsx [Server Component]
    ./app/[locale]/page.tsx [Server Component]

  Client Component SSR:
    ./components/motion/interactions.ts [Client Component SSR]
    ./components/motion/anime-scope.tsx [Client Component SSR]
    ./components/motion/anime-scope.tsx [Server Component]
    ./app/[locale]/page.tsx [Server Component] @ http://localhost:3000/_next/static/chunks/node_modules_next_dist_0u_w_5s._.js:1945
[   89549ms] [ERROR] ./components/motion/interactions.ts:3:1
Export setStyle doesn't exist in target module
  1 | import { animate } from "motion"
  2 | import { DUR, EASE } from "./tokens"
> 3 | import { setStyle, clearStyle } from "./dom"
    | ^^^^^^^^^^^^^^^^^^^^^^^^^^^^^^^^^^^^^^^^^^^^
  4 |
  5 | /**
  6 |  * Interactive behaviours — the layer that responds to input rather than to scroll.

The export setStyle was not found in module [project]/components/motion/dom.ts [app-client] (ecmascript).
Did you mean to import setStyles?
All exports of the module are statically known (It doesn't have dynamic exports). So it's known statically that the requested export doesn't exist.

Import traces:
  Client Component Browser:
    ./components/motion/interactions.ts [Client Component Browser]
    ./components/motion/anime-scope.tsx [Client Component Browser]
    ./components/motion/anime-scope.tsx [Server Component]
    ./app/[locale]/page.tsx [Server Component]

  Client Component SSR:
    ./components/motion/interactions.ts [Client Component SSR]
    ./components/motion/anime-scope.tsx [Client Component SSR]
    ./components/motion/anime-scope.tsx [Server Component]
    ./app/[locale]/page.tsx [Server Component] @ http://localhost:3000/_next/static/chunks/node_modules_next_dist_0u_w_5s._.js:1945
[   89549ms] [ERROR] ./components/motion/interactions.ts:3:1
Export setStyle doesn't exist in target module
  1 | import { animate } from "motion"
  2 | import { DUR, EASE } from "./tokens"
> 3 | import { setStyle, clearStyle } from "./dom"
    | ^^^^^^^^^^^^^^^^^^^^^^^^^^^^^^^^^^^^^^^^^^^^
  4 |
  5 | /**
  6 |  * Interactive behaviours — the layer that responds to input rather than to scroll.

The export setStyle was not found in module [project]/components/motion/dom.ts [app-ssr] (ecmascript).
Did you mean to import setStyles?
All exports of the module are statically known (It doesn't have dynamic exports). So it's known statically that the requested export doesn't exist.

Import traces:
  Client Component Browser:
    ./components/motion/interactions.ts [Client Component Browser]
    ./components/motion/anime-scope.tsx [Client Component Browser]
    ./components/motion/anime-scope.tsx [Server Component]
    ./app/[locale]/page.tsx [Server Component]

  Client Component SSR:
    ./components/motion/interactions.ts [Client Component SSR]
    ./components/motion/anime-scope.tsx [Client Component SSR]
    ./components/motion/anime-scope.tsx [Server Component]
    ./app/[locale]/page.tsx [Server Component] @ http://localhost:3000/_next/static/chunks/node_modules_next_dist_0u_w_5s._.js:1945
[   89611ms] [ERROR] ./components/motion/interactions.ts:3:1
Export setStyle doesn't exist in target module
  1 | import { animate } from "motion"
  2 | import { DUR, EASE } from "./tokens"
> 3 | import { setStyle, clearStyle } from "./dom"
    | ^^^^^^^^^^^^^^^^^^^^^^^^^^^^^^^^^^^^^^^^^^^^
  4 |
  5 | /**
  6 |  * Interactive behaviours — the layer that responds to input rather than to scroll.

The export setStyle was not found in module [project]/components/motion/dom.ts [app-client] (ecmascript).
Did you mean to import setStyles?
All exports of the module are statically known (It doesn't have dynamic exports). So it's known statically that the requested export doesn't exist.

Import traces:
  Client Component Browser:
    ./components/motion/interactions.ts [Client Component Browser]
    ./components/motion/anime-scope.tsx [Client Component Browser]
    ./components/motion/anime-scope.tsx [Server Component]
    ./app/[locale]/page.tsx [Server Component]

  Client Component SSR:
    ./components/motion/interactions.ts [Client Component SSR]
    ./components/motion/anime-scope.tsx [Client Component SSR]
    ./components/motion/anime-scope.tsx [Server Component]
    ./app/[locale]/page.tsx [Server Component] @ http://localhost:3000/_next/static/chunks/node_modules_next_dist_0u_w_5s._.js:1945
[   89611ms] [ERROR] ./components/motion/interactions.ts:3:1
Export setStyle doesn't exist in target module
  1 | import { animate } from "motion"
  2 | import { DUR, EASE } from "./tokens"
> 3 | import { setStyle, clearStyle } from "./dom"
    | ^^^^^^^^^^^^^^^^^^^^^^^^^^^^^^^^^^^^^^^^^^^^
  4 |
  5 | /**
  6 |  * Interactive behaviours — the layer that responds to input rather than to scroll.

The export setStyle was not found in module [project]/components/motion/dom.ts [app-ssr] (ecmascript).
Did you mean to import setStyles?
All exports of the module are statically known (It doesn't have dynamic exports). So it's known statically that the requested export doesn't exist.

Import traces:
  Client Component Browser:
    ./components/motion/interactions.ts [Client Component Browser]
    ./components/motion/anime-scope.tsx [Client Component Browser]
    ./components/motion/anime-scope.tsx [Server Component]
    ./app/[locale]/page.tsx [Server Component]

  Client Component SSR:
    ./components/motion/interactions.ts [Client Component SSR]
    ./components/motion/anime-scope.tsx [Client Component SSR]
    ./components/motion/anime-scope.tsx [Server Component]
    ./app/[locale]/page.tsx [Server Component] @ http://localhost:3000/_next/static/chunks/node_modules_next_dist_0u_w_5s._.js:1945
[   89672ms] [ERROR] ./components/motion/interactions.ts:3:1
Export setStyle doesn't exist in target module
  1 | import { animate } from "motion"
  2 | import { DUR, EASE } from "./tokens"
> 3 | import { setStyle, clearStyle } from "./dom"
    | ^^^^^^^^^^^^^^^^^^^^^^^^^^^^^^^^^^^^^^^^^^^^
  4 |
  5 | /**
  6 |  * Interactive behaviours — the layer that responds to input rather than to scroll.

The export setStyle was not found in module [project]/components/motion/dom.ts [app-client] (ecmascript).
Did you mean to import setStyles?
All exports of the module are statically known (It doesn't have dynamic exports). So it's known statically that the requested export doesn't exist.

Import traces:
  Client Component Browser:
    ./components/motion/interactions.ts [Client Component Browser]
    ./components/motion/anime-scope.tsx [Client Component Browser]
    ./components/motion/anime-scope.tsx [Server Component]
    ./app/[locale]/page.tsx [Server Component]

  Client Component SSR:
    ./components/motion/interactions.ts [Client Component SSR]
    ./components/motion/anime-scope.tsx [Client Component SSR]
    ./components/motion/anime-scope.tsx [Server Component]
    ./app/[locale]/page.tsx [Server Component] @ http://localhost:3000/_next/static/chunks/node_modules_next_dist_0u_w_5s._.js:1945
[   89672ms] [ERROR] ./components/motion/interactions.ts:3:1
Export setStyle doesn't exist in target module
  1 | import { animate } from "motion"
  2 | import { DUR, EASE } from "./tokens"
> 3 | import { setStyle, clearStyle } from "./dom"
    | ^^^^^^^^^^^^^^^^^^^^^^^^^^^^^^^^^^^^^^^^^^^^
  4 |
  5 | /**
  6 |  * Interactive behaviours — the layer that responds to input rather than to scroll.

The export setStyle was not found in module [project]/components/motion/dom.ts [app-ssr] (ecmascript).
Did you mean to import setStyles?
All exports of the module are statically known (It doesn't have dynamic exports). So it's known statically that the requested export doesn't exist.

Import traces:
  Client Component Browser:
    ./components/motion/interactions.ts [Client Component Browser]
    ./components/motion/anime-scope.tsx [Client Component Browser]
    ./components/motion/anime-scope.tsx [Server Component]
    ./app/[locale]/page.tsx [Server Component]

  Client Component SSR:
    ./components/motion/interactions.ts [Client Component SSR]
    ./components/motion/anime-scope.tsx [Client Component SSR]
    ./components/motion/anime-scope.tsx [Server Component]
    ./app/[locale]/page.tsx [Server Component] @ http://localhost:3000/_next/static/chunks/node_modules_next_dist_0u_w_5s._.js:1945
[   89736ms] [ERROR] ./components/motion/interactions.ts:3:1
Export setStyle doesn't exist in target module
  1 | import { animate } from "motion"
  2 | import { DUR, EASE } from "./tokens"
> 3 | import { setStyle, clearStyle } from "./dom"
    | ^^^^^^^^^^^^^^^^^^^^^^^^^^^^^^^^^^^^^^^^^^^^
  4 |
  5 | /**
  6 |  * Interactive behaviours — the layer that responds to input rather than to scroll.

The export setStyle was not found in module [project]/components/motion/dom.ts [app-client] (ecmascript).
Did you mean to import setStyles?
All exports of the module are statically known (It doesn't have dynamic exports). So it's known statically that the requested export doesn't exist.

Import traces:
  Client Component Browser:
    ./components/motion/interactions.ts [Client Component Browser]
    ./components/motion/anime-scope.tsx [Client Component Browser]
    ./components/motion/anime-scope.tsx [Server Component]
    ./app/[locale]/page.tsx [Server Component]

  Client Component SSR:
    ./components/motion/interactions.ts [Client Component SSR]
    ./components/motion/anime-scope.tsx [Client Component SSR]
    ./components/motion/anime-scope.tsx [Server Component]
    ./app/[locale]/page.tsx [Server Component] @ http://localhost:3000/_next/static/chunks/node_modules_next_dist_0u_w_5s._.js:1945
[   89736ms] [ERROR] ./components/motion/interactions.ts:3:1
Export setStyle doesn't exist in target module
  1 | import { animate } from "motion"
  2 | import { DUR, EASE } from "./tokens"
> 3 | import { setStyle, clearStyle } from "./dom"
    | ^^^^^^^^^^^^^^^^^^^^^^^^^^^^^^^^^^^^^^^^^^^^
  4 |
  5 | /**
  6 |  * Interactive behaviours — the layer that responds to input rather than to scroll.

The export setStyle was not found in module [project]/components/motion/dom.ts [app-ssr] (ecmascript).
Did you mean to import setStyles?
All exports of the module are statically known (It doesn't have dynamic exports). So it's known statically that the requested export doesn't exist.

Import traces:
  Client Component Browser:
    ./components/motion/interactions.ts [Client Component Browser]
    ./components/motion/anime-scope.tsx [Client Component Browser]
    ./components/motion/anime-scope.tsx [Server Component]
    ./app/[locale]/page.tsx [Server Component]

  Client Component SSR:
    ./components/motion/interactions.ts [Client Component SSR]
    ./components/motion/anime-scope.tsx [Client Component SSR]
    ./components/motion/anime-scope.tsx [Server Component]
    ./app/[locale]/page.tsx [Server Component] @ http://localhost:3000/_next/static/chunks/node_modules_next_dist_0u_w_5s._.js:1945
[   89797ms] [ERROR] ./components/motion/interactions.ts:3:1
Export setStyle doesn't exist in target module
  1 | import { animate } from "motion"
  2 | import { DUR, EASE } from "./tokens"
> 3 | import { setStyle, clearStyle } from "./dom"
    | ^^^^^^^^^^^^^^^^^^^^^^^^^^^^^^^^^^^^^^^^^^^^
  4 |
  5 | /**
  6 |  * Interactive behaviours — the layer that responds to input rather than to scroll.

The export setStyle was not found in module [project]/components/motion/dom.ts [app-client] (ecmascript).
Did you mean to import setStyles?
All exports of the module are statically known (It doesn't have dynamic exports). So it's known statically that the requested export doesn't exist.

Import traces:
  Client Component Browser:
    ./components/motion/interactions.ts [Client Component Browser]
    ./components/motion/anime-scope.tsx [Client Component Browser]
    ./components/motion/anime-scope.tsx [Server Component]
    ./app/[locale]/page.tsx [Server Component]

  Client Component SSR:
    ./components/motion/interactions.ts [Client Component SSR]
    ./components/motion/anime-scope.tsx [Client Component SSR]
    ./components/motion/anime-scope.tsx [Server Component]
    ./app/[locale]/page.tsx [Server Component] @ http://localhost:3000/_next/static/chunks/node_modules_next_dist_0u_w_5s._.js:1945
[   89797ms] [ERROR] ./components/motion/interactions.ts:3:1
Export setStyle doesn't exist in target module
  1 | import { animate } from "motion"
  2 | import { DUR, EASE } from "./tokens"
> 3 | import { setStyle, clearStyle } from "./dom"
    | ^^^^^^^^^^^^^^^^^^^^^^^^^^^^^^^^^^^^^^^^^^^^
  4 |
  5 | /**
  6 |  * Interactive behaviours — the layer that responds to input rather than to scroll.

The export setStyle was not found in module [project]/components/motion/dom.ts [app-ssr] (ecmascript).
Did you mean to import setStyles?
All exports of the module are statically known (It doesn't have dynamic exports). So it's known statically that the requested export doesn't exist.

Import traces:
  Client Component Browser:
    ./components/motion/interactions.ts [Client Component Browser]
    ./components/motion/anime-scope.tsx [Client Component Browser]
    ./components/motion/anime-scope.tsx [Server Component]
    ./app/[locale]/page.tsx [Server Component]

  Client Component SSR:
    ./components/motion/interactions.ts [Client Component SSR]
    ./components/motion/anime-scope.tsx [Client Component SSR]
    ./components/motion/anime-scope.tsx [Server Component]
    ./app/[locale]/page.tsx [Server Component] @ http://localhost:3000/_next/static/chunks/node_modules_next_dist_0u_w_5s._.js:1945
[   89859ms] [ERROR] ./components/motion/interactions.ts:3:1
Export setStyle doesn't exist in target module
  1 | import { animate } from "motion"
  2 | import { DUR, EASE } from "./tokens"
> 3 | import { setStyle, clearStyle } from "./dom"
    | ^^^^^^^^^^^^^^^^^^^^^^^^^^^^^^^^^^^^^^^^^^^^
  4 |
  5 | /**
  6 |  * Interactive behaviours — the layer that responds to input rather than to scroll.

The export setStyle was not found in module [project]/components/motion/dom.ts [app-client] (ecmascript).
Did you mean to import setStyles?
All exports of the module are statically known (It doesn't have dynamic exports). So it's known statically that the requested export doesn't exist.

Import traces:
  Client Component Browser:
    ./components/motion/interactions.ts [Client Component Browser]
    ./components/motion/anime-scope.tsx [Client Component Browser]
    ./components/motion/anime-scope.tsx [Server Component]
    ./app/[locale]/page.tsx [Server Component]

  Client Component SSR:
    ./components/motion/interactions.ts [Client Component SSR]
    ./components/motion/anime-scope.tsx [Client Component SSR]
    ./components/motion/anime-scope.tsx [Server Component]
    ./app/[locale]/page.tsx [Server Component] @ http://localhost:3000/_next/static/chunks/node_modules_next_dist_0u_w_5s._.js:1945
[   89859ms] [ERROR] ./components/motion/interactions.ts:3:1
Export setStyle doesn't exist in target module
  1 | import { animate } from "motion"
  2 | import { DUR, EASE } from "./tokens"
> 3 | import { setStyle, clearStyle } from "./dom"
    | ^^^^^^^^^^^^^^^^^^^^^^^^^^^^^^^^^^^^^^^^^^^^
  4 |
  5 | /**
  6 |  * Interactive behaviours — the layer that responds to input rather than to scroll.

The export setStyle was not found in module [project]/components/motion/dom.ts [app-ssr] (ecmascript).
Did you mean to import setStyles?
All exports of the module are statically known (It doesn't have dynamic exports). So it's known statically that the requested export doesn't exist.

Import traces:
  Client Component Browser:
    ./components/motion/interactions.ts [Client Component Browser]
    ./components/motion/anime-scope.tsx [Client Component Browser]
    ./components/motion/anime-scope.tsx [Server Component]
    ./app/[locale]/page.tsx [Server Component]

  Client Component SSR:
    ./components/motion/interactions.ts [Client Component SSR]
    ./components/motion/anime-scope.tsx [Client Component SSR]
    ./components/motion/anime-scope.tsx [Server Component]
    ./app/[locale]/page.tsx [Server Component] @ http://localhost:3000/_next/static/chunks/node_modules_next_dist_0u_w_5s._.js:1945
[   89921ms] [ERROR] ./components/motion/interactions.ts:3:1
Export setStyle doesn't exist in target module
  1 | import { animate } from "motion"
  2 | import { DUR, EASE } from "./tokens"
> 3 | import { setStyle, clearStyle } from "./dom"
    | ^^^^^^^^^^^^^^^^^^^^^^^^^^^^^^^^^^^^^^^^^^^^
  4 |
  5 | /**
  6 |  * Interactive behaviours — the layer that responds to input rather than to scroll.

The export setStyle was not found in module [project]/components/motion/dom.ts [app-client] (ecmascript).
Did you mean to import setStyles?
All exports of the module are statically known (It doesn't have dynamic exports). So it's known statically that the requested export doesn't exist.

Import traces:
  Client Component Browser:
    ./components/motion/interactions.ts [Client Component Browser]
    ./components/motion/anime-scope.tsx [Client Component Browser]
    ./components/motion/anime-scope.tsx [Server Component]
    ./app/[locale]/page.tsx [Server Component]

  Client Component SSR:
    ./components/motion/interactions.ts [Client Component SSR]
    ./components/motion/anime-scope.tsx [Client Component SSR]
    ./components/motion/anime-scope.tsx [Server Component]
    ./app/[locale]/page.tsx [Server Component] @ http://localhost:3000/_next/static/chunks/node_modules_next_dist_0u_w_5s._.js:1945
[   89921ms] [ERROR] ./components/motion/interactions.ts:3:1
Export setStyle doesn't exist in target module
  1 | import { animate } from "motion"
  2 | import { DUR, EASE } from "./tokens"
> 3 | import { setStyle, clearStyle } from "./dom"
    | ^^^^^^^^^^^^^^^^^^^^^^^^^^^^^^^^^^^^^^^^^^^^
  4 |
  5 | /**
  6 |  * Interactive behaviours — the layer that responds to input rather than to scroll.

The export setStyle was not found in module [project]/components/motion/dom.ts [app-ssr] (ecmascript).
Did you mean to import setStyles?
All exports of the module are statically known (It doesn't have dynamic exports). So it's known statically that the requested export doesn't exist.

Import traces:
  Client Component Browser:
    ./components/motion/interactions.ts [Client Component Browser]
    ./components/motion/anime-scope.tsx [Client Component Browser]
    ./components/motion/anime-scope.tsx [Server Component]
    ./app/[locale]/page.tsx [Server Component]

  Client Component SSR:
    ./components/motion/interactions.ts [Client Component SSR]
    ./components/motion/anime-scope.tsx [Client Component SSR]
    ./components/motion/anime-scope.tsx [Server Component]
    ./app/[locale]/page.tsx [Server Component] @ http://localhost:3000/_next/static/chunks/node_modules_next_dist_0u_w_5s._.js:1945
[   89982ms] [ERROR] ./components/motion/interactions.ts:3:1
Export setStyle doesn't exist in target module
  1 | import { animate } from "motion"
  2 | import { DUR, EASE } from "./tokens"
> 3 | import { setStyle, clearStyle } from "./dom"
    | ^^^^^^^^^^^^^^^^^^^^^^^^^^^^^^^^^^^^^^^^^^^^
  4 |
  5 | /**
  6 |  * Interactive behaviours — the layer that responds to input rather than to scroll.

The export setStyle was not found in module [project]/components/motion/dom.ts [app-client] (ecmascript).
Did you mean to import setStyles?
All exports of the module are statically known (It doesn't have dynamic exports). So it's known statically that the requested export doesn't exist.

Import traces:
  Client Component Browser:
    ./components/motion/interactions.ts [Client Component Browser]
    ./components/motion/anime-scope.tsx [Client Component Browser]
    ./components/motion/anime-scope.tsx [Server Component]
    ./app/[locale]/page.tsx [Server Component]

  Client Component SSR:
    ./components/motion/interactions.ts [Client Component SSR]
    ./components/motion/anime-scope.tsx [Client Component SSR]
    ./components/motion/anime-scope.tsx [Server Component]
    ./app/[locale]/page.tsx [Server Component] @ http://localhost:3000/_next/static/chunks/node_modules_next_dist_0u_w_5s._.js:1945
[   89983ms] [ERROR] ./components/motion/interactions.ts:3:1
Export setStyle doesn't exist in target module
  1 | import { animate } from "motion"
  2 | import { DUR, EASE } from "./tokens"
> 3 | import { setStyle, clearStyle } from "./dom"
    | ^^^^^^^^^^^^^^^^^^^^^^^^^^^^^^^^^^^^^^^^^^^^
  4 |
  5 | /**
  6 |  * Interactive behaviours — the layer that responds to input rather than to scroll.

The export setStyle was not found in module [project]/components/motion/dom.ts [app-ssr] (ecmascript).
Did you mean to import setStyles?
All exports of the module are statically known (It doesn't have dynamic exports). So it's known statically that the requested export doesn't exist.

Import traces:
  Client Component Browser:
    ./components/motion/interactions.ts [Client Component Browser]
    ./components/motion/anime-scope.tsx [Client Component Browser]
    ./components/motion/anime-scope.tsx [Server Component]
    ./app/[locale]/page.tsx [Server Component]

  Client Component SSR:
    ./components/motion/interactions.ts [Client Component SSR]
    ./components/motion/anime-scope.tsx [Client Component SSR]
    ./components/motion/anime-scope.tsx [Server Component]
    ./app/[locale]/page.tsx [Server Component] @ http://localhost:3000/_next/static/chunks/node_modules_next_dist_0u_w_5s._.js:1945
[   90044ms] [ERROR] ./components/motion/interactions.ts:3:1
Export setStyle doesn't exist in target module
  1 | import { animate } from "motion"
  2 | import { DUR, EASE } from "./tokens"
> 3 | import { setStyle, clearStyle } from "./dom"
    | ^^^^^^^^^^^^^^^^^^^^^^^^^^^^^^^^^^^^^^^^^^^^
  4 |
  5 | /**
  6 |  * Interactive behaviours — the layer that responds to input rather than to scroll.

The export setStyle was not found in module [project]/components/motion/dom.ts [app-client] (ecmascript).
Did you mean to import setStyles?
All exports of the module are statically known (It doesn't have dynamic exports). So it's known statically that the requested export doesn't exist.

Import traces:
  Client Component Browser:
    ./components/motion/interactions.ts [Client Component Browser]
    ./components/motion/anime-scope.tsx [Client Component Browser]
    ./components/motion/anime-scope.tsx [Server Component]
    ./app/[locale]/page.tsx [Server Component]

  Client Component SSR:
    ./components/motion/interactions.ts [Client Component SSR]
    ./components/motion/anime-scope.tsx [Client Component SSR]
    ./components/motion/anime-scope.tsx [Server Component]
    ./app/[locale]/page.tsx [Server Component] @ http://localhost:3000/_next/static/chunks/node_modules_next_dist_0u_w_5s._.js:1945
[   90044ms] [ERROR] ./components/motion/interactions.ts:3:1
Export setStyle doesn't exist in target module
  1 | import { animate } from "motion"
  2 | import { DUR, EASE } from "./tokens"
> 3 | import { setStyle, clearStyle } from "./dom"
    | ^^^^^^^^^^^^^^^^^^^^^^^^^^^^^^^^^^^^^^^^^^^^
  4 |
  5 | /**
  6 |  * Interactive behaviours — the layer that responds to input rather than to scroll.

The export setStyle was not found in module [project]/components/motion/dom.ts [app-ssr] (ecmascript).
Did you mean to import setStyles?
All exports of the module are statically known (It doesn't have dynamic exports). So it's known statically that the requested export doesn't exist.

Import traces:
  Client Component Browser:
    ./components/motion/interactions.ts [Client Component Browser]
    ./components/motion/anime-scope.tsx [Client Component Browser]
    ./components/motion/anime-scope.tsx [Server Component]
    ./app/[locale]/page.tsx [Server Component]

  Client Component SSR:
    ./components/motion/interactions.ts [Client Component SSR]
    ./components/motion/anime-scope.tsx [Client Component SSR]
    ./components/motion/anime-scope.tsx [Server Component]
    ./app/[locale]/page.tsx [Server Component] @ http://localhost:3000/_next/static/chunks/node_modules_next_dist_0u_w_5s._.js:1945
[   90104ms] [ERROR] ./components/motion/interactions.ts:3:1
Export setStyle doesn't exist in target module
  1 | import { animate } from "motion"
  2 | import { DUR, EASE } from "./tokens"
> 3 | import { setStyle, clearStyle } from "./dom"
    | ^^^^^^^^^^^^^^^^^^^^^^^^^^^^^^^^^^^^^^^^^^^^
  4 |
  5 | /**
  6 |  * Interactive behaviours — the layer that responds to input rather than to scroll.

The export setStyle was not found in module [project]/components/motion/dom.ts [app-client] (ecmascript).
Did you mean to import setStyles?
All exports of the module are statically known (It doesn't have dynamic exports). So it's known statically that the requested export doesn't exist.

Import traces:
  Client Component Browser:
    ./components/motion/interactions.ts [Client Component Browser]
    ./components/motion/anime-scope.tsx [Client Component Browser]
    ./components/motion/anime-scope.tsx [Server Component]
    ./app/[locale]/page.tsx [Server Component]

  Client Component SSR:
    ./components/motion/interactions.ts [Client Component SSR]
    ./components/motion/anime-scope.tsx [Client Component SSR]
    ./components/motion/anime-scope.tsx [Server Component]
    ./app/[locale]/page.tsx [Server Component] @ http://localhost:3000/_next/static/chunks/node_modules_next_dist_0u_w_5s._.js:1945
[   90105ms] [ERROR] ./components/motion/interactions.ts:3:1
Export setStyle doesn't exist in target module
  1 | import { animate } from "motion"
  2 | import { DUR, EASE } from "./tokens"
> 3 | import { setStyle, clearStyle } from "./dom"
    | ^^^^^^^^^^^^^^^^^^^^^^^^^^^^^^^^^^^^^^^^^^^^
  4 |
  5 | /**
  6 |  * Interactive behaviours — the layer that responds to input rather than to scroll.

The export setStyle was not found in module [project]/components/motion/dom.ts [app-ssr] (ecmascript).
Did you mean to import setStyles?
All exports of the module are statically known (It doesn't have dynamic exports). So it's known statically that the requested export doesn't exist.

Import traces:
  Client Component Browser:
    ./components/motion/interactions.ts [Client Component Browser]
    ./components/motion/anime-scope.tsx [Client Component Browser]
    ./components/motion/anime-scope.tsx [Server Component]
    ./app/[locale]/page.tsx [Server Component]

  Client Component SSR:
    ./components/motion/interactions.ts [Client Component SSR]
    ./components/motion/anime-scope.tsx [Client Component SSR]
    ./components/motion/anime-scope.tsx [Server Component]
    ./app/[locale]/page.tsx [Server Component] @ http://localhost:3000/_next/static/chunks/node_modules_next_dist_0u_w_5s._.js:1945
[   90167ms] [ERROR] ./components/motion/interactions.ts:3:1
Export setStyle doesn't exist in target module
  1 | import { animate } from "motion"
  2 | import { DUR, EASE } from "./tokens"
> 3 | import { setStyle, clearStyle } from "./dom"
    | ^^^^^^^^^^^^^^^^^^^^^^^^^^^^^^^^^^^^^^^^^^^^
  4 |
  5 | /**
  6 |  * Interactive behaviours — the layer that responds to input rather than to scroll.

The export setStyle was not found in module [project]/components/motion/dom.ts [app-client] (ecmascript).
Did you mean to import setStyles?
All exports of the module are statically known (It doesn't have dynamic exports). So it's known statically that the requested export doesn't exist.

Import traces:
  Client Component Browser:
    ./components/motion/interactions.ts [Client Component Browser]
    ./components/motion/anime-scope.tsx [Client Component Browser]
    ./components/motion/anime-scope.tsx [Server Component]
    ./app/[locale]/page.tsx [Server Component]

  Client Component SSR:
    ./components/motion/interactions.ts [Client Component SSR]
    ./components/motion/anime-scope.tsx [Client Component SSR]
    ./components/motion/anime-scope.tsx [Server Component]
    ./app/[locale]/page.tsx [Server Component] @ http://localhost:3000/_next/static/chunks/node_modules_next_dist_0u_w_5s._.js:1945
[   90167ms] [ERROR] ./components/motion/interactions.ts:3:1
Export setStyle doesn't exist in target module
  1 | import { animate } from "motion"
  2 | import { DUR, EASE } from "./tokens"
> 3 | import { setStyle, clearStyle } from "./dom"
    | ^^^^^^^^^^^^^^^^^^^^^^^^^^^^^^^^^^^^^^^^^^^^
  4 |
  5 | /**
  6 |  * Interactive behaviours — the layer that responds to input rather than to scroll.

The export setStyle was not found in module [project]/components/motion/dom.ts [app-ssr] (ecmascript).
Did you mean to import setStyles?
All exports of the module are statically known (It doesn't have dynamic exports). So it's known statically that the requested export doesn't exist.

Import traces:
  Client Component Browser:
    ./components/motion/interactions.ts [Client Component Browser]
    ./components/motion/anime-scope.tsx [Client Component Browser]
    ./components/motion/anime-scope.tsx [Server Component]
    ./app/[locale]/page.tsx [Server Component]

  Client Component SSR:
    ./components/motion/interactions.ts [Client Component SSR]
    ./components/motion/anime-scope.tsx [Client Component SSR]
    ./components/motion/anime-scope.tsx [Server Component]
    ./app/[locale]/page.tsx [Server Component] @ http://localhost:3000/_next/static/chunks/node_modules_next_dist_0u_w_5s._.js:1945
[   90230ms] [ERROR] ./components/motion/interactions.ts:3:1
Export setStyle doesn't exist in target module
  1 | import { animate } from "motion"
  2 | import { DUR, EASE } from "./tokens"
> 3 | import { setStyle, clearStyle } from "./dom"
    | ^^^^^^^^^^^^^^^^^^^^^^^^^^^^^^^^^^^^^^^^^^^^
  4 |
  5 | /**
  6 |  * Interactive behaviours — the layer that responds to input rather than to scroll.

The export setStyle was not found in module [project]/components/motion/dom.ts [app-client] (ecmascript).
Did you mean to import setStyles?
All exports of the module are statically known (It doesn't have dynamic exports). So it's known statically that the requested export doesn't exist.

Import traces:
  Client Component Browser:
    ./components/motion/interactions.ts [Client Component Browser]
    ./components/motion/anime-scope.tsx [Client Component Browser]
    ./components/motion/anime-scope.tsx [Server Component]
    ./app/[locale]/page.tsx [Server Component]

  Client Component SSR:
    ./components/motion/interactions.ts [Client Component SSR]
    ./components/motion/anime-scope.tsx [Client Component SSR]
    ./components/motion/anime-scope.tsx [Server Component]
    ./app/[locale]/page.tsx [Server Component] @ http://localhost:3000/_next/static/chunks/node_modules_next_dist_0u_w_5s._.js:1945
[   90230ms] [ERROR] ./components/motion/interactions.ts:3:1
Export setStyle doesn't exist in target module
  1 | import { animate } from "motion"
  2 | import { DUR, EASE } from "./tokens"
> 3 | import { setStyle, clearStyle } from "./dom"
    | ^^^^^^^^^^^^^^^^^^^^^^^^^^^^^^^^^^^^^^^^^^^^
  4 |
  5 | /**
  6 |  * Interactive behaviours — the layer that responds to input rather than to scroll.

The export setStyle was not found in module [project]/components/motion/dom.ts [app-ssr] (ecmascript).
Did you mean to import setStyles?
All exports of the module are statically known (It doesn't have dynamic exports). So it's known statically that the requested export doesn't exist.

Import traces:
  Client Component Browser:
    ./components/motion/interactions.ts [Client Component Browser]
    ./components/motion/anime-scope.tsx [Client Component Browser]
    ./components/motion/anime-scope.tsx [Server Component]
    ./app/[locale]/page.tsx [Server Component]

  Client Component SSR:
    ./components/motion/interactions.ts [Client Component SSR]
    ./components/motion/anime-scope.tsx [Client Component SSR]
    ./components/motion/anime-scope.tsx [Server Component]
    ./app/[locale]/page.tsx [Server Component] @ http://localhost:3000/_next/static/chunks/node_modules_next_dist_0u_w_5s._.js:1945
[   90290ms] [ERROR] ./components/motion/interactions.ts:3:1
Export setStyle doesn't exist in target module
  1 | import { animate } from "motion"
  2 | import { DUR, EASE } from "./tokens"
> 3 | import { setStyle, clearStyle } from "./dom"
    | ^^^^^^^^^^^^^^^^^^^^^^^^^^^^^^^^^^^^^^^^^^^^
  4 |
  5 | /**
  6 |  * Interactive behaviours — the layer that responds to input rather than to scroll.

The export setStyle was not found in module [project]/components/motion/dom.ts [app-client] (ecmascript).
Did you mean to import setStyles?
All exports of the module are statically known (It doesn't have dynamic exports). So it's known statically that the requested export doesn't exist.

Import traces:
  Client Component Browser:
    ./components/motion/interactions.ts [Client Component Browser]
    ./components/motion/anime-scope.tsx [Client Component Browser]
    ./components/motion/anime-scope.tsx [Server Component]
    ./app/[locale]/page.tsx [Server Component]

  Client Component SSR:
    ./components/motion/interactions.ts [Client Component SSR]
    ./components/motion/anime-scope.tsx [Client Component SSR]
    ./components/motion/anime-scope.tsx [Server Component]
    ./app/[locale]/page.tsx [Server Component] @ http://localhost:3000/_next/static/chunks/node_modules_next_dist_0u_w_5s._.js:1945
[   90291ms] [ERROR] ./components/motion/interactions.ts:3:1
Export setStyle doesn't exist in target module
  1 | import { animate } from "motion"
  2 | import { DUR, EASE } from "./tokens"
> 3 | import { setStyle, clearStyle } from "./dom"
    | ^^^^^^^^^^^^^^^^^^^^^^^^^^^^^^^^^^^^^^^^^^^^
  4 |
  5 | /**
  6 |  * Interactive behaviours — the layer that responds to input rather than to scroll.

The export setStyle was not found in module [project]/components/motion/dom.ts [app-ssr] (ecmascript).
Did you mean to import setStyles?
All exports of the module are statically known (It doesn't have dynamic exports). So it's known statically that the requested export doesn't exist.

Import traces:
  Client Component Browser:
    ./components/motion/interactions.ts [Client Component Browser]
    ./components/motion/anime-scope.tsx [Client Component Browser]
    ./components/motion/anime-scope.tsx [Server Component]
    ./app/[locale]/page.tsx [Server Component]

  Client Component SSR:
    ./components/motion/interactions.ts [Client Component SSR]
    ./components/motion/anime-scope.tsx [Client Component SSR]
    ./components/motion/anime-scope.tsx [Server Component]
    ./app/[locale]/page.tsx [Server Component] @ http://localhost:3000/_next/static/chunks/node_modules_next_dist_0u_w_5s._.js:1945
[   90353ms] [ERROR] ./components/motion/interactions.ts:3:1
Export setStyle doesn't exist in target module
  1 | import { animate } from "motion"
  2 | import { DUR, EASE } from "./tokens"
> 3 | import { setStyle, clearStyle } from "./dom"
    | ^^^^^^^^^^^^^^^^^^^^^^^^^^^^^^^^^^^^^^^^^^^^
  4 |
  5 | /**
  6 |  * Interactive behaviours — the layer that responds to input rather than to scroll.

The export setStyle was not found in module [project]/components/motion/dom.ts [app-client] (ecmascript).
Did you mean to import setStyles?
All exports of the module are statically known (It doesn't have dynamic exports). So it's known statically that the requested export doesn't exist.

Import traces:
  Client Component Browser:
    ./components/motion/interactions.ts [Client Component Browser]
    ./components/motion/anime-scope.tsx [Client Component Browser]
    ./components/motion/anime-scope.tsx [Server Component]
    ./app/[locale]/page.tsx [Server Component]

  Client Component SSR:
    ./components/motion/interactions.ts [Client Component SSR]
    ./components/motion/anime-scope.tsx [Client Component SSR]
    ./components/motion/anime-scope.tsx [Server Component]
    ./app/[locale]/page.tsx [Server Component] @ http://localhost:3000/_next/static/chunks/node_modules_next_dist_0u_w_5s._.js:1945
[   90353ms] [ERROR] ./components/motion/interactions.ts:3:1
Export setStyle doesn't exist in target module
  1 | import { animate } from "motion"
  2 | import { DUR, EASE } from "./tokens"
> 3 | import { setStyle, clearStyle } from "./dom"
    | ^^^^^^^^^^^^^^^^^^^^^^^^^^^^^^^^^^^^^^^^^^^^
  4 |
  5 | /**
  6 |  * Interactive behaviours — the layer that responds to input rather than to scroll.

The export setStyle was not found in module [project]/components/motion/dom.ts [app-ssr] (ecmascript).
Did you mean to import setStyles?
All exports of the module are statically known (It doesn't have dynamic exports). So it's known statically that the requested export doesn't exist.

Import traces:
  Client Component Browser:
    ./components/motion/interactions.ts [Client Component Browser]
    ./components/motion/anime-scope.tsx [Client Component Browser]
    ./components/motion/anime-scope.tsx [Server Component]
    ./app/[locale]/page.tsx [Server Component]

  Client Component SSR:
    ./components/motion/interactions.ts [Client Component SSR]
    ./components/motion/anime-scope.tsx [Client Component SSR]
    ./components/motion/anime-scope.tsx [Server Component]
    ./app/[locale]/page.tsx [Server Component] @ http://localhost:3000/_next/static/chunks/node_modules_next_dist_0u_w_5s._.js:1945
[   90416ms] [ERROR] ./components/motion/interactions.ts:3:1
Export setStyle doesn't exist in target module
  1 | import { animate } from "motion"
  2 | import { DUR, EASE } from "./tokens"
> 3 | import { setStyle, clearStyle } from "./dom"
    | ^^^^^^^^^^^^^^^^^^^^^^^^^^^^^^^^^^^^^^^^^^^^
  4 |
  5 | /**
  6 |  * Interactive behaviours — the layer that responds to input rather than to scroll.

The export setStyle was not found in module [project]/components/motion/dom.ts [app-client] (ecmascript).
Did you mean to import setStyles?
All exports of the module are statically known (It doesn't have dynamic exports). So it's known statically that the requested export doesn't exist.

Import traces:
  Client Component Browser:
    ./components/motion/interactions.ts [Client Component Browser]
    ./components/motion/anime-scope.tsx [Client Component Browser]
    ./components/motion/anime-scope.tsx [Server Component]
    ./app/[locale]/page.tsx [Server Component]

  Client Component SSR:
    ./components/motion/interactions.ts [Client Component SSR]
    ./components/motion/anime-scope.tsx [Client Component SSR]
    ./components/motion/anime-scope.tsx [Server Component]
    ./app/[locale]/page.tsx [Server Component] @ http://localhost:3000/_next/static/chunks/node_modules_next_dist_0u_w_5s._.js:1945
[   90417ms] [ERROR] ./components/motion/interactions.ts:3:1
Export setStyle doesn't exist in target module
  1 | import { animate } from "motion"
  2 | import { DUR, EASE } from "./tokens"
> 3 | import { setStyle, clearStyle } from "./dom"
    | ^^^^^^^^^^^^^^^^^^^^^^^^^^^^^^^^^^^^^^^^^^^^
  4 |
  5 | /**
  6 |  * Interactive behaviours — the layer that responds to input rather than to scroll.

The export setStyle was not found in module [project]/components/motion/dom.ts [app-ssr] (ecmascript).
Did you mean to import setStyles?
All exports of the module are statically known (It doesn't have dynamic exports). So it's known statically that the requested export doesn't exist.

Import traces:
  Client Component Browser:
    ./components/motion/interactions.ts [Client Component Browser]
    ./components/motion/anime-scope.tsx [Client Component Browser]
    ./components/motion/anime-scope.tsx [Server Component]
    ./app/[locale]/page.tsx [Server Component]

  Client Component SSR:
    ./components/motion/interactions.ts [Client Component SSR]
    ./components/motion/anime-scope.tsx [Client Component SSR]
    ./components/motion/anime-scope.tsx [Server Component]
    ./app/[locale]/page.tsx [Server Component] @ http://localhost:3000/_next/static/chunks/node_modules_next_dist_0u_w_5s._.js:1945
[   90477ms] [ERROR] ./components/motion/interactions.ts:3:1
Export setStyle doesn't exist in target module
  1 | import { animate } from "motion"
  2 | import { DUR, EASE } from "./tokens"
> 3 | import { setStyle, clearStyle } from "./dom"
    | ^^^^^^^^^^^^^^^^^^^^^^^^^^^^^^^^^^^^^^^^^^^^
  4 |
  5 | /**
  6 |  * Interactive behaviours — the layer that responds to input rather than to scroll.

The export setStyle was not found in module [project]/components/motion/dom.ts [app-client] (ecmascript).
Did you mean to import setStyles?
All exports of the module are statically known (It doesn't have dynamic exports). So it's known statically that the requested export doesn't exist.

Import traces:
  Client Component Browser:
    ./components/motion/interactions.ts [Client Component Browser]
    ./components/motion/anime-scope.tsx [Client Component Browser]
    ./components/motion/anime-scope.tsx [Server Component]
    ./app/[locale]/page.tsx [Server Component]

  Client Component SSR:
    ./components/motion/interactions.ts [Client Component SSR]
    ./components/motion/anime-scope.tsx [Client Component SSR]
    ./components/motion/anime-scope.tsx [Server Component]
    ./app/[locale]/page.tsx [Server Component] @ http://localhost:3000/_next/static/chunks/node_modules_next_dist_0u_w_5s._.js:1945
[   90477ms] [ERROR] ./components/motion/interactions.ts:3:1
Export setStyle doesn't exist in target module
  1 | import { animate } from "motion"
  2 | import { DUR, EASE } from "./tokens"
> 3 | import { setStyle, clearStyle } from "./dom"
    | ^^^^^^^^^^^^^^^^^^^^^^^^^^^^^^^^^^^^^^^^^^^^
  4 |
  5 | /**
  6 |  * Interactive behaviours — the layer that responds to input rather than to scroll.

The export setStyle was not found in module [project]/components/motion/dom.ts [app-ssr] (ecmascript).
Did you mean to import setStyles?
All exports of the module are statically known (It doesn't have dynamic exports). So it's known statically that the requested export doesn't exist.

Import traces:
  Client Component Browser:
    ./components/motion/interactions.ts [Client Component Browser]
    ./components/motion/anime-scope.tsx [Client Component Browser]
    ./components/motion/anime-scope.tsx [Server Component]
    ./app/[locale]/page.tsx [Server Component]

  Client Component SSR:
    ./components/motion/interactions.ts [Client Component SSR]
    ./components/motion/anime-scope.tsx [Client Component SSR]
    ./components/motion/anime-scope.tsx [Server Component]
    ./app/[locale]/page.tsx [Server Component] @ http://localhost:3000/_next/static/chunks/node_modules_next_dist_0u_w_5s._.js:1945
[   90539ms] [ERROR] ./components/motion/interactions.ts:3:1
Export setStyle doesn't exist in target module
  1 | import { animate } from "motion"
  2 | import { DUR, EASE } from "./tokens"
> 3 | import { setStyle, clearStyle } from "./dom"
    | ^^^^^^^^^^^^^^^^^^^^^^^^^^^^^^^^^^^^^^^^^^^^
  4 |
  5 | /**
  6 |  * Interactive behaviours — the layer that responds to input rather than to scroll.

The export setStyle was not found in module [project]/components/motion/dom.ts [app-client] (ecmascript).
Did you mean to import setStyles?
All exports of the module are statically known (It doesn't have dynamic exports). So it's known statically that the requested export doesn't exist.

Import traces:
  Client Component Browser:
    ./components/motion/interactions.ts [Client Component Browser]
    ./components/motion/anime-scope.tsx [Client Component Browser]
    ./components/motion/anime-scope.tsx [Server Component]
    ./app/[locale]/page.tsx [Server Component]

  Client Component SSR:
    ./components/motion/interactions.ts [Client Component SSR]
    ./components/motion/anime-scope.tsx [Client Component SSR]
    ./components/motion/anime-scope.tsx [Server Component]
    ./app/[locale]/page.tsx [Server Component] @ http://localhost:3000/_next/static/chunks/node_modules_next_dist_0u_w_5s._.js:1945
[   90539ms] [ERROR] ./components/motion/interactions.ts:3:1
Export setStyle doesn't exist in target module
  1 | import { animate } from "motion"
  2 | import { DUR, EASE } from "./tokens"
> 3 | import { setStyle, clearStyle } from "./dom"
    | ^^^^^^^^^^^^^^^^^^^^^^^^^^^^^^^^^^^^^^^^^^^^
  4 |
  5 | /**
  6 |  * Interactive behaviours — the layer that responds to input rather than to scroll.

The export setStyle was not found in module [project]/components/motion/dom.ts [app-ssr] (ecmascript).
Did you mean to import setStyles?
All exports of the module are statically known (It doesn't have dynamic exports). So it's known statically that the requested export doesn't exist.

Import traces:
  Client Component Browser:
    ./components/motion/interactions.ts [Client Component Browser]
    ./components/motion/anime-scope.tsx [Client Component Browser]
    ./components/motion/anime-scope.tsx [Server Component]
    ./app/[locale]/page.tsx [Server Component]

  Client Component SSR:
    ./components/motion/interactions.ts [Client Component SSR]
    ./components/motion/anime-scope.tsx [Client Component SSR]
    ./components/motion/anime-scope.tsx [Server Component]
    ./app/[locale]/page.tsx [Server Component] @ http://localhost:3000/_next/static/chunks/node_modules_next_dist_0u_w_5s._.js:1945
[   90599ms] [ERROR] ./components/motion/interactions.ts:3:1
Export setStyle doesn't exist in target module
  1 | import { animate } from "motion"
  2 | import { DUR, EASE } from "./tokens"
> 3 | import { setStyle, clearStyle } from "./dom"
    | ^^^^^^^^^^^^^^^^^^^^^^^^^^^^^^^^^^^^^^^^^^^^
  4 |
  5 | /**
  6 |  * Interactive behaviours — the layer that responds to input rather than to scroll.

The export setStyle was not found in module [project]/components/motion/dom.ts [app-client] (ecmascript).
Did you mean to import setStyles?
All exports of the module are statically known (It doesn't have dynamic exports). So it's known statically that the requested export doesn't exist.

Import traces:
  Client Component Browser:
    ./components/motion/interactions.ts [Client Component Browser]
    ./components/motion/anime-scope.tsx [Client Component Browser]
    ./components/motion/anime-scope.tsx [Server Component]
    ./app/[locale]/page.tsx [Server Component]

  Client Component SSR:
    ./components/motion/interactions.ts [Client Component SSR]
    ./components/motion/anime-scope.tsx [Client Component SSR]
    ./components/motion/anime-scope.tsx [Server Component]
    ./app/[locale]/page.tsx [Server Component] @ http://localhost:3000/_next/static/chunks/node_modules_next_dist_0u_w_5s._.js:1945
[   90600ms] [ERROR] ./components/motion/interactions.ts:3:1
Export setStyle doesn't exist in target module
  1 | import { animate } from "motion"
  2 | import { DUR, EASE } from "./tokens"
> 3 | import { setStyle, clearStyle } from "./dom"
    | ^^^^^^^^^^^^^^^^^^^^^^^^^^^^^^^^^^^^^^^^^^^^
  4 |
  5 | /**
  6 |  * Interactive behaviours — the layer that responds to input rather than to scroll.

The export setStyle was not found in module [project]/components/motion/dom.ts [app-ssr] (ecmascript).
Did you mean to import setStyles?
All exports of the module are statically known (It doesn't have dynamic exports). So it's known statically that the requested export doesn't exist.

Import traces:
  Client Component Browser:
    ./components/motion/interactions.ts [Client Component Browser]
    ./components/motion/anime-scope.tsx [Client Component Browser]
    ./components/motion/anime-scope.tsx [Server Component]
    ./app/[locale]/page.tsx [Server Component]

  Client Component SSR:
    ./components/motion/interactions.ts [Client Component SSR]
    ./components/motion/anime-scope.tsx [Client Component SSR]
    ./components/motion/anime-scope.tsx [Server Component]
    ./app/[locale]/page.tsx [Server Component] @ http://localhost:3000/_next/static/chunks/node_modules_next_dist_0u_w_5s._.js:1945
[   90661ms] [ERROR] ./components/motion/interactions.ts:3:1
Export setStyle doesn't exist in target module
  1 | import { animate } from "motion"
  2 | import { DUR, EASE } from "./tokens"
> 3 | import { setStyle, clearStyle } from "./dom"
    | ^^^^^^^^^^^^^^^^^^^^^^^^^^^^^^^^^^^^^^^^^^^^
  4 |
  5 | /**
  6 |  * Interactive behaviours — the layer that responds to input rather than to scroll.

The export setStyle was not found in module [project]/components/motion/dom.ts [app-client] (ecmascript).
Did you mean to import setStyles?
All exports of the module are statically known (It doesn't have dynamic exports). So it's known statically that the requested export doesn't exist.

Import traces:
  Client Component Browser:
    ./components/motion/interactions.ts [Client Component Browser]
    ./components/motion/anime-scope.tsx [Client Component Browser]
    ./components/motion/anime-scope.tsx [Server Component]
    ./app/[locale]/page.tsx [Server Component]

  Client Component SSR:
    ./components/motion/interactions.ts [Client Component SSR]
    ./components/motion/anime-scope.tsx [Client Component SSR]
    ./components/motion/anime-scope.tsx [Server Component]
    ./app/[locale]/page.tsx [Server Component] @ http://localhost:3000/_next/static/chunks/node_modules_next_dist_0u_w_5s._.js:1945
[   90662ms] [ERROR] ./components/motion/interactions.ts:3:1
Export setStyle doesn't exist in target module
  1 | import { animate } from "motion"
  2 | import { DUR, EASE } from "./tokens"
> 3 | import { setStyle, clearStyle } from "./dom"
    | ^^^^^^^^^^^^^^^^^^^^^^^^^^^^^^^^^^^^^^^^^^^^
  4 |
  5 | /**
  6 |  * Interactive behaviours — the layer that responds to input rather than to scroll.

The export setStyle was not found in module [project]/components/motion/dom.ts [app-ssr] (ecmascript).
Did you mean to import setStyles?
All exports of the module are statically known (It doesn't have dynamic exports). So it's known statically that the requested export doesn't exist.

Import traces:
  Client Component Browser:
    ./components/motion/interactions.ts [Client Component Browser]
    ./components/motion/anime-scope.tsx [Client Component Browser]
    ./components/motion/anime-scope.tsx [Server Component]
    ./app/[locale]/page.tsx [Server Component]

  Client Component SSR:
    ./components/motion/interactions.ts [Client Component SSR]
    ./components/motion/anime-scope.tsx [Client Component SSR]
    ./components/motion/anime-scope.tsx [Server Component]
    ./app/[locale]/page.tsx [Server Component] @ http://localhost:3000/_next/static/chunks/node_modules_next_dist_0u_w_5s._.js:1945
[   90724ms] [ERROR] ./components/motion/interactions.ts:3:1
Export setStyle doesn't exist in target module
  1 | import { animate } from "motion"
  2 | import { DUR, EASE } from "./tokens"
> 3 | import { setStyle, clearStyle } from "./dom"
    | ^^^^^^^^^^^^^^^^^^^^^^^^^^^^^^^^^^^^^^^^^^^^
  4 |
  5 | /**
  6 |  * Interactive behaviours — the layer that responds to input rather than to scroll.

The export setStyle was not found in module [project]/components/motion/dom.ts [app-client] (ecmascript).
Did you mean to import setStyles?
All exports of the module are statically known (It doesn't have dynamic exports). So it's known statically that the requested export doesn't exist.

Import traces:
  Client Component Browser:
    ./components/motion/interactions.ts [Client Component Browser]
    ./components/motion/anime-scope.tsx [Client Component Browser]
    ./components/motion/anime-scope.tsx [Server Component]
    ./app/[locale]/page.tsx [Server Component]

  Client Component SSR:
    ./components/motion/interactions.ts [Client Component SSR]
    ./components/motion/anime-scope.tsx [Client Component SSR]
    ./components/motion/anime-scope.tsx [Server Component]
    ./app/[locale]/page.tsx [Server Component] @ http://localhost:3000/_next/static/chunks/node_modules_next_dist_0u_w_5s._.js:1945
[   90724ms] [ERROR] ./components/motion/interactions.ts:3:1
Export setStyle doesn't exist in target module
  1 | import { animate } from "motion"
  2 | import { DUR, EASE } from "./tokens"
> 3 | import { setStyle, clearStyle } from "./dom"
    | ^^^^^^^^^^^^^^^^^^^^^^^^^^^^^^^^^^^^^^^^^^^^
  4 |
  5 | /**
  6 |  * Interactive behaviours — the layer that responds to input rather than to scroll.

The export setStyle was not found in module [project]/components/motion/dom.ts [app-ssr] (ecmascript).
Did you mean to import setStyles?
All exports of the module are statically known (It doesn't have dynamic exports). So it's known statically that the requested export doesn't exist.

Import traces:
  Client Component Browser:
    ./components/motion/interactions.ts [Client Component Browser]
    ./components/motion/anime-scope.tsx [Client Component Browser]
    ./components/motion/anime-scope.tsx [Server Component]
    ./app/[locale]/page.tsx [Server Component]

  Client Component SSR:
    ./components/motion/interactions.ts [Client Component SSR]
    ./components/motion/anime-scope.tsx [Client Component SSR]
    ./components/motion/anime-scope.tsx [Server Component]
    ./app/[locale]/page.tsx [Server Component] @ http://localhost:3000/_next/static/chunks/node_modules_next_dist_0u_w_5s._.js:1945
[   90785ms] [ERROR] ./components/motion/interactions.ts:3:1
Export setStyle doesn't exist in target module
  1 | import { animate } from "motion"
  2 | import { DUR, EASE } from "./tokens"
> 3 | import { setStyle, clearStyle } from "./dom"
    | ^^^^^^^^^^^^^^^^^^^^^^^^^^^^^^^^^^^^^^^^^^^^
  4 |
  5 | /**
  6 |  * Interactive behaviours — the layer that responds to input rather than to scroll.

The export setStyle was not found in module [project]/components/motion/dom.ts [app-client] (ecmascript).
Did you mean to import setStyles?
All exports of the module are statically known (It doesn't have dynamic exports). So it's known statically that the requested export doesn't exist.

Import traces:
  Client Component Browser:
    ./components/motion/interactions.ts [Client Component Browser]
    ./components/motion/anime-scope.tsx [Client Component Browser]
    ./components/motion/anime-scope.tsx [Server Component]
    ./app/[locale]/page.tsx [Server Component]

  Client Component SSR:
    ./components/motion/interactions.ts [Client Component SSR]
    ./components/motion/anime-scope.tsx [Client Component SSR]
    ./components/motion/anime-scope.tsx [Server Component]
    ./app/[locale]/page.tsx [Server Component] @ http://localhost:3000/_next/static/chunks/node_modules_next_dist_0u_w_5s._.js:1945
[   90785ms] [ERROR] ./components/motion/interactions.ts:3:1
Export setStyle doesn't exist in target module
  1 | import { animate } from "motion"
  2 | import { DUR, EASE } from "./tokens"
> 3 | import { setStyle, clearStyle } from "./dom"
    | ^^^^^^^^^^^^^^^^^^^^^^^^^^^^^^^^^^^^^^^^^^^^
  4 |
  5 | /**
  6 |  * Interactive behaviours — the layer that responds to input rather than to scroll.

The export setStyle was not found in module [project]/components/motion/dom.ts [app-ssr] (ecmascript).
Did you mean to import setStyles?
All exports of the module are statically known (It doesn't have dynamic exports). So it's known statically that the requested export doesn't exist.

Import traces:
  Client Component Browser:
    ./components/motion/interactions.ts [Client Component Browser]
    ./components/motion/anime-scope.tsx [Client Component Browser]
    ./components/motion/anime-scope.tsx [Server Component]
    ./app/[locale]/page.tsx [Server Component]

  Client Component SSR:
    ./components/motion/interactions.ts [Client Component SSR]
    ./components/motion/anime-scope.tsx [Client Component SSR]
    ./components/motion/anime-scope.tsx [Server Component]
    ./app/[locale]/page.tsx [Server Component] @ http://localhost:3000/_next/static/chunks/node_modules_next_dist_0u_w_5s._.js:1945
[   90848ms] [ERROR] ./components/motion/interactions.ts:3:1
Export setStyle doesn't exist in target module
  1 | import { animate } from "motion"
  2 | import { DUR, EASE } from "./tokens"
> 3 | import { setStyle, clearStyle } from "./dom"
    | ^^^^^^^^^^^^^^^^^^^^^^^^^^^^^^^^^^^^^^^^^^^^
  4 |
  5 | /**
  6 |  * Interactive behaviours — the layer that responds to input rather than to scroll.

The export setStyle was not found in module [project]/components/motion/dom.ts [app-client] (ecmascript).
Did you mean to import setStyles?
All exports of the module are statically known (It doesn't have dynamic exports). So it's known statically that the requested export doesn't exist.

Import traces:
  Client Component Browser:
    ./components/motion/interactions.ts [Client Component Browser]
    ./components/motion/anime-scope.tsx [Client Component Browser]
    ./components/motion/anime-scope.tsx [Server Component]
    ./app/[locale]/page.tsx [Server Component]

  Client Component SSR:
    ./components/motion/interactions.ts [Client Component SSR]
    ./components/motion/anime-scope.tsx [Client Component SSR]
    ./components/motion/anime-scope.tsx [Server Component]
    ./app/[locale]/page.tsx [Server Component] @ http://localhost:3000/_next/static/chunks/node_modules_next_dist_0u_w_5s._.js:1945
[   90848ms] [ERROR] ./components/motion/interactions.ts:3:1
Export setStyle doesn't exist in target module
  1 | import { animate } from "motion"
  2 | import { DUR, EASE } from "./tokens"
> 3 | import { setStyle, clearStyle } from "./dom"
    | ^^^^^^^^^^^^^^^^^^^^^^^^^^^^^^^^^^^^^^^^^^^^
  4 |
  5 | /**
  6 |  * Interactive behaviours — the layer that responds to input rather than to scroll.

The export setStyle was not found in module [project]/components/motion/dom.ts [app-ssr] (ecmascript).
Did you mean to import setStyles?
All exports of the module are statically known (It doesn't have dynamic exports). So it's known statically that the requested export doesn't exist.

Import traces:
  Client Component Browser:
    ./components/motion/interactions.ts [Client Component Browser]
    ./components/motion/anime-scope.tsx [Client Component Browser]
    ./components/motion/anime-scope.tsx [Server Component]
    ./app/[locale]/page.tsx [Server Component]

  Client Component SSR:
    ./components/motion/interactions.ts [Client Component SSR]
    ./components/motion/anime-scope.tsx [Client Component SSR]
    ./components/motion/anime-scope.tsx [Server Component]
    ./app/[locale]/page.tsx [Server Component] @ http://localhost:3000/_next/static/chunks/node_modules_next_dist_0u_w_5s._.js:1945
[   90909ms] [ERROR] ./components/motion/interactions.ts:3:1
Export setStyle doesn't exist in target module
  1 | import { animate } from "motion"
  2 | import { DUR, EASE } from "./tokens"
> 3 | import { setStyle, clearStyle } from "./dom"
    | ^^^^^^^^^^^^^^^^^^^^^^^^^^^^^^^^^^^^^^^^^^^^
  4 |
  5 | /**
  6 |  * Interactive behaviours — the layer that responds to input rather than to scroll.

The export setStyle was not found in module [project]/components/motion/dom.ts [app-client] (ecmascript).
Did you mean to import setStyles?
All exports of the module are statically known (It doesn't have dynamic exports). So it's known statically that the requested export doesn't exist.

Import traces:
  Client Component Browser:
    ./components/motion/interactions.ts [Client Component Browser]
    ./components/motion/anime-scope.tsx [Client Component Browser]
    ./components/motion/anime-scope.tsx [Server Component]
    ./app/[locale]/page.tsx [Server Component]

  Client Component SSR:
    ./components/motion/interactions.ts [Client Component SSR]
    ./components/motion/anime-scope.tsx [Client Component SSR]
    ./components/motion/anime-scope.tsx [Server Component]
    ./app/[locale]/page.tsx [Server Component] @ http://localhost:3000/_next/static/chunks/node_modules_next_dist_0u_w_5s._.js:1945
[   90909ms] [ERROR] ./components/motion/interactions.ts:3:1
Export setStyle doesn't exist in target module
  1 | import { animate } from "motion"
  2 | import { DUR, EASE } from "./tokens"
> 3 | import { setStyle, clearStyle } from "./dom"
    | ^^^^^^^^^^^^^^^^^^^^^^^^^^^^^^^^^^^^^^^^^^^^
  4 |
  5 | /**
  6 |  * Interactive behaviours — the layer that responds to input rather than to scroll.

The export setStyle was not found in module [project]/components/motion/dom.ts [app-ssr] (ecmascript).
Did you mean to import setStyles?
All exports of the module are statically known (It doesn't have dynamic exports). So it's known statically that the requested export doesn't exist.

Import traces:
  Client Component Browser:
    ./components/motion/interactions.ts [Client Component Browser]
    ./components/motion/anime-scope.tsx [Client Component Browser]
    ./components/motion/anime-scope.tsx [Server Component]
    ./app/[locale]/page.tsx [Server Component]

  Client Component SSR:
    ./components/motion/interactions.ts [Client Component SSR]
    ./components/motion/anime-scope.tsx [Client Component SSR]
    ./components/motion/anime-scope.tsx [Server Component]
    ./app/[locale]/page.tsx [Server Component] @ http://localhost:3000/_next/static/chunks/node_modules_next_dist_0u_w_5s._.js:1945
[   90971ms] [ERROR] ./components/motion/interactions.ts:3:1
Export setStyle doesn't exist in target module
  1 | import { animate } from "motion"
  2 | import { DUR, EASE } from "./tokens"
> 3 | import { setStyle, clearStyle } from "./dom"
    | ^^^^^^^^^^^^^^^^^^^^^^^^^^^^^^^^^^^^^^^^^^^^
  4 |
  5 | /**
  6 |  * Interactive behaviours — the layer that responds to input rather than to scroll.

The export setStyle was not found in module [project]/components/motion/dom.ts [app-client] (ecmascript).
Did you mean to import setStyles?
All exports of the module are statically known (It doesn't have dynamic exports). So it's known statically that the requested export doesn't exist.

Import traces:
  Client Component Browser:
    ./components/motion/interactions.ts [Client Component Browser]
    ./components/motion/anime-scope.tsx [Client Component Browser]
    ./components/motion/anime-scope.tsx [Server Component]
    ./app/[locale]/page.tsx [Server Component]

  Client Component SSR:
    ./components/motion/interactions.ts [Client Component SSR]
    ./components/motion/anime-scope.tsx [Client Component SSR]
    ./components/motion/anime-scope.tsx [Server Component]
    ./app/[locale]/page.tsx [Server Component] @ http://localhost:3000/_next/static/chunks/node_modules_next_dist_0u_w_5s._.js:1945
[   90971ms] [ERROR] ./components/motion/interactions.ts:3:1
Export setStyle doesn't exist in target module
  1 | import { animate } from "motion"
  2 | import { DUR, EASE } from "./tokens"
> 3 | import { setStyle, clearStyle } from "./dom"
    | ^^^^^^^^^^^^^^^^^^^^^^^^^^^^^^^^^^^^^^^^^^^^
  4 |
  5 | /**
  6 |  * Interactive behaviours — the layer that responds to input rather than to scroll.

The export setStyle was not found in module [project]/components/motion/dom.ts [app-ssr] (ecmascript).
Did you mean to import setStyles?
All exports of the module are statically known (It doesn't have dynamic exports). So it's known statically that the requested export doesn't exist.

Import traces:
  Client Component Browser:
    ./components/motion/interactions.ts [Client Component Browser]
    ./components/motion/anime-scope.tsx [Client Component Browser]
    ./components/motion/anime-scope.tsx [Server Component]
    ./app/[locale]/page.tsx [Server Component]

  Client Component SSR:
    ./components/motion/interactions.ts [Client Component SSR]
    ./components/motion/anime-scope.tsx [Client Component SSR]
    ./components/motion/anime-scope.tsx [Server Component]
    ./app/[locale]/page.tsx [Server Component] @ http://localhost:3000/_next/static/chunks/node_modules_next_dist_0u_w_5s._.js:1945
[   91034ms] [ERROR] ./components/motion/interactions.ts:3:1
Export setStyle doesn't exist in target module
  1 | import { animate } from "motion"
  2 | import { DUR, EASE } from "./tokens"
> 3 | import { setStyle, clearStyle } from "./dom"
    | ^^^^^^^^^^^^^^^^^^^^^^^^^^^^^^^^^^^^^^^^^^^^
  4 |
  5 | /**
  6 |  * Interactive behaviours — the layer that responds to input rather than to scroll.

The export setStyle was not found in module [project]/components/motion/dom.ts [app-client] (ecmascript).
Did you mean to import setStyles?
All exports of the module are statically known (It doesn't have dynamic exports). So it's known statically that the requested export doesn't exist.

Import traces:
  Client Component Browser:
    ./components/motion/interactions.ts [Client Component Browser]
    ./components/motion/anime-scope.tsx [Client Component Browser]
    ./components/motion/anime-scope.tsx [Server Component]
    ./app/[locale]/page.tsx [Server Component]

  Client Component SSR:
    ./components/motion/interactions.ts [Client Component SSR]
    ./components/motion/anime-scope.tsx [Client Component SSR]
    ./components/motion/anime-scope.tsx [Server Component]
    ./app/[locale]/page.tsx [Server Component] @ http://localhost:3000/_next/static/chunks/node_modules_next_dist_0u_w_5s._.js:1945
[   91034ms] [ERROR] ./components/motion/interactions.ts:3:1
Export setStyle doesn't exist in target module
  1 | import { animate } from "motion"
  2 | import { DUR, EASE } from "./tokens"
> 3 | import { setStyle, clearStyle } from "./dom"
    | ^^^^^^^^^^^^^^^^^^^^^^^^^^^^^^^^^^^^^^^^^^^^
  4 |
  5 | /**
  6 |  * Interactive behaviours — the layer that responds to input rather than to scroll.

The export setStyle was not found in module [project]/components/motion/dom.ts [app-ssr] (ecmascript).
Did you mean to import setStyles?
All exports of the module are statically known (It doesn't have dynamic exports). So it's known statically that the requested export doesn't exist.

Import traces:
  Client Component Browser:
    ./components/motion/interactions.ts [Client Component Browser]
    ./components/motion/anime-scope.tsx [Client Component Browser]
    ./components/motion/anime-scope.tsx [Server Component]
    ./app/[locale]/page.tsx [Server Component]

  Client Component SSR:
    ./components/motion/interactions.ts [Client Component SSR]
    ./components/motion/anime-scope.tsx [Client Component SSR]
    ./components/motion/anime-scope.tsx [Server Component]
    ./app/[locale]/page.tsx [Server Component] @ http://localhost:3000/_next/static/chunks/node_modules_next_dist_0u_w_5s._.js:1945
[   91096ms] [ERROR] ./components/motion/interactions.ts:3:1
Export setStyle doesn't exist in target module
  1 | import { animate } from "motion"
  2 | import { DUR, EASE } from "./tokens"
> 3 | import { setStyle, clearStyle } from "./dom"
    | ^^^^^^^^^^^^^^^^^^^^^^^^^^^^^^^^^^^^^^^^^^^^
  4 |
  5 | /**
  6 |  * Interactive behaviours — the layer that responds to input rather than to scroll.

The export setStyle was not found in module [project]/components/motion/dom.ts [app-client] (ecmascript).
Did you mean to import setStyles?
All exports of the module are statically known (It doesn't have dynamic exports). So it's known statically that the requested export doesn't exist.

Import traces:
  Client Component Browser:
    ./components/motion/interactions.ts [Client Component Browser]
    ./components/motion/anime-scope.tsx [Client Component Browser]
    ./components/motion/anime-scope.tsx [Server Component]
    ./app/[locale]/page.tsx [Server Component]

  Client Component SSR:
    ./components/motion/interactions.ts [Client Component SSR]
    ./components/motion/anime-scope.tsx [Client Component SSR]
    ./components/motion/anime-scope.tsx [Server Component]
    ./app/[locale]/page.tsx [Server Component] @ http://localhost:3000/_next/static/chunks/node_modules_next_dist_0u_w_5s._.js:1945
[   91096ms] [ERROR] ./components/motion/interactions.ts:3:1
Export setStyle doesn't exist in target module
  1 | import { animate } from "motion"
  2 | import { DUR, EASE } from "./tokens"
> 3 | import { setStyle, clearStyle } from "./dom"
    | ^^^^^^^^^^^^^^^^^^^^^^^^^^^^^^^^^^^^^^^^^^^^
  4 |
  5 | /**
  6 |  * Interactive behaviours — the layer that responds to input rather than to scroll.

The export setStyle was not found in module [project]/components/motion/dom.ts [app-ssr] (ecmascript).
Did you mean to import setStyles?
All exports of the module are statically known (It doesn't have dynamic exports). So it's known statically that the requested export doesn't exist.

Import traces:
  Client Component Browser:
    ./components/motion/interactions.ts [Client Component Browser]
    ./components/motion/anime-scope.tsx [Client Component Browser]
    ./components/motion/anime-scope.tsx [Server Component]
    ./app/[locale]/page.tsx [Server Component]

  Client Component SSR:
    ./components/motion/interactions.ts [Client Component SSR]
    ./components/motion/anime-scope.tsx [Client Component SSR]
    ./components/motion/anime-scope.tsx [Server Component]
    ./app/[locale]/page.tsx [Server Component] @ http://localhost:3000/_next/static/chunks/node_modules_next_dist_0u_w_5s._.js:1945
[   91156ms] [ERROR] ./components/motion/interactions.ts:3:1
Export setStyle doesn't exist in target module
  1 | import { animate } from "motion"
  2 | import { DUR, EASE } from "./tokens"
> 3 | import { setStyle, clearStyle } from "./dom"
    | ^^^^^^^^^^^^^^^^^^^^^^^^^^^^^^^^^^^^^^^^^^^^
  4 |
  5 | /**
  6 |  * Interactive behaviours — the layer that responds to input rather than to scroll.

The export setStyle was not found in module [project]/components/motion/dom.ts [app-client] (ecmascript).
Did you mean to import setStyles?
All exports of the module are statically known (It doesn't have dynamic exports). So it's known statically that the requested export doesn't exist.

Import traces:
  Client Component Browser:
    ./components/motion/interactions.ts [Client Component Browser]
    ./components/motion/anime-scope.tsx [Client Component Browser]
    ./components/motion/anime-scope.tsx [Server Component]
    ./app/[locale]/page.tsx [Server Component]

  Client Component SSR:
    ./components/motion/interactions.ts [Client Component SSR]
    ./components/motion/anime-scope.tsx [Client Component SSR]
    ./components/motion/anime-scope.tsx [Server Component]
    ./app/[locale]/page.tsx [Server Component] @ http://localhost:3000/_next/static/chunks/node_modules_next_dist_0u_w_5s._.js:1945
[   91157ms] [ERROR] ./components/motion/interactions.ts:3:1
Export setStyle doesn't exist in target module
  1 | import { animate } from "motion"
  2 | import { DUR, EASE } from "./tokens"
> 3 | import { setStyle, clearStyle } from "./dom"
    | ^^^^^^^^^^^^^^^^^^^^^^^^^^^^^^^^^^^^^^^^^^^^
  4 |
  5 | /**
  6 |  * Interactive behaviours — the layer that responds to input rather than to scroll.

The export setStyle was not found in module [project]/components/motion/dom.ts [app-ssr] (ecmascript).
Did you mean to import setStyles?
All exports of the module are statically known (It doesn't have dynamic exports). So it's known statically that the requested export doesn't exist.

Import traces:
  Client Component Browser:
    ./components/motion/interactions.ts [Client Component Browser]
    ./components/motion/anime-scope.tsx [Client Component Browser]
    ./components/motion/anime-scope.tsx [Server Component]
    ./app/[locale]/page.tsx [Server Component]

  Client Component SSR:
    ./components/motion/interactions.ts [Client Component SSR]
    ./components/motion/anime-scope.tsx [Client Component SSR]
    ./components/motion/anime-scope.tsx [Server Component]
    ./app/[locale]/page.tsx [Server Component] @ http://localhost:3000/_next/static/chunks/node_modules_next_dist_0u_w_5s._.js:1945
[   91219ms] [ERROR] ./components/motion/interactions.ts:3:1
Export setStyle doesn't exist in target module
  1 | import { animate } from "motion"
  2 | import { DUR, EASE } from "./tokens"
> 3 | import { setStyle, clearStyle } from "./dom"
    | ^^^^^^^^^^^^^^^^^^^^^^^^^^^^^^^^^^^^^^^^^^^^
  4 |
  5 | /**
  6 |  * Interactive behaviours — the layer that responds to input rather than to scroll.

The export setStyle was not found in module [project]/components/motion/dom.ts [app-client] (ecmascript).
Did you mean to import setStyles?
All exports of the module are statically known (It doesn't have dynamic exports). So it's known statically that the requested export doesn't exist.

Import traces:
  Client Component Browser:
    ./components/motion/interactions.ts [Client Component Browser]
    ./components/motion/anime-scope.tsx [Client Component Browser]
    ./components/motion/anime-scope.tsx [Server Component]
    ./app/[locale]/page.tsx [Server Component]

  Client Component SSR:
    ./components/motion/interactions.ts [Client Component SSR]
    ./components/motion/anime-scope.tsx [Client Component SSR]
    ./components/motion/anime-scope.tsx [Server Component]
    ./app/[locale]/page.tsx [Server Component] @ http://localhost:3000/_next/static/chunks/node_modules_next_dist_0u_w_5s._.js:1945
[   91219ms] [ERROR] ./components/motion/interactions.ts:3:1
Export setStyle doesn't exist in target module
  1 | import { animate } from "motion"
  2 | import { DUR, EASE } from "./tokens"
> 3 | import { setStyle, clearStyle } from "./dom"
    | ^^^^^^^^^^^^^^^^^^^^^^^^^^^^^^^^^^^^^^^^^^^^
  4 |
  5 | /**
  6 |  * Interactive behaviours — the layer that responds to input rather than to scroll.

The export setStyle was not found in module [project]/components/motion/dom.ts [app-ssr] (ecmascript).
Did you mean to import setStyles?
All exports of the module are statically known (It doesn't have dynamic exports). So it's known statically that the requested export doesn't exist.

Import traces:
  Client Component Browser:
    ./components/motion/interactions.ts [Client Component Browser]
    ./components/motion/anime-scope.tsx [Client Component Browser]
    ./components/motion/anime-scope.tsx [Server Component]
    ./app/[locale]/page.tsx [Server Component]

  Client Component SSR:
    ./components/motion/interactions.ts [Client Component SSR]
    ./components/motion/anime-scope.tsx [Client Component SSR]
    ./components/motion/anime-scope.tsx [Server Component]
    ./app/[locale]/page.tsx [Server Component] @ http://localhost:3000/_next/static/chunks/node_modules_next_dist_0u_w_5s._.js:1945
[   91280ms] [ERROR] ./components/motion/interactions.ts:3:1
Export setStyle doesn't exist in target module
  1 | import { animate } from "motion"
  2 | import { DUR, EASE } from "./tokens"
> 3 | import { setStyle, clearStyle } from "./dom"
    | ^^^^^^^^^^^^^^^^^^^^^^^^^^^^^^^^^^^^^^^^^^^^
  4 |
  5 | /**
  6 |  * Interactive behaviours — the layer that responds to input rather than to scroll.

The export setStyle was not found in module [project]/components/motion/dom.ts [app-client] (ecmascript).
Did you mean to import setStyles?
All exports of the module are statically known (It doesn't have dynamic exports). So it's known statically that the requested export doesn't exist.

Import traces:
  Client Component Browser:
    ./components/motion/interactions.ts [Client Component Browser]
    ./components/motion/anime-scope.tsx [Client Component Browser]
    ./components/motion/anime-scope.tsx [Server Component]
    ./app/[locale]/page.tsx [Server Component]

  Client Component SSR:
    ./components/motion/interactions.ts [Client Component SSR]
    ./components/motion/anime-scope.tsx [Client Component SSR]
    ./components/motion/anime-scope.tsx [Server Component]
    ./app/[locale]/page.tsx [Server Component] @ http://localhost:3000/_next/static/chunks/node_modules_next_dist_0u_w_5s._.js:1945
[   91280ms] [ERROR] ./components/motion/interactions.ts:3:1
Export setStyle doesn't exist in target module
  1 | import { animate } from "motion"
  2 | import { DUR, EASE } from "./tokens"
> 3 | import { setStyle, clearStyle } from "./dom"
    | ^^^^^^^^^^^^^^^^^^^^^^^^^^^^^^^^^^^^^^^^^^^^
  4 |
  5 | /**
  6 |  * Interactive behaviours — the layer that responds to input rather than to scroll.

The export setStyle was not found in module [project]/components/motion/dom.ts [app-ssr] (ecmascript).
Did you mean to import setStyles?
All exports of the module are statically known (It doesn't have dynamic exports). So it's known statically that the requested export doesn't exist.

Import traces:
  Client Component Browser:
    ./components/motion/interactions.ts [Client Component Browser]
    ./components/motion/anime-scope.tsx [Client Component Browser]
    ./components/motion/anime-scope.tsx [Server Component]
    ./app/[locale]/page.tsx [Server Component]

  Client Component SSR:
    ./components/motion/interactions.ts [Client Component SSR]
    ./components/motion/anime-scope.tsx [Client Component SSR]
    ./components/motion/anime-scope.tsx [Server Component]
    ./app/[locale]/page.tsx [Server Component] @ http://localhost:3000/_next/static/chunks/node_modules_next_dist_0u_w_5s._.js:1945
[   91342ms] [ERROR] ./components/motion/interactions.ts:3:1
Export setStyle doesn't exist in target module
  1 | import { animate } from "motion"
  2 | import { DUR, EASE } from "./tokens"
> 3 | import { setStyle, clearStyle } from "./dom"
    | ^^^^^^^^^^^^^^^^^^^^^^^^^^^^^^^^^^^^^^^^^^^^
  4 |
  5 | /**
  6 |  * Interactive behaviours — the layer that responds to input rather than to scroll.

The export setStyle was not found in module [project]/components/motion/dom.ts [app-client] (ecmascript).
Did you mean to import setStyles?
All exports of the module are statically known (It doesn't have dynamic exports). So it's known statically that the requested export doesn't exist.

Import traces:
  Client Component Browser:
    ./components/motion/interactions.ts [Client Component Browser]
    ./components/motion/anime-scope.tsx [Client Component Browser]
    ./components/motion/anime-scope.tsx [Server Component]
    ./app/[locale]/page.tsx [Server Component]

  Client Component SSR:
    ./components/motion/interactions.ts [Client Component SSR]
    ./components/motion/anime-scope.tsx [Client Component SSR]
    ./components/motion/anime-scope.tsx [Server Component]
    ./app/[locale]/page.tsx [Server Component] @ http://localhost:3000/_next/static/chunks/node_modules_next_dist_0u_w_5s._.js:1945
[   91342ms] [ERROR] ./components/motion/interactions.ts:3:1
Export setStyle doesn't exist in target module
  1 | import { animate } from "motion"
  2 | import { DUR, EASE } from "./tokens"
> 3 | import { setStyle, clearStyle } from "./dom"
    | ^^^^^^^^^^^^^^^^^^^^^^^^^^^^^^^^^^^^^^^^^^^^
  4 |
  5 | /**
  6 |  * Interactive behaviours — the layer that responds to input rather than to scroll.

The export setStyle was not found in module [project]/components/motion/dom.ts [app-ssr] (ecmascript).
Did you mean to import setStyles?
All exports of the module are statically known (It doesn't have dynamic exports). So it's known statically that the requested export doesn't exist.

Import traces:
  Client Component Browser:
    ./components/motion/interactions.ts [Client Component Browser]
    ./components/motion/anime-scope.tsx [Client Component Browser]
    ./components/motion/anime-scope.tsx [Server Component]
    ./app/[locale]/page.tsx [Server Component]

  Client Component SSR:
    ./components/motion/interactions.ts [Client Component SSR]
    ./components/motion/anime-scope.tsx [Client Component SSR]
    ./components/motion/anime-scope.tsx [Server Component]
    ./app/[locale]/page.tsx [Server Component] @ http://localhost:3000/_next/static/chunks/node_modules_next_dist_0u_w_5s._.js:1945
[   91402ms] [ERROR] ./components/motion/interactions.ts:3:1
Export setStyle doesn't exist in target module
  1 | import { animate } from "motion"
  2 | import { DUR, EASE } from "./tokens"
> 3 | import { setStyle, clearStyle } from "./dom"
    | ^^^^^^^^^^^^^^^^^^^^^^^^^^^^^^^^^^^^^^^^^^^^
  4 |
  5 | /**
  6 |  * Interactive behaviours — the layer that responds to input rather than to scroll.

The export setStyle was not found in module [project]/components/motion/dom.ts [app-client] (ecmascript).
Did you mean to import setStyles?
All exports of the module are statically known (It doesn't have dynamic exports). So it's known statically that the requested export doesn't exist.

Import traces:
  Client Component Browser:
    ./components/motion/interactions.ts [Client Component Browser]
    ./components/motion/anime-scope.tsx [Client Component Browser]
    ./components/motion/anime-scope.tsx [Server Component]
    ./app/[locale]/page.tsx [Server Component]

  Client Component SSR:
    ./components/motion/interactions.ts [Client Component SSR]
    ./components/motion/anime-scope.tsx [Client Component SSR]
    ./components/motion/anime-scope.tsx [Server Component]
    ./app/[locale]/page.tsx [Server Component] @ http://localhost:3000/_next/static/chunks/node_modules_next_dist_0u_w_5s._.js:1945
[   91402ms] [ERROR] ./components/motion/interactions.ts:3:1
Export setStyle doesn't exist in target module
  1 | import { animate } from "motion"
  2 | import { DUR, EASE } from "./tokens"
> 3 | import { setStyle, clearStyle } from "./dom"
    | ^^^^^^^^^^^^^^^^^^^^^^^^^^^^^^^^^^^^^^^^^^^^
  4 |
  5 | /**
  6 |  * Interactive behaviours — the layer that responds to input rather than to scroll.

The export setStyle was not found in module [project]/components/motion/dom.ts [app-ssr] (ecmascript).
Did you mean to import setStyles?
All exports of the module are statically known (It doesn't have dynamic exports). So it's known statically that the requested export doesn't exist.

Import traces:
  Client Component Browser:
    ./components/motion/interactions.ts [Client Component Browser]
    ./components/motion/anime-scope.tsx [Client Component Browser]
    ./components/motion/anime-scope.tsx [Server Component]
    ./app/[locale]/page.tsx [Server Component]

  Client Component SSR:
    ./components/motion/interactions.ts [Client Component SSR]
    ./components/motion/anime-scope.tsx [Client Component SSR]
    ./components/motion/anime-scope.tsx [Server Component]
    ./app/[locale]/page.tsx [Server Component] @ http://localhost:3000/_next/static/chunks/node_modules_next_dist_0u_w_5s._.js:1945
[   91464ms] [ERROR] ./components/motion/interactions.ts:3:1
Export setStyle doesn't exist in target module
  1 | import { animate } from "motion"
  2 | import { DUR, EASE } from "./tokens"
> 3 | import { setStyle, clearStyle } from "./dom"
    | ^^^^^^^^^^^^^^^^^^^^^^^^^^^^^^^^^^^^^^^^^^^^
  4 |
  5 | /**
  6 |  * Interactive behaviours — the layer that responds to input rather than to scroll.

The export setStyle was not found in module [project]/components/motion/dom.ts [app-client] (ecmascript).
Did you mean to import setStyles?
All exports of the module are statically known (It doesn't have dynamic exports). So it's known statically that the requested export doesn't exist.

Import traces:
  Client Component Browser:
    ./components/motion/interactions.ts [Client Component Browser]
    ./components/motion/anime-scope.tsx [Client Component Browser]
    ./components/motion/anime-scope.tsx [Server Component]
    ./app/[locale]/page.tsx [Server Component]

  Client Component SSR:
    ./components/motion/interactions.ts [Client Component SSR]
    ./components/motion/anime-scope.tsx [Client Component SSR]
    ./components/motion/anime-scope.tsx [Server Component]
    ./app/[locale]/page.tsx [Server Component] @ http://localhost:3000/_next/static/chunks/node_modules_next_dist_0u_w_5s._.js:1945
[   91464ms] [ERROR] ./components/motion/interactions.ts:3:1
Export setStyle doesn't exist in target module
  1 | import { animate } from "motion"
  2 | import { DUR, EASE } from "./tokens"
> 3 | import { setStyle, clearStyle } from "./dom"
    | ^^^^^^^^^^^^^^^^^^^^^^^^^^^^^^^^^^^^^^^^^^^^
  4 |
  5 | /**
  6 |  * Interactive behaviours — the layer that responds to input rather than to scroll.

The export setStyle was not found in module [project]/components/motion/dom.ts [app-ssr] (ecmascript).
Did you mean to import setStyles?
All exports of the module are statically known (It doesn't have dynamic exports). So it's known statically that the requested export doesn't exist.

Import traces:
  Client Component Browser:
    ./components/motion/interactions.ts [Client Component Browser]
    ./components/motion/anime-scope.tsx [Client Component Browser]
    ./components/motion/anime-scope.tsx [Server Component]
    ./app/[locale]/page.tsx [Server Component]

  Client Component SSR:
    ./components/motion/interactions.ts [Client Component SSR]
    ./components/motion/anime-scope.tsx [Client Component SSR]
    ./components/motion/anime-scope.tsx [Server Component]
    ./app/[locale]/page.tsx [Server Component] @ http://localhost:3000/_next/static/chunks/node_modules_next_dist_0u_w_5s._.js:1945
[   91525ms] [ERROR] ./components/motion/interactions.ts:3:1
Export setStyle doesn't exist in target module
  1 | import { animate } from "motion"
  2 | import { DUR, EASE } from "./tokens"
> 3 | import { setStyle, clearStyle } from "./dom"
    | ^^^^^^^^^^^^^^^^^^^^^^^^^^^^^^^^^^^^^^^^^^^^
  4 |
  5 | /**
  6 |  * Interactive behaviours — the layer that responds to input rather than to scroll.

The export setStyle was not found in module [project]/components/motion/dom.ts [app-client] (ecmascript).
Did you mean to import setStyles?
All exports of the module are statically known (It doesn't have dynamic exports). So it's known statically that the requested export doesn't exist.

Import traces:
  Client Component Browser:
    ./components/motion/interactions.ts [Client Component Browser]
    ./components/motion/anime-scope.tsx [Client Component Browser]
    ./components/motion/anime-scope.tsx [Server Component]
    ./app/[locale]/page.tsx [Server Component]

  Client Component SSR:
    ./components/motion/interactions.ts [Client Component SSR]
    ./components/motion/anime-scope.tsx [Client Component SSR]
    ./components/motion/anime-scope.tsx [Server Component]
    ./app/[locale]/page.tsx [Server Component] @ http://localhost:3000/_next/static/chunks/node_modules_next_dist_0u_w_5s._.js:1945
[   91525ms] [ERROR] ./components/motion/interactions.ts:3:1
Export setStyle doesn't exist in target module
  1 | import { animate } from "motion"
  2 | import { DUR, EASE } from "./tokens"
> 3 | import { setStyle, clearStyle } from "./dom"
    | ^^^^^^^^^^^^^^^^^^^^^^^^^^^^^^^^^^^^^^^^^^^^
  4 |
  5 | /**
  6 |  * Interactive behaviours — the layer that responds to input rather than to scroll.

The export setStyle was not found in module [project]/components/motion/dom.ts [app-ssr] (ecmascript).
Did you mean to import setStyles?
All exports of the module are statically known (It doesn't have dynamic exports). So it's known statically that the requested export doesn't exist.

Import traces:
  Client Component Browser:
    ./components/motion/interactions.ts [Client Component Browser]
    ./components/motion/anime-scope.tsx [Client Component Browser]
    ./components/motion/anime-scope.tsx [Server Component]
    ./app/[locale]/page.tsx [Server Component]

  Client Component SSR:
    ./components/motion/interactions.ts [Client Component SSR]
    ./components/motion/anime-scope.tsx [Client Component SSR]
    ./components/motion/anime-scope.tsx [Server Component]
    ./app/[locale]/page.tsx [Server Component] @ http://localhost:3000/_next/static/chunks/node_modules_next_dist_0u_w_5s._.js:1945
[   91587ms] [ERROR] ./components/motion/interactions.ts:3:1
Export setStyle doesn't exist in target module
  1 | import { animate } from "motion"
  2 | import { DUR, EASE } from "./tokens"
> 3 | import { setStyle, clearStyle } from "./dom"
    | ^^^^^^^^^^^^^^^^^^^^^^^^^^^^^^^^^^^^^^^^^^^^
  4 |
  5 | /**
  6 |  * Interactive behaviours — the layer that responds to input rather than to scroll.

The export setStyle was not found in module [project]/components/motion/dom.ts [app-client] (ecmascript).
Did you mean to import setStyles?
All exports of the module are statically known (It doesn't have dynamic exports). So it's known statically that the requested export doesn't exist.

Import traces:
  Client Component Browser:
    ./components/motion/interactions.ts [Client Component Browser]
    ./components/motion/anime-scope.tsx [Client Component Browser]
    ./components/motion/anime-scope.tsx [Server Component]
    ./app/[locale]/page.tsx [Server Component]

  Client Component SSR:
    ./components/motion/interactions.ts [Client Component SSR]
    ./components/motion/anime-scope.tsx [Client Component SSR]
    ./components/motion/anime-scope.tsx [Server Component]
    ./app/[locale]/page.tsx [Server Component] @ http://localhost:3000/_next/static/chunks/node_modules_next_dist_0u_w_5s._.js:1945
[   91587ms] [ERROR] ./components/motion/interactions.ts:3:1
Export setStyle doesn't exist in target module
  1 | import { animate } from "motion"
  2 | import { DUR, EASE } from "./tokens"
> 3 | import { setStyle, clearStyle } from "./dom"
    | ^^^^^^^^^^^^^^^^^^^^^^^^^^^^^^^^^^^^^^^^^^^^
  4 |
  5 | /**
  6 |  * Interactive behaviours — the layer that responds to input rather than to scroll.

The export setStyle was not found in module [project]/components/motion/dom.ts [app-ssr] (ecmascript).
Did you mean to import setStyles?
All exports of the module are statically known (It doesn't have dynamic exports). So it's known statically that the requested export doesn't exist.

Import traces:
  Client Component Browser:
    ./components/motion/interactions.ts [Client Component Browser]
    ./components/motion/anime-scope.tsx [Client Component Browser]
    ./components/motion/anime-scope.tsx [Server Component]
    ./app/[locale]/page.tsx [Server Component]

  Client Component SSR:
    ./components/motion/interactions.ts [Client Component SSR]
    ./components/motion/anime-scope.tsx [Client Component SSR]
    ./components/motion/anime-scope.tsx [Server Component]
    ./app/[locale]/page.tsx [Server Component] @ http://localhost:3000/_next/static/chunks/node_modules_next_dist_0u_w_5s._.js:1945
[   91647ms] [ERROR] ./components/motion/interactions.ts:3:1
Export setStyle doesn't exist in target module
  1 | import { animate } from "motion"
  2 | import { DUR, EASE } from "./tokens"
> 3 | import { setStyle, clearStyle } from "./dom"
    | ^^^^^^^^^^^^^^^^^^^^^^^^^^^^^^^^^^^^^^^^^^^^
  4 |
  5 | /**
  6 |  * Interactive behaviours — the layer that responds to input rather than to scroll.

The export setStyle was not found in module [project]/components/motion/dom.ts [app-client] (ecmascript).
Did you mean to import setStyles?
All exports of the module are statically known (It doesn't have dynamic exports). So it's known statically that the requested export doesn't exist.

Import traces:
  Client Component Browser:
    ./components/motion/interactions.ts [Client Component Browser]
    ./components/motion/anime-scope.tsx [Client Component Browser]
    ./components/motion/anime-scope.tsx [Server Component]
    ./app/[locale]/page.tsx [Server Component]

  Client Component SSR:
    ./components/motion/interactions.ts [Client Component SSR]
    ./components/motion/anime-scope.tsx [Client Component SSR]
    ./components/motion/anime-scope.tsx [Server Component]
    ./app/[locale]/page.tsx [Server Component] @ http://localhost:3000/_next/static/chunks/node_modules_next_dist_0u_w_5s._.js:1945
[   91647ms] [ERROR] ./components/motion/interactions.ts:3:1
Export setStyle doesn't exist in target module
  1 | import { animate } from "motion"
  2 | import { DUR, EASE } from "./tokens"
> 3 | import { setStyle, clearStyle } from "./dom"
    | ^^^^^^^^^^^^^^^^^^^^^^^^^^^^^^^^^^^^^^^^^^^^
  4 |
  5 | /**
  6 |  * Interactive behaviours — the layer that responds to input rather than to scroll.

The export setStyle was not found in module [project]/components/motion/dom.ts [app-ssr] (ecmascript).
Did you mean to import setStyles?
All exports of the module are statically known (It doesn't have dynamic exports). So it's known statically that the requested export doesn't exist.

Import traces:
  Client Component Browser:
    ./components/motion/interactions.ts [Client Component Browser]
    ./components/motion/anime-scope.tsx [Client Component Browser]
    ./components/motion/anime-scope.tsx [Server Component]
    ./app/[locale]/page.tsx [Server Component]

  Client Component SSR:
    ./components/motion/interactions.ts [Client Component SSR]
    ./components/motion/anime-scope.tsx [Client Component SSR]
    ./components/motion/anime-scope.tsx [Server Component]
    ./app/[locale]/page.tsx [Server Component] @ http://localhost:3000/_next/static/chunks/node_modules_next_dist_0u_w_5s._.js:1945
[   91709ms] [ERROR] ./components/motion/interactions.ts:3:1
Export setStyle doesn't exist in target module
  1 | import { animate } from "motion"
  2 | import { DUR, EASE } from "./tokens"
> 3 | import { setStyle, clearStyle } from "./dom"
    | ^^^^^^^^^^^^^^^^^^^^^^^^^^^^^^^^^^^^^^^^^^^^
  4 |
  5 | /**
  6 |  * Interactive behaviours — the layer that responds to input rather than to scroll.

The export setStyle was not found in module [project]/components/motion/dom.ts [app-client] (ecmascript).
Did you mean to import setStyles?
All exports of the module are statically known (It doesn't have dynamic exports). So it's known statically that the requested export doesn't exist.

Import traces:
  Client Component Browser:
    ./components/motion/interactions.ts [Client Component Browser]
    ./components/motion/anime-scope.tsx [Client Component Browser]
    ./components/motion/anime-scope.tsx [Server Component]
    ./app/[locale]/page.tsx [Server Component]

  Client Component SSR:
    ./components/motion/interactions.ts [Client Component SSR]
    ./components/motion/anime-scope.tsx [Client Component SSR]
    ./components/motion/anime-scope.tsx [Server Component]
    ./app/[locale]/page.tsx [Server Component] @ http://localhost:3000/_next/static/chunks/node_modules_next_dist_0u_w_5s._.js:1945
[   91709ms] [ERROR] ./components/motion/interactions.ts:3:1
Export setStyle doesn't exist in target module
  1 | import { animate } from "motion"
  2 | import { DUR, EASE } from "./tokens"
> 3 | import { setStyle, clearStyle } from "./dom"
    | ^^^^^^^^^^^^^^^^^^^^^^^^^^^^^^^^^^^^^^^^^^^^
  4 |
  5 | /**
  6 |  * Interactive behaviours — the layer that responds to input rather than to scroll.

The export setStyle was not found in module [project]/components/motion/dom.ts [app-ssr] (ecmascript).
Did you mean to import setStyles?
All exports of the module are statically known (It doesn't have dynamic exports). So it's known statically that the requested export doesn't exist.

Import traces:
  Client Component Browser:
    ./components/motion/interactions.ts [Client Component Browser]
    ./components/motion/anime-scope.tsx [Client Component Browser]
    ./components/motion/anime-scope.tsx [Server Component]
    ./app/[locale]/page.tsx [Server Component]

  Client Component SSR:
    ./components/motion/interactions.ts [Client Component SSR]
    ./components/motion/anime-scope.tsx [Client Component SSR]
    ./components/motion/anime-scope.tsx [Server Component]
    ./app/[locale]/page.tsx [Server Component] @ http://localhost:3000/_next/static/chunks/node_modules_next_dist_0u_w_5s._.js:1945
[   91770ms] [ERROR] ./components/motion/interactions.ts:3:1
Export setStyle doesn't exist in target module
  1 | import { animate } from "motion"
  2 | import { DUR, EASE } from "./tokens"
> 3 | import { setStyle, clearStyle } from "./dom"
    | ^^^^^^^^^^^^^^^^^^^^^^^^^^^^^^^^^^^^^^^^^^^^
  4 |
  5 | /**
  6 |  * Interactive behaviours — the layer that responds to input rather than to scroll.

The export setStyle was not found in module [project]/components/motion/dom.ts [app-client] (ecmascript).
Did you mean to import setStyles?
All exports of the module are statically known (It doesn't have dynamic exports). So it's known statically that the requested export doesn't exist.

Import traces:
  Client Component Browser:
    ./components/motion/interactions.ts [Client Component Browser]
    ./components/motion/anime-scope.tsx [Client Component Browser]
    ./components/motion/anime-scope.tsx [Server Component]
    ./app/[locale]/page.tsx [Server Component]

  Client Component SSR:
    ./components/motion/interactions.ts [Client Component SSR]
    ./components/motion/anime-scope.tsx [Client Component SSR]
    ./components/motion/anime-scope.tsx [Server Component]
    ./app/[locale]/page.tsx [Server Component] @ http://localhost:3000/_next/static/chunks/node_modules_next_dist_0u_w_5s._.js:1945
[   91771ms] [ERROR] ./components/motion/interactions.ts:3:1
Export setStyle doesn't exist in target module
  1 | import { animate } from "motion"
  2 | import { DUR, EASE } from "./tokens"
> 3 | import { setStyle, clearStyle } from "./dom"
    | ^^^^^^^^^^^^^^^^^^^^^^^^^^^^^^^^^^^^^^^^^^^^
  4 |
  5 | /**
  6 |  * Interactive behaviours — the layer that responds to input rather than to scroll.

The export setStyle was not found in module [project]/components/motion/dom.ts [app-ssr] (ecmascript).
Did you mean to import setStyles?
All exports of the module are statically known (It doesn't have dynamic exports). So it's known statically that the requested export doesn't exist.

Import traces:
  Client Component Browser:
    ./components/motion/interactions.ts [Client Component Browser]
    ./components/motion/anime-scope.tsx [Client Component Browser]
    ./components/motion/anime-scope.tsx [Server Component]
    ./app/[locale]/page.tsx [Server Component]

  Client Component SSR:
    ./components/motion/interactions.ts [Client Component SSR]
    ./components/motion/anime-scope.tsx [Client Component SSR]
    ./components/motion/anime-scope.tsx [Server Component]
    ./app/[locale]/page.tsx [Server Component] @ http://localhost:3000/_next/static/chunks/node_modules_next_dist_0u_w_5s._.js:1945
[   91831ms] [ERROR] ./components/motion/interactions.ts:3:1
Export setStyle doesn't exist in target module
  1 | import { animate } from "motion"
  2 | import { DUR, EASE } from "./tokens"
> 3 | import { setStyle, clearStyle } from "./dom"
    | ^^^^^^^^^^^^^^^^^^^^^^^^^^^^^^^^^^^^^^^^^^^^
  4 |
  5 | /**
  6 |  * Interactive behaviours — the layer that responds to input rather than to scroll.

The export setStyle was not found in module [project]/components/motion/dom.ts [app-client] (ecmascript).
Did you mean to import setStyles?
All exports of the module are statically known (It doesn't have dynamic exports). So it's known statically that the requested export doesn't exist.

Import traces:
  Client Component Browser:
    ./components/motion/interactions.ts [Client Component Browser]
    ./components/motion/anime-scope.tsx [Client Component Browser]
    ./components/motion/anime-scope.tsx [Server Component]
    ./app/[locale]/page.tsx [Server Component]

  Client Component SSR:
    ./components/motion/interactions.ts [Client Component SSR]
    ./components/motion/anime-scope.tsx [Client Component SSR]
    ./components/motion/anime-scope.tsx [Server Component]
    ./app/[locale]/page.tsx [Server Component] @ http://localhost:3000/_next/static/chunks/node_modules_next_dist_0u_w_5s._.js:1945
[   91831ms] [ERROR] ./components/motion/interactions.ts:3:1
Export setStyle doesn't exist in target module
  1 | import { animate } from "motion"
  2 | import { DUR, EASE } from "./tokens"
> 3 | import { setStyle, clearStyle } from "./dom"
    | ^^^^^^^^^^^^^^^^^^^^^^^^^^^^^^^^^^^^^^^^^^^^
  4 |
  5 | /**
  6 |  * Interactive behaviours — the layer that responds to input rather than to scroll.

The export setStyle was not found in module [project]/components/motion/dom.ts [app-ssr] (ecmascript).
Did you mean to import setStyles?
All exports of the module are statically known (It doesn't have dynamic exports). So it's known statically that the requested export doesn't exist.

Import traces:
  Client Component Browser:
    ./components/motion/interactions.ts [Client Component Browser]
    ./components/motion/anime-scope.tsx [Client Component Browser]
    ./components/motion/anime-scope.tsx [Server Component]
    ./app/[locale]/page.tsx [Server Component]

  Client Component SSR:
    ./components/motion/interactions.ts [Client Component SSR]
    ./components/motion/anime-scope.tsx [Client Component SSR]
    ./components/motion/anime-scope.tsx [Server Component]
    ./app/[locale]/page.tsx [Server Component] @ http://localhost:3000/_next/static/chunks/node_modules_next_dist_0u_w_5s._.js:1945
[   91893ms] [ERROR] ./components/motion/interactions.ts:3:1
Export setStyle doesn't exist in target module
  1 | import { animate } from "motion"
  2 | import { DUR, EASE } from "./tokens"
> 3 | import { setStyle, clearStyle } from "./dom"
    | ^^^^^^^^^^^^^^^^^^^^^^^^^^^^^^^^^^^^^^^^^^^^
  4 |
  5 | /**
  6 |  * Interactive behaviours — the layer that responds to input rather than to scroll.

The export setStyle was not found in module [project]/components/motion/dom.ts [app-client] (ecmascript).
Did you mean to import setStyles?
All exports of the module are statically known (It doesn't have dynamic exports). So it's known statically that the requested export doesn't exist.

Import traces:
  Client Component Browser:
    ./components/motion/interactions.ts [Client Component Browser]
    ./components/motion/anime-scope.tsx [Client Component Browser]
    ./components/motion/anime-scope.tsx [Server Component]
    ./app/[locale]/page.tsx [Server Component]

  Client Component SSR:
    ./components/motion/interactions.ts [Client Component SSR]
    ./components/motion/anime-scope.tsx [Client Component SSR]
    ./components/motion/anime-scope.tsx [Server Component]
    ./app/[locale]/page.tsx [Server Component] @ http://localhost:3000/_next/static/chunks/node_modules_next_dist_0u_w_5s._.js:1945
[   91893ms] [ERROR] ./components/motion/interactions.ts:3:1
Export setStyle doesn't exist in target module
  1 | import { animate } from "motion"
  2 | import { DUR, EASE } from "./tokens"
> 3 | import { setStyle, clearStyle } from "./dom"
    | ^^^^^^^^^^^^^^^^^^^^^^^^^^^^^^^^^^^^^^^^^^^^
  4 |
  5 | /**
  6 |  * Interactive behaviours — the layer that responds to input rather than to scroll.

The export setStyle was not found in module [project]/components/motion/dom.ts [app-ssr] (ecmascript).
Did you mean to import setStyles?
All exports of the module are statically known (It doesn't have dynamic exports). So it's known statically that the requested export doesn't exist.

Import traces:
  Client Component Browser:
    ./components/motion/interactions.ts [Client Component Browser]
    ./components/motion/anime-scope.tsx [Client Component Browser]
    ./components/motion/anime-scope.tsx [Server Component]
    ./app/[locale]/page.tsx [Server Component]

  Client Component SSR:
    ./components/motion/interactions.ts [Client Component SSR]
    ./components/motion/anime-scope.tsx [Client Component SSR]
    ./components/motion/anime-scope.tsx [Server Component]
    ./app/[locale]/page.tsx [Server Component] @ http://localhost:3000/_next/static/chunks/node_modules_next_dist_0u_w_5s._.js:1945
[   91955ms] [ERROR] ./components/motion/interactions.ts:3:1
Export setStyle doesn't exist in target module
  1 | import { animate } from "motion"
  2 | import { DUR, EASE } from "./tokens"
> 3 | import { setStyle, clearStyle } from "./dom"
    | ^^^^^^^^^^^^^^^^^^^^^^^^^^^^^^^^^^^^^^^^^^^^
  4 |
  5 | /**
  6 |  * Interactive behaviours — the layer that responds to input rather than to scroll.

The export setStyle was not found in module [project]/components/motion/dom.ts [app-client] (ecmascript).
Did you mean to import setStyles?
All exports of the module are statically known (It doesn't have dynamic exports). So it's known statically that the requested export doesn't exist.

Import traces:
  Client Component Browser:
    ./components/motion/interactions.ts [Client Component Browser]
    ./components/motion/anime-scope.tsx [Client Component Browser]
    ./components/motion/anime-scope.tsx [Server Component]
    ./app/[locale]/page.tsx [Server Component]

  Client Component SSR:
    ./components/motion/interactions.ts [Client Component SSR]
    ./components/motion/anime-scope.tsx [Client Component SSR]
    ./components/motion/anime-scope.tsx [Server Component]
    ./app/[locale]/page.tsx [Server Component] @ http://localhost:3000/_next/static/chunks/node_modules_next_dist_0u_w_5s._.js:1945
[   91955ms] [ERROR] ./components/motion/interactions.ts:3:1
Export setStyle doesn't exist in target module
  1 | import { animate } from "motion"
  2 | import { DUR, EASE } from "./tokens"
> 3 | import { setStyle, clearStyle } from "./dom"
    | ^^^^^^^^^^^^^^^^^^^^^^^^^^^^^^^^^^^^^^^^^^^^
  4 |
  5 | /**
  6 |  * Interactive behaviours — the layer that responds to input rather than to scroll.

The export setStyle was not found in module [project]/components/motion/dom.ts [app-ssr] (ecmascript).
Did you mean to import setStyles?
All exports of the module are statically known (It doesn't have dynamic exports). So it's known statically that the requested export doesn't exist.

Import traces:
  Client Component Browser:
    ./components/motion/interactions.ts [Client Component Browser]
    ./components/motion/anime-scope.tsx [Client Component Browser]
    ./components/motion/anime-scope.tsx [Server Component]
    ./app/[locale]/page.tsx [Server Component]

  Client Component SSR:
    ./components/motion/interactions.ts [Client Component SSR]
    ./components/motion/anime-scope.tsx [Client Component SSR]
    ./components/motion/anime-scope.tsx [Server Component]
    ./app/[locale]/page.tsx [Server Component] @ http://localhost:3000/_next/static/chunks/node_modules_next_dist_0u_w_5s._.js:1945
[   92015ms] [ERROR] ./components/motion/interactions.ts:3:1
Export setStyle doesn't exist in target module
  1 | import { animate } from "motion"
  2 | import { DUR, EASE } from "./tokens"
> 3 | import { setStyle, clearStyle } from "./dom"
    | ^^^^^^^^^^^^^^^^^^^^^^^^^^^^^^^^^^^^^^^^^^^^
  4 |
  5 | /**
  6 |  * Interactive behaviours — the layer that responds to input rather than to scroll.

The export setStyle was not found in module [project]/components/motion/dom.ts [app-client] (ecmascript).
Did you mean to import setStyles?
All exports of the module are statically known (It doesn't have dynamic exports). So it's known statically that the requested export doesn't exist.

Import traces:
  Client Component Browser:
    ./components/motion/interactions.ts [Client Component Browser]
    ./components/motion/anime-scope.tsx [Client Component Browser]
    ./components/motion/anime-scope.tsx [Server Component]
    ./app/[locale]/page.tsx [Server Component]

  Client Component SSR:
    ./components/motion/interactions.ts [Client Component SSR]
    ./components/motion/anime-scope.tsx [Client Component SSR]
    ./components/motion/anime-scope.tsx [Server Component]
    ./app/[locale]/page.tsx [Server Component] @ http://localhost:3000/_next/static/chunks/node_modules_next_dist_0u_w_5s._.js:1945
[   92015ms] [ERROR] ./components/motion/interactions.ts:3:1
Export setStyle doesn't exist in target module
  1 | import { animate } from "motion"
  2 | import { DUR, EASE } from "./tokens"
> 3 | import { setStyle, clearStyle } from "./dom"
    | ^^^^^^^^^^^^^^^^^^^^^^^^^^^^^^^^^^^^^^^^^^^^
  4 |
  5 | /**
  6 |  * Interactive behaviours — the layer that responds to input rather than to scroll.

The export setStyle was not found in module [project]/components/motion/dom.ts [app-ssr] (ecmascript).
Did you mean to import setStyles?
All exports of the module are statically known (It doesn't have dynamic exports). So it's known statically that the requested export doesn't exist.

Import traces:
  Client Component Browser:
    ./components/motion/interactions.ts [Client Component Browser]
    ./components/motion/anime-scope.tsx [Client Component Browser]
    ./components/motion/anime-scope.tsx [Server Component]
    ./app/[locale]/page.tsx [Server Component]

  Client Component SSR:
    ./components/motion/interactions.ts [Client Component SSR]
    ./components/motion/anime-scope.tsx [Client Component SSR]
    ./components/motion/anime-scope.tsx [Server Component]
    ./app/[locale]/page.tsx [Server Component] @ http://localhost:3000/_next/static/chunks/node_modules_next_dist_0u_w_5s._.js:1945
[   92076ms] [ERROR] ./components/motion/interactions.ts:3:1
Export setStyle doesn't exist in target module
  1 | import { animate } from "motion"
  2 | import { DUR, EASE } from "./tokens"
> 3 | import { setStyle, clearStyle } from "./dom"
    | ^^^^^^^^^^^^^^^^^^^^^^^^^^^^^^^^^^^^^^^^^^^^
  4 |
  5 | /**
  6 |  * Interactive behaviours — the layer that responds to input rather than to scroll.

The export setStyle was not found in module [project]/components/motion/dom.ts [app-client] (ecmascript).
Did you mean to import setStyles?
All exports of the module are statically known (It doesn't have dynamic exports). So it's known statically that the requested export doesn't exist.

Import traces:
  Client Component Browser:
    ./components/motion/interactions.ts [Client Component Browser]
    ./components/motion/anime-scope.tsx [Client Component Browser]
    ./components/motion/anime-scope.tsx [Server Component]
    ./app/[locale]/page.tsx [Server Component]

  Client Component SSR:
    ./components/motion/interactions.ts [Client Component SSR]
    ./components/motion/anime-scope.tsx [Client Component SSR]
    ./components/motion/anime-scope.tsx [Server Component]
    ./app/[locale]/page.tsx [Server Component] @ http://localhost:3000/_next/static/chunks/node_modules_next_dist_0u_w_5s._.js:1945
[   92077ms] [ERROR] ./components/motion/interactions.ts:3:1
Export setStyle doesn't exist in target module
  1 | import { animate } from "motion"
  2 | import { DUR, EASE } from "./tokens"
> 3 | import { setStyle, clearStyle } from "./dom"
    | ^^^^^^^^^^^^^^^^^^^^^^^^^^^^^^^^^^^^^^^^^^^^
  4 |
  5 | /**
  6 |  * Interactive behaviours — the layer that responds to input rather than to scroll.

The export setStyle was not found in module [project]/components/motion/dom.ts [app-ssr] (ecmascript).
Did you mean to import setStyles?
All exports of the module are statically known (It doesn't have dynamic exports). So it's known statically that the requested export doesn't exist.

Import traces:
  Client Component Browser:
    ./components/motion/interactions.ts [Client Component Browser]
    ./components/motion/anime-scope.tsx [Client Component Browser]
    ./components/motion/anime-scope.tsx [Server Component]
    ./app/[locale]/page.tsx [Server Component]

  Client Component SSR:
    ./components/motion/interactions.ts [Client Component SSR]
    ./components/motion/anime-scope.tsx [Client Component SSR]
    ./components/motion/anime-scope.tsx [Server Component]
    ./app/[locale]/page.tsx [Server Component] @ http://localhost:3000/_next/static/chunks/node_modules_next_dist_0u_w_5s._.js:1945
[   92137ms] [ERROR] ./components/motion/interactions.ts:3:1
Export setStyle doesn't exist in target module
  1 | import { animate } from "motion"
  2 | import { DUR, EASE } from "./tokens"
> 3 | import { setStyle, clearStyle } from "./dom"
    | ^^^^^^^^^^^^^^^^^^^^^^^^^^^^^^^^^^^^^^^^^^^^
  4 |
  5 | /**
  6 |  * Interactive behaviours — the layer that responds to input rather than to scroll.

The export setStyle was not found in module [project]/components/motion/dom.ts [app-client] (ecmascript).
Did you mean to import setStyles?
All exports of the module are statically known (It doesn't have dynamic exports). So it's known statically that the requested export doesn't exist.

Import traces:
  Client Component Browser:
    ./components/motion/interactions.ts [Client Component Browser]
    ./components/motion/anime-scope.tsx [Client Component Browser]
    ./components/motion/anime-scope.tsx [Server Component]
    ./app/[locale]/page.tsx [Server Component]

  Client Component SSR:
    ./components/motion/interactions.ts [Client Component SSR]
    ./components/motion/anime-scope.tsx [Client Component SSR]
    ./components/motion/anime-scope.tsx [Server Component]
    ./app/[locale]/page.tsx [Server Component] @ http://localhost:3000/_next/static/chunks/node_modules_next_dist_0u_w_5s._.js:1945
[   92137ms] [ERROR] ./components/motion/interactions.ts:3:1
Export setStyle doesn't exist in target module
  1 | import { animate } from "motion"
  2 | import { DUR, EASE } from "./tokens"
> 3 | import { setStyle, clearStyle } from "./dom"
    | ^^^^^^^^^^^^^^^^^^^^^^^^^^^^^^^^^^^^^^^^^^^^
  4 |
  5 | /**
  6 |  * Interactive behaviours — the layer that responds to input rather than to scroll.

The export setStyle was not found in module [project]/components/motion/dom.ts [app-ssr] (ecmascript).
Did you mean to import setStyles?
All exports of the module are statically known (It doesn't have dynamic exports). So it's known statically that the requested export doesn't exist.

Import traces:
  Client Component Browser:
    ./components/motion/interactions.ts [Client Component Browser]
    ./components/motion/anime-scope.tsx [Client Component Browser]
    ./components/motion/anime-scope.tsx [Server Component]
    ./app/[locale]/page.tsx [Server Component]

  Client Component SSR:
    ./components/motion/interactions.ts [Client Component SSR]
    ./components/motion/anime-scope.tsx [Client Component SSR]
    ./components/motion/anime-scope.tsx [Server Component]
    ./app/[locale]/page.tsx [Server Component] @ http://localhost:3000/_next/static/chunks/node_modules_next_dist_0u_w_5s._.js:1945
[   92185ms] [ERROR] ./components/motion/interactions.ts:3:1
Export setStyle doesn't exist in target module
  1 | import { animate } from "motion"
  2 | import { DUR, EASE } from "./tokens"
> 3 | import { setStyle, clearStyle } from "./dom"
    | ^^^^^^^^^^^^^^^^^^^^^^^^^^^^^^^^^^^^^^^^^^^^
  4 |
  5 | /**
  6 |  * Interactive behaviours — the layer that responds to input rather than to scroll.

The export setStyle was not found in module [project]/components/motion/dom.ts [app-client] (ecmascript).
Did you mean to import setStyles?
All exports of the module are statically known (It doesn't have dynamic exports). So it's known statically that the requested export doesn't exist.

Import traces:
  Client Component Browser:
    ./components/motion/interactions.ts [Client Component Browser]
    ./components/motion/anime-scope.tsx [Client Component Browser]
    ./components/motion/anime-scope.tsx [Server Component]
    ./app/[locale]/page.tsx [Server Component]

  Client Component SSR:
    ./components/motion/interactions.ts [Client Component SSR]
    ./components/motion/anime-scope.tsx [Client Component SSR]
    ./components/motion/anime-scope.tsx [Server Component]
    ./app/[locale]/page.tsx [Server Component] @ http://localhost:3000/_next/static/chunks/node_modules_next_dist_0u_w_5s._.js:1945
[   92185ms] [ERROR] ./components/motion/interactions.ts:3:1
Export setStyle doesn't exist in target module
  1 | import { animate } from "motion"
  2 | import { DUR, EASE } from "./tokens"
> 3 | import { setStyle, clearStyle } from "./dom"
    | ^^^^^^^^^^^^^^^^^^^^^^^^^^^^^^^^^^^^^^^^^^^^
  4 |
  5 | /**
  6 |  * Interactive behaviours — the layer that responds to input rather than to scroll.

The export setStyle was not found in module [project]/components/motion/dom.ts [app-ssr] (ecmascript).
Did you mean to import setStyles?
All exports of the module are statically known (It doesn't have dynamic exports). So it's known statically that the requested export doesn't exist.

Import traces:
  Client Component Browser:
    ./components/motion/interactions.ts [Client Component Browser]
    ./components/motion/anime-scope.tsx [Client Component Browser]
    ./components/motion/anime-scope.tsx [Server Component]
    ./app/[locale]/page.tsx [Server Component]

  Client Component SSR:
    ./components/motion/interactions.ts [Client Component SSR]
    ./components/motion/anime-scope.tsx [Client Component SSR]
    ./components/motion/anime-scope.tsx [Server Component]
    ./app/[locale]/page.tsx [Server Component] @ http://localhost:3000/_next/static/chunks/node_modules_next_dist_0u_w_5s._.js:1945
[   92244ms] [ERROR] ./components/motion/interactions.ts:3:1
Export setStyle doesn't exist in target module
  1 | import { animate } from "motion"
  2 | import { DUR, EASE } from "./tokens"
> 3 | import { setStyle, clearStyle } from "./dom"
    | ^^^^^^^^^^^^^^^^^^^^^^^^^^^^^^^^^^^^^^^^^^^^
  4 |
  5 | /**
  6 |  * Interactive behaviours — the layer that responds to input rather than to scroll.

The export setStyle was not found in module [project]/components/motion/dom.ts [app-client] (ecmascript).
Did you mean to import setStyles?
All exports of the module are statically known (It doesn't have dynamic exports). So it's known statically that the requested export doesn't exist.

Import traces:
  Client Component Browser:
    ./components/motion/interactions.ts [Client Component Browser]
    ./components/motion/anime-scope.tsx [Client Component Browser]
    ./components/motion/anime-scope.tsx [Server Component]
    ./app/[locale]/page.tsx [Server Component]

  Client Component SSR:
    ./components/motion/interactions.ts [Client Component SSR]
    ./components/motion/anime-scope.tsx [Client Component SSR]
    ./components/motion/anime-scope.tsx [Server Component]
    ./app/[locale]/page.tsx [Server Component] @ http://localhost:3000/_next/static/chunks/node_modules_next_dist_0u_w_5s._.js:1945
[   92245ms] [ERROR] ./components/motion/interactions.ts:3:1
Export setStyle doesn't exist in target module
  1 | import { animate } from "motion"
  2 | import { DUR, EASE } from "./tokens"
> 3 | import { setStyle, clearStyle } from "./dom"
    | ^^^^^^^^^^^^^^^^^^^^^^^^^^^^^^^^^^^^^^^^^^^^
  4 |
  5 | /**
  6 |  * Interactive behaviours — the layer that responds to input rather than to scroll.

The export setStyle was not found in module [project]/components/motion/dom.ts [app-ssr] (ecmascript).
Did you mean to import setStyles?
All exports of the module are statically known (It doesn't have dynamic exports). So it's known statically that the requested export doesn't exist.

Import traces:
  Client Component Browser:
    ./components/motion/interactions.ts [Client Component Browser]
    ./components/motion/anime-scope.tsx [Client Component Browser]
    ./components/motion/anime-scope.tsx [Server Component]
    ./app/[locale]/page.tsx [Server Component]

  Client Component SSR:
    ./components/motion/interactions.ts [Client Component SSR]
    ./components/motion/anime-scope.tsx [Client Component SSR]
    ./components/motion/anime-scope.tsx [Server Component]
    ./app/[locale]/page.tsx [Server Component] @ http://localhost:3000/_next/static/chunks/node_modules_next_dist_0u_w_5s._.js:1945
[   92305ms] [ERROR] ./components/motion/interactions.ts:3:1
Export setStyle doesn't exist in target module
  1 | import { animate } from "motion"
  2 | import { DUR, EASE } from "./tokens"
> 3 | import { setStyle, clearStyle } from "./dom"
    | ^^^^^^^^^^^^^^^^^^^^^^^^^^^^^^^^^^^^^^^^^^^^
  4 |
  5 | /**
  6 |  * Interactive behaviours — the layer that responds to input rather than to scroll.

The export setStyle was not found in module [project]/components/motion/dom.ts [app-client] (ecmascript).
Did you mean to import setStyles?
All exports of the module are statically known (It doesn't have dynamic exports). So it's known statically that the requested export doesn't exist.

Import traces:
  Client Component Browser:
    ./components/motion/interactions.ts [Client Component Browser]
    ./components/motion/anime-scope.tsx [Client Component Browser]
    ./components/motion/anime-scope.tsx [Server Component]
    ./app/[locale]/page.tsx [Server Component]

  Client Component SSR:
    ./components/motion/interactions.ts [Client Component SSR]
    ./components/motion/anime-scope.tsx [Client Component SSR]
    ./components/motion/anime-scope.tsx [Server Component]
    ./app/[locale]/page.tsx [Server Component] @ http://localhost:3000/_next/static/chunks/node_modules_next_dist_0u_w_5s._.js:1945
[   92305ms] [ERROR] ./components/motion/interactions.ts:3:1
Export setStyle doesn't exist in target module
  1 | import { animate } from "motion"
  2 | import { DUR, EASE } from "./tokens"
> 3 | import { setStyle, clearStyle } from "./dom"
    | ^^^^^^^^^^^^^^^^^^^^^^^^^^^^^^^^^^^^^^^^^^^^
  4 |
  5 | /**
  6 |  * Interactive behaviours — the layer that responds to input rather than to scroll.

The export setStyle was not found in module [project]/components/motion/dom.ts [app-ssr] (ecmascript).
Did you mean to import setStyles?
All exports of the module are statically known (It doesn't have dynamic exports). So it's known statically that the requested export doesn't exist.

Import traces:
  Client Component Browser:
    ./components/motion/interactions.ts [Client Component Browser]
    ./components/motion/anime-scope.tsx [Client Component Browser]
    ./components/motion/anime-scope.tsx [Server Component]
    ./app/[locale]/page.tsx [Server Component]

  Client Component SSR:
    ./components/motion/interactions.ts [Client Component SSR]
    ./components/motion/anime-scope.tsx [Client Component SSR]
    ./components/motion/anime-scope.tsx [Server Component]
    ./app/[locale]/page.tsx [Server Component] @ http://localhost:3000/_next/static/chunks/node_modules_next_dist_0u_w_5s._.js:1945
[   92367ms] [ERROR] ./components/motion/interactions.ts:3:1
Export setStyle doesn't exist in target module
  1 | import { animate } from "motion"
  2 | import { DUR, EASE } from "./tokens"
> 3 | import { setStyle, clearStyle } from "./dom"
    | ^^^^^^^^^^^^^^^^^^^^^^^^^^^^^^^^^^^^^^^^^^^^
  4 |
  5 | /**
  6 |  * Interactive behaviours — the layer that responds to input rather than to scroll.

The export setStyle was not found in module [project]/components/motion/dom.ts [app-client] (ecmascript).
Did you mean to import setStyles?
All exports of the module are statically known (It doesn't have dynamic exports). So it's known statically that the requested export doesn't exist.

Import traces:
  Client Component Browser:
    ./components/motion/interactions.ts [Client Component Browser]
    ./components/motion/anime-scope.tsx [Client Component Browser]
    ./components/motion/anime-scope.tsx [Server Component]
    ./app/[locale]/page.tsx [Server Component]

  Client Component SSR:
    ./components/motion/interactions.ts [Client Component SSR]
    ./components/motion/anime-scope.tsx [Client Component SSR]
    ./components/motion/anime-scope.tsx [Server Component]
    ./app/[locale]/page.tsx [Server Component] @ http://localhost:3000/_next/static/chunks/node_modules_next_dist_0u_w_5s._.js:1945
[   92367ms] [ERROR] ./components/motion/interactions.ts:3:1
Export setStyle doesn't exist in target module
  1 | import { animate } from "motion"
  2 | import { DUR, EASE } from "./tokens"
> 3 | import { setStyle, clearStyle } from "./dom"
    | ^^^^^^^^^^^^^^^^^^^^^^^^^^^^^^^^^^^^^^^^^^^^
  4 |
  5 | /**
  6 |  * Interactive behaviours — the layer that responds to input rather than to scroll.

The export setStyle was not found in module [project]/components/motion/dom.ts [app-ssr] (ecmascript).
Did you mean to import setStyles?
All exports of the module are statically known (It doesn't have dynamic exports). So it's known statically that the requested export doesn't exist.

Import traces:
  Client Component Browser:
    ./components/motion/interactions.ts [Client Component Browser]
    ./components/motion/anime-scope.tsx [Client Component Browser]
    ./components/motion/anime-scope.tsx [Server Component]
    ./app/[locale]/page.tsx [Server Component]

  Client Component SSR:
    ./components/motion/interactions.ts [Client Component SSR]
    ./components/motion/anime-scope.tsx [Client Component SSR]
    ./components/motion/anime-scope.tsx [Server Component]
    ./app/[locale]/page.tsx [Server Component] @ http://localhost:3000/_next/static/chunks/node_modules_next_dist_0u_w_5s._.js:1945
[   92428ms] [ERROR] ./components/motion/interactions.ts:3:1
Export setStyle doesn't exist in target module
  1 | import { animate } from "motion"
  2 | import { DUR, EASE } from "./tokens"
> 3 | import { setStyle, clearStyle } from "./dom"
    | ^^^^^^^^^^^^^^^^^^^^^^^^^^^^^^^^^^^^^^^^^^^^
  4 |
  5 | /**
  6 |  * Interactive behaviours — the layer that responds to input rather than to scroll.

The export setStyle was not found in module [project]/components/motion/dom.ts [app-client] (ecmascript).
Did you mean to import setStyles?
All exports of the module are statically known (It doesn't have dynamic exports). So it's known statically that the requested export doesn't exist.

Import traces:
  Client Component Browser:
    ./components/motion/interactions.ts [Client Component Browser]
    ./components/motion/anime-scope.tsx [Client Component Browser]
    ./components/motion/anime-scope.tsx [Server Component]
    ./app/[locale]/page.tsx [Server Component]

  Client Component SSR:
    ./components/motion/interactions.ts [Client Component SSR]
    ./components/motion/anime-scope.tsx [Client Component SSR]
    ./components/motion/anime-scope.tsx [Server Component]
    ./app/[locale]/page.tsx [Server Component] @ http://localhost:3000/_next/static/chunks/node_modules_next_dist_0u_w_5s._.js:1945
[   92428ms] [ERROR] ./components/motion/interactions.ts:3:1
Export setStyle doesn't exist in target module
  1 | import { animate } from "motion"
  2 | import { DUR, EASE } from "./tokens"
> 3 | import { setStyle, clearStyle } from "./dom"
    | ^^^^^^^^^^^^^^^^^^^^^^^^^^^^^^^^^^^^^^^^^^^^
  4 |
  5 | /**
  6 |  * Interactive behaviours — the layer that responds to input rather than to scroll.

The export setStyle was not found in module [project]/components/motion/dom.ts [app-ssr] (ecmascript).
Did you mean to import setStyles?
All exports of the module are statically known (It doesn't have dynamic exports). So it's known statically that the requested export doesn't exist.

Import traces:
  Client Component Browser:
    ./components/motion/interactions.ts [Client Component Browser]
    ./components/motion/anime-scope.tsx [Client Component Browser]
    ./components/motion/anime-scope.tsx [Server Component]
    ./app/[locale]/page.tsx [Server Component]

  Client Component SSR:
    ./components/motion/interactions.ts [Client Component SSR]
    ./components/motion/anime-scope.tsx [Client Component SSR]
    ./components/motion/anime-scope.tsx [Server Component]
    ./app/[locale]/page.tsx [Server Component] @ http://localhost:3000/_next/static/chunks/node_modules_next_dist_0u_w_5s._.js:1945
[   92492ms] [ERROR] ./components/motion/interactions.ts:3:1
Export setStyle doesn't exist in target module
  1 | import { animate } from "motion"
  2 | import { DUR, EASE } from "./tokens"
> 3 | import { setStyle, clearStyle } from "./dom"
    | ^^^^^^^^^^^^^^^^^^^^^^^^^^^^^^^^^^^^^^^^^^^^
  4 |
  5 | /**
  6 |  * Interactive behaviours — the layer that responds to input rather than to scroll.

The export setStyle was not found in module [project]/components/motion/dom.ts [app-client] (ecmascript).
Did you mean to import setStyles?
All exports of the module are statically known (It doesn't have dynamic exports). So it's known statically that the requested export doesn't exist.

Import traces:
  Client Component Browser:
    ./components/motion/interactions.ts [Client Component Browser]
    ./components/motion/anime-scope.tsx [Client Component Browser]
    ./components/motion/anime-scope.tsx [Server Component]
    ./app/[locale]/page.tsx [Server Component]

  Client Component SSR:
    ./components/motion/interactions.ts [Client Component SSR]
    ./components/motion/anime-scope.tsx [Client Component SSR]
    ./components/motion/anime-scope.tsx [Server Component]
    ./app/[locale]/page.tsx [Server Component] @ http://localhost:3000/_next/static/chunks/node_modules_next_dist_0u_w_5s._.js:1945
[   92492ms] [ERROR] ./components/motion/interactions.ts:3:1
Export setStyle doesn't exist in target module
  1 | import { animate } from "motion"
  2 | import { DUR, EASE } from "./tokens"
> 3 | import { setStyle, clearStyle } from "./dom"
    | ^^^^^^^^^^^^^^^^^^^^^^^^^^^^^^^^^^^^^^^^^^^^
  4 |
  5 | /**
  6 |  * Interactive behaviours — the layer that responds to input rather than to scroll.

The export setStyle was not found in module [project]/components/motion/dom.ts [app-ssr] (ecmascript).
Did you mean to import setStyles?
All exports of the module are statically known (It doesn't have dynamic exports). So it's known statically that the requested export doesn't exist.

Import traces:
  Client Component Browser:
    ./components/motion/interactions.ts [Client Component Browser]
    ./components/motion/anime-scope.tsx [Client Component Browser]
    ./components/motion/anime-scope.tsx [Server Component]
    ./app/[locale]/page.tsx [Server Component]

  Client Component SSR:
    ./components/motion/interactions.ts [Client Component SSR]
    ./components/motion/anime-scope.tsx [Client Component SSR]
    ./components/motion/anime-scope.tsx [Server Component]
    ./app/[locale]/page.tsx [Server Component] @ http://localhost:3000/_next/static/chunks/node_modules_next_dist_0u_w_5s._.js:1945
[   92556ms] [ERROR] ./components/motion/interactions.ts:3:1
Export setStyle doesn't exist in target module
  1 | import { animate } from "motion"
  2 | import { DUR, EASE } from "./tokens"
> 3 | import { setStyle, clearStyle } from "./dom"
    | ^^^^^^^^^^^^^^^^^^^^^^^^^^^^^^^^^^^^^^^^^^^^
  4 |
  5 | /**
  6 |  * Interactive behaviours — the layer that responds to input rather than to scroll.

The export setStyle was not found in module [project]/components/motion/dom.ts [app-client] (ecmascript).
Did you mean to import setStyles?
All exports of the module are statically known (It doesn't have dynamic exports). So it's known statically that the requested export doesn't exist.

Import traces:
  Client Component Browser:
    ./components/motion/interactions.ts [Client Component Browser]
    ./components/motion/anime-scope.tsx [Client Component Browser]
    ./components/motion/anime-scope.tsx [Server Component]
    ./app/[locale]/page.tsx [Server Component]

  Client Component SSR:
    ./components/motion/interactions.ts [Client Component SSR]
    ./components/motion/anime-scope.tsx [Client Component SSR]
    ./components/motion/anime-scope.tsx [Server Component]
    ./app/[locale]/page.tsx [Server Component] @ http://localhost:3000/_next/static/chunks/node_modules_next_dist_0u_w_5s._.js:1945
[   92556ms] [ERROR] ./components/motion/interactions.ts:3:1
Export setStyle doesn't exist in target module
  1 | import { animate } from "motion"
  2 | import { DUR, EASE } from "./tokens"
> 3 | import { setStyle, clearStyle } from "./dom"
    | ^^^^^^^^^^^^^^^^^^^^^^^^^^^^^^^^^^^^^^^^^^^^
  4 |
  5 | /**
  6 |  * Interactive behaviours — the layer that responds to input rather than to scroll.

The export setStyle was not found in module [project]/components/motion/dom.ts [app-ssr] (ecmascript).
Did you mean to import setStyles?
All exports of the module are statically known (It doesn't have dynamic exports). So it's known statically that the requested export doesn't exist.

Import traces:
  Client Component Browser:
    ./components/motion/interactions.ts [Client Component Browser]
    ./components/motion/anime-scope.tsx [Client Component Browser]
    ./components/motion/anime-scope.tsx [Server Component]
    ./app/[locale]/page.tsx [Server Component]

  Client Component SSR:
    ./components/motion/interactions.ts [Client Component SSR]
    ./components/motion/anime-scope.tsx [Client Component SSR]
    ./components/motion/anime-scope.tsx [Server Component]
    ./app/[locale]/page.tsx [Server Component] @ http://localhost:3000/_next/static/chunks/node_modules_next_dist_0u_w_5s._.js:1945
[   92613ms] [ERROR] ./components/motion/interactions.ts:3:1
Export setStyle doesn't exist in target module
  1 | import { animate } from "motion"
  2 | import { DUR, EASE } from "./tokens"
> 3 | import { setStyle, clearStyle } from "./dom"
    | ^^^^^^^^^^^^^^^^^^^^^^^^^^^^^^^^^^^^^^^^^^^^
  4 |
  5 | /**
  6 |  * Interactive behaviours — the layer that responds to input rather than to scroll.

The export setStyle was not found in module [project]/components/motion/dom.ts [app-client] (ecmascript).
Did you mean to import setStyles?
All exports of the module are statically known (It doesn't have dynamic exports). So it's known statically that the requested export doesn't exist.

Import traces:
  Client Component Browser:
    ./components/motion/interactions.ts [Client Component Browser]
    ./components/motion/anime-scope.tsx [Client Component Browser]
    ./components/motion/anime-scope.tsx [Server Component]
    ./app/[locale]/page.tsx [Server Component]

  Client Component SSR:
    ./components/motion/interactions.ts [Client Component SSR]
    ./components/motion/anime-scope.tsx [Client Component SSR]
    ./components/motion/anime-scope.tsx [Server Component]
    ./app/[locale]/page.tsx [Server Component] @ http://localhost:3000/_next/static/chunks/node_modules_next_dist_0u_w_5s._.js:1945
[   92614ms] [ERROR] ./components/motion/interactions.ts:3:1
Export setStyle doesn't exist in target module
  1 | import { animate } from "motion"
  2 | import { DUR, EASE } from "./tokens"
> 3 | import { setStyle, clearStyle } from "./dom"
    | ^^^^^^^^^^^^^^^^^^^^^^^^^^^^^^^^^^^^^^^^^^^^
  4 |
  5 | /**
  6 |  * Interactive behaviours — the layer that responds to input rather than to scroll.

The export setStyle was not found in module [project]/components/motion/dom.ts [app-ssr] (ecmascript).
Did you mean to import setStyles?
All exports of the module are statically known (It doesn't have dynamic exports). So it's known statically that the requested export doesn't exist.

Import traces:
  Client Component Browser:
    ./components/motion/interactions.ts [Client Component Browser]
    ./components/motion/anime-scope.tsx [Client Component Browser]
    ./components/motion/anime-scope.tsx [Server Component]
    ./app/[locale]/page.tsx [Server Component]

  Client Component SSR:
    ./components/motion/interactions.ts [Client Component SSR]
    ./components/motion/anime-scope.tsx [Client Component SSR]
    ./components/motion/anime-scope.tsx [Server Component]
    ./app/[locale]/page.tsx [Server Component] @ http://localhost:3000/_next/static/chunks/node_modules_next_dist_0u_w_5s._.js:1945
[   92676ms] [ERROR] ./components/motion/interactions.ts:3:1
Export setStyle doesn't exist in target module
  1 | import { animate } from "motion"
  2 | import { DUR, EASE } from "./tokens"
> 3 | import { setStyle, clearStyle } from "./dom"
    | ^^^^^^^^^^^^^^^^^^^^^^^^^^^^^^^^^^^^^^^^^^^^
  4 |
  5 | /**
  6 |  * Interactive behaviours — the layer that responds to input rather than to scroll.

The export setStyle was not found in module [project]/components/motion/dom.ts [app-client] (ecmascript).
Did you mean to import setStyles?
All exports of the module are statically known (It doesn't have dynamic exports). So it's known statically that the requested export doesn't exist.

Import traces:
  Client Component Browser:
    ./components/motion/interactions.ts [Client Component Browser]
    ./components/motion/anime-scope.tsx [Client Component Browser]
    ./components/motion/anime-scope.tsx [Server Component]
    ./app/[locale]/page.tsx [Server Component]

  Client Component SSR:
    ./components/motion/interactions.ts [Client Component SSR]
    ./components/motion/anime-scope.tsx [Client Component SSR]
    ./components/motion/anime-scope.tsx [Server Component]
    ./app/[locale]/page.tsx [Server Component] @ http://localhost:3000/_next/static/chunks/node_modules_next_dist_0u_w_5s._.js:1945
[   92676ms] [ERROR] ./components/motion/interactions.ts:3:1
Export setStyle doesn't exist in target module
  1 | import { animate } from "motion"
  2 | import { DUR, EASE } from "./tokens"
> 3 | import { setStyle, clearStyle } from "./dom"
    | ^^^^^^^^^^^^^^^^^^^^^^^^^^^^^^^^^^^^^^^^^^^^
  4 |
  5 | /**
  6 |  * Interactive behaviours — the layer that responds to input rather than to scroll.

The export setStyle was not found in module [project]/components/motion/dom.ts [app-ssr] (ecmascript).
Did you mean to import setStyles?
All exports of the module are statically known (It doesn't have dynamic exports). So it's known statically that the requested export doesn't exist.

Import traces:
  Client Component Browser:
    ./components/motion/interactions.ts [Client Component Browser]
    ./components/motion/anime-scope.tsx [Client Component Browser]
    ./components/motion/anime-scope.tsx [Server Component]
    ./app/[locale]/page.tsx [Server Component]

  Client Component SSR:
    ./components/motion/interactions.ts [Client Component SSR]
    ./components/motion/anime-scope.tsx [Client Component SSR]
    ./components/motion/anime-scope.tsx [Server Component]
    ./app/[locale]/page.tsx [Server Component] @ http://localhost:3000/_next/static/chunks/node_modules_next_dist_0u_w_5s._.js:1945
[   92736ms] [ERROR] ./components/motion/interactions.ts:3:1
Export setStyle doesn't exist in target module
  1 | import { animate } from "motion"
  2 | import { DUR, EASE } from "./tokens"
> 3 | import { setStyle, clearStyle } from "./dom"
    | ^^^^^^^^^^^^^^^^^^^^^^^^^^^^^^^^^^^^^^^^^^^^
  4 |
  5 | /**
  6 |  * Interactive behaviours — the layer that responds to input rather than to scroll.

The export setStyle was not found in module [project]/components/motion/dom.ts [app-client] (ecmascript).
Did you mean to import setStyles?
All exports of the module are statically known (It doesn't have dynamic exports). So it's known statically that the requested export doesn't exist.

Import traces:
  Client Component Browser:
    ./components/motion/interactions.ts [Client Component Browser]
    ./components/motion/anime-scope.tsx [Client Component Browser]
    ./components/motion/anime-scope.tsx [Server Component]
    ./app/[locale]/page.tsx [Server Component]

  Client Component SSR:
    ./components/motion/interactions.ts [Client Component SSR]
    ./components/motion/anime-scope.tsx [Client Component SSR]
    ./components/motion/anime-scope.tsx [Server Component]
    ./app/[locale]/page.tsx [Server Component] @ http://localhost:3000/_next/static/chunks/node_modules_next_dist_0u_w_5s._.js:1945
[   92736ms] [ERROR] ./components/motion/interactions.ts:3:1
Export setStyle doesn't exist in target module
  1 | import { animate } from "motion"
  2 | import { DUR, EASE } from "./tokens"
> 3 | import { setStyle, clearStyle } from "./dom"
    | ^^^^^^^^^^^^^^^^^^^^^^^^^^^^^^^^^^^^^^^^^^^^
  4 |
  5 | /**
  6 |  * Interactive behaviours — the layer that responds to input rather than to scroll.

The export setStyle was not found in module [project]/components/motion/dom.ts [app-ssr] (ecmascript).
Did you mean to import setStyles?
All exports of the module are statically known (It doesn't have dynamic exports). So it's known statically that the requested export doesn't exist.

Import traces:
  Client Component Browser:
    ./components/motion/interactions.ts [Client Component Browser]
    ./components/motion/anime-scope.tsx [Client Component Browser]
    ./components/motion/anime-scope.tsx [Server Component]
    ./app/[locale]/page.tsx [Server Component]

  Client Component SSR:
    ./components/motion/interactions.ts [Client Component SSR]
    ./components/motion/anime-scope.tsx [Client Component SSR]
    ./components/motion/anime-scope.tsx [Server Component]
    ./app/[locale]/page.tsx [Server Component] @ http://localhost:3000/_next/static/chunks/node_modules_next_dist_0u_w_5s._.js:1945
[   92797ms] [ERROR] ./components/motion/interactions.ts:3:1
Export setStyle doesn't exist in target module
  1 | import { animate } from "motion"
  2 | import { DUR, EASE } from "./tokens"
> 3 | import { setStyle, clearStyle } from "./dom"
    | ^^^^^^^^^^^^^^^^^^^^^^^^^^^^^^^^^^^^^^^^^^^^
  4 |
  5 | /**
  6 |  * Interactive behaviours — the layer that responds to input rather than to scroll.

The export setStyle was not found in module [project]/components/motion/dom.ts [app-client] (ecmascript).
Did you mean to import setStyles?
All exports of the module are statically known (It doesn't have dynamic exports). So it's known statically that the requested export doesn't exist.

Import traces:
  Client Component Browser:
    ./components/motion/interactions.ts [Client Component Browser]
    ./components/motion/anime-scope.tsx [Client Component Browser]
    ./components/motion/anime-scope.tsx [Server Component]
    ./app/[locale]/page.tsx [Server Component]

  Client Component SSR:
    ./components/motion/interactions.ts [Client Component SSR]
    ./components/motion/anime-scope.tsx [Client Component SSR]
    ./components/motion/anime-scope.tsx [Server Component]
    ./app/[locale]/page.tsx [Server Component] @ http://localhost:3000/_next/static/chunks/node_modules_next_dist_0u_w_5s._.js:1945
[   92797ms] [ERROR] ./components/motion/interactions.ts:3:1
Export setStyle doesn't exist in target module
  1 | import { animate } from "motion"
  2 | import { DUR, EASE } from "./tokens"
> 3 | import { setStyle, clearStyle } from "./dom"
    | ^^^^^^^^^^^^^^^^^^^^^^^^^^^^^^^^^^^^^^^^^^^^
  4 |
  5 | /**
  6 |  * Interactive behaviours — the layer that responds to input rather than to scroll.

The export setStyle was not found in module [project]/components/motion/dom.ts [app-ssr] (ecmascript).
Did you mean to import setStyles?
All exports of the module are statically known (It doesn't have dynamic exports). So it's known statically that the requested export doesn't exist.

Import traces:
  Client Component Browser:
    ./components/motion/interactions.ts [Client Component Browser]
    ./components/motion/anime-scope.tsx [Client Component Browser]
    ./components/motion/anime-scope.tsx [Server Component]
    ./app/[locale]/page.tsx [Server Component]

  Client Component SSR:
    ./components/motion/interactions.ts [Client Component SSR]
    ./components/motion/anime-scope.tsx [Client Component SSR]
    ./components/motion/anime-scope.tsx [Server Component]
    ./app/[locale]/page.tsx [Server Component] @ http://localhost:3000/_next/static/chunks/node_modules_next_dist_0u_w_5s._.js:1945
[   92859ms] [ERROR] ./components/motion/interactions.ts:3:1
Export setStyle doesn't exist in target module
  1 | import { animate } from "motion"
  2 | import { DUR, EASE } from "./tokens"
> 3 | import { setStyle, clearStyle } from "./dom"
    | ^^^^^^^^^^^^^^^^^^^^^^^^^^^^^^^^^^^^^^^^^^^^
  4 |
  5 | /**
  6 |  * Interactive behaviours — the layer that responds to input rather than to scroll.

The export setStyle was not found in module [project]/components/motion/dom.ts [app-client] (ecmascript).
Did you mean to import setStyles?
All exports of the module are statically known (It doesn't have dynamic exports). So it's known statically that the requested export doesn't exist.

Import traces:
  Client Component Browser:
    ./components/motion/interactions.ts [Client Component Browser]
    ./components/motion/anime-scope.tsx [Client Component Browser]
    ./components/motion/anime-scope.tsx [Server Component]
    ./app/[locale]/page.tsx [Server Component]

  Client Component SSR:
    ./components/motion/interactions.ts [Client Component SSR]
    ./components/motion/anime-scope.tsx [Client Component SSR]
    ./components/motion/anime-scope.tsx [Server Component]
    ./app/[locale]/page.tsx [Server Component] @ http://localhost:3000/_next/static/chunks/node_modules_next_dist_0u_w_5s._.js:1945
[   92859ms] [ERROR] ./components/motion/interactions.ts:3:1
Export setStyle doesn't exist in target module
  1 | import { animate } from "motion"
  2 | import { DUR, EASE } from "./tokens"
> 3 | import { setStyle, clearStyle } from "./dom"
    | ^^^^^^^^^^^^^^^^^^^^^^^^^^^^^^^^^^^^^^^^^^^^
  4 |
  5 | /**
  6 |  * Interactive behaviours — the layer that responds to input rather than to scroll.

The export setStyle was not found in module [project]/components/motion/dom.ts [app-ssr] (ecmascript).
Did you mean to import setStyles?
All exports of the module are statically known (It doesn't have dynamic exports). So it's known statically that the requested export doesn't exist.

Import traces:
  Client Component Browser:
    ./components/motion/interactions.ts [Client Component Browser]
    ./components/motion/anime-scope.tsx [Client Component Browser]
    ./components/motion/anime-scope.tsx [Server Component]
    ./app/[locale]/page.tsx [Server Component]

  Client Component SSR:
    ./components/motion/interactions.ts [Client Component SSR]
    ./components/motion/anime-scope.tsx [Client Component SSR]
    ./components/motion/anime-scope.tsx [Server Component]
    ./app/[locale]/page.tsx [Server Component] @ http://localhost:3000/_next/static/chunks/node_modules_next_dist_0u_w_5s._.js:1945
[   92921ms] [ERROR] ./components/motion/interactions.ts:3:1
Export setStyle doesn't exist in target module
  1 | import { animate } from "motion"
  2 | import { DUR, EASE } from "./tokens"
> 3 | import { setStyle, clearStyle } from "./dom"
    | ^^^^^^^^^^^^^^^^^^^^^^^^^^^^^^^^^^^^^^^^^^^^
  4 |
  5 | /**
  6 |  * Interactive behaviours — the layer that responds to input rather than to scroll.

The export setStyle was not found in module [project]/components/motion/dom.ts [app-client] (ecmascript).
Did you mean to import setStyles?
All exports of the module are statically known (It doesn't have dynamic exports). So it's known statically that the requested export doesn't exist.

Import traces:
  Client Component Browser:
    ./components/motion/interactions.ts [Client Component Browser]
    ./components/motion/anime-scope.tsx [Client Component Browser]
    ./components/motion/anime-scope.tsx [Server Component]
    ./app/[locale]/page.tsx [Server Component]

  Client Component SSR:
    ./components/motion/interactions.ts [Client Component SSR]
    ./components/motion/anime-scope.tsx [Client Component SSR]
    ./components/motion/anime-scope.tsx [Server Component]
    ./app/[locale]/page.tsx [Server Component] @ http://localhost:3000/_next/static/chunks/node_modules_next_dist_0u_w_5s._.js:1945
[   92921ms] [ERROR] ./components/motion/interactions.ts:3:1
Export setStyle doesn't exist in target module
  1 | import { animate } from "motion"
  2 | import { DUR, EASE } from "./tokens"
> 3 | import { setStyle, clearStyle } from "./dom"
    | ^^^^^^^^^^^^^^^^^^^^^^^^^^^^^^^^^^^^^^^^^^^^
  4 |
  5 | /**
  6 |  * Interactive behaviours — the layer that responds to input rather than to scroll.

The export setStyle was not found in module [project]/components/motion/dom.ts [app-ssr] (ecmascript).
Did you mean to import setStyles?
All exports of the module are statically known (It doesn't have dynamic exports). So it's known statically that the requested export doesn't exist.

Import traces:
  Client Component Browser:
    ./components/motion/interactions.ts [Client Component Browser]
    ./components/motion/anime-scope.tsx [Client Component Browser]
    ./components/motion/anime-scope.tsx [Server Component]
    ./app/[locale]/page.tsx [Server Component]

  Client Component SSR:
    ./components/motion/interactions.ts [Client Component SSR]
    ./components/motion/anime-scope.tsx [Client Component SSR]
    ./components/motion/anime-scope.tsx [Server Component]
    ./app/[locale]/page.tsx [Server Component] @ http://localhost:3000/_next/static/chunks/node_modules_next_dist_0u_w_5s._.js:1945
[   92983ms] [ERROR] ./components/motion/interactions.ts:3:1
Export setStyle doesn't exist in target module
  1 | import { animate } from "motion"
  2 | import { DUR, EASE } from "./tokens"
> 3 | import { setStyle, clearStyle } from "./dom"
    | ^^^^^^^^^^^^^^^^^^^^^^^^^^^^^^^^^^^^^^^^^^^^
  4 |
  5 | /**
  6 |  * Interactive behaviours — the layer that responds to input rather than to scroll.

The export setStyle was not found in module [project]/components/motion/dom.ts [app-client] (ecmascript).
Did you mean to import setStyles?
All exports of the module are statically known (It doesn't have dynamic exports). So it's known statically that the requested export doesn't exist.

Import traces:
  Client Component Browser:
    ./components/motion/interactions.ts [Client Component Browser]
    ./components/motion/anime-scope.tsx [Client Component Browser]
    ./components/motion/anime-scope.tsx [Server Component]
    ./app/[locale]/page.tsx [Server Component]

  Client Component SSR:
    ./components/motion/interactions.ts [Client Component SSR]
    ./components/motion/anime-scope.tsx [Client Component SSR]
    ./components/motion/anime-scope.tsx [Server Component]
    ./app/[locale]/page.tsx [Server Component] @ http://localhost:3000/_next/static/chunks/node_modules_next_dist_0u_w_5s._.js:1945
[   92983ms] [ERROR] ./components/motion/interactions.ts:3:1
Export setStyle doesn't exist in target module
  1 | import { animate } from "motion"
  2 | import { DUR, EASE } from "./tokens"
> 3 | import { setStyle, clearStyle } from "./dom"
    | ^^^^^^^^^^^^^^^^^^^^^^^^^^^^^^^^^^^^^^^^^^^^
  4 |
  5 | /**
  6 |  * Interactive behaviours — the layer that responds to input rather than to scroll.

The export setStyle was not found in module [project]/components/motion/dom.ts [app-ssr] (ecmascript).
Did you mean to import setStyles?
All exports of the module are statically known (It doesn't have dynamic exports). So it's known statically that the requested export doesn't exist.

Import traces:
  Client Component Browser:
    ./components/motion/interactions.ts [Client Component Browser]
    ./components/motion/anime-scope.tsx [Client Component Browser]
    ./components/motion/anime-scope.tsx [Server Component]
    ./app/[locale]/page.tsx [Server Component]

  Client Component SSR:
    ./components/motion/interactions.ts [Client Component SSR]
    ./components/motion/anime-scope.tsx [Client Component SSR]
    ./components/motion/anime-scope.tsx [Server Component]
    ./app/[locale]/page.tsx [Server Component] @ http://localhost:3000/_next/static/chunks/node_modules_next_dist_0u_w_5s._.js:1945
[   93044ms] [ERROR] ./components/motion/interactions.ts:3:1
Export setStyle doesn't exist in target module
  1 | import { animate } from "motion"
  2 | import { DUR, EASE } from "./tokens"
> 3 | import { setStyle, clearStyle } from "./dom"
    | ^^^^^^^^^^^^^^^^^^^^^^^^^^^^^^^^^^^^^^^^^^^^
  4 |
  5 | /**
  6 |  * Interactive behaviours — the layer that responds to input rather than to scroll.

The export setStyle was not found in module [project]/components/motion/dom.ts [app-client] (ecmascript).
Did you mean to import setStyles?
All exports of the module are statically known (It doesn't have dynamic exports). So it's known statically that the requested export doesn't exist.

Import traces:
  Client Component Browser:
    ./components/motion/interactions.ts [Client Component Browser]
    ./components/motion/anime-scope.tsx [Client Component Browser]
    ./components/motion/anime-scope.tsx [Server Component]
    ./app/[locale]/page.tsx [Server Component]

  Client Component SSR:
    ./components/motion/interactions.ts [Client Component SSR]
    ./components/motion/anime-scope.tsx [Client Component SSR]
    ./components/motion/anime-scope.tsx [Server Component]
    ./app/[locale]/page.tsx [Server Component] @ http://localhost:3000/_next/static/chunks/node_modules_next_dist_0u_w_5s._.js:1945
[   93044ms] [ERROR] ./components/motion/interactions.ts:3:1
Export setStyle doesn't exist in target module
  1 | import { animate } from "motion"
  2 | import { DUR, EASE } from "./tokens"
> 3 | import { setStyle, clearStyle } from "./dom"
    | ^^^^^^^^^^^^^^^^^^^^^^^^^^^^^^^^^^^^^^^^^^^^
  4 |
  5 | /**
  6 |  * Interactive behaviours — the layer that responds to input rather than to scroll.

The export setStyle was not found in module [project]/components/motion/dom.ts [app-ssr] (ecmascript).
Did you mean to import setStyles?
All exports of the module are statically known (It doesn't have dynamic exports). So it's known statically that the requested export doesn't exist.

Import traces:
  Client Component Browser:
    ./components/motion/interactions.ts [Client Component Browser]
    ./components/motion/anime-scope.tsx [Client Component Browser]
    ./components/motion/anime-scope.tsx [Server Component]
    ./app/[locale]/page.tsx [Server Component]

  Client Component SSR:
    ./components/motion/interactions.ts [Client Component SSR]
    ./components/motion/anime-scope.tsx [Client Component SSR]
    ./components/motion/anime-scope.tsx [Server Component]
    ./app/[locale]/page.tsx [Server Component] @ http://localhost:3000/_next/static/chunks/node_modules_next_dist_0u_w_5s._.js:1945
[   93105ms] [ERROR] ./components/motion/interactions.ts:3:1
Export setStyle doesn't exist in target module
  1 | import { animate } from "motion"
  2 | import { DUR, EASE } from "./tokens"
> 3 | import { setStyle, clearStyle } from "./dom"
    | ^^^^^^^^^^^^^^^^^^^^^^^^^^^^^^^^^^^^^^^^^^^^
  4 |
  5 | /**
  6 |  * Interactive behaviours — the layer that responds to input rather than to scroll.

The export setStyle was not found in module [project]/components/motion/dom.ts [app-client] (ecmascript).
Did you mean to import setStyles?
All exports of the module are statically known (It doesn't have dynamic exports). So it's known statically that the requested export doesn't exist.

Import traces:
  Client Component Browser:
    ./components/motion/interactions.ts [Client Component Browser]
    ./components/motion/anime-scope.tsx [Client Component Browser]
    ./components/motion/anime-scope.tsx [Server Component]
    ./app/[locale]/page.tsx [Server Component]

  Client Component SSR:
    ./components/motion/interactions.ts [Client Component SSR]
    ./components/motion/anime-scope.tsx [Client Component SSR]
    ./components/motion/anime-scope.tsx [Server Component]
    ./app/[locale]/page.tsx [Server Component] @ http://localhost:3000/_next/static/chunks/node_modules_next_dist_0u_w_5s._.js:1945
[   93105ms] [ERROR] ./components/motion/interactions.ts:3:1
Export setStyle doesn't exist in target module
  1 | import { animate } from "motion"
  2 | import { DUR, EASE } from "./tokens"
> 3 | import { setStyle, clearStyle } from "./dom"
    | ^^^^^^^^^^^^^^^^^^^^^^^^^^^^^^^^^^^^^^^^^^^^
  4 |
  5 | /**
  6 |  * Interactive behaviours — the layer that responds to input rather than to scroll.

The export setStyle was not found in module [project]/components/motion/dom.ts [app-ssr] (ecmascript).
Did you mean to import setStyles?
All exports of the module are statically known (It doesn't have dynamic exports). So it's known statically that the requested export doesn't exist.

Import traces:
  Client Component Browser:
    ./components/motion/interactions.ts [Client Component Browser]
    ./components/motion/anime-scope.tsx [Client Component Browser]
    ./components/motion/anime-scope.tsx [Server Component]
    ./app/[locale]/page.tsx [Server Component]

  Client Component SSR:
    ./components/motion/interactions.ts [Client Component SSR]
    ./components/motion/anime-scope.tsx [Client Component SSR]
    ./components/motion/anime-scope.tsx [Server Component]
    ./app/[locale]/page.tsx [Server Component] @ http://localhost:3000/_next/static/chunks/node_modules_next_dist_0u_w_5s._.js:1945
[   93166ms] [ERROR] ./components/motion/interactions.ts:3:1
Export setStyle doesn't exist in target module
  1 | import { animate } from "motion"
  2 | import { DUR, EASE } from "./tokens"
> 3 | import { setStyle, clearStyle } from "./dom"
    | ^^^^^^^^^^^^^^^^^^^^^^^^^^^^^^^^^^^^^^^^^^^^
  4 |
  5 | /**
  6 |  * Interactive behaviours — the layer that responds to input rather than to scroll.

The export setStyle was not found in module [project]/components/motion/dom.ts [app-client] (ecmascript).
Did you mean to import setStyles?
All exports of the module are statically known (It doesn't have dynamic exports). So it's known statically that the requested export doesn't exist.

Import traces:
  Client Component Browser:
    ./components/motion/interactions.ts [Client Component Browser]
    ./components/motion/anime-scope.tsx [Client Component Browser]
    ./components/motion/anime-scope.tsx [Server Component]
    ./app/[locale]/page.tsx [Server Component]

  Client Component SSR:
    ./components/motion/interactions.ts [Client Component SSR]
    ./components/motion/anime-scope.tsx [Client Component SSR]
    ./components/motion/anime-scope.tsx [Server Component]
    ./app/[locale]/page.tsx [Server Component] @ http://localhost:3000/_next/static/chunks/node_modules_next_dist_0u_w_5s._.js:1945
[   93166ms] [ERROR] ./components/motion/interactions.ts:3:1
Export setStyle doesn't exist in target module
  1 | import { animate } from "motion"
  2 | import { DUR, EASE } from "./tokens"
> 3 | import { setStyle, clearStyle } from "./dom"
    | ^^^^^^^^^^^^^^^^^^^^^^^^^^^^^^^^^^^^^^^^^^^^
  4 |
  5 | /**
  6 |  * Interactive behaviours — the layer that responds to input rather than to scroll.

The export setStyle was not found in module [project]/components/motion/dom.ts [app-ssr] (ecmascript).
Did you mean to import setStyles?
All exports of the module are statically known (It doesn't have dynamic exports). So it's known statically that the requested export doesn't exist.

Import traces:
  Client Component Browser:
    ./components/motion/interactions.ts [Client Component Browser]
    ./components/motion/anime-scope.tsx [Client Component Browser]
    ./components/motion/anime-scope.tsx [Server Component]
    ./app/[locale]/page.tsx [Server Component]

  Client Component SSR:
    ./components/motion/interactions.ts [Client Component SSR]
    ./components/motion/anime-scope.tsx [Client Component SSR]
    ./components/motion/anime-scope.tsx [Server Component]
    ./app/[locale]/page.tsx [Server Component] @ http://localhost:3000/_next/static/chunks/node_modules_next_dist_0u_w_5s._.js:1945
[   93228ms] [ERROR] ./components/motion/interactions.ts:3:1
Export setStyle doesn't exist in target module
  1 | import { animate } from "motion"
  2 | import { DUR, EASE } from "./tokens"
> 3 | import { setStyle, clearStyle } from "./dom"
    | ^^^^^^^^^^^^^^^^^^^^^^^^^^^^^^^^^^^^^^^^^^^^
  4 |
  5 | /**
  6 |  * Interactive behaviours — the layer that responds to input rather than to scroll.

The export setStyle was not found in module [project]/components/motion/dom.ts [app-client] (ecmascript).
Did you mean to import setStyles?
All exports of the module are statically known (It doesn't have dynamic exports). So it's known statically that the requested export doesn't exist.

Import traces:
  Client Component Browser:
    ./components/motion/interactions.ts [Client Component Browser]
    ./components/motion/anime-scope.tsx [Client Component Browser]
    ./components/motion/anime-scope.tsx [Server Component]
    ./app/[locale]/page.tsx [Server Component]

  Client Component SSR:
    ./components/motion/interactions.ts [Client Component SSR]
    ./components/motion/anime-scope.tsx [Client Component SSR]
    ./components/motion/anime-scope.tsx [Server Component]
    ./app/[locale]/page.tsx [Server Component] @ http://localhost:3000/_next/static/chunks/node_modules_next_dist_0u_w_5s._.js:1945
[   93228ms] [ERROR] ./components/motion/interactions.ts:3:1
Export setStyle doesn't exist in target module
  1 | import { animate } from "motion"
  2 | import { DUR, EASE } from "./tokens"
> 3 | import { setStyle, clearStyle } from "./dom"
    | ^^^^^^^^^^^^^^^^^^^^^^^^^^^^^^^^^^^^^^^^^^^^
  4 |
  5 | /**
  6 |  * Interactive behaviours — the layer that responds to input rather than to scroll.

The export setStyle was not found in module [project]/components/motion/dom.ts [app-ssr] (ecmascript).
Did you mean to import setStyles?
All exports of the module are statically known (It doesn't have dynamic exports). So it's known statically that the requested export doesn't exist.

Import traces:
  Client Component Browser:
    ./components/motion/interactions.ts [Client Component Browser]
    ./components/motion/anime-scope.tsx [Client Component Browser]
    ./components/motion/anime-scope.tsx [Server Component]
    ./app/[locale]/page.tsx [Server Component]

  Client Component SSR:
    ./components/motion/interactions.ts [Client Component SSR]
    ./components/motion/anime-scope.tsx [Client Component SSR]
    ./components/motion/anime-scope.tsx [Server Component]
    ./app/[locale]/page.tsx [Server Component] @ http://localhost:3000/_next/static/chunks/node_modules_next_dist_0u_w_5s._.js:1945
[   93289ms] [ERROR] ./components/motion/interactions.ts:3:1
Export setStyle doesn't exist in target module
  1 | import { animate } from "motion"
  2 | import { DUR, EASE } from "./tokens"
> 3 | import { setStyle, clearStyle } from "./dom"
    | ^^^^^^^^^^^^^^^^^^^^^^^^^^^^^^^^^^^^^^^^^^^^
  4 |
  5 | /**
  6 |  * Interactive behaviours — the layer that responds to input rather than to scroll.

The export setStyle was not found in module [project]/components/motion/dom.ts [app-client] (ecmascript).
Did you mean to import setStyles?
All exports of the module are statically known (It doesn't have dynamic exports). So it's known statically that the requested export doesn't exist.

Import traces:
  Client Component Browser:
    ./components/motion/interactions.ts [Client Component Browser]
    ./components/motion/anime-scope.tsx [Client Component Browser]
    ./components/motion/anime-scope.tsx [Server Component]
    ./app/[locale]/page.tsx [Server Component]

  Client Component SSR:
    ./components/motion/interactions.ts [Client Component SSR]
    ./components/motion/anime-scope.tsx [Client Component SSR]
    ./components/motion/anime-scope.tsx [Server Component]
    ./app/[locale]/page.tsx [Server Component] @ http://localhost:3000/_next/static/chunks/node_modules_next_dist_0u_w_5s._.js:1945
[   93289ms] [ERROR] ./components/motion/interactions.ts:3:1
Export setStyle doesn't exist in target module
  1 | import { animate } from "motion"
  2 | import { DUR, EASE } from "./tokens"
> 3 | import { setStyle, clearStyle } from "./dom"
    | ^^^^^^^^^^^^^^^^^^^^^^^^^^^^^^^^^^^^^^^^^^^^
  4 |
  5 | /**
  6 |  * Interactive behaviours — the layer that responds to input rather than to scroll.

The export setStyle was not found in module [project]/components/motion/dom.ts [app-ssr] (ecmascript).
Did you mean to import setStyles?
All exports of the module are statically known (It doesn't have dynamic exports). So it's known statically that the requested export doesn't exist.

Import traces:
  Client Component Browser:
    ./components/motion/interactions.ts [Client Component Browser]
    ./components/motion/anime-scope.tsx [Client Component Browser]
    ./components/motion/anime-scope.tsx [Server Component]
    ./app/[locale]/page.tsx [Server Component]

  Client Component SSR:
    ./components/motion/interactions.ts [Client Component SSR]
    ./components/motion/anime-scope.tsx [Client Component SSR]
    ./components/motion/anime-scope.tsx [Server Component]
    ./app/[locale]/page.tsx [Server Component] @ http://localhost:3000/_next/static/chunks/node_modules_next_dist_0u_w_5s._.js:1945
[   93350ms] [ERROR] ./components/motion/interactions.ts:3:1
Export setStyle doesn't exist in target module
  1 | import { animate } from "motion"
  2 | import { DUR, EASE } from "./tokens"
> 3 | import { setStyle, clearStyle } from "./dom"
    | ^^^^^^^^^^^^^^^^^^^^^^^^^^^^^^^^^^^^^^^^^^^^
  4 |
  5 | /**
  6 |  * Interactive behaviours — the layer that responds to input rather than to scroll.

The export setStyle was not found in module [project]/components/motion/dom.ts [app-client] (ecmascript).
Did you mean to import setStyles?
All exports of the module are statically known (It doesn't have dynamic exports). So it's known statically that the requested export doesn't exist.

Import traces:
  Client Component Browser:
    ./components/motion/interactions.ts [Client Component Browser]
    ./components/motion/anime-scope.tsx [Client Component Browser]
    ./components/motion/anime-scope.tsx [Server Component]
    ./app/[locale]/page.tsx [Server Component]

  Client Component SSR:
    ./components/motion/interactions.ts [Client Component SSR]
    ./components/motion/anime-scope.tsx [Client Component SSR]
    ./components/motion/anime-scope.tsx [Server Component]
    ./app/[locale]/page.tsx [Server Component] @ http://localhost:3000/_next/static/chunks/node_modules_next_dist_0u_w_5s._.js:1945
[   93350ms] [ERROR] ./components/motion/interactions.ts:3:1
Export setStyle doesn't exist in target module
  1 | import { animate } from "motion"
  2 | import { DUR, EASE } from "./tokens"
> 3 | import { setStyle, clearStyle } from "./dom"
    | ^^^^^^^^^^^^^^^^^^^^^^^^^^^^^^^^^^^^^^^^^^^^
  4 |
  5 | /**
  6 |  * Interactive behaviours — the layer that responds to input rather than to scroll.

The export setStyle was not found in module [project]/components/motion/dom.ts [app-ssr] (ecmascript).
Did you mean to import setStyles?
All exports of the module are statically known (It doesn't have dynamic exports). So it's known statically that the requested export doesn't exist.

Import traces:
  Client Component Browser:
    ./components/motion/interactions.ts [Client Component Browser]
    ./components/motion/anime-scope.tsx [Client Component Browser]
    ./components/motion/anime-scope.tsx [Server Component]
    ./app/[locale]/page.tsx [Server Component]

  Client Component SSR:
    ./components/motion/interactions.ts [Client Component SSR]
    ./components/motion/anime-scope.tsx [Client Component SSR]
    ./components/motion/anime-scope.tsx [Server Component]
    ./app/[locale]/page.tsx [Server Component] @ http://localhost:3000/_next/static/chunks/node_modules_next_dist_0u_w_5s._.js:1945
[   93412ms] [ERROR] ./components/motion/interactions.ts:3:1
Export setStyle doesn't exist in target module
  1 | import { animate } from "motion"
  2 | import { DUR, EASE } from "./tokens"
> 3 | import { setStyle, clearStyle } from "./dom"
    | ^^^^^^^^^^^^^^^^^^^^^^^^^^^^^^^^^^^^^^^^^^^^
  4 |
  5 | /**
  6 |  * Interactive behaviours — the layer that responds to input rather than to scroll.

The export setStyle was not found in module [project]/components/motion/dom.ts [app-client] (ecmascript).
Did you mean to import setStyles?
All exports of the module are statically known (It doesn't have dynamic exports). So it's known statically that the requested export doesn't exist.

Import traces:
  Client Component Browser:
    ./components/motion/interactions.ts [Client Component Browser]
    ./components/motion/anime-scope.tsx [Client Component Browser]
    ./components/motion/anime-scope.tsx [Server Component]
    ./app/[locale]/page.tsx [Server Component]

  Client Component SSR:
    ./components/motion/interactions.ts [Client Component SSR]
    ./components/motion/anime-scope.tsx [Client Component SSR]
    ./components/motion/anime-scope.tsx [Server Component]
    ./app/[locale]/page.tsx [Server Component] @ http://localhost:3000/_next/static/chunks/node_modules_next_dist_0u_w_5s._.js:1945
[   93412ms] [ERROR] ./components/motion/interactions.ts:3:1
Export setStyle doesn't exist in target module
  1 | import { animate } from "motion"
  2 | import { DUR, EASE } from "./tokens"
> 3 | import { setStyle, clearStyle } from "./dom"
    | ^^^^^^^^^^^^^^^^^^^^^^^^^^^^^^^^^^^^^^^^^^^^
  4 |
  5 | /**
  6 |  * Interactive behaviours — the layer that responds to input rather than to scroll.

The export setStyle was not found in module [project]/components/motion/dom.ts [app-ssr] (ecmascript).
Did you mean to import setStyles?
All exports of the module are statically known (It doesn't have dynamic exports). So it's known statically that the requested export doesn't exist.

Import traces:
  Client Component Browser:
    ./components/motion/interactions.ts [Client Component Browser]
    ./components/motion/anime-scope.tsx [Client Component Browser]
    ./components/motion/anime-scope.tsx [Server Component]
    ./app/[locale]/page.tsx [Server Component]

  Client Component SSR:
    ./components/motion/interactions.ts [Client Component SSR]
    ./components/motion/anime-scope.tsx [Client Component SSR]
    ./components/motion/anime-scope.tsx [Server Component]
    ./app/[locale]/page.tsx [Server Component] @ http://localhost:3000/_next/static/chunks/node_modules_next_dist_0u_w_5s._.js:1945
[   93473ms] [ERROR] ./components/motion/interactions.ts:3:1
Export setStyle doesn't exist in target module
  1 | import { animate } from "motion"
  2 | import { DUR, EASE } from "./tokens"
> 3 | import { setStyle, clearStyle } from "./dom"
    | ^^^^^^^^^^^^^^^^^^^^^^^^^^^^^^^^^^^^^^^^^^^^
  4 |
  5 | /**
  6 |  * Interactive behaviours — the layer that responds to input rather than to scroll.

The export setStyle was not found in module [project]/components/motion/dom.ts [app-client] (ecmascript).
Did you mean to import setStyles?
All exports of the module are statically known (It doesn't have dynamic exports). So it's known statically that the requested export doesn't exist.

Import traces:
  Client Component Browser:
    ./components/motion/interactions.ts [Client Component Browser]
    ./components/motion/anime-scope.tsx [Client Component Browser]
    ./components/motion/anime-scope.tsx [Server Component]
    ./app/[locale]/page.tsx [Server Component]

  Client Component SSR:
    ./components/motion/interactions.ts [Client Component SSR]
    ./components/motion/anime-scope.tsx [Client Component SSR]
    ./components/motion/anime-scope.tsx [Server Component]
    ./app/[locale]/page.tsx [Server Component] @ http://localhost:3000/_next/static/chunks/node_modules_next_dist_0u_w_5s._.js:1945
[   93473ms] [ERROR] ./components/motion/interactions.ts:3:1
Export setStyle doesn't exist in target module
  1 | import { animate } from "motion"
  2 | import { DUR, EASE } from "./tokens"
> 3 | import { setStyle, clearStyle } from "./dom"
    | ^^^^^^^^^^^^^^^^^^^^^^^^^^^^^^^^^^^^^^^^^^^^
  4 |
  5 | /**
  6 |  * Interactive behaviours — the layer that responds to input rather than to scroll.

The export setStyle was not found in module [project]/components/motion/dom.ts [app-ssr] (ecmascript).
Did you mean to import setStyles?
All exports of the module are statically known (It doesn't have dynamic exports). So it's known statically that the requested export doesn't exist.

Import traces:
  Client Component Browser:
    ./components/motion/interactions.ts [Client Component Browser]
    ./components/motion/anime-scope.tsx [Client Component Browser]
    ./components/motion/anime-scope.tsx [Server Component]
    ./app/[locale]/page.tsx [Server Component]

  Client Component SSR:
    ./components/motion/interactions.ts [Client Component SSR]
    ./components/motion/anime-scope.tsx [Client Component SSR]
    ./components/motion/anime-scope.tsx [Server Component]
    ./app/[locale]/page.tsx [Server Component] @ http://localhost:3000/_next/static/chunks/node_modules_next_dist_0u_w_5s._.js:1945
[   93532ms] [ERROR] ./components/motion/interactions.ts:3:1
Export setStyle doesn't exist in target module
  1 | import { animate } from "motion"
  2 | import { DUR, EASE } from "./tokens"
> 3 | import { setStyle, clearStyle } from "./dom"
    | ^^^^^^^^^^^^^^^^^^^^^^^^^^^^^^^^^^^^^^^^^^^^
  4 |
  5 | /**
  6 |  * Interactive behaviours — the layer that responds to input rather than to scroll.

The export setStyle was not found in module [project]/components/motion/dom.ts [app-client] (ecmascript).
Did you mean to import setStyles?
All exports of the module are statically known (It doesn't have dynamic exports). So it's known statically that the requested export doesn't exist.

Import traces:
  Client Component Browser:
    ./components/motion/interactions.ts [Client Component Browser]
    ./components/motion/anime-scope.tsx [Client Component Browser]
    ./components/motion/anime-scope.tsx [Server Component]
    ./app/[locale]/page.tsx [Server Component]

  Client Component SSR:
    ./components/motion/interactions.ts [Client Component SSR]
    ./components/motion/anime-scope.tsx [Client Component SSR]
    ./components/motion/anime-scope.tsx [Server Component]
    ./app/[locale]/page.tsx [Server Component] @ http://localhost:3000/_next/static/chunks/node_modules_next_dist_0u_w_5s._.js:1945
[   93532ms] [ERROR] ./components/motion/interactions.ts:3:1
Export setStyle doesn't exist in target module
  1 | import { animate } from "motion"
  2 | import { DUR, EASE } from "./tokens"
> 3 | import { setStyle, clearStyle } from "./dom"
    | ^^^^^^^^^^^^^^^^^^^^^^^^^^^^^^^^^^^^^^^^^^^^
  4 |
  5 | /**
  6 |  * Interactive behaviours — the layer that responds to input rather than to scroll.

The export setStyle was not found in module [project]/components/motion/dom.ts [app-ssr] (ecmascript).
Did you mean to import setStyles?
All exports of the module are statically known (It doesn't have dynamic exports). So it's known statically that the requested export doesn't exist.

Import traces:
  Client Component Browser:
    ./components/motion/interactions.ts [Client Component Browser]
    ./components/motion/anime-scope.tsx [Client Component Browser]
    ./components/motion/anime-scope.tsx [Server Component]
    ./app/[locale]/page.tsx [Server Component]

  Client Component SSR:
    ./components/motion/interactions.ts [Client Component SSR]
    ./components/motion/anime-scope.tsx [Client Component SSR]
    ./components/motion/anime-scope.tsx [Server Component]
    ./app/[locale]/page.tsx [Server Component] @ http://localhost:3000/_next/static/chunks/node_modules_next_dist_0u_w_5s._.js:1945
[   93592ms] [ERROR] ./components/motion/interactions.ts:3:1
Export setStyle doesn't exist in target module
  1 | import { animate } from "motion"
  2 | import { DUR, EASE } from "./tokens"
> 3 | import { setStyle, clearStyle } from "./dom"
    | ^^^^^^^^^^^^^^^^^^^^^^^^^^^^^^^^^^^^^^^^^^^^
  4 |
  5 | /**
  6 |  * Interactive behaviours — the layer that responds to input rather than to scroll.

The export setStyle was not found in module [project]/components/motion/dom.ts [app-client] (ecmascript).
Did you mean to import setStyles?
All exports of the module are statically known (It doesn't have dynamic exports). So it's known statically that the requested export doesn't exist.

Import traces:
  Client Component Browser:
    ./components/motion/interactions.ts [Client Component Browser]
    ./components/motion/anime-scope.tsx [Client Component Browser]
    ./components/motion/anime-scope.tsx [Server Component]
    ./app/[locale]/page.tsx [Server Component]

  Client Component SSR:
    ./components/motion/interactions.ts [Client Component SSR]
    ./components/motion/anime-scope.tsx [Client Component SSR]
    ./components/motion/anime-scope.tsx [Server Component]
    ./app/[locale]/page.tsx [Server Component] @ http://localhost:3000/_next/static/chunks/node_modules_next_dist_0u_w_5s._.js:1945
[   93592ms] [ERROR] ./components/motion/interactions.ts:3:1
Export setStyle doesn't exist in target module
  1 | import { animate } from "motion"
  2 | import { DUR, EASE } from "./tokens"
> 3 | import { setStyle, clearStyle } from "./dom"
    | ^^^^^^^^^^^^^^^^^^^^^^^^^^^^^^^^^^^^^^^^^^^^
  4 |
  5 | /**
  6 |  * Interactive behaviours — the layer that responds to input rather than to scroll.

The export setStyle was not found in module [project]/components/motion/dom.ts [app-ssr] (ecmascript).
Did you mean to import setStyles?
All exports of the module are statically known (It doesn't have dynamic exports). So it's known statically that the requested export doesn't exist.

Import traces:
  Client Component Browser:
    ./components/motion/interactions.ts [Client Component Browser]
    ./components/motion/anime-scope.tsx [Client Component Browser]
    ./components/motion/anime-scope.tsx [Server Component]
    ./app/[locale]/page.tsx [Server Component]

  Client Component SSR:
    ./components/motion/interactions.ts [Client Component SSR]
    ./components/motion/anime-scope.tsx [Client Component SSR]
    ./components/motion/anime-scope.tsx [Server Component]
    ./app/[locale]/page.tsx [Server Component] @ http://localhost:3000/_next/static/chunks/node_modules_next_dist_0u_w_5s._.js:1945
[   93654ms] [ERROR] ./components/motion/interactions.ts:3:1
Export setStyle doesn't exist in target module
  1 | import { animate } from "motion"
  2 | import { DUR, EASE } from "./tokens"
> 3 | import { setStyle, clearStyle } from "./dom"
    | ^^^^^^^^^^^^^^^^^^^^^^^^^^^^^^^^^^^^^^^^^^^^
  4 |
  5 | /**
  6 |  * Interactive behaviours — the layer that responds to input rather than to scroll.

The export setStyle was not found in module [project]/components/motion/dom.ts [app-client] (ecmascript).
Did you mean to import setStyles?
All exports of the module are statically known (It doesn't have dynamic exports). So it's known statically that the requested export doesn't exist.

Import traces:
  Client Component Browser:
    ./components/motion/interactions.ts [Client Component Browser]
    ./components/motion/anime-scope.tsx [Client Component Browser]
    ./components/motion/anime-scope.tsx [Server Component]
    ./app/[locale]/page.tsx [Server Component]

  Client Component SSR:
    ./components/motion/interactions.ts [Client Component SSR]
    ./components/motion/anime-scope.tsx [Client Component SSR]
    ./components/motion/anime-scope.tsx [Server Component]
    ./app/[locale]/page.tsx [Server Component] @ http://localhost:3000/_next/static/chunks/node_modules_next_dist_0u_w_5s._.js:1945
[   93654ms] [ERROR] ./components/motion/interactions.ts:3:1
Export setStyle doesn't exist in target module
  1 | import { animate } from "motion"
  2 | import { DUR, EASE } from "./tokens"
> 3 | import { setStyle, clearStyle } from "./dom"
    | ^^^^^^^^^^^^^^^^^^^^^^^^^^^^^^^^^^^^^^^^^^^^
  4 |
  5 | /**
  6 |  * Interactive behaviours — the layer that responds to input rather than to scroll.

The export setStyle was not found in module [project]/components/motion/dom.ts [app-ssr] (ecmascript).
Did you mean to import setStyles?
All exports of the module are statically known (It doesn't have dynamic exports). So it's known statically that the requested export doesn't exist.

Import traces:
  Client Component Browser:
    ./components/motion/interactions.ts [Client Component Browser]
    ./components/motion/anime-scope.tsx [Client Component Browser]
    ./components/motion/anime-scope.tsx [Server Component]
    ./app/[locale]/page.tsx [Server Component]

  Client Component SSR:
    ./components/motion/interactions.ts [Client Component SSR]
    ./components/motion/anime-scope.tsx [Client Component SSR]
    ./components/motion/anime-scope.tsx [Server Component]
    ./app/[locale]/page.tsx [Server Component] @ http://localhost:3000/_next/static/chunks/node_modules_next_dist_0u_w_5s._.js:1945
[   93714ms] [ERROR] ./components/motion/interactions.ts:3:1
Export setStyle doesn't exist in target module
  1 | import { animate } from "motion"
  2 | import { DUR, EASE } from "./tokens"
> 3 | import { setStyle, clearStyle } from "./dom"
    | ^^^^^^^^^^^^^^^^^^^^^^^^^^^^^^^^^^^^^^^^^^^^
  4 |
  5 | /**
  6 |  * Interactive behaviours — the layer that responds to input rather than to scroll.

The export setStyle was not found in module [project]/components/motion/dom.ts [app-client] (ecmascript).
Did you mean to import setStyles?
All exports of the module are statically known (It doesn't have dynamic exports). So it's known statically that the requested export doesn't exist.

Import traces:
  Client Component Browser:
    ./components/motion/interactions.ts [Client Component Browser]
    ./components/motion/anime-scope.tsx [Client Component Browser]
    ./components/motion/anime-scope.tsx [Server Component]
    ./app/[locale]/page.tsx [Server Component]

  Client Component SSR:
    ./components/motion/interactions.ts [Client Component SSR]
    ./components/motion/anime-scope.tsx [Client Component SSR]
    ./components/motion/anime-scope.tsx [Server Component]
    ./app/[locale]/page.tsx [Server Component] @ http://localhost:3000/_next/static/chunks/node_modules_next_dist_0u_w_5s._.js:1945
[   93714ms] [ERROR] ./components/motion/interactions.ts:3:1
Export setStyle doesn't exist in target module
  1 | import { animate } from "motion"
  2 | import { DUR, EASE } from "./tokens"
> 3 | import { setStyle, clearStyle } from "./dom"
    | ^^^^^^^^^^^^^^^^^^^^^^^^^^^^^^^^^^^^^^^^^^^^
  4 |
  5 | /**
  6 |  * Interactive behaviours — the layer that responds to input rather than to scroll.

The export setStyle was not found in module [project]/components/motion/dom.ts [app-ssr] (ecmascript).
Did you mean to import setStyles?
All exports of the module are statically known (It doesn't have dynamic exports). So it's known statically that the requested export doesn't exist.

Import traces:
  Client Component Browser:
    ./components/motion/interactions.ts [Client Component Browser]
    ./components/motion/anime-scope.tsx [Client Component Browser]
    ./components/motion/anime-scope.tsx [Server Component]
    ./app/[locale]/page.tsx [Server Component]

  Client Component SSR:
    ./components/motion/interactions.ts [Client Component SSR]
    ./components/motion/anime-scope.tsx [Client Component SSR]
    ./components/motion/anime-scope.tsx [Server Component]
    ./app/[locale]/page.tsx [Server Component] @ http://localhost:3000/_next/static/chunks/node_modules_next_dist_0u_w_5s._.js:1945
[   93777ms] [ERROR] ./components/motion/interactions.ts:3:1
Export setStyle doesn't exist in target module
  1 | import { animate } from "motion"
  2 | import { DUR, EASE } from "./tokens"
> 3 | import { setStyle, clearStyle } from "./dom"
    | ^^^^^^^^^^^^^^^^^^^^^^^^^^^^^^^^^^^^^^^^^^^^
  4 |
  5 | /**
  6 |  * Interactive behaviours — the layer that responds to input rather than to scroll.

The export setStyle was not found in module [project]/components/motion/dom.ts [app-client] (ecmascript).
Did you mean to import setStyles?
All exports of the module are statically known (It doesn't have dynamic exports). So it's known statically that the requested export doesn't exist.

Import traces:
  Client Component Browser:
    ./components/motion/interactions.ts [Client Component Browser]
    ./components/motion/anime-scope.tsx [Client Component Browser]
    ./components/motion/anime-scope.tsx [Server Component]
    ./app/[locale]/page.tsx [Server Component]

  Client Component SSR:
    ./components/motion/interactions.ts [Client Component SSR]
    ./components/motion/anime-scope.tsx [Client Component SSR]
    ./components/motion/anime-scope.tsx [Server Component]
    ./app/[locale]/page.tsx [Server Component] @ http://localhost:3000/_next/static/chunks/node_modules_next_dist_0u_w_5s._.js:1945
[   93777ms] [ERROR] ./components/motion/interactions.ts:3:1
Export setStyle doesn't exist in target module
  1 | import { animate } from "motion"
  2 | import { DUR, EASE } from "./tokens"
> 3 | import { setStyle, clearStyle } from "./dom"
    | ^^^^^^^^^^^^^^^^^^^^^^^^^^^^^^^^^^^^^^^^^^^^
  4 |
  5 | /**
  6 |  * Interactive behaviours — the layer that responds to input rather than to scroll.

The export setStyle was not found in module [project]/components/motion/dom.ts [app-ssr] (ecmascript).
Did you mean to import setStyles?
All exports of the module are statically known (It doesn't have dynamic exports). So it's known statically that the requested export doesn't exist.

Import traces:
  Client Component Browser:
    ./components/motion/interactions.ts [Client Component Browser]
    ./components/motion/anime-scope.tsx [Client Component Browser]
    ./components/motion/anime-scope.tsx [Server Component]
    ./app/[locale]/page.tsx [Server Component]

  Client Component SSR:
    ./components/motion/interactions.ts [Client Component SSR]
    ./components/motion/anime-scope.tsx [Client Component SSR]
    ./components/motion/anime-scope.tsx [Server Component]
    ./app/[locale]/page.tsx [Server Component] @ http://localhost:3000/_next/static/chunks/node_modules_next_dist_0u_w_5s._.js:1945
[   93837ms] [ERROR] ./components/motion/interactions.ts:3:1
Export setStyle doesn't exist in target module
  1 | import { animate } from "motion"
  2 | import { DUR, EASE } from "./tokens"
> 3 | import { setStyle, clearStyle } from "./dom"
    | ^^^^^^^^^^^^^^^^^^^^^^^^^^^^^^^^^^^^^^^^^^^^
  4 |
  5 | /**
  6 |  * Interactive behaviours — the layer that responds to input rather than to scroll.

The export setStyle was not found in module [project]/components/motion/dom.ts [app-client] (ecmascript).
Did you mean to import setStyles?
All exports of the module are statically known (It doesn't have dynamic exports). So it's known statically that the requested export doesn't exist.

Import traces:
  Client Component Browser:
    ./components/motion/interactions.ts [Client Component Browser]
    ./components/motion/anime-scope.tsx [Client Component Browser]
    ./components/motion/anime-scope.tsx [Server Component]
    ./app/[locale]/page.tsx [Server Component]

  Client Component SSR:
    ./components/motion/interactions.ts [Client Component SSR]
    ./components/motion/anime-scope.tsx [Client Component SSR]
    ./components/motion/anime-scope.tsx [Server Component]
    ./app/[locale]/page.tsx [Server Component] @ http://localhost:3000/_next/static/chunks/node_modules_next_dist_0u_w_5s._.js:1945
[   93837ms] [ERROR] ./components/motion/interactions.ts:3:1
Export setStyle doesn't exist in target module
  1 | import { animate } from "motion"
  2 | import { DUR, EASE } from "./tokens"
> 3 | import { setStyle, clearStyle } from "./dom"
    | ^^^^^^^^^^^^^^^^^^^^^^^^^^^^^^^^^^^^^^^^^^^^
  4 |
  5 | /**
  6 |  * Interactive behaviours — the layer that responds to input rather than to scroll.

The export setStyle was not found in module [project]/components/motion/dom.ts [app-ssr] (ecmascript).
Did you mean to import setStyles?
All exports of the module are statically known (It doesn't have dynamic exports). So it's known statically that the requested export doesn't exist.

Import traces:
  Client Component Browser:
    ./components/motion/interactions.ts [Client Component Browser]
    ./components/motion/anime-scope.tsx [Client Component Browser]
    ./components/motion/anime-scope.tsx [Server Component]
    ./app/[locale]/page.tsx [Server Component]

  Client Component SSR:
    ./components/motion/interactions.ts [Client Component SSR]
    ./components/motion/anime-scope.tsx [Client Component SSR]
    ./components/motion/anime-scope.tsx [Server Component]
    ./app/[locale]/page.tsx [Server Component] @ http://localhost:3000/_next/static/chunks/node_modules_next_dist_0u_w_5s._.js:1945
[   93898ms] [ERROR] ./components/motion/interactions.ts:3:1
Export setStyle doesn't exist in target module
  1 | import { animate } from "motion"
  2 | import { DUR, EASE } from "./tokens"
> 3 | import { setStyle, clearStyle } from "./dom"
    | ^^^^^^^^^^^^^^^^^^^^^^^^^^^^^^^^^^^^^^^^^^^^
  4 |
  5 | /**
  6 |  * Interactive behaviours — the layer that responds to input rather than to scroll.

The export setStyle was not found in module [project]/components/motion/dom.ts [app-client] (ecmascript).
Did you mean to import setStyles?
All exports of the module are statically known (It doesn't have dynamic exports). So it's known statically that the requested export doesn't exist.

Import traces:
  Client Component Browser:
    ./components/motion/interactions.ts [Client Component Browser]
    ./components/motion/anime-scope.tsx [Client Component Browser]
    ./components/motion/anime-scope.tsx [Server Component]
    ./app/[locale]/page.tsx [Server Component]

  Client Component SSR:
    ./components/motion/interactions.ts [Client Component SSR]
    ./components/motion/anime-scope.tsx [Client Component SSR]
    ./components/motion/anime-scope.tsx [Server Component]
    ./app/[locale]/page.tsx [Server Component] @ http://localhost:3000/_next/static/chunks/node_modules_next_dist_0u_w_5s._.js:1945
[   93899ms] [ERROR] ./components/motion/interactions.ts:3:1
Export setStyle doesn't exist in target module
  1 | import { animate } from "motion"
  2 | import { DUR, EASE } from "./tokens"
> 3 | import { setStyle, clearStyle } from "./dom"
    | ^^^^^^^^^^^^^^^^^^^^^^^^^^^^^^^^^^^^^^^^^^^^
  4 |
  5 | /**
  6 |  * Interactive behaviours — the layer that responds to input rather than to scroll.

The export setStyle was not found in module [project]/components/motion/dom.ts [app-ssr] (ecmascript).
Did you mean to import setStyles?
All exports of the module are statically known (It doesn't have dynamic exports). So it's known statically that the requested export doesn't exist.

Import traces:
  Client Component Browser:
    ./components/motion/interactions.ts [Client Component Browser]
    ./components/motion/anime-scope.tsx [Client Component Browser]
    ./components/motion/anime-scope.tsx [Server Component]
    ./app/[locale]/page.tsx [Server Component]

  Client Component SSR:
    ./components/motion/interactions.ts [Client Component SSR]
    ./components/motion/anime-scope.tsx [Client Component SSR]
    ./components/motion/anime-scope.tsx [Server Component]
    ./app/[locale]/page.tsx [Server Component] @ http://localhost:3000/_next/static/chunks/node_modules_next_dist_0u_w_5s._.js:1945
[   93960ms] [ERROR] ./components/motion/interactions.ts:3:1
Export setStyle doesn't exist in target module
  1 | import { animate } from "motion"
  2 | import { DUR, EASE } from "./tokens"
> 3 | import { setStyle, clearStyle } from "./dom"
    | ^^^^^^^^^^^^^^^^^^^^^^^^^^^^^^^^^^^^^^^^^^^^
  4 |
  5 | /**
  6 |  * Interactive behaviours — the layer that responds to input rather than to scroll.

The export setStyle was not found in module [project]/components/motion/dom.ts [app-client] (ecmascript).
Did you mean to import setStyles?
All exports of the module are statically known (It doesn't have dynamic exports). So it's known statically that the requested export doesn't exist.

Import traces:
  Client Component Browser:
    ./components/motion/interactions.ts [Client Component Browser]
    ./components/motion/anime-scope.tsx [Client Component Browser]
    ./components/motion/anime-scope.tsx [Server Component]
    ./app/[locale]/page.tsx [Server Component]

  Client Component SSR:
    ./components/motion/interactions.ts [Client Component SSR]
    ./components/motion/anime-scope.tsx [Client Component SSR]
    ./components/motion/anime-scope.tsx [Server Component]
    ./app/[locale]/page.tsx [Server Component] @ http://localhost:3000/_next/static/chunks/node_modules_next_dist_0u_w_5s._.js:1945
[   93960ms] [ERROR] ./components/motion/interactions.ts:3:1
Export setStyle doesn't exist in target module
  1 | import { animate } from "motion"
  2 | import { DUR, EASE } from "./tokens"
> 3 | import { setStyle, clearStyle } from "./dom"
    | ^^^^^^^^^^^^^^^^^^^^^^^^^^^^^^^^^^^^^^^^^^^^
  4 |
  5 | /**
  6 |  * Interactive behaviours — the layer that responds to input rather than to scroll.

The export setStyle was not found in module [project]/components/motion/dom.ts [app-ssr] (ecmascript).
Did you mean to import setStyles?
All exports of the module are statically known (It doesn't have dynamic exports). So it's known statically that the requested export doesn't exist.

Import traces:
  Client Component Browser:
    ./components/motion/interactions.ts [Client Component Browser]
    ./components/motion/anime-scope.tsx [Client Component Browser]
    ./components/motion/anime-scope.tsx [Server Component]
    ./app/[locale]/page.tsx [Server Component]

  Client Component SSR:
    ./components/motion/interactions.ts [Client Component SSR]
    ./components/motion/anime-scope.tsx [Client Component SSR]
    ./components/motion/anime-scope.tsx [Server Component]
    ./app/[locale]/page.tsx [Server Component] @ http://localhost:3000/_next/static/chunks/node_modules_next_dist_0u_w_5s._.js:1945
[   94023ms] [ERROR] ./components/motion/interactions.ts:3:1
Export setStyle doesn't exist in target module
  1 | import { animate } from "motion"
  2 | import { DUR, EASE } from "./tokens"
> 3 | import { setStyle, clearStyle } from "./dom"
    | ^^^^^^^^^^^^^^^^^^^^^^^^^^^^^^^^^^^^^^^^^^^^
  4 |
  5 | /**
  6 |  * Interactive behaviours — the layer that responds to input rather than to scroll.

The export setStyle was not found in module [project]/components/motion/dom.ts [app-client] (ecmascript).
Did you mean to import setStyles?
All exports of the module are statically known (It doesn't have dynamic exports). So it's known statically that the requested export doesn't exist.

Import traces:
  Client Component Browser:
    ./components/motion/interactions.ts [Client Component Browser]
    ./components/motion/anime-scope.tsx [Client Component Browser]
    ./components/motion/anime-scope.tsx [Server Component]
    ./app/[locale]/page.tsx [Server Component]

  Client Component SSR:
    ./components/motion/interactions.ts [Client Component SSR]
    ./components/motion/anime-scope.tsx [Client Component SSR]
    ./components/motion/anime-scope.tsx [Server Component]
    ./app/[locale]/page.tsx [Server Component] @ http://localhost:3000/_next/static/chunks/node_modules_next_dist_0u_w_5s._.js:1945
[   94023ms] [ERROR] ./components/motion/interactions.ts:3:1
Export setStyle doesn't exist in target module
  1 | import { animate } from "motion"
  2 | import { DUR, EASE } from "./tokens"
> 3 | import { setStyle, clearStyle } from "./dom"
    | ^^^^^^^^^^^^^^^^^^^^^^^^^^^^^^^^^^^^^^^^^^^^
  4 |
  5 | /**
  6 |  * Interactive behaviours — the layer that responds to input rather than to scroll.

The export setStyle was not found in module [project]/components/motion/dom.ts [app-ssr] (ecmascript).
Did you mean to import setStyles?
All exports of the module are statically known (It doesn't have dynamic exports). So it's known statically that the requested export doesn't exist.

Import traces:
  Client Component Browser:
    ./components/motion/interactions.ts [Client Component Browser]
    ./components/motion/anime-scope.tsx [Client Component Browser]
    ./components/motion/anime-scope.tsx [Server Component]
    ./app/[locale]/page.tsx [Server Component]

  Client Component SSR:
    ./components/motion/interactions.ts [Client Component SSR]
    ./components/motion/anime-scope.tsx [Client Component SSR]
    ./components/motion/anime-scope.tsx [Server Component]
    ./app/[locale]/page.tsx [Server Component] @ http://localhost:3000/_next/static/chunks/node_modules_next_dist_0u_w_5s._.js:1945
[   94084ms] [ERROR] ./components/motion/interactions.ts:3:1
Export setStyle doesn't exist in target module
  1 | import { animate } from "motion"
  2 | import { DUR, EASE } from "./tokens"
> 3 | import { setStyle, clearStyle } from "./dom"
    | ^^^^^^^^^^^^^^^^^^^^^^^^^^^^^^^^^^^^^^^^^^^^
  4 |
  5 | /**
  6 |  * Interactive behaviours — the layer that responds to input rather than to scroll.

The export setStyle was not found in module [project]/components/motion/dom.ts [app-client] (ecmascript).
Did you mean to import setStyles?
All exports of the module are statically known (It doesn't have dynamic exports). So it's known statically that the requested export doesn't exist.

Import traces:
  Client Component Browser:
    ./components/motion/interactions.ts [Client Component Browser]
    ./components/motion/anime-scope.tsx [Client Component Browser]
    ./components/motion/anime-scope.tsx [Server Component]
    ./app/[locale]/page.tsx [Server Component]

  Client Component SSR:
    ./components/motion/interactions.ts [Client Component SSR]
    ./components/motion/anime-scope.tsx [Client Component SSR]
    ./components/motion/anime-scope.tsx [Server Component]
    ./app/[locale]/page.tsx [Server Component] @ http://localhost:3000/_next/static/chunks/node_modules_next_dist_0u_w_5s._.js:1945
[   94084ms] [ERROR] ./components/motion/interactions.ts:3:1
Export setStyle doesn't exist in target module
  1 | import { animate } from "motion"
  2 | import { DUR, EASE } from "./tokens"
> 3 | import { setStyle, clearStyle } from "./dom"
    | ^^^^^^^^^^^^^^^^^^^^^^^^^^^^^^^^^^^^^^^^^^^^
  4 |
  5 | /**
  6 |  * Interactive behaviours — the layer that responds to input rather than to scroll.

The export setStyle was not found in module [project]/components/motion/dom.ts [app-ssr] (ecmascript).
Did you mean to import setStyles?
All exports of the module are statically known (It doesn't have dynamic exports). So it's known statically that the requested export doesn't exist.

Import traces:
  Client Component Browser:
    ./components/motion/interactions.ts [Client Component Browser]
    ./components/motion/anime-scope.tsx [Client Component Browser]
    ./components/motion/anime-scope.tsx [Server Component]
    ./app/[locale]/page.tsx [Server Component]

  Client Component SSR:
    ./components/motion/interactions.ts [Client Component SSR]
    ./components/motion/anime-scope.tsx [Client Component SSR]
    ./components/motion/anime-scope.tsx [Server Component]
    ./app/[locale]/page.tsx [Server Component] @ http://localhost:3000/_next/static/chunks/node_modules_next_dist_0u_w_5s._.js:1945
[   94145ms] [ERROR] ./components/motion/interactions.ts:3:1
Export setStyle doesn't exist in target module
  1 | import { animate } from "motion"
  2 | import { DUR, EASE } from "./tokens"
> 3 | import { setStyle, clearStyle } from "./dom"
    | ^^^^^^^^^^^^^^^^^^^^^^^^^^^^^^^^^^^^^^^^^^^^
  4 |
  5 | /**
  6 |  * Interactive behaviours — the layer that responds to input rather than to scroll.

The export setStyle was not found in module [project]/components/motion/dom.ts [app-client] (ecmascript).
Did you mean to import setStyles?
All exports of the module are statically known (It doesn't have dynamic exports). So it's known statically that the requested export doesn't exist.

Import traces:
  Client Component Browser:
    ./components/motion/interactions.ts [Client Component Browser]
    ./components/motion/anime-scope.tsx [Client Component Browser]
    ./components/motion/anime-scope.tsx [Server Component]
    ./app/[locale]/page.tsx [Server Component]

  Client Component SSR:
    ./components/motion/interactions.ts [Client Component SSR]
    ./components/motion/anime-scope.tsx [Client Component SSR]
    ./components/motion/anime-scope.tsx [Server Component]
    ./app/[locale]/page.tsx [Server Component] @ http://localhost:3000/_next/static/chunks/node_modules_next_dist_0u_w_5s._.js:1945
[   94145ms] [ERROR] ./components/motion/interactions.ts:3:1
Export setStyle doesn't exist in target module
  1 | import { animate } from "motion"
  2 | import { DUR, EASE } from "./tokens"
> 3 | import { setStyle, clearStyle } from "./dom"
    | ^^^^^^^^^^^^^^^^^^^^^^^^^^^^^^^^^^^^^^^^^^^^
  4 |
  5 | /**
  6 |  * Interactive behaviours — the layer that responds to input rather than to scroll.

The export setStyle was not found in module [project]/components/motion/dom.ts [app-ssr] (ecmascript).
Did you mean to import setStyles?
All exports of the module are statically known (It doesn't have dynamic exports). So it's known statically that the requested export doesn't exist.

Import traces:
  Client Component Browser:
    ./components/motion/interactions.ts [Client Component Browser]
    ./components/motion/anime-scope.tsx [Client Component Browser]
    ./components/motion/anime-scope.tsx [Server Component]
    ./app/[locale]/page.tsx [Server Component]

  Client Component SSR:
    ./components/motion/interactions.ts [Client Component SSR]
    ./components/motion/anime-scope.tsx [Client Component SSR]
    ./components/motion/anime-scope.tsx [Server Component]
    ./app/[locale]/page.tsx [Server Component] @ http://localhost:3000/_next/static/chunks/node_modules_next_dist_0u_w_5s._.js:1945
[   94206ms] [ERROR] ./components/motion/interactions.ts:3:1
Export setStyle doesn't exist in target module
  1 | import { animate } from "motion"
  2 | import { DUR, EASE } from "./tokens"
> 3 | import { setStyle, clearStyle } from "./dom"
    | ^^^^^^^^^^^^^^^^^^^^^^^^^^^^^^^^^^^^^^^^^^^^
  4 |
  5 | /**
  6 |  * Interactive behaviours — the layer that responds to input rather than to scroll.

The export setStyle was not found in module [project]/components/motion/dom.ts [app-client] (ecmascript).
Did you mean to import setStyles?
All exports of the module are statically known (It doesn't have dynamic exports). So it's known statically that the requested export doesn't exist.

Import traces:
  Client Component Browser:
    ./components/motion/interactions.ts [Client Component Browser]
    ./components/motion/anime-scope.tsx [Client Component Browser]
    ./components/motion/anime-scope.tsx [Server Component]
    ./app/[locale]/page.tsx [Server Component]

  Client Component SSR:
    ./components/motion/interactions.ts [Client Component SSR]
    ./components/motion/anime-scope.tsx [Client Component SSR]
    ./components/motion/anime-scope.tsx [Server Component]
    ./app/[locale]/page.tsx [Server Component] @ http://localhost:3000/_next/static/chunks/node_modules_next_dist_0u_w_5s._.js:1945
[   94207ms] [ERROR] ./components/motion/interactions.ts:3:1
Export setStyle doesn't exist in target module
  1 | import { animate } from "motion"
  2 | import { DUR, EASE } from "./tokens"
> 3 | import { setStyle, clearStyle } from "./dom"
    | ^^^^^^^^^^^^^^^^^^^^^^^^^^^^^^^^^^^^^^^^^^^^
  4 |
  5 | /**
  6 |  * Interactive behaviours — the layer that responds to input rather than to scroll.

The export setStyle was not found in module [project]/components/motion/dom.ts [app-ssr] (ecmascript).
Did you mean to import setStyles?
All exports of the module are statically known (It doesn't have dynamic exports). So it's known statically that the requested export doesn't exist.

Import traces:
  Client Component Browser:
    ./components/motion/interactions.ts [Client Component Browser]
    ./components/motion/anime-scope.tsx [Client Component Browser]
    ./components/motion/anime-scope.tsx [Server Component]
    ./app/[locale]/page.tsx [Server Component]

  Client Component SSR:
    ./components/motion/interactions.ts [Client Component SSR]
    ./components/motion/anime-scope.tsx [Client Component SSR]
    ./components/motion/anime-scope.tsx [Server Component]
    ./app/[locale]/page.tsx [Server Component] @ http://localhost:3000/_next/static/chunks/node_modules_next_dist_0u_w_5s._.js:1945
[   94267ms] [ERROR] ./components/motion/interactions.ts:3:1
Export setStyle doesn't exist in target module
  1 | import { animate } from "motion"
  2 | import { DUR, EASE } from "./tokens"
> 3 | import { setStyle, clearStyle } from "./dom"
    | ^^^^^^^^^^^^^^^^^^^^^^^^^^^^^^^^^^^^^^^^^^^^
  4 |
  5 | /**
  6 |  * Interactive behaviours — the layer that responds to input rather than to scroll.

The export setStyle was not found in module [project]/components/motion/dom.ts [app-client] (ecmascript).
Did you mean to import setStyles?
All exports of the module are statically known (It doesn't have dynamic exports). So it's known statically that the requested export doesn't exist.

Import traces:
  Client Component Browser:
    ./components/motion/interactions.ts [Client Component Browser]
    ./components/motion/anime-scope.tsx [Client Component Browser]
    ./components/motion/anime-scope.tsx [Server Component]
    ./app/[locale]/page.tsx [Server Component]

  Client Component SSR:
    ./components/motion/interactions.ts [Client Component SSR]
    ./components/motion/anime-scope.tsx [Client Component SSR]
    ./components/motion/anime-scope.tsx [Server Component]
    ./app/[locale]/page.tsx [Server Component] @ http://localhost:3000/_next/static/chunks/node_modules_next_dist_0u_w_5s._.js:1945
[   94268ms] [ERROR] ./components/motion/interactions.ts:3:1
Export setStyle doesn't exist in target module
  1 | import { animate } from "motion"
  2 | import { DUR, EASE } from "./tokens"
> 3 | import { setStyle, clearStyle } from "./dom"
    | ^^^^^^^^^^^^^^^^^^^^^^^^^^^^^^^^^^^^^^^^^^^^
  4 |
  5 | /**
  6 |  * Interactive behaviours — the layer that responds to input rather than to scroll.

The export setStyle was not found in module [project]/components/motion/dom.ts [app-ssr] (ecmascript).
Did you mean to import setStyles?
All exports of the module are statically known (It doesn't have dynamic exports). So it's known statically that the requested export doesn't exist.

Import traces:
  Client Component Browser:
    ./components/motion/interactions.ts [Client Component Browser]
    ./components/motion/anime-scope.tsx [Client Component Browser]
    ./components/motion/anime-scope.tsx [Server Component]
    ./app/[locale]/page.tsx [Server Component]

  Client Component SSR:
    ./components/motion/interactions.ts [Client Component SSR]
    ./components/motion/anime-scope.tsx [Client Component SSR]
    ./components/motion/anime-scope.tsx [Server Component]
    ./app/[locale]/page.tsx [Server Component] @ http://localhost:3000/_next/static/chunks/node_modules_next_dist_0u_w_5s._.js:1945
[   94330ms] [ERROR] ./components/motion/interactions.ts:3:1
Export setStyle doesn't exist in target module
  1 | import { animate } from "motion"
  2 | import { DUR, EASE } from "./tokens"
> 3 | import { setStyle, clearStyle } from "./dom"
    | ^^^^^^^^^^^^^^^^^^^^^^^^^^^^^^^^^^^^^^^^^^^^
  4 |
  5 | /**
  6 |  * Interactive behaviours — the layer that responds to input rather than to scroll.

The export setStyle was not found in module [project]/components/motion/dom.ts [app-client] (ecmascript).
Did you mean to import setStyles?
All exports of the module are statically known (It doesn't have dynamic exports). So it's known statically that the requested export doesn't exist.

Import traces:
  Client Component Browser:
    ./components/motion/interactions.ts [Client Component Browser]
    ./components/motion/anime-scope.tsx [Client Component Browser]
    ./components/motion/anime-scope.tsx [Server Component]
    ./app/[locale]/page.tsx [Server Component]

  Client Component SSR:
    ./components/motion/interactions.ts [Client Component SSR]
    ./components/motion/anime-scope.tsx [Client Component SSR]
    ./components/motion/anime-scope.tsx [Server Component]
    ./app/[locale]/page.tsx [Server Component] @ http://localhost:3000/_next/static/chunks/node_modules_next_dist_0u_w_5s._.js:1945
[   94330ms] [ERROR] ./components/motion/interactions.ts:3:1
Export setStyle doesn't exist in target module
  1 | import { animate } from "motion"
  2 | import { DUR, EASE } from "./tokens"
> 3 | import { setStyle, clearStyle } from "./dom"
    | ^^^^^^^^^^^^^^^^^^^^^^^^^^^^^^^^^^^^^^^^^^^^
  4 |
  5 | /**
  6 |  * Interactive behaviours — the layer that responds to input rather than to scroll.

The export setStyle was not found in module [project]/components/motion/dom.ts [app-ssr] (ecmascript).
Did you mean to import setStyles?
All exports of the module are statically known (It doesn't have dynamic exports). So it's known statically that the requested export doesn't exist.

Import traces:
  Client Component Browser:
    ./components/motion/interactions.ts [Client Component Browser]
    ./components/motion/anime-scope.tsx [Client Component Browser]
    ./components/motion/anime-scope.tsx [Server Component]
    ./app/[locale]/page.tsx [Server Component]

  Client Component SSR:
    ./components/motion/interactions.ts [Client Component SSR]
    ./components/motion/anime-scope.tsx [Client Component SSR]
    ./components/motion/anime-scope.tsx [Server Component]
    ./app/[locale]/page.tsx [Server Component] @ http://localhost:3000/_next/static/chunks/node_modules_next_dist_0u_w_5s._.js:1945
[   94391ms] [ERROR] ./components/motion/interactions.ts:3:1
Export setStyle doesn't exist in target module
  1 | import { animate } from "motion"
  2 | import { DUR, EASE } from "./tokens"
> 3 | import { setStyle, clearStyle } from "./dom"
    | ^^^^^^^^^^^^^^^^^^^^^^^^^^^^^^^^^^^^^^^^^^^^
  4 |
  5 | /**
  6 |  * Interactive behaviours — the layer that responds to input rather than to scroll.

The export setStyle was not found in module [project]/components/motion/dom.ts [app-client] (ecmascript).
Did you mean to import setStyles?
All exports of the module are statically known (It doesn't have dynamic exports). So it's known statically that the requested export doesn't exist.

Import traces:
  Client Component Browser:
    ./components/motion/interactions.ts [Client Component Browser]
    ./components/motion/anime-scope.tsx [Client Component Browser]
    ./components/motion/anime-scope.tsx [Server Component]
    ./app/[locale]/page.tsx [Server Component]

  Client Component SSR:
    ./components/motion/interactions.ts [Client Component SSR]
    ./components/motion/anime-scope.tsx [Client Component SSR]
    ./components/motion/anime-scope.tsx [Server Component]
    ./app/[locale]/page.tsx [Server Component] @ http://localhost:3000/_next/static/chunks/node_modules_next_dist_0u_w_5s._.js:1945
[   94392ms] [ERROR] ./components/motion/interactions.ts:3:1
Export setStyle doesn't exist in target module
  1 | import { animate } from "motion"
  2 | import { DUR, EASE } from "./tokens"
> 3 | import { setStyle, clearStyle } from "./dom"
    | ^^^^^^^^^^^^^^^^^^^^^^^^^^^^^^^^^^^^^^^^^^^^
  4 |
  5 | /**
  6 |  * Interactive behaviours — the layer that responds to input rather than to scroll.

The export setStyle was not found in module [project]/components/motion/dom.ts [app-ssr] (ecmascript).
Did you mean to import setStyles?
All exports of the module are statically known (It doesn't have dynamic exports). So it's known statically that the requested export doesn't exist.

Import traces:
  Client Component Browser:
    ./components/motion/interactions.ts [Client Component Browser]
    ./components/motion/anime-scope.tsx [Client Component Browser]
    ./components/motion/anime-scope.tsx [Server Component]
    ./app/[locale]/page.tsx [Server Component]

  Client Component SSR:
    ./components/motion/interactions.ts [Client Component SSR]
    ./components/motion/anime-scope.tsx [Client Component SSR]
    ./components/motion/anime-scope.tsx [Server Component]
    ./app/[locale]/page.tsx [Server Component] @ http://localhost:3000/_next/static/chunks/node_modules_next_dist_0u_w_5s._.js:1945
[   94453ms] [ERROR] ./components/motion/interactions.ts:3:1
Export setStyle doesn't exist in target module
  1 | import { animate } from "motion"
  2 | import { DUR, EASE } from "./tokens"
> 3 | import { setStyle, clearStyle } from "./dom"
    | ^^^^^^^^^^^^^^^^^^^^^^^^^^^^^^^^^^^^^^^^^^^^
  4 |
  5 | /**
  6 |  * Interactive behaviours — the layer that responds to input rather than to scroll.

The export setStyle was not found in module [project]/components/motion/dom.ts [app-client] (ecmascript).
Did you mean to import setStyles?
All exports of the module are statically known (It doesn't have dynamic exports). So it's known statically that the requested export doesn't exist.

Import traces:
  Client Component Browser:
    ./components/motion/interactions.ts [Client Component Browser]
    ./components/motion/anime-scope.tsx [Client Component Browser]
    ./components/motion/anime-scope.tsx [Server Component]
    ./app/[locale]/page.tsx [Server Component]

  Client Component SSR:
    ./components/motion/interactions.ts [Client Component SSR]
    ./components/motion/anime-scope.tsx [Client Component SSR]
    ./components/motion/anime-scope.tsx [Server Component]
    ./app/[locale]/page.tsx [Server Component] @ http://localhost:3000/_next/static/chunks/node_modules_next_dist_0u_w_5s._.js:1945
[   94453ms] [ERROR] ./components/motion/interactions.ts:3:1
Export setStyle doesn't exist in target module
  1 | import { animate } from "motion"
  2 | import { DUR, EASE } from "./tokens"
> 3 | import { setStyle, clearStyle } from "./dom"
    | ^^^^^^^^^^^^^^^^^^^^^^^^^^^^^^^^^^^^^^^^^^^^
  4 |
  5 | /**
  6 |  * Interactive behaviours — the layer that responds to input rather than to scroll.

The export setStyle was not found in module [project]/components/motion/dom.ts [app-ssr] (ecmascript).
Did you mean to import setStyles?
All exports of the module are statically known (It doesn't have dynamic exports). So it's known statically that the requested export doesn't exist.

Import traces:
  Client Component Browser:
    ./components/motion/interactions.ts [Client Component Browser]
    ./components/motion/anime-scope.tsx [Client Component Browser]
    ./components/motion/anime-scope.tsx [Server Component]
    ./app/[locale]/page.tsx [Server Component]

  Client Component SSR:
    ./components/motion/interactions.ts [Client Component SSR]
    ./components/motion/anime-scope.tsx [Client Component SSR]
    ./components/motion/anime-scope.tsx [Server Component]
    ./app/[locale]/page.tsx [Server Component] @ http://localhost:3000/_next/static/chunks/node_modules_next_dist_0u_w_5s._.js:1945
[   94514ms] [ERROR] ./components/motion/interactions.ts:3:1
Export setStyle doesn't exist in target module
  1 | import { animate } from "motion"
  2 | import { DUR, EASE } from "./tokens"
> 3 | import { setStyle, clearStyle } from "./dom"
    | ^^^^^^^^^^^^^^^^^^^^^^^^^^^^^^^^^^^^^^^^^^^^
  4 |
  5 | /**
  6 |  * Interactive behaviours — the layer that responds to input rather than to scroll.

The export setStyle was not found in module [project]/components/motion/dom.ts [app-client] (ecmascript).
Did you mean to import setStyles?
All exports of the module are statically known (It doesn't have dynamic exports). So it's known statically that the requested export doesn't exist.

Import traces:
  Client Component Browser:
    ./components/motion/interactions.ts [Client Component Browser]
    ./components/motion/anime-scope.tsx [Client Component Browser]
    ./components/motion/anime-scope.tsx [Server Component]
    ./app/[locale]/page.tsx [Server Component]

  Client Component SSR:
    ./components/motion/interactions.ts [Client Component SSR]
    ./components/motion/anime-scope.tsx [Client Component SSR]
    ./components/motion/anime-scope.tsx [Server Component]
    ./app/[locale]/page.tsx [Server Component] @ http://localhost:3000/_next/static/chunks/node_modules_next_dist_0u_w_5s._.js:1945
[   94514ms] [ERROR] ./components/motion/interactions.ts:3:1
Export setStyle doesn't exist in target module
  1 | import { animate } from "motion"
  2 | import { DUR, EASE } from "./tokens"
> 3 | import { setStyle, clearStyle } from "./dom"
    | ^^^^^^^^^^^^^^^^^^^^^^^^^^^^^^^^^^^^^^^^^^^^
  4 |
  5 | /**
  6 |  * Interactive behaviours — the layer that responds to input rather than to scroll.

The export setStyle was not found in module [project]/components/motion/dom.ts [app-ssr] (ecmascript).
Did you mean to import setStyles?
All exports of the module are statically known (It doesn't have dynamic exports). So it's known statically that the requested export doesn't exist.

Import traces:
  Client Component Browser:
    ./components/motion/interactions.ts [Client Component Browser]
    ./components/motion/anime-scope.tsx [Client Component Browser]
    ./components/motion/anime-scope.tsx [Server Component]
    ./app/[locale]/page.tsx [Server Component]

  Client Component SSR:
    ./components/motion/interactions.ts [Client Component SSR]
    ./components/motion/anime-scope.tsx [Client Component SSR]
    ./components/motion/anime-scope.tsx [Server Component]
    ./app/[locale]/page.tsx [Server Component] @ http://localhost:3000/_next/static/chunks/node_modules_next_dist_0u_w_5s._.js:1945
[   94576ms] [ERROR] ./components/motion/interactions.ts:3:1
Export setStyle doesn't exist in target module
  1 | import { animate } from "motion"
  2 | import { DUR, EASE } from "./tokens"
> 3 | import { setStyle, clearStyle } from "./dom"
    | ^^^^^^^^^^^^^^^^^^^^^^^^^^^^^^^^^^^^^^^^^^^^
  4 |
  5 | /**
  6 |  * Interactive behaviours — the layer that responds to input rather than to scroll.

The export setStyle was not found in module [project]/components/motion/dom.ts [app-client] (ecmascript).
Did you mean to import setStyles?
All exports of the module are statically known (It doesn't have dynamic exports). So it's known statically that the requested export doesn't exist.

Import traces:
  Client Component Browser:
    ./components/motion/interactions.ts [Client Component Browser]
    ./components/motion/anime-scope.tsx [Client Component Browser]
    ./components/motion/anime-scope.tsx [Server Component]
    ./app/[locale]/page.tsx [Server Component]

  Client Component SSR:
    ./components/motion/interactions.ts [Client Component SSR]
    ./components/motion/anime-scope.tsx [Client Component SSR]
    ./components/motion/anime-scope.tsx [Server Component]
    ./app/[locale]/page.tsx [Server Component] @ http://localhost:3000/_next/static/chunks/node_modules_next_dist_0u_w_5s._.js:1945
[   94576ms] [ERROR] ./components/motion/interactions.ts:3:1
Export setStyle doesn't exist in target module
  1 | import { animate } from "motion"
  2 | import { DUR, EASE } from "./tokens"
> 3 | import { setStyle, clearStyle } from "./dom"
    | ^^^^^^^^^^^^^^^^^^^^^^^^^^^^^^^^^^^^^^^^^^^^
  4 |
  5 | /**
  6 |  * Interactive behaviours — the layer that responds to input rather than to scroll.

The export setStyle was not found in module [project]/components/motion/dom.ts [app-ssr] (ecmascript).
Did you mean to import setStyles?
All exports of the module are statically known (It doesn't have dynamic exports). So it's known statically that the requested export doesn't exist.

Import traces:
  Client Component Browser:
    ./components/motion/interactions.ts [Client Component Browser]
    ./components/motion/anime-scope.tsx [Client Component Browser]
    ./components/motion/anime-scope.tsx [Server Component]
    ./app/[locale]/page.tsx [Server Component]

  Client Component SSR:
    ./components/motion/interactions.ts [Client Component SSR]
    ./components/motion/anime-scope.tsx [Client Component SSR]
    ./components/motion/anime-scope.tsx [Server Component]
    ./app/[locale]/page.tsx [Server Component] @ http://localhost:3000/_next/static/chunks/node_modules_next_dist_0u_w_5s._.js:1945
[   94637ms] [ERROR] ./components/motion/interactions.ts:3:1
Export setStyle doesn't exist in target module
  1 | import { animate } from "motion"
  2 | import { DUR, EASE } from "./tokens"
> 3 | import { setStyle, clearStyle } from "./dom"
    | ^^^^^^^^^^^^^^^^^^^^^^^^^^^^^^^^^^^^^^^^^^^^
  4 |
  5 | /**
  6 |  * Interactive behaviours — the layer that responds to input rather than to scroll.

The export setStyle was not found in module [project]/components/motion/dom.ts [app-client] (ecmascript).
Did you mean to import setStyles?
All exports of the module are statically known (It doesn't have dynamic exports). So it's known statically that the requested export doesn't exist.

Import traces:
  Client Component Browser:
    ./components/motion/interactions.ts [Client Component Browser]
    ./components/motion/anime-scope.tsx [Client Component Browser]
    ./components/motion/anime-scope.tsx [Server Component]
    ./app/[locale]/page.tsx [Server Component]

  Client Component SSR:
    ./components/motion/interactions.ts [Client Component SSR]
    ./components/motion/anime-scope.tsx [Client Component SSR]
    ./components/motion/anime-scope.tsx [Server Component]
    ./app/[locale]/page.tsx [Server Component] @ http://localhost:3000/_next/static/chunks/node_modules_next_dist_0u_w_5s._.js:1945
[   94637ms] [ERROR] ./components/motion/interactions.ts:3:1
Export setStyle doesn't exist in target module
  1 | import { animate } from "motion"
  2 | import { DUR, EASE } from "./tokens"
> 3 | import { setStyle, clearStyle } from "./dom"
    | ^^^^^^^^^^^^^^^^^^^^^^^^^^^^^^^^^^^^^^^^^^^^
  4 |
  5 | /**
  6 |  * Interactive behaviours — the layer that responds to input rather than to scroll.

The export setStyle was not found in module [project]/components/motion/dom.ts [app-ssr] (ecmascript).
Did you mean to import setStyles?
All exports of the module are statically known (It doesn't have dynamic exports). So it's known statically that the requested export doesn't exist.

Import traces:
  Client Component Browser:
    ./components/motion/interactions.ts [Client Component Browser]
    ./components/motion/anime-scope.tsx [Client Component Browser]
    ./components/motion/anime-scope.tsx [Server Component]
    ./app/[locale]/page.tsx [Server Component]

  Client Component SSR:
    ./components/motion/interactions.ts [Client Component SSR]
    ./components/motion/anime-scope.tsx [Client Component SSR]
    ./components/motion/anime-scope.tsx [Server Component]
    ./app/[locale]/page.tsx [Server Component] @ http://localhost:3000/_next/static/chunks/node_modules_next_dist_0u_w_5s._.js:1945
[   94698ms] [ERROR] ./components/motion/interactions.ts:3:1
Export setStyle doesn't exist in target module
  1 | import { animate } from "motion"
  2 | import { DUR, EASE } from "./tokens"
> 3 | import { setStyle, clearStyle } from "./dom"
    | ^^^^^^^^^^^^^^^^^^^^^^^^^^^^^^^^^^^^^^^^^^^^
  4 |
  5 | /**
  6 |  * Interactive behaviours — the layer that responds to input rather than to scroll.

The export setStyle was not found in module [project]/components/motion/dom.ts [app-client] (ecmascript).
Did you mean to import setStyles?
All exports of the module are statically known (It doesn't have dynamic exports). So it's known statically that the requested export doesn't exist.

Import traces:
  Client Component Browser:
    ./components/motion/interactions.ts [Client Component Browser]
    ./components/motion/anime-scope.tsx [Client Component Browser]
    ./components/motion/anime-scope.tsx [Server Component]
    ./app/[locale]/page.tsx [Server Component]

  Client Component SSR:
    ./components/motion/interactions.ts [Client Component SSR]
    ./components/motion/anime-scope.tsx [Client Component SSR]
    ./components/motion/anime-scope.tsx [Server Component]
    ./app/[locale]/page.tsx [Server Component] @ http://localhost:3000/_next/static/chunks/node_modules_next_dist_0u_w_5s._.js:1945
[   94699ms] [ERROR] ./components/motion/interactions.ts:3:1
Export setStyle doesn't exist in target module
  1 | import { animate } from "motion"
  2 | import { DUR, EASE } from "./tokens"
> 3 | import { setStyle, clearStyle } from "./dom"
    | ^^^^^^^^^^^^^^^^^^^^^^^^^^^^^^^^^^^^^^^^^^^^
  4 |
  5 | /**
  6 |  * Interactive behaviours — the layer that responds to input rather than to scroll.

The export setStyle was not found in module [project]/components/motion/dom.ts [app-ssr] (ecmascript).
Did you mean to import setStyles?
All exports of the module are statically known (It doesn't have dynamic exports). So it's known statically that the requested export doesn't exist.

Import traces:
  Client Component Browser:
    ./components/motion/interactions.ts [Client Component Browser]
    ./components/motion/anime-scope.tsx [Client Component Browser]
    ./components/motion/anime-scope.tsx [Server Component]
    ./app/[locale]/page.tsx [Server Component]

  Client Component SSR:
    ./components/motion/interactions.ts [Client Component SSR]
    ./components/motion/anime-scope.tsx [Client Component SSR]
    ./components/motion/anime-scope.tsx [Server Component]
    ./app/[locale]/page.tsx [Server Component] @ http://localhost:3000/_next/static/chunks/node_modules_next_dist_0u_w_5s._.js:1945
[   94760ms] [ERROR] ./components/motion/interactions.ts:3:1
Export setStyle doesn't exist in target module
  1 | import { animate } from "motion"
  2 | import { DUR, EASE } from "./tokens"
> 3 | import { setStyle, clearStyle } from "./dom"
    | ^^^^^^^^^^^^^^^^^^^^^^^^^^^^^^^^^^^^^^^^^^^^
  4 |
  5 | /**
  6 |  * Interactive behaviours — the layer that responds to input rather than to scroll.

The export setStyle was not found in module [project]/components/motion/dom.ts [app-client] (ecmascript).
Did you mean to import setStyles?
All exports of the module are statically known (It doesn't have dynamic exports). So it's known statically that the requested export doesn't exist.

Import traces:
  Client Component Browser:
    ./components/motion/interactions.ts [Client Component Browser]
    ./components/motion/anime-scope.tsx [Client Component Browser]
    ./components/motion/anime-scope.tsx [Server Component]
    ./app/[locale]/page.tsx [Server Component]

  Client Component SSR:
    ./components/motion/interactions.ts [Client Component SSR]
    ./components/motion/anime-scope.tsx [Client Component SSR]
    ./components/motion/anime-scope.tsx [Server Component]
    ./app/[locale]/page.tsx [Server Component] @ http://localhost:3000/_next/static/chunks/node_modules_next_dist_0u_w_5s._.js:1945
[   94760ms] [ERROR] ./components/motion/interactions.ts:3:1
Export setStyle doesn't exist in target module
  1 | import { animate } from "motion"
  2 | import { DUR, EASE } from "./tokens"
> 3 | import { setStyle, clearStyle } from "./dom"
    | ^^^^^^^^^^^^^^^^^^^^^^^^^^^^^^^^^^^^^^^^^^^^
  4 |
  5 | /**
  6 |  * Interactive behaviours — the layer that responds to input rather than to scroll.

The export setStyle was not found in module [project]/components/motion/dom.ts [app-ssr] (ecmascript).
Did you mean to import setStyles?
All exports of the module are statically known (It doesn't have dynamic exports). So it's known statically that the requested export doesn't exist.

Import traces:
  Client Component Browser:
    ./components/motion/interactions.ts [Client Component Browser]
    ./components/motion/anime-scope.tsx [Client Component Browser]
    ./components/motion/anime-scope.tsx [Server Component]
    ./app/[locale]/page.tsx [Server Component]

  Client Component SSR:
    ./components/motion/interactions.ts [Client Component SSR]
    ./components/motion/anime-scope.tsx [Client Component SSR]
    ./components/motion/anime-scope.tsx [Server Component]
    ./app/[locale]/page.tsx [Server Component] @ http://localhost:3000/_next/static/chunks/node_modules_next_dist_0u_w_5s._.js:1945
[   94820ms] [ERROR] ./components/motion/interactions.ts:3:1
Export setStyle doesn't exist in target module
  1 | import { animate } from "motion"
  2 | import { DUR, EASE } from "./tokens"
> 3 | import { setStyle, clearStyle } from "./dom"
    | ^^^^^^^^^^^^^^^^^^^^^^^^^^^^^^^^^^^^^^^^^^^^
  4 |
  5 | /**
  6 |  * Interactive behaviours — the layer that responds to input rather than to scroll.

The export setStyle was not found in module [project]/components/motion/dom.ts [app-client] (ecmascript).
Did you mean to import setStyles?
All exports of the module are statically known (It doesn't have dynamic exports). So it's known statically that the requested export doesn't exist.

Import traces:
  Client Component Browser:
    ./components/motion/interactions.ts [Client Component Browser]
    ./components/motion/anime-scope.tsx [Client Component Browser]
    ./components/motion/anime-scope.tsx [Server Component]
    ./app/[locale]/page.tsx [Server Component]

  Client Component SSR:
    ./components/motion/interactions.ts [Client Component SSR]
    ./components/motion/anime-scope.tsx [Client Component SSR]
    ./components/motion/anime-scope.tsx [Server Component]
    ./app/[locale]/page.tsx [Server Component] @ http://localhost:3000/_next/static/chunks/node_modules_next_dist_0u_w_5s._.js:1945
[   94820ms] [ERROR] ./components/motion/interactions.ts:3:1
Export setStyle doesn't exist in target module
  1 | import { animate } from "motion"
  2 | import { DUR, EASE } from "./tokens"
> 3 | import { setStyle, clearStyle } from "./dom"
    | ^^^^^^^^^^^^^^^^^^^^^^^^^^^^^^^^^^^^^^^^^^^^
  4 |
  5 | /**
  6 |  * Interactive behaviours — the layer that responds to input rather than to scroll.

The export setStyle was not found in module [project]/components/motion/dom.ts [app-ssr] (ecmascript).
Did you mean to import setStyles?
All exports of the module are statically known (It doesn't have dynamic exports). So it's known statically that the requested export doesn't exist.

Import traces:
  Client Component Browser:
    ./components/motion/interactions.ts [Client Component Browser]
    ./components/motion/anime-scope.tsx [Client Component Browser]
    ./components/motion/anime-scope.tsx [Server Component]
    ./app/[locale]/page.tsx [Server Component]

  Client Component SSR:
    ./components/motion/interactions.ts [Client Component SSR]
    ./components/motion/anime-scope.tsx [Client Component SSR]
    ./components/motion/anime-scope.tsx [Server Component]
    ./app/[locale]/page.tsx [Server Component] @ http://localhost:3000/_next/static/chunks/node_modules_next_dist_0u_w_5s._.js:1945
[   94881ms] [ERROR] ./components/motion/interactions.ts:3:1
Export setStyle doesn't exist in target module
  1 | import { animate } from "motion"
  2 | import { DUR, EASE } from "./tokens"
> 3 | import { setStyle, clearStyle } from "./dom"
    | ^^^^^^^^^^^^^^^^^^^^^^^^^^^^^^^^^^^^^^^^^^^^
  4 |
  5 | /**
  6 |  * Interactive behaviours — the layer that responds to input rather than to scroll.

The export setStyle was not found in module [project]/components/motion/dom.ts [app-client] (ecmascript).
Did you mean to import setStyles?
All exports of the module are statically known (It doesn't have dynamic exports). So it's known statically that the requested export doesn't exist.

Import traces:
  Client Component Browser:
    ./components/motion/interactions.ts [Client Component Browser]
    ./components/motion/anime-scope.tsx [Client Component Browser]
    ./components/motion/anime-scope.tsx [Server Component]
    ./app/[locale]/page.tsx [Server Component]

  Client Component SSR:
    ./components/motion/interactions.ts [Client Component SSR]
    ./components/motion/anime-scope.tsx [Client Component SSR]
    ./components/motion/anime-scope.tsx [Server Component]
    ./app/[locale]/page.tsx [Server Component] @ http://localhost:3000/_next/static/chunks/node_modules_next_dist_0u_w_5s._.js:1945
[   94882ms] [ERROR] ./components/motion/interactions.ts:3:1
Export setStyle doesn't exist in target module
  1 | import { animate } from "motion"
  2 | import { DUR, EASE } from "./tokens"
> 3 | import { setStyle, clearStyle } from "./dom"
    | ^^^^^^^^^^^^^^^^^^^^^^^^^^^^^^^^^^^^^^^^^^^^
  4 |
  5 | /**
  6 |  * Interactive behaviours — the layer that responds to input rather than to scroll.

The export setStyle was not found in module [project]/components/motion/dom.ts [app-ssr] (ecmascript).
Did you mean to import setStyles?
All exports of the module are statically known (It doesn't have dynamic exports). So it's known statically that the requested export doesn't exist.

Import traces:
  Client Component Browser:
    ./components/motion/interactions.ts [Client Component Browser]
    ./components/motion/anime-scope.tsx [Client Component Browser]
    ./components/motion/anime-scope.tsx [Server Component]
    ./app/[locale]/page.tsx [Server Component]

  Client Component SSR:
    ./components/motion/interactions.ts [Client Component SSR]
    ./components/motion/anime-scope.tsx [Client Component SSR]
    ./components/motion/anime-scope.tsx [Server Component]
    ./app/[locale]/page.tsx [Server Component] @ http://localhost:3000/_next/static/chunks/node_modules_next_dist_0u_w_5s._.js:1945
[   94944ms] [ERROR] ./components/motion/interactions.ts:3:1
Export setStyle doesn't exist in target module
  1 | import { animate } from "motion"
  2 | import { DUR, EASE } from "./tokens"
> 3 | import { setStyle, clearStyle } from "./dom"
    | ^^^^^^^^^^^^^^^^^^^^^^^^^^^^^^^^^^^^^^^^^^^^
  4 |
  5 | /**
  6 |  * Interactive behaviours — the layer that responds to input rather than to scroll.

The export setStyle was not found in module [project]/components/motion/dom.ts [app-client] (ecmascript).
Did you mean to import setStyles?
All exports of the module are statically known (It doesn't have dynamic exports). So it's known statically that the requested export doesn't exist.

Import traces:
  Client Component Browser:
    ./components/motion/interactions.ts [Client Component Browser]
    ./components/motion/anime-scope.tsx [Client Component Browser]
    ./components/motion/anime-scope.tsx [Server Component]
    ./app/[locale]/page.tsx [Server Component]

  Client Component SSR:
    ./components/motion/interactions.ts [Client Component SSR]
    ./components/motion/anime-scope.tsx [Client Component SSR]
    ./components/motion/anime-scope.tsx [Server Component]
    ./app/[locale]/page.tsx [Server Component] @ http://localhost:3000/_next/static/chunks/node_modules_next_dist_0u_w_5s._.js:1945
[   94944ms] [ERROR] ./components/motion/interactions.ts:3:1
Export setStyle doesn't exist in target module
  1 | import { animate } from "motion"
  2 | import { DUR, EASE } from "./tokens"
> 3 | import { setStyle, clearStyle } from "./dom"
    | ^^^^^^^^^^^^^^^^^^^^^^^^^^^^^^^^^^^^^^^^^^^^
  4 |
  5 | /**
  6 |  * Interactive behaviours — the layer that responds to input rather than to scroll.

The export setStyle was not found in module [project]/components/motion/dom.ts [app-ssr] (ecmascript).
Did you mean to import setStyles?
All exports of the module are statically known (It doesn't have dynamic exports). So it's known statically that the requested export doesn't exist.

Import traces:
  Client Component Browser:
    ./components/motion/interactions.ts [Client Component Browser]
    ./components/motion/anime-scope.tsx [Client Component Browser]
    ./components/motion/anime-scope.tsx [Server Component]
    ./app/[locale]/page.tsx [Server Component]

  Client Component SSR:
    ./components/motion/interactions.ts [Client Component SSR]
    ./components/motion/anime-scope.tsx [Client Component SSR]
    ./components/motion/anime-scope.tsx [Server Component]
    ./app/[locale]/page.tsx [Server Component] @ http://localhost:3000/_next/static/chunks/node_modules_next_dist_0u_w_5s._.js:1945
[   95005ms] [ERROR] ./components/motion/interactions.ts:3:1
Export setStyle doesn't exist in target module
  1 | import { animate } from "motion"
  2 | import { DUR, EASE } from "./tokens"
> 3 | import { setStyle, clearStyle } from "./dom"
    | ^^^^^^^^^^^^^^^^^^^^^^^^^^^^^^^^^^^^^^^^^^^^
  4 |
  5 | /**
  6 |  * Interactive behaviours — the layer that responds to input rather than to scroll.

The export setStyle was not found in module [project]/components/motion/dom.ts [app-client] (ecmascript).
Did you mean to import setStyles?
All exports of the module are statically known (It doesn't have dynamic exports). So it's known statically that the requested export doesn't exist.

Import traces:
  Client Component Browser:
    ./components/motion/interactions.ts [Client Component Browser]
    ./components/motion/anime-scope.tsx [Client Component Browser]
    ./components/motion/anime-scope.tsx [Server Component]
    ./app/[locale]/page.tsx [Server Component]

  Client Component SSR:
    ./components/motion/interactions.ts [Client Component SSR]
    ./components/motion/anime-scope.tsx [Client Component SSR]
    ./components/motion/anime-scope.tsx [Server Component]
    ./app/[locale]/page.tsx [Server Component] @ http://localhost:3000/_next/static/chunks/node_modules_next_dist_0u_w_5s._.js:1945
[   95005ms] [ERROR] ./components/motion/interactions.ts:3:1
Export setStyle doesn't exist in target module
  1 | import { animate } from "motion"
  2 | import { DUR, EASE } from "./tokens"
> 3 | import { setStyle, clearStyle } from "./dom"
    | ^^^^^^^^^^^^^^^^^^^^^^^^^^^^^^^^^^^^^^^^^^^^
  4 |
  5 | /**
  6 |  * Interactive behaviours — the layer that responds to input rather than to scroll.

The export setStyle was not found in module [project]/components/motion/dom.ts [app-ssr] (ecmascript).
Did you mean to import setStyles?
All exports of the module are statically known (It doesn't have dynamic exports). So it's known statically that the requested export doesn't exist.

Import traces:
  Client Component Browser:
    ./components/motion/interactions.ts [Client Component Browser]
    ./components/motion/anime-scope.tsx [Client Component Browser]
    ./components/motion/anime-scope.tsx [Server Component]
    ./app/[locale]/page.tsx [Server Component]

  Client Component SSR:
    ./components/motion/interactions.ts [Client Component SSR]
    ./components/motion/anime-scope.tsx [Client Component SSR]
    ./components/motion/anime-scope.tsx [Server Component]
    ./app/[locale]/page.tsx [Server Component] @ http://localhost:3000/_next/static/chunks/node_modules_next_dist_0u_w_5s._.js:1945
[   95066ms] [ERROR] ./components/motion/interactions.ts:3:1
Export setStyle doesn't exist in target module
  1 | import { animate } from "motion"
  2 | import { DUR, EASE } from "./tokens"
> 3 | import { setStyle, clearStyle } from "./dom"
    | ^^^^^^^^^^^^^^^^^^^^^^^^^^^^^^^^^^^^^^^^^^^^
  4 |
  5 | /**
  6 |  * Interactive behaviours — the layer that responds to input rather than to scroll.

The export setStyle was not found in module [project]/components/motion/dom.ts [app-client] (ecmascript).
Did you mean to import setStyles?
All exports of the module are statically known (It doesn't have dynamic exports). So it's known statically that the requested export doesn't exist.

Import traces:
  Client Component Browser:
    ./components/motion/interactions.ts [Client Component Browser]
    ./components/motion/anime-scope.tsx [Client Component Browser]
    ./components/motion/anime-scope.tsx [Server Component]
    ./app/[locale]/page.tsx [Server Component]

  Client Component SSR:
    ./components/motion/interactions.ts [Client Component SSR]
    ./components/motion/anime-scope.tsx [Client Component SSR]
    ./components/motion/anime-scope.tsx [Server Component]
    ./app/[locale]/page.tsx [Server Component] @ http://localhost:3000/_next/static/chunks/node_modules_next_dist_0u_w_5s._.js:1945
[   95066ms] [ERROR] ./components/motion/interactions.ts:3:1
Export setStyle doesn't exist in target module
  1 | import { animate } from "motion"
  2 | import { DUR, EASE } from "./tokens"
> 3 | import { setStyle, clearStyle } from "./dom"
    | ^^^^^^^^^^^^^^^^^^^^^^^^^^^^^^^^^^^^^^^^^^^^
  4 |
  5 | /**
  6 |  * Interactive behaviours — the layer that responds to input rather than to scroll.

The export setStyle was not found in module [project]/components/motion/dom.ts [app-ssr] (ecmascript).
Did you mean to import setStyles?
All exports of the module are statically known (It doesn't have dynamic exports). So it's known statically that the requested export doesn't exist.

Import traces:
  Client Component Browser:
    ./components/motion/interactions.ts [Client Component Browser]
    ./components/motion/anime-scope.tsx [Client Component Browser]
    ./components/motion/anime-scope.tsx [Server Component]
    ./app/[locale]/page.tsx [Server Component]

  Client Component SSR:
    ./components/motion/interactions.ts [Client Component SSR]
    ./components/motion/anime-scope.tsx [Client Component SSR]
    ./components/motion/anime-scope.tsx [Server Component]
    ./app/[locale]/page.tsx [Server Component] @ http://localhost:3000/_next/static/chunks/node_modules_next_dist_0u_w_5s._.js:1945
[   95127ms] [ERROR] ./components/motion/interactions.ts:3:1
Export setStyle doesn't exist in target module
  1 | import { animate } from "motion"
  2 | import { DUR, EASE } from "./tokens"
> 3 | import { setStyle, clearStyle } from "./dom"
    | ^^^^^^^^^^^^^^^^^^^^^^^^^^^^^^^^^^^^^^^^^^^^
  4 |
  5 | /**
  6 |  * Interactive behaviours — the layer that responds to input rather than to scroll.

The export setStyle was not found in module [project]/components/motion/dom.ts [app-client] (ecmascript).
Did you mean to import setStyles?
All exports of the module are statically known (It doesn't have dynamic exports). So it's known statically that the requested export doesn't exist.

Import traces:
  Client Component Browser:
    ./components/motion/interactions.ts [Client Component Browser]
    ./components/motion/anime-scope.tsx [Client Component Browser]
    ./components/motion/anime-scope.tsx [Server Component]
    ./app/[locale]/page.tsx [Server Component]

  Client Component SSR:
    ./components/motion/interactions.ts [Client Component SSR]
    ./components/motion/anime-scope.tsx [Client Component SSR]
    ./components/motion/anime-scope.tsx [Server Component]
    ./app/[locale]/page.tsx [Server Component] @ http://localhost:3000/_next/static/chunks/node_modules_next_dist_0u_w_5s._.js:1945
[   95127ms] [ERROR] ./components/motion/interactions.ts:3:1
Export setStyle doesn't exist in target module
  1 | import { animate } from "motion"
  2 | import { DUR, EASE } from "./tokens"
> 3 | import { setStyle, clearStyle } from "./dom"
    | ^^^^^^^^^^^^^^^^^^^^^^^^^^^^^^^^^^^^^^^^^^^^
  4 |
  5 | /**
  6 |  * Interactive behaviours — the layer that responds to input rather than to scroll.

The export setStyle was not found in module [project]/components/motion/dom.ts [app-ssr] (ecmascript).
Did you mean to import setStyles?
All exports of the module are statically known (It doesn't have dynamic exports). So it's known statically that the requested export doesn't exist.

Import traces:
  Client Component Browser:
    ./components/motion/interactions.ts [Client Component Browser]
    ./components/motion/anime-scope.tsx [Client Component Browser]
    ./components/motion/anime-scope.tsx [Server Component]
    ./app/[locale]/page.tsx [Server Component]

  Client Component SSR:
    ./components/motion/interactions.ts [Client Component SSR]
    ./components/motion/anime-scope.tsx [Client Component SSR]
    ./components/motion/anime-scope.tsx [Server Component]
    ./app/[locale]/page.tsx [Server Component] @ http://localhost:3000/_next/static/chunks/node_modules_next_dist_0u_w_5s._.js:1945
[   95189ms] [ERROR] ./components/motion/interactions.ts:3:1
Export setStyle doesn't exist in target module
  1 | import { animate } from "motion"
  2 | import { DUR, EASE } from "./tokens"
> 3 | import { setStyle, clearStyle } from "./dom"
    | ^^^^^^^^^^^^^^^^^^^^^^^^^^^^^^^^^^^^^^^^^^^^
  4 |
  5 | /**
  6 |  * Interactive behaviours — the layer that responds to input rather than to scroll.

The export setStyle was not found in module [project]/components/motion/dom.ts [app-client] (ecmascript).
Did you mean to import setStyles?
All exports of the module are statically known (It doesn't have dynamic exports). So it's known statically that the requested export doesn't exist.

Import traces:
  Client Component Browser:
    ./components/motion/interactions.ts [Client Component Browser]
    ./components/motion/anime-scope.tsx [Client Component Browser]
    ./components/motion/anime-scope.tsx [Server Component]
    ./app/[locale]/page.tsx [Server Component]

  Client Component SSR:
    ./components/motion/interactions.ts [Client Component SSR]
    ./components/motion/anime-scope.tsx [Client Component SSR]
    ./components/motion/anime-scope.tsx [Server Component]
    ./app/[locale]/page.tsx [Server Component] @ http://localhost:3000/_next/static/chunks/node_modules_next_dist_0u_w_5s._.js:1945
[   95189ms] [ERROR] ./components/motion/interactions.ts:3:1
Export setStyle doesn't exist in target module
  1 | import { animate } from "motion"
  2 | import { DUR, EASE } from "./tokens"
> 3 | import { setStyle, clearStyle } from "./dom"
    | ^^^^^^^^^^^^^^^^^^^^^^^^^^^^^^^^^^^^^^^^^^^^
  4 |
  5 | /**
  6 |  * Interactive behaviours — the layer that responds to input rather than to scroll.

The export setStyle was not found in module [project]/components/motion/dom.ts [app-ssr] (ecmascript).
Did you mean to import setStyles?
All exports of the module are statically known (It doesn't have dynamic exports). So it's known statically that the requested export doesn't exist.

Import traces:
  Client Component Browser:
    ./components/motion/interactions.ts [Client Component Browser]
    ./components/motion/anime-scope.tsx [Client Component Browser]
    ./components/motion/anime-scope.tsx [Server Component]
    ./app/[locale]/page.tsx [Server Component]

  Client Component SSR:
    ./components/motion/interactions.ts [Client Component SSR]
    ./components/motion/anime-scope.tsx [Client Component SSR]
    ./components/motion/anime-scope.tsx [Server Component]
    ./app/[locale]/page.tsx [Server Component] @ http://localhost:3000/_next/static/chunks/node_modules_next_dist_0u_w_5s._.js:1945
[   95251ms] [ERROR] ./components/motion/interactions.ts:3:1
Export setStyle doesn't exist in target module
  1 | import { animate } from "motion"
  2 | import { DUR, EASE } from "./tokens"
> 3 | import { setStyle, clearStyle } from "./dom"
    | ^^^^^^^^^^^^^^^^^^^^^^^^^^^^^^^^^^^^^^^^^^^^
  4 |
  5 | /**
  6 |  * Interactive behaviours — the layer that responds to input rather than to scroll.

The export setStyle was not found in module [project]/components/motion/dom.ts [app-client] (ecmascript).
Did you mean to import setStyles?
All exports of the module are statically known (It doesn't have dynamic exports). So it's known statically that the requested export doesn't exist.

Import traces:
  Client Component Browser:
    ./components/motion/interactions.ts [Client Component Browser]
    ./components/motion/anime-scope.tsx [Client Component Browser]
    ./components/motion/anime-scope.tsx [Server Component]
    ./app/[locale]/page.tsx [Server Component]

  Client Component SSR:
    ./components/motion/interactions.ts [Client Component SSR]
    ./components/motion/anime-scope.tsx [Client Component SSR]
    ./components/motion/anime-scope.tsx [Server Component]
    ./app/[locale]/page.tsx [Server Component] @ http://localhost:3000/_next/static/chunks/node_modules_next_dist_0u_w_5s._.js:1945
[   95251ms] [ERROR] ./components/motion/interactions.ts:3:1
Export setStyle doesn't exist in target module
  1 | import { animate } from "motion"
  2 | import { DUR, EASE } from "./tokens"
> 3 | import { setStyle, clearStyle } from "./dom"
    | ^^^^^^^^^^^^^^^^^^^^^^^^^^^^^^^^^^^^^^^^^^^^
  4 |
  5 | /**
  6 |  * Interactive behaviours — the layer that responds to input rather than to scroll.

The export setStyle was not found in module [project]/components/motion/dom.ts [app-ssr] (ecmascript).
Did you mean to import setStyles?
All exports of the module are statically known (It doesn't have dynamic exports). So it's known statically that the requested export doesn't exist.

Import traces:
  Client Component Browser:
    ./components/motion/interactions.ts [Client Component Browser]
    ./components/motion/anime-scope.tsx [Client Component Browser]
    ./components/motion/anime-scope.tsx [Server Component]
    ./app/[locale]/page.tsx [Server Component]

  Client Component SSR:
    ./components/motion/interactions.ts [Client Component SSR]
    ./components/motion/anime-scope.tsx [Client Component SSR]
    ./components/motion/anime-scope.tsx [Server Component]
    ./app/[locale]/page.tsx [Server Component] @ http://localhost:3000/_next/static/chunks/node_modules_next_dist_0u_w_5s._.js:1945
[   95313ms] [ERROR] ./components/motion/interactions.ts:3:1
Export setStyle doesn't exist in target module
  1 | import { animate } from "motion"
  2 | import { DUR, EASE } from "./tokens"
> 3 | import { setStyle, clearStyle } from "./dom"
    | ^^^^^^^^^^^^^^^^^^^^^^^^^^^^^^^^^^^^^^^^^^^^
  4 |
  5 | /**
  6 |  * Interactive behaviours — the layer that responds to input rather than to scroll.

The export setStyle was not found in module [project]/components/motion/dom.ts [app-client] (ecmascript).
Did you mean to import setStyles?
All exports of the module are statically known (It doesn't have dynamic exports). So it's known statically that the requested export doesn't exist.

Import traces:
  Client Component Browser:
    ./components/motion/interactions.ts [Client Component Browser]
    ./components/motion/anime-scope.tsx [Client Component Browser]
    ./components/motion/anime-scope.tsx [Server Component]
    ./app/[locale]/page.tsx [Server Component]

  Client Component SSR:
    ./components/motion/interactions.ts [Client Component SSR]
    ./components/motion/anime-scope.tsx [Client Component SSR]
    ./components/motion/anime-scope.tsx [Server Component]
    ./app/[locale]/page.tsx [Server Component] @ http://localhost:3000/_next/static/chunks/node_modules_next_dist_0u_w_5s._.js:1945
[   95313ms] [ERROR] ./components/motion/interactions.ts:3:1
Export setStyle doesn't exist in target module
  1 | import { animate } from "motion"
  2 | import { DUR, EASE } from "./tokens"
> 3 | import { setStyle, clearStyle } from "./dom"
    | ^^^^^^^^^^^^^^^^^^^^^^^^^^^^^^^^^^^^^^^^^^^^
  4 |
  5 | /**
  6 |  * Interactive behaviours — the layer that responds to input rather than to scroll.

The export setStyle was not found in module [project]/components/motion/dom.ts [app-ssr] (ecmascript).
Did you mean to import setStyles?
All exports of the module are statically known (It doesn't have dynamic exports). So it's known statically that the requested export doesn't exist.

Import traces:
  Client Component Browser:
    ./components/motion/interactions.ts [Client Component Browser]
    ./components/motion/anime-scope.tsx [Client Component Browser]
    ./components/motion/anime-scope.tsx [Server Component]
    ./app/[locale]/page.tsx [Server Component]

  Client Component SSR:
    ./components/motion/interactions.ts [Client Component SSR]
    ./components/motion/anime-scope.tsx [Client Component SSR]
    ./components/motion/anime-scope.tsx [Server Component]
    ./app/[locale]/page.tsx [Server Component] @ http://localhost:3000/_next/static/chunks/node_modules_next_dist_0u_w_5s._.js:1945
[   95374ms] [ERROR] ./components/motion/interactions.ts:3:1
Export setStyle doesn't exist in target module
  1 | import { animate } from "motion"
  2 | import { DUR, EASE } from "./tokens"
> 3 | import { setStyle, clearStyle } from "./dom"
    | ^^^^^^^^^^^^^^^^^^^^^^^^^^^^^^^^^^^^^^^^^^^^
  4 |
  5 | /**
  6 |  * Interactive behaviours — the layer that responds to input rather than to scroll.

The export setStyle was not found in module [project]/components/motion/dom.ts [app-client] (ecmascript).
Did you mean to import setStyles?
All exports of the module are statically known (It doesn't have dynamic exports). So it's known statically that the requested export doesn't exist.

Import traces:
  Client Component Browser:
    ./components/motion/interactions.ts [Client Component Browser]
    ./components/motion/anime-scope.tsx [Client Component Browser]
    ./components/motion/anime-scope.tsx [Server Component]
    ./app/[locale]/page.tsx [Server Component]

  Client Component SSR:
    ./components/motion/interactions.ts [Client Component SSR]
    ./components/motion/anime-scope.tsx [Client Component SSR]
    ./components/motion/anime-scope.tsx [Server Component]
    ./app/[locale]/page.tsx [Server Component] @ http://localhost:3000/_next/static/chunks/node_modules_next_dist_0u_w_5s._.js:1945
[   95375ms] [ERROR] ./components/motion/interactions.ts:3:1
Export setStyle doesn't exist in target module
  1 | import { animate } from "motion"
  2 | import { DUR, EASE } from "./tokens"
> 3 | import { setStyle, clearStyle } from "./dom"
    | ^^^^^^^^^^^^^^^^^^^^^^^^^^^^^^^^^^^^^^^^^^^^
  4 |
  5 | /**
  6 |  * Interactive behaviours — the layer that responds to input rather than to scroll.

The export setStyle was not found in module [project]/components/motion/dom.ts [app-ssr] (ecmascript).
Did you mean to import setStyles?
All exports of the module are statically known (It doesn't have dynamic exports). So it's known statically that the requested export doesn't exist.

Import traces:
  Client Component Browser:
    ./components/motion/interactions.ts [Client Component Browser]
    ./components/motion/anime-scope.tsx [Client Component Browser]
    ./components/motion/anime-scope.tsx [Server Component]
    ./app/[locale]/page.tsx [Server Component]

  Client Component SSR:
    ./components/motion/interactions.ts [Client Component SSR]
    ./components/motion/anime-scope.tsx [Client Component SSR]
    ./components/motion/anime-scope.tsx [Server Component]
    ./app/[locale]/page.tsx [Server Component] @ http://localhost:3000/_next/static/chunks/node_modules_next_dist_0u_w_5s._.js:1945
[   95436ms] [ERROR] ./components/motion/interactions.ts:3:1
Export setStyle doesn't exist in target module
  1 | import { animate } from "motion"
  2 | import { DUR, EASE } from "./tokens"
> 3 | import { setStyle, clearStyle } from "./dom"
    | ^^^^^^^^^^^^^^^^^^^^^^^^^^^^^^^^^^^^^^^^^^^^
  4 |
  5 | /**
  6 |  * Interactive behaviours — the layer that responds to input rather than to scroll.

The export setStyle was not found in module [project]/components/motion/dom.ts [app-client] (ecmascript).
Did you mean to import setStyles?
All exports of the module are statically known (It doesn't have dynamic exports). So it's known statically that the requested export doesn't exist.

Import traces:
  Client Component Browser:
    ./components/motion/interactions.ts [Client Component Browser]
    ./components/motion/anime-scope.tsx [Client Component Browser]
    ./components/motion/anime-scope.tsx [Server Component]
    ./app/[locale]/page.tsx [Server Component]

  Client Component SSR:
    ./components/motion/interactions.ts [Client Component SSR]
    ./components/motion/anime-scope.tsx [Client Component SSR]
    ./components/motion/anime-scope.tsx [Server Component]
    ./app/[locale]/page.tsx [Server Component] @ http://localhost:3000/_next/static/chunks/node_modules_next_dist_0u_w_5s._.js:1945
[   95436ms] [ERROR] ./components/motion/interactions.ts:3:1
Export setStyle doesn't exist in target module
  1 | import { animate } from "motion"
  2 | import { DUR, EASE } from "./tokens"
> 3 | import { setStyle, clearStyle } from "./dom"
    | ^^^^^^^^^^^^^^^^^^^^^^^^^^^^^^^^^^^^^^^^^^^^
  4 |
  5 | /**
  6 |  * Interactive behaviours — the layer that responds to input rather than to scroll.

The export setStyle was not found in module [project]/components/motion/dom.ts [app-ssr] (ecmascript).
Did you mean to import setStyles?
All exports of the module are statically known (It doesn't have dynamic exports). So it's known statically that the requested export doesn't exist.

Import traces:
  Client Component Browser:
    ./components/motion/interactions.ts [Client Component Browser]
    ./components/motion/anime-scope.tsx [Client Component Browser]
    ./components/motion/anime-scope.tsx [Server Component]
    ./app/[locale]/page.tsx [Server Component]

  Client Component SSR:
    ./components/motion/interactions.ts [Client Component SSR]
    ./components/motion/anime-scope.tsx [Client Component SSR]
    ./components/motion/anime-scope.tsx [Server Component]
    ./app/[locale]/page.tsx [Server Component] @ http://localhost:3000/_next/static/chunks/node_modules_next_dist_0u_w_5s._.js:1945
[   95498ms] [ERROR] ./components/motion/interactions.ts:3:1
Export setStyle doesn't exist in target module
  1 | import { animate } from "motion"
  2 | import { DUR, EASE } from "./tokens"
> 3 | import { setStyle, clearStyle } from "./dom"
    | ^^^^^^^^^^^^^^^^^^^^^^^^^^^^^^^^^^^^^^^^^^^^
  4 |
  5 | /**
  6 |  * Interactive behaviours — the layer that responds to input rather than to scroll.

The export setStyle was not found in module [project]/components/motion/dom.ts [app-client] (ecmascript).
Did you mean to import setStyles?
All exports of the module are statically known (It doesn't have dynamic exports). So it's known statically that the requested export doesn't exist.

Import traces:
  Client Component Browser:
    ./components/motion/interactions.ts [Client Component Browser]
    ./components/motion/anime-scope.tsx [Client Component Browser]
    ./components/motion/anime-scope.tsx [Server Component]
    ./app/[locale]/page.tsx [Server Component]

  Client Component SSR:
    ./components/motion/interactions.ts [Client Component SSR]
    ./components/motion/anime-scope.tsx [Client Component SSR]
    ./components/motion/anime-scope.tsx [Server Component]
    ./app/[locale]/page.tsx [Server Component] @ http://localhost:3000/_next/static/chunks/node_modules_next_dist_0u_w_5s._.js:1945
[   95498ms] [ERROR] ./components/motion/interactions.ts:3:1
Export setStyle doesn't exist in target module
  1 | import { animate } from "motion"
  2 | import { DUR, EASE } from "./tokens"
> 3 | import { setStyle, clearStyle } from "./dom"
    | ^^^^^^^^^^^^^^^^^^^^^^^^^^^^^^^^^^^^^^^^^^^^
  4 |
  5 | /**
  6 |  * Interactive behaviours — the layer that responds to input rather than to scroll.

The export setStyle was not found in module [project]/components/motion/dom.ts [app-ssr] (ecmascript).
Did you mean to import setStyles?
All exports of the module are statically known (It doesn't have dynamic exports). So it's known statically that the requested export doesn't exist.

Import traces:
  Client Component Browser:
    ./components/motion/interactions.ts [Client Component Browser]
    ./components/motion/anime-scope.tsx [Client Component Browser]
    ./components/motion/anime-scope.tsx [Server Component]
    ./app/[locale]/page.tsx [Server Component]

  Client Component SSR:
    ./components/motion/interactions.ts [Client Component SSR]
    ./components/motion/anime-scope.tsx [Client Component SSR]
    ./components/motion/anime-scope.tsx [Server Component]
    ./app/[locale]/page.tsx [Server Component] @ http://localhost:3000/_next/static/chunks/node_modules_next_dist_0u_w_5s._.js:1945
[   95558ms] [ERROR] ./components/motion/interactions.ts:3:1
Export setStyle doesn't exist in target module
  1 | import { animate } from "motion"
  2 | import { DUR, EASE } from "./tokens"
> 3 | import { setStyle, clearStyle } from "./dom"
    | ^^^^^^^^^^^^^^^^^^^^^^^^^^^^^^^^^^^^^^^^^^^^
  4 |
  5 | /**
  6 |  * Interactive behaviours — the layer that responds to input rather than to scroll.

The export setStyle was not found in module [project]/components/motion/dom.ts [app-client] (ecmascript).
Did you mean to import setStyles?
All exports of the module are statically known (It doesn't have dynamic exports). So it's known statically that the requested export doesn't exist.

Import traces:
  Client Component Browser:
    ./components/motion/interactions.ts [Client Component Browser]
    ./components/motion/anime-scope.tsx [Client Component Browser]
    ./components/motion/anime-scope.tsx [Server Component]
    ./app/[locale]/page.tsx [Server Component]

  Client Component SSR:
    ./components/motion/interactions.ts [Client Component SSR]
    ./components/motion/anime-scope.tsx [Client Component SSR]
    ./components/motion/anime-scope.tsx [Server Component]
    ./app/[locale]/page.tsx [Server Component] @ http://localhost:3000/_next/static/chunks/node_modules_next_dist_0u_w_5s._.js:1945
[   95559ms] [ERROR] ./components/motion/interactions.ts:3:1
Export setStyle doesn't exist in target module
  1 | import { animate } from "motion"
  2 | import { DUR, EASE } from "./tokens"
> 3 | import { setStyle, clearStyle } from "./dom"
    | ^^^^^^^^^^^^^^^^^^^^^^^^^^^^^^^^^^^^^^^^^^^^
  4 |
  5 | /**
  6 |  * Interactive behaviours — the layer that responds to input rather than to scroll.

The export setStyle was not found in module [project]/components/motion/dom.ts [app-ssr] (ecmascript).
Did you mean to import setStyles?
All exports of the module are statically known (It doesn't have dynamic exports). So it's known statically that the requested export doesn't exist.

Import traces:
  Client Component Browser:
    ./components/motion/interactions.ts [Client Component Browser]
    ./components/motion/anime-scope.tsx [Client Component Browser]
    ./components/motion/anime-scope.tsx [Server Component]
    ./app/[locale]/page.tsx [Server Component]

  Client Component SSR:
    ./components/motion/interactions.ts [Client Component SSR]
    ./components/motion/anime-scope.tsx [Client Component SSR]
    ./components/motion/anime-scope.tsx [Server Component]
    ./app/[locale]/page.tsx [Server Component] @ http://localhost:3000/_next/static/chunks/node_modules_next_dist_0u_w_5s._.js:1945
[   95620ms] [ERROR] ./components/motion/interactions.ts:3:1
Export setStyle doesn't exist in target module
  1 | import { animate } from "motion"
  2 | import { DUR, EASE } from "./tokens"
> 3 | import { setStyle, clearStyle } from "./dom"
    | ^^^^^^^^^^^^^^^^^^^^^^^^^^^^^^^^^^^^^^^^^^^^
  4 |
  5 | /**
  6 |  * Interactive behaviours — the layer that responds to input rather than to scroll.

The export setStyle was not found in module [project]/components/motion/dom.ts [app-client] (ecmascript).
Did you mean to import setStyles?
All exports of the module are statically known (It doesn't have dynamic exports). So it's known statically that the requested export doesn't exist.

Import traces:
  Client Component Browser:
    ./components/motion/interactions.ts [Client Component Browser]
    ./components/motion/anime-scope.tsx [Client Component Browser]
    ./components/motion/anime-scope.tsx [Server Component]
    ./app/[locale]/page.tsx [Server Component]

  Client Component SSR:
    ./components/motion/interactions.ts [Client Component SSR]
    ./components/motion/anime-scope.tsx [Client Component SSR]
    ./components/motion/anime-scope.tsx [Server Component]
    ./app/[locale]/page.tsx [Server Component] @ http://localhost:3000/_next/static/chunks/node_modules_next_dist_0u_w_5s._.js:1945
[   95620ms] [ERROR] ./components/motion/interactions.ts:3:1
Export setStyle doesn't exist in target module
  1 | import { animate } from "motion"
  2 | import { DUR, EASE } from "./tokens"
> 3 | import { setStyle, clearStyle } from "./dom"
    | ^^^^^^^^^^^^^^^^^^^^^^^^^^^^^^^^^^^^^^^^^^^^
  4 |
  5 | /**
  6 |  * Interactive behaviours — the layer that responds to input rather than to scroll.

The export setStyle was not found in module [project]/components/motion/dom.ts [app-ssr] (ecmascript).
Did you mean to import setStyles?
All exports of the module are statically known (It doesn't have dynamic exports). So it's known statically that the requested export doesn't exist.

Import traces:
  Client Component Browser:
    ./components/motion/interactions.ts [Client Component Browser]
    ./components/motion/anime-scope.tsx [Client Component Browser]
    ./components/motion/anime-scope.tsx [Server Component]
    ./app/[locale]/page.tsx [Server Component]

  Client Component SSR:
    ./components/motion/interactions.ts [Client Component SSR]
    ./components/motion/anime-scope.tsx [Client Component SSR]
    ./components/motion/anime-scope.tsx [Server Component]
    ./app/[locale]/page.tsx [Server Component] @ http://localhost:3000/_next/static/chunks/node_modules_next_dist_0u_w_5s._.js:1945
[   95679ms] [ERROR] ./components/motion/interactions.ts:3:1
Export setStyle doesn't exist in target module
  1 | import { animate } from "motion"
  2 | import { DUR, EASE } from "./tokens"
> 3 | import { setStyle, clearStyle } from "./dom"
    | ^^^^^^^^^^^^^^^^^^^^^^^^^^^^^^^^^^^^^^^^^^^^
  4 |
  5 | /**
  6 |  * Interactive behaviours — the layer that responds to input rather than to scroll.

The export setStyle was not found in module [project]/components/motion/dom.ts [app-client] (ecmascript).
Did you mean to import setStyles?
All exports of the module are statically known (It doesn't have dynamic exports). So it's known statically that the requested export doesn't exist.

Import traces:
  Client Component Browser:
    ./components/motion/interactions.ts [Client Component Browser]
    ./components/motion/anime-scope.tsx [Client Component Browser]
    ./components/motion/anime-scope.tsx [Server Component]
    ./app/[locale]/page.tsx [Server Component]

  Client Component SSR:
    ./components/motion/interactions.ts [Client Component SSR]
    ./components/motion/anime-scope.tsx [Client Component SSR]
    ./components/motion/anime-scope.tsx [Server Component]
    ./app/[locale]/page.tsx [Server Component] @ http://localhost:3000/_next/static/chunks/node_modules_next_dist_0u_w_5s._.js:1945
[   95680ms] [ERROR] ./components/motion/interactions.ts:3:1
Export setStyle doesn't exist in target module
  1 | import { animate } from "motion"
  2 | import { DUR, EASE } from "./tokens"
> 3 | import { setStyle, clearStyle } from "./dom"
    | ^^^^^^^^^^^^^^^^^^^^^^^^^^^^^^^^^^^^^^^^^^^^
  4 |
  5 | /**
  6 |  * Interactive behaviours — the layer that responds to input rather than to scroll.

The export setStyle was not found in module [project]/components/motion/dom.ts [app-ssr] (ecmascript).
Did you mean to import setStyles?
All exports of the module are statically known (It doesn't have dynamic exports). So it's known statically that the requested export doesn't exist.

Import traces:
  Client Component Browser:
    ./components/motion/interactions.ts [Client Component Browser]
    ./components/motion/anime-scope.tsx [Client Component Browser]
    ./components/motion/anime-scope.tsx [Server Component]
    ./app/[locale]/page.tsx [Server Component]

  Client Component SSR:
    ./components/motion/interactions.ts [Client Component SSR]
    ./components/motion/anime-scope.tsx [Client Component SSR]
    ./components/motion/anime-scope.tsx [Server Component]
    ./app/[locale]/page.tsx [Server Component] @ http://localhost:3000/_next/static/chunks/node_modules_next_dist_0u_w_5s._.js:1945
[   95740ms] [ERROR] ./components/motion/interactions.ts:3:1
Export setStyle doesn't exist in target module
  1 | import { animate } from "motion"
  2 | import { DUR, EASE } from "./tokens"
> 3 | import { setStyle, clearStyle } from "./dom"
    | ^^^^^^^^^^^^^^^^^^^^^^^^^^^^^^^^^^^^^^^^^^^^
  4 |
  5 | /**
  6 |  * Interactive behaviours — the layer that responds to input rather than to scroll.

The export setStyle was not found in module [project]/components/motion/dom.ts [app-client] (ecmascript).
Did you mean to import setStyles?
All exports of the module are statically known (It doesn't have dynamic exports). So it's known statically that the requested export doesn't exist.

Import traces:
  Client Component Browser:
    ./components/motion/interactions.ts [Client Component Browser]
    ./components/motion/anime-scope.tsx [Client Component Browser]
    ./components/motion/anime-scope.tsx [Server Component]
    ./app/[locale]/page.tsx [Server Component]

  Client Component SSR:
    ./components/motion/interactions.ts [Client Component SSR]
    ./components/motion/anime-scope.tsx [Client Component SSR]
    ./components/motion/anime-scope.tsx [Server Component]
    ./app/[locale]/page.tsx [Server Component] @ http://localhost:3000/_next/static/chunks/node_modules_next_dist_0u_w_5s._.js:1945
[   95740ms] [ERROR] ./components/motion/interactions.ts:3:1
Export setStyle doesn't exist in target module
  1 | import { animate } from "motion"
  2 | import { DUR, EASE } from "./tokens"
> 3 | import { setStyle, clearStyle } from "./dom"
    | ^^^^^^^^^^^^^^^^^^^^^^^^^^^^^^^^^^^^^^^^^^^^
  4 |
  5 | /**
  6 |  * Interactive behaviours — the layer that responds to input rather than to scroll.

The export setStyle was not found in module [project]/components/motion/dom.ts [app-ssr] (ecmascript).
Did you mean to import setStyles?
All exports of the module are statically known (It doesn't have dynamic exports). So it's known statically that the requested export doesn't exist.

Import traces:
  Client Component Browser:
    ./components/motion/interactions.ts [Client Component Browser]
    ./components/motion/anime-scope.tsx [Client Component Browser]
    ./components/motion/anime-scope.tsx [Server Component]
    ./app/[locale]/page.tsx [Server Component]

  Client Component SSR:
    ./components/motion/interactions.ts [Client Component SSR]
    ./components/motion/anime-scope.tsx [Client Component SSR]
    ./components/motion/anime-scope.tsx [Server Component]
    ./app/[locale]/page.tsx [Server Component] @ http://localhost:3000/_next/static/chunks/node_modules_next_dist_0u_w_5s._.js:1945
[   95800ms] [ERROR] ./components/motion/interactions.ts:3:1
Export setStyle doesn't exist in target module
  1 | import { animate } from "motion"
  2 | import { DUR, EASE } from "./tokens"
> 3 | import { setStyle, clearStyle } from "./dom"
    | ^^^^^^^^^^^^^^^^^^^^^^^^^^^^^^^^^^^^^^^^^^^^
  4 |
  5 | /**
  6 |  * Interactive behaviours — the layer that responds to input rather than to scroll.

The export setStyle was not found in module [project]/components/motion/dom.ts [app-client] (ecmascript).
Did you mean to import setStyles?
All exports of the module are statically known (It doesn't have dynamic exports). So it's known statically that the requested export doesn't exist.

Import traces:
  Client Component Browser:
    ./components/motion/interactions.ts [Client Component Browser]
    ./components/motion/anime-scope.tsx [Client Component Browser]
    ./components/motion/anime-scope.tsx [Server Component]
    ./app/[locale]/page.tsx [Server Component]

  Client Component SSR:
    ./components/motion/interactions.ts [Client Component SSR]
    ./components/motion/anime-scope.tsx [Client Component SSR]
    ./components/motion/anime-scope.tsx [Server Component]
    ./app/[locale]/page.tsx [Server Component] @ http://localhost:3000/_next/static/chunks/node_modules_next_dist_0u_w_5s._.js:1945
[   95801ms] [ERROR] ./components/motion/interactions.ts:3:1
Export setStyle doesn't exist in target module
  1 | import { animate } from "motion"
  2 | import { DUR, EASE } from "./tokens"
> 3 | import { setStyle, clearStyle } from "./dom"
    | ^^^^^^^^^^^^^^^^^^^^^^^^^^^^^^^^^^^^^^^^^^^^
  4 |
  5 | /**
  6 |  * Interactive behaviours — the layer that responds to input rather than to scroll.

The export setStyle was not found in module [project]/components/motion/dom.ts [app-ssr] (ecmascript).
Did you mean to import setStyles?
All exports of the module are statically known (It doesn't have dynamic exports). So it's known statically that the requested export doesn't exist.

Import traces:
  Client Component Browser:
    ./components/motion/interactions.ts [Client Component Browser]
    ./components/motion/anime-scope.tsx [Client Component Browser]
    ./components/motion/anime-scope.tsx [Server Component]
    ./app/[locale]/page.tsx [Server Component]

  Client Component SSR:
    ./components/motion/interactions.ts [Client Component SSR]
    ./components/motion/anime-scope.tsx [Client Component SSR]
    ./components/motion/anime-scope.tsx [Server Component]
    ./app/[locale]/page.tsx [Server Component] @ http://localhost:3000/_next/static/chunks/node_modules_next_dist_0u_w_5s._.js:1945
[   95861ms] [ERROR] ./components/motion/interactions.ts:3:1
Export setStyle doesn't exist in target module
  1 | import { animate } from "motion"
  2 | import { DUR, EASE } from "./tokens"
> 3 | import { setStyle, clearStyle } from "./dom"
    | ^^^^^^^^^^^^^^^^^^^^^^^^^^^^^^^^^^^^^^^^^^^^
  4 |
  5 | /**
  6 |  * Interactive behaviours — the layer that responds to input rather than to scroll.

The export setStyle was not found in module [project]/components/motion/dom.ts [app-client] (ecmascript).
Did you mean to import setStyles?
All exports of the module are statically known (It doesn't have dynamic exports). So it's known statically that the requested export doesn't exist.

Import traces:
  Client Component Browser:
    ./components/motion/interactions.ts [Client Component Browser]
    ./components/motion/anime-scope.tsx [Client Component Browser]
    ./components/motion/anime-scope.tsx [Server Component]
    ./app/[locale]/page.tsx [Server Component]

  Client Component SSR:
    ./components/motion/interactions.ts [Client Component SSR]
    ./components/motion/anime-scope.tsx [Client Component SSR]
    ./components/motion/anime-scope.tsx [Server Component]
    ./app/[locale]/page.tsx [Server Component] @ http://localhost:3000/_next/static/chunks/node_modules_next_dist_0u_w_5s._.js:1945
[   95861ms] [ERROR] ./components/motion/interactions.ts:3:1
Export setStyle doesn't exist in target module
  1 | import { animate } from "motion"
  2 | import { DUR, EASE } from "./tokens"
> 3 | import { setStyle, clearStyle } from "./dom"
    | ^^^^^^^^^^^^^^^^^^^^^^^^^^^^^^^^^^^^^^^^^^^^
  4 |
  5 | /**
  6 |  * Interactive behaviours — the layer that responds to input rather than to scroll.

The export setStyle was not found in module [project]/components/motion/dom.ts [app-ssr] (ecmascript).
Did you mean to import setStyles?
All exports of the module are statically known (It doesn't have dynamic exports). So it's known statically that the requested export doesn't exist.

Import traces:
  Client Component Browser:
    ./components/motion/interactions.ts [Client Component Browser]
    ./components/motion/anime-scope.tsx [Client Component Browser]
    ./components/motion/anime-scope.tsx [Server Component]
    ./app/[locale]/page.tsx [Server Component]

  Client Component SSR:
    ./components/motion/interactions.ts [Client Component SSR]
    ./components/motion/anime-scope.tsx [Client Component SSR]
    ./components/motion/anime-scope.tsx [Server Component]
    ./app/[locale]/page.tsx [Server Component] @ http://localhost:3000/_next/static/chunks/node_modules_next_dist_0u_w_5s._.js:1945
[   95922ms] [ERROR] ./components/motion/interactions.ts:3:1
Export setStyle doesn't exist in target module
  1 | import { animate } from "motion"
  2 | import { DUR, EASE } from "./tokens"
> 3 | import { setStyle, clearStyle } from "./dom"
    | ^^^^^^^^^^^^^^^^^^^^^^^^^^^^^^^^^^^^^^^^^^^^
  4 |
  5 | /**
  6 |  * Interactive behaviours — the layer that responds to input rather than to scroll.

The export setStyle was not found in module [project]/components/motion/dom.ts [app-client] (ecmascript).
Did you mean to import setStyles?
All exports of the module are statically known (It doesn't have dynamic exports). So it's known statically that the requested export doesn't exist.

Import traces:
  Client Component Browser:
    ./components/motion/interactions.ts [Client Component Browser]
    ./components/motion/anime-scope.tsx [Client Component Browser]
    ./components/motion/anime-scope.tsx [Server Component]
    ./app/[locale]/page.tsx [Server Component]

  Client Component SSR:
    ./components/motion/interactions.ts [Client Component SSR]
    ./components/motion/anime-scope.tsx [Client Component SSR]
    ./components/motion/anime-scope.tsx [Server Component]
    ./app/[locale]/page.tsx [Server Component] @ http://localhost:3000/_next/static/chunks/node_modules_next_dist_0u_w_5s._.js:1945
[   95922ms] [ERROR] ./components/motion/interactions.ts:3:1
Export setStyle doesn't exist in target module
  1 | import { animate } from "motion"
  2 | import { DUR, EASE } from "./tokens"
> 3 | import { setStyle, clearStyle } from "./dom"
    | ^^^^^^^^^^^^^^^^^^^^^^^^^^^^^^^^^^^^^^^^^^^^
  4 |
  5 | /**
  6 |  * Interactive behaviours — the layer that responds to input rather than to scroll.

The export setStyle was not found in module [project]/components/motion/dom.ts [app-ssr] (ecmascript).
Did you mean to import setStyles?
All exports of the module are statically known (It doesn't have dynamic exports). So it's known statically that the requested export doesn't exist.

Import traces:
  Client Component Browser:
    ./components/motion/interactions.ts [Client Component Browser]
    ./components/motion/anime-scope.tsx [Client Component Browser]
    ./components/motion/anime-scope.tsx [Server Component]
    ./app/[locale]/page.tsx [Server Component]

  Client Component SSR:
    ./components/motion/interactions.ts [Client Component SSR]
    ./components/motion/anime-scope.tsx [Client Component SSR]
    ./components/motion/anime-scope.tsx [Server Component]
    ./app/[locale]/page.tsx [Server Component] @ http://localhost:3000/_next/static/chunks/node_modules_next_dist_0u_w_5s._.js:1945
[   95983ms] [ERROR] ./components/motion/interactions.ts:3:1
Export setStyle doesn't exist in target module
  1 | import { animate } from "motion"
  2 | import { DUR, EASE } from "./tokens"
> 3 | import { setStyle, clearStyle } from "./dom"
    | ^^^^^^^^^^^^^^^^^^^^^^^^^^^^^^^^^^^^^^^^^^^^
  4 |
  5 | /**
  6 |  * Interactive behaviours — the layer that responds to input rather than to scroll.

The export setStyle was not found in module [project]/components/motion/dom.ts [app-client] (ecmascript).
Did you mean to import setStyles?
All exports of the module are statically known (It doesn't have dynamic exports). So it's known statically that the requested export doesn't exist.

Import traces:
  Client Component Browser:
    ./components/motion/interactions.ts [Client Component Browser]
    ./components/motion/anime-scope.tsx [Client Component Browser]
    ./components/motion/anime-scope.tsx [Server Component]
    ./app/[locale]/page.tsx [Server Component]

  Client Component SSR:
    ./components/motion/interactions.ts [Client Component SSR]
    ./components/motion/anime-scope.tsx [Client Component SSR]
    ./components/motion/anime-scope.tsx [Server Component]
    ./app/[locale]/page.tsx [Server Component] @ http://localhost:3000/_next/static/chunks/node_modules_next_dist_0u_w_5s._.js:1945
[   95983ms] [ERROR] ./components/motion/interactions.ts:3:1
Export setStyle doesn't exist in target module
  1 | import { animate } from "motion"
  2 | import { DUR, EASE } from "./tokens"
> 3 | import { setStyle, clearStyle } from "./dom"
    | ^^^^^^^^^^^^^^^^^^^^^^^^^^^^^^^^^^^^^^^^^^^^
  4 |
  5 | /**
  6 |  * Interactive behaviours — the layer that responds to input rather than to scroll.

The export setStyle was not found in module [project]/components/motion/dom.ts [app-ssr] (ecmascript).
Did you mean to import setStyles?
All exports of the module are statically known (It doesn't have dynamic exports). So it's known statically that the requested export doesn't exist.

Import traces:
  Client Component Browser:
    ./components/motion/interactions.ts [Client Component Browser]
    ./components/motion/anime-scope.tsx [Client Component Browser]
    ./components/motion/anime-scope.tsx [Server Component]
    ./app/[locale]/page.tsx [Server Component]

  Client Component SSR:
    ./components/motion/interactions.ts [Client Component SSR]
    ./components/motion/anime-scope.tsx [Client Component SSR]
    ./components/motion/anime-scope.tsx [Server Component]
    ./app/[locale]/page.tsx [Server Component] @ http://localhost:3000/_next/static/chunks/node_modules_next_dist_0u_w_5s._.js:1945
[   96045ms] [ERROR] ./components/motion/interactions.ts:3:1
Export setStyle doesn't exist in target module
  1 | import { animate } from "motion"
  2 | import { DUR, EASE } from "./tokens"
> 3 | import { setStyle, clearStyle } from "./dom"
    | ^^^^^^^^^^^^^^^^^^^^^^^^^^^^^^^^^^^^^^^^^^^^
  4 |
  5 | /**
  6 |  * Interactive behaviours — the layer that responds to input rather than to scroll.

The export setStyle was not found in module [project]/components/motion/dom.ts [app-client] (ecmascript).
Did you mean to import setStyles?
All exports of the module are statically known (It doesn't have dynamic exports). So it's known statically that the requested export doesn't exist.

Import traces:
  Client Component Browser:
    ./components/motion/interactions.ts [Client Component Browser]
    ./components/motion/anime-scope.tsx [Client Component Browser]
    ./components/motion/anime-scope.tsx [Server Component]
    ./app/[locale]/page.tsx [Server Component]

  Client Component SSR:
    ./components/motion/interactions.ts [Client Component SSR]
    ./components/motion/anime-scope.tsx [Client Component SSR]
    ./components/motion/anime-scope.tsx [Server Component]
    ./app/[locale]/page.tsx [Server Component] @ http://localhost:3000/_next/static/chunks/node_modules_next_dist_0u_w_5s._.js:1945
[   96045ms] [ERROR] ./components/motion/interactions.ts:3:1
Export setStyle doesn't exist in target module
  1 | import { animate } from "motion"
  2 | import { DUR, EASE } from "./tokens"
> 3 | import { setStyle, clearStyle } from "./dom"
    | ^^^^^^^^^^^^^^^^^^^^^^^^^^^^^^^^^^^^^^^^^^^^
  4 |
  5 | /**
  6 |  * Interactive behaviours — the layer that responds to input rather than to scroll.

The export setStyle was not found in module [project]/components/motion/dom.ts [app-ssr] (ecmascript).
Did you mean to import setStyles?
All exports of the module are statically known (It doesn't have dynamic exports). So it's known statically that the requested export doesn't exist.

Import traces:
  Client Component Browser:
    ./components/motion/interactions.ts [Client Component Browser]
    ./components/motion/anime-scope.tsx [Client Component Browser]
    ./components/motion/anime-scope.tsx [Server Component]
    ./app/[locale]/page.tsx [Server Component]

  Client Component SSR:
    ./components/motion/interactions.ts [Client Component SSR]
    ./components/motion/anime-scope.tsx [Client Component SSR]
    ./components/motion/anime-scope.tsx [Server Component]
    ./app/[locale]/page.tsx [Server Component] @ http://localhost:3000/_next/static/chunks/node_modules_next_dist_0u_w_5s._.js:1945
[   96106ms] [ERROR] ./components/motion/interactions.ts:3:1
Export setStyle doesn't exist in target module
  1 | import { animate } from "motion"
  2 | import { DUR, EASE } from "./tokens"
> 3 | import { setStyle, clearStyle } from "./dom"
    | ^^^^^^^^^^^^^^^^^^^^^^^^^^^^^^^^^^^^^^^^^^^^
  4 |
  5 | /**
  6 |  * Interactive behaviours — the layer that responds to input rather than to scroll.

The export setStyle was not found in module [project]/components/motion/dom.ts [app-client] (ecmascript).
Did you mean to import setStyles?
All exports of the module are statically known (It doesn't have dynamic exports). So it's known statically that the requested export doesn't exist.

Import traces:
  Client Component Browser:
    ./components/motion/interactions.ts [Client Component Browser]
    ./components/motion/anime-scope.tsx [Client Component Browser]
    ./components/motion/anime-scope.tsx [Server Component]
    ./app/[locale]/page.tsx [Server Component]

  Client Component SSR:
    ./components/motion/interactions.ts [Client Component SSR]
    ./components/motion/anime-scope.tsx [Client Component SSR]
    ./components/motion/anime-scope.tsx [Server Component]
    ./app/[locale]/page.tsx [Server Component] @ http://localhost:3000/_next/static/chunks/node_modules_next_dist_0u_w_5s._.js:1945
[   96106ms] [ERROR] ./components/motion/interactions.ts:3:1
Export setStyle doesn't exist in target module
  1 | import { animate } from "motion"
  2 | import { DUR, EASE } from "./tokens"
> 3 | import { setStyle, clearStyle } from "./dom"
    | ^^^^^^^^^^^^^^^^^^^^^^^^^^^^^^^^^^^^^^^^^^^^
  4 |
  5 | /**
  6 |  * Interactive behaviours — the layer that responds to input rather than to scroll.

The export setStyle was not found in module [project]/components/motion/dom.ts [app-ssr] (ecmascript).
Did you mean to import setStyles?
All exports of the module are statically known (It doesn't have dynamic exports). So it's known statically that the requested export doesn't exist.

Import traces:
  Client Component Browser:
    ./components/motion/interactions.ts [Client Component Browser]
    ./components/motion/anime-scope.tsx [Client Component Browser]
    ./components/motion/anime-scope.tsx [Server Component]
    ./app/[locale]/page.tsx [Server Component]

  Client Component SSR:
    ./components/motion/interactions.ts [Client Component SSR]
    ./components/motion/anime-scope.tsx [Client Component SSR]
    ./components/motion/anime-scope.tsx [Server Component]
    ./app/[locale]/page.tsx [Server Component] @ http://localhost:3000/_next/static/chunks/node_modules_next_dist_0u_w_5s._.js:1945
[   96170ms] [ERROR] ./components/motion/interactions.ts:3:1
Export setStyle doesn't exist in target module
  1 | import { animate } from "motion"
  2 | import { DUR, EASE } from "./tokens"
> 3 | import { setStyle, clearStyle } from "./dom"
    | ^^^^^^^^^^^^^^^^^^^^^^^^^^^^^^^^^^^^^^^^^^^^
  4 |
  5 | /**
  6 |  * Interactive behaviours — the layer that responds to input rather than to scroll.

The export setStyle was not found in module [project]/components/motion/dom.ts [app-client] (ecmascript).
Did you mean to import setStyles?
All exports of the module are statically known (It doesn't have dynamic exports). So it's known statically that the requested export doesn't exist.

Import traces:
  Client Component Browser:
    ./components/motion/interactions.ts [Client Component Browser]
    ./components/motion/anime-scope.tsx [Client Component Browser]
    ./components/motion/anime-scope.tsx [Server Component]
    ./app/[locale]/page.tsx [Server Component]

  Client Component SSR:
    ./components/motion/interactions.ts [Client Component SSR]
    ./components/motion/anime-scope.tsx [Client Component SSR]
    ./components/motion/anime-scope.tsx [Server Component]
    ./app/[locale]/page.tsx [Server Component] @ http://localhost:3000/_next/static/chunks/node_modules_next_dist_0u_w_5s._.js:1945
[   96170ms] [ERROR] ./components/motion/interactions.ts:3:1
Export setStyle doesn't exist in target module
  1 | import { animate } from "motion"
  2 | import { DUR, EASE } from "./tokens"
> 3 | import { setStyle, clearStyle } from "./dom"
    | ^^^^^^^^^^^^^^^^^^^^^^^^^^^^^^^^^^^^^^^^^^^^
  4 |
  5 | /**
  6 |  * Interactive behaviours — the layer that responds to input rather than to scroll.

The export setStyle was not found in module [project]/components/motion/dom.ts [app-ssr] (ecmascript).
Did you mean to import setStyles?
All exports of the module are statically known (It doesn't have dynamic exports). So it's known statically that the requested export doesn't exist.

Import traces:
  Client Component Browser:
    ./components/motion/interactions.ts [Client Component Browser]
    ./components/motion/anime-scope.tsx [Client Component Browser]
    ./components/motion/anime-scope.tsx [Server Component]
    ./app/[locale]/page.tsx [Server Component]

  Client Component SSR:
    ./components/motion/interactions.ts [Client Component SSR]
    ./components/motion/anime-scope.tsx [Client Component SSR]
    ./components/motion/anime-scope.tsx [Server Component]
    ./app/[locale]/page.tsx [Server Component] @ http://localhost:3000/_next/static/chunks/node_modules_next_dist_0u_w_5s._.js:1945
[   96231ms] [ERROR] ./components/motion/interactions.ts:3:1
Export setStyle doesn't exist in target module
  1 | import { animate } from "motion"
  2 | import { DUR, EASE } from "./tokens"
> 3 | import { setStyle, clearStyle } from "./dom"
    | ^^^^^^^^^^^^^^^^^^^^^^^^^^^^^^^^^^^^^^^^^^^^
  4 |
  5 | /**
  6 |  * Interactive behaviours — the layer that responds to input rather than to scroll.

The export setStyle was not found in module [project]/components/motion/dom.ts [app-client] (ecmascript).
Did you mean to import setStyles?
All exports of the module are statically known (It doesn't have dynamic exports). So it's known statically that the requested export doesn't exist.

Import traces:
  Client Component Browser:
    ./components/motion/interactions.ts [Client Component Browser]
    ./components/motion/anime-scope.tsx [Client Component Browser]
    ./components/motion/anime-scope.tsx [Server Component]
    ./app/[locale]/page.tsx [Server Component]

  Client Component SSR:
    ./components/motion/interactions.ts [Client Component SSR]
    ./components/motion/anime-scope.tsx [Client Component SSR]
    ./components/motion/anime-scope.tsx [Server Component]
    ./app/[locale]/page.tsx [Server Component] @ http://localhost:3000/_next/static/chunks/node_modules_next_dist_0u_w_5s._.js:1945
[   96231ms] [ERROR] ./components/motion/interactions.ts:3:1
Export setStyle doesn't exist in target module
  1 | import { animate } from "motion"
  2 | import { DUR, EASE } from "./tokens"
> 3 | import { setStyle, clearStyle } from "./dom"
    | ^^^^^^^^^^^^^^^^^^^^^^^^^^^^^^^^^^^^^^^^^^^^
  4 |
  5 | /**
  6 |  * Interactive behaviours — the layer that responds to input rather than to scroll.

The export setStyle was not found in module [project]/components/motion/dom.ts [app-ssr] (ecmascript).
Did you mean to import setStyles?
All exports of the module are statically known (It doesn't have dynamic exports). So it's known statically that the requested export doesn't exist.

Import traces:
  Client Component Browser:
    ./components/motion/interactions.ts [Client Component Browser]
    ./components/motion/anime-scope.tsx [Client Component Browser]
    ./components/motion/anime-scope.tsx [Server Component]
    ./app/[locale]/page.tsx [Server Component]

  Client Component SSR:
    ./components/motion/interactions.ts [Client Component SSR]
    ./components/motion/anime-scope.tsx [Client Component SSR]
    ./components/motion/anime-scope.tsx [Server Component]
    ./app/[locale]/page.tsx [Server Component] @ http://localhost:3000/_next/static/chunks/node_modules_next_dist_0u_w_5s._.js:1945
[   96293ms] [ERROR] ./components/motion/interactions.ts:3:1
Export setStyle doesn't exist in target module
  1 | import { animate } from "motion"
  2 | import { DUR, EASE } from "./tokens"
> 3 | import { setStyle, clearStyle } from "./dom"
    | ^^^^^^^^^^^^^^^^^^^^^^^^^^^^^^^^^^^^^^^^^^^^
  4 |
  5 | /**
  6 |  * Interactive behaviours — the layer that responds to input rather than to scroll.

The export setStyle was not found in module [project]/components/motion/dom.ts [app-client] (ecmascript).
Did you mean to import setStyles?
All exports of the module are statically known (It doesn't have dynamic exports). So it's known statically that the requested export doesn't exist.

Import traces:
  Client Component Browser:
    ./components/motion/interactions.ts [Client Component Browser]
    ./components/motion/anime-scope.tsx [Client Component Browser]
    ./components/motion/anime-scope.tsx [Server Component]
    ./app/[locale]/page.tsx [Server Component]

  Client Component SSR:
    ./components/motion/interactions.ts [Client Component SSR]
    ./components/motion/anime-scope.tsx [Client Component SSR]
    ./components/motion/anime-scope.tsx [Server Component]
    ./app/[locale]/page.tsx [Server Component] @ http://localhost:3000/_next/static/chunks/node_modules_next_dist_0u_w_5s._.js:1945
[   96293ms] [ERROR] ./components/motion/interactions.ts:3:1
Export setStyle doesn't exist in target module
  1 | import { animate } from "motion"
  2 | import { DUR, EASE } from "./tokens"
> 3 | import { setStyle, clearStyle } from "./dom"
    | ^^^^^^^^^^^^^^^^^^^^^^^^^^^^^^^^^^^^^^^^^^^^
  4 |
  5 | /**
  6 |  * Interactive behaviours — the layer that responds to input rather than to scroll.

The export setStyle was not found in module [project]/components/motion/dom.ts [app-ssr] (ecmascript).
Did you mean to import setStyles?
All exports of the module are statically known (It doesn't have dynamic exports). So it's known statically that the requested export doesn't exist.

Import traces:
  Client Component Browser:
    ./components/motion/interactions.ts [Client Component Browser]
    ./components/motion/anime-scope.tsx [Client Component Browser]
    ./components/motion/anime-scope.tsx [Server Component]
    ./app/[locale]/page.tsx [Server Component]

  Client Component SSR:
    ./components/motion/interactions.ts [Client Component SSR]
    ./components/motion/anime-scope.tsx [Client Component SSR]
    ./components/motion/anime-scope.tsx [Server Component]
    ./app/[locale]/page.tsx [Server Component] @ http://localhost:3000/_next/static/chunks/node_modules_next_dist_0u_w_5s._.js:1945
[   96354ms] [ERROR] ./components/motion/interactions.ts:3:1
Export setStyle doesn't exist in target module
  1 | import { animate } from "motion"
  2 | import { DUR, EASE } from "./tokens"
> 3 | import { setStyle, clearStyle } from "./dom"
    | ^^^^^^^^^^^^^^^^^^^^^^^^^^^^^^^^^^^^^^^^^^^^
  4 |
  5 | /**
  6 |  * Interactive behaviours — the layer that responds to input rather than to scroll.

The export setStyle was not found in module [project]/components/motion/dom.ts [app-client] (ecmascript).
Did you mean to import setStyles?
All exports of the module are statically known (It doesn't have dynamic exports). So it's known statically that the requested export doesn't exist.

Import traces:
  Client Component Browser:
    ./components/motion/interactions.ts [Client Component Browser]
    ./components/motion/anime-scope.tsx [Client Component Browser]
    ./components/motion/anime-scope.tsx [Server Component]
    ./app/[locale]/page.tsx [Server Component]

  Client Component SSR:
    ./components/motion/interactions.ts [Client Component SSR]
    ./components/motion/anime-scope.tsx [Client Component SSR]
    ./components/motion/anime-scope.tsx [Server Component]
    ./app/[locale]/page.tsx [Server Component] @ http://localhost:3000/_next/static/chunks/node_modules_next_dist_0u_w_5s._.js:1945
[   96354ms] [ERROR] ./components/motion/interactions.ts:3:1
Export setStyle doesn't exist in target module
  1 | import { animate } from "motion"
  2 | import { DUR, EASE } from "./tokens"
> 3 | import { setStyle, clearStyle } from "./dom"
    | ^^^^^^^^^^^^^^^^^^^^^^^^^^^^^^^^^^^^^^^^^^^^
  4 |
  5 | /**
  6 |  * Interactive behaviours — the layer that responds to input rather than to scroll.

The export setStyle was not found in module [project]/components/motion/dom.ts [app-ssr] (ecmascript).
Did you mean to import setStyles?
All exports of the module are statically known (It doesn't have dynamic exports). So it's known statically that the requested export doesn't exist.

Import traces:
  Client Component Browser:
    ./components/motion/interactions.ts [Client Component Browser]
    ./components/motion/anime-scope.tsx [Client Component Browser]
    ./components/motion/anime-scope.tsx [Server Component]
    ./app/[locale]/page.tsx [Server Component]

  Client Component SSR:
    ./components/motion/interactions.ts [Client Component SSR]
    ./components/motion/anime-scope.tsx [Client Component SSR]
    ./components/motion/anime-scope.tsx [Server Component]
    ./app/[locale]/page.tsx [Server Component] @ http://localhost:3000/_next/static/chunks/node_modules_next_dist_0u_w_5s._.js:1945
[   96415ms] [ERROR] ./components/motion/interactions.ts:3:1
Export setStyle doesn't exist in target module
  1 | import { animate } from "motion"
  2 | import { DUR, EASE } from "./tokens"
> 3 | import { setStyle, clearStyle } from "./dom"
    | ^^^^^^^^^^^^^^^^^^^^^^^^^^^^^^^^^^^^^^^^^^^^
  4 |
  5 | /**
  6 |  * Interactive behaviours — the layer that responds to input rather than to scroll.

The export setStyle was not found in module [project]/components/motion/dom.ts [app-client] (ecmascript).
Did you mean to import setStyles?
All exports of the module are statically known (It doesn't have dynamic exports). So it's known statically that the requested export doesn't exist.

Import traces:
  Client Component Browser:
    ./components/motion/interactions.ts [Client Component Browser]
    ./components/motion/anime-scope.tsx [Client Component Browser]
    ./components/motion/anime-scope.tsx [Server Component]
    ./app/[locale]/page.tsx [Server Component]

  Client Component SSR:
    ./components/motion/interactions.ts [Client Component SSR]
    ./components/motion/anime-scope.tsx [Client Component SSR]
    ./components/motion/anime-scope.tsx [Server Component]
    ./app/[locale]/page.tsx [Server Component] @ http://localhost:3000/_next/static/chunks/node_modules_next_dist_0u_w_5s._.js:1945
[   96415ms] [ERROR] ./components/motion/interactions.ts:3:1
Export setStyle doesn't exist in target module
  1 | import { animate } from "motion"
  2 | import { DUR, EASE } from "./tokens"
> 3 | import { setStyle, clearStyle } from "./dom"
    | ^^^^^^^^^^^^^^^^^^^^^^^^^^^^^^^^^^^^^^^^^^^^
  4 |
  5 | /**
  6 |  * Interactive behaviours — the layer that responds to input rather than to scroll.

The export setStyle was not found in module [project]/components/motion/dom.ts [app-ssr] (ecmascript).
Did you mean to import setStyles?
All exports of the module are statically known (It doesn't have dynamic exports). So it's known statically that the requested export doesn't exist.

Import traces:
  Client Component Browser:
    ./components/motion/interactions.ts [Client Component Browser]
    ./components/motion/anime-scope.tsx [Client Component Browser]
    ./components/motion/anime-scope.tsx [Server Component]
    ./app/[locale]/page.tsx [Server Component]

  Client Component SSR:
    ./components/motion/interactions.ts [Client Component SSR]
    ./components/motion/anime-scope.tsx [Client Component SSR]
    ./components/motion/anime-scope.tsx [Server Component]
    ./app/[locale]/page.tsx [Server Component] @ http://localhost:3000/_next/static/chunks/node_modules_next_dist_0u_w_5s._.js:1945
[   96478ms] [ERROR] ./components/motion/interactions.ts:3:1
Export setStyle doesn't exist in target module
  1 | import { animate } from "motion"
  2 | import { DUR, EASE } from "./tokens"
> 3 | import { setStyle, clearStyle } from "./dom"
    | ^^^^^^^^^^^^^^^^^^^^^^^^^^^^^^^^^^^^^^^^^^^^
  4 |
  5 | /**
  6 |  * Interactive behaviours — the layer that responds to input rather than to scroll.

The export setStyle was not found in module [project]/components/motion/dom.ts [app-client] (ecmascript).
Did you mean to import setStyles?
All exports of the module are statically known (It doesn't have dynamic exports). So it's known statically that the requested export doesn't exist.

Import traces:
  Client Component Browser:
    ./components/motion/interactions.ts [Client Component Browser]
    ./components/motion/anime-scope.tsx [Client Component Browser]
    ./components/motion/anime-scope.tsx [Server Component]
    ./app/[locale]/page.tsx [Server Component]

  Client Component SSR:
    ./components/motion/interactions.ts [Client Component SSR]
    ./components/motion/anime-scope.tsx [Client Component SSR]
    ./components/motion/anime-scope.tsx [Server Component]
    ./app/[locale]/page.tsx [Server Component] @ http://localhost:3000/_next/static/chunks/node_modules_next_dist_0u_w_5s._.js:1945
[   96478ms] [ERROR] ./components/motion/interactions.ts:3:1
Export setStyle doesn't exist in target module
  1 | import { animate } from "motion"
  2 | import { DUR, EASE } from "./tokens"
> 3 | import { setStyle, clearStyle } from "./dom"
    | ^^^^^^^^^^^^^^^^^^^^^^^^^^^^^^^^^^^^^^^^^^^^
  4 |
  5 | /**
  6 |  * Interactive behaviours — the layer that responds to input rather than to scroll.

The export setStyle was not found in module [project]/components/motion/dom.ts [app-ssr] (ecmascript).
Did you mean to import setStyles?
All exports of the module are statically known (It doesn't have dynamic exports). So it's known statically that the requested export doesn't exist.

Import traces:
  Client Component Browser:
    ./components/motion/interactions.ts [Client Component Browser]
    ./components/motion/anime-scope.tsx [Client Component Browser]
    ./components/motion/anime-scope.tsx [Server Component]
    ./app/[locale]/page.tsx [Server Component]

  Client Component SSR:
    ./components/motion/interactions.ts [Client Component SSR]
    ./components/motion/anime-scope.tsx [Client Component SSR]
    ./components/motion/anime-scope.tsx [Server Component]
    ./app/[locale]/page.tsx [Server Component] @ http://localhost:3000/_next/static/chunks/node_modules_next_dist_0u_w_5s._.js:1945
[   96538ms] [ERROR] ./components/motion/interactions.ts:3:1
Export setStyle doesn't exist in target module
  1 | import { animate } from "motion"
  2 | import { DUR, EASE } from "./tokens"
> 3 | import { setStyle, clearStyle } from "./dom"
    | ^^^^^^^^^^^^^^^^^^^^^^^^^^^^^^^^^^^^^^^^^^^^
  4 |
  5 | /**
  6 |  * Interactive behaviours — the layer that responds to input rather than to scroll.

The export setStyle was not found in module [project]/components/motion/dom.ts [app-client] (ecmascript).
Did you mean to import setStyles?
All exports of the module are statically known (It doesn't have dynamic exports). So it's known statically that the requested export doesn't exist.

Import traces:
  Client Component Browser:
    ./components/motion/interactions.ts [Client Component Browser]
    ./components/motion/anime-scope.tsx [Client Component Browser]
    ./components/motion/anime-scope.tsx [Server Component]
    ./app/[locale]/page.tsx [Server Component]

  Client Component SSR:
    ./components/motion/interactions.ts [Client Component SSR]
    ./components/motion/anime-scope.tsx [Client Component SSR]
    ./components/motion/anime-scope.tsx [Server Component]
    ./app/[locale]/page.tsx [Server Component] @ http://localhost:3000/_next/static/chunks/node_modules_next_dist_0u_w_5s._.js:1945
[   96538ms] [ERROR] ./components/motion/interactions.ts:3:1
Export setStyle doesn't exist in target module
  1 | import { animate } from "motion"
  2 | import { DUR, EASE } from "./tokens"
> 3 | import { setStyle, clearStyle } from "./dom"
    | ^^^^^^^^^^^^^^^^^^^^^^^^^^^^^^^^^^^^^^^^^^^^
  4 |
  5 | /**
  6 |  * Interactive behaviours — the layer that responds to input rather than to scroll.

The export setStyle was not found in module [project]/components/motion/dom.ts [app-ssr] (ecmascript).
Did you mean to import setStyles?
All exports of the module are statically known (It doesn't have dynamic exports). So it's known statically that the requested export doesn't exist.

Import traces:
  Client Component Browser:
    ./components/motion/interactions.ts [Client Component Browser]
    ./components/motion/anime-scope.tsx [Client Component Browser]
    ./components/motion/anime-scope.tsx [Server Component]
    ./app/[locale]/page.tsx [Server Component]

  Client Component SSR:
    ./components/motion/interactions.ts [Client Component SSR]
    ./components/motion/anime-scope.tsx [Client Component SSR]
    ./components/motion/anime-scope.tsx [Server Component]
    ./app/[locale]/page.tsx [Server Component] @ http://localhost:3000/_next/static/chunks/node_modules_next_dist_0u_w_5s._.js:1945
[   96599ms] [ERROR] ./components/motion/interactions.ts:3:1
Export setStyle doesn't exist in target module
  1 | import { animate } from "motion"
  2 | import { DUR, EASE } from "./tokens"
> 3 | import { setStyle, clearStyle } from "./dom"
    | ^^^^^^^^^^^^^^^^^^^^^^^^^^^^^^^^^^^^^^^^^^^^
  4 |
  5 | /**
  6 |  * Interactive behaviours — the layer that responds to input rather than to scroll.

The export setStyle was not found in module [project]/components/motion/dom.ts [app-client] (ecmascript).
Did you mean to import setStyles?
All exports of the module are statically known (It doesn't have dynamic exports). So it's known statically that the requested export doesn't exist.

Import traces:
  Client Component Browser:
    ./components/motion/interactions.ts [Client Component Browser]
    ./components/motion/anime-scope.tsx [Client Component Browser]
    ./components/motion/anime-scope.tsx [Server Component]
    ./app/[locale]/page.tsx [Server Component]

  Client Component SSR:
    ./components/motion/interactions.ts [Client Component SSR]
    ./components/motion/anime-scope.tsx [Client Component SSR]
    ./components/motion/anime-scope.tsx [Server Component]
    ./app/[locale]/page.tsx [Server Component] @ http://localhost:3000/_next/static/chunks/node_modules_next_dist_0u_w_5s._.js:1945
[   96599ms] [ERROR] ./components/motion/interactions.ts:3:1
Export setStyle doesn't exist in target module
  1 | import { animate } from "motion"
  2 | import { DUR, EASE } from "./tokens"
> 3 | import { setStyle, clearStyle } from "./dom"
    | ^^^^^^^^^^^^^^^^^^^^^^^^^^^^^^^^^^^^^^^^^^^^
  4 |
  5 | /**
  6 |  * Interactive behaviours — the layer that responds to input rather than to scroll.

The export setStyle was not found in module [project]/components/motion/dom.ts [app-ssr] (ecmascript).
Did you mean to import setStyles?
All exports of the module are statically known (It doesn't have dynamic exports). So it's known statically that the requested export doesn't exist.

Import traces:
  Client Component Browser:
    ./components/motion/interactions.ts [Client Component Browser]
    ./components/motion/anime-scope.tsx [Client Component Browser]
    ./components/motion/anime-scope.tsx [Server Component]
    ./app/[locale]/page.tsx [Server Component]

  Client Component SSR:
    ./components/motion/interactions.ts [Client Component SSR]
    ./components/motion/anime-scope.tsx [Client Component SSR]
    ./components/motion/anime-scope.tsx [Server Component]
    ./app/[locale]/page.tsx [Server Component] @ http://localhost:3000/_next/static/chunks/node_modules_next_dist_0u_w_5s._.js:1945
[   96659ms] [ERROR] ./components/motion/interactions.ts:3:1
Export setStyle doesn't exist in target module
  1 | import { animate } from "motion"
  2 | import { DUR, EASE } from "./tokens"
> 3 | import { setStyle, clearStyle } from "./dom"
    | ^^^^^^^^^^^^^^^^^^^^^^^^^^^^^^^^^^^^^^^^^^^^
  4 |
  5 | /**
  6 |  * Interactive behaviours — the layer that responds to input rather than to scroll.

The export setStyle was not found in module [project]/components/motion/dom.ts [app-client] (ecmascript).
Did you mean to import setStyles?
All exports of the module are statically known (It doesn't have dynamic exports). So it's known statically that the requested export doesn't exist.

Import traces:
  Client Component Browser:
    ./components/motion/interactions.ts [Client Component Browser]
    ./components/motion/anime-scope.tsx [Client Component Browser]
    ./components/motion/anime-scope.tsx [Server Component]
    ./app/[locale]/page.tsx [Server Component]

  Client Component SSR:
    ./components/motion/interactions.ts [Client Component SSR]
    ./components/motion/anime-scope.tsx [Client Component SSR]
    ./components/motion/anime-scope.tsx [Server Component]
    ./app/[locale]/page.tsx [Server Component] @ http://localhost:3000/_next/static/chunks/node_modules_next_dist_0u_w_5s._.js:1945
[   96660ms] [ERROR] ./components/motion/interactions.ts:3:1
Export setStyle doesn't exist in target module
  1 | import { animate } from "motion"
  2 | import { DUR, EASE } from "./tokens"
> 3 | import { setStyle, clearStyle } from "./dom"
    | ^^^^^^^^^^^^^^^^^^^^^^^^^^^^^^^^^^^^^^^^^^^^
  4 |
  5 | /**
  6 |  * Interactive behaviours — the layer that responds to input rather than to scroll.

The export setStyle was not found in module [project]/components/motion/dom.ts [app-ssr] (ecmascript).
Did you mean to import setStyles?
All exports of the module are statically known (It doesn't have dynamic exports). So it's known statically that the requested export doesn't exist.

Import traces:
  Client Component Browser:
    ./components/motion/interactions.ts [Client Component Browser]
    ./components/motion/anime-scope.tsx [Client Component Browser]
    ./components/motion/anime-scope.tsx [Server Component]
    ./app/[locale]/page.tsx [Server Component]

  Client Component SSR:
    ./components/motion/interactions.ts [Client Component SSR]
    ./components/motion/anime-scope.tsx [Client Component SSR]
    ./components/motion/anime-scope.tsx [Server Component]
    ./app/[locale]/page.tsx [Server Component] @ http://localhost:3000/_next/static/chunks/node_modules_next_dist_0u_w_5s._.js:1945
[   96720ms] [ERROR] ./components/motion/interactions.ts:3:1
Export setStyle doesn't exist in target module
  1 | import { animate } from "motion"
  2 | import { DUR, EASE } from "./tokens"
> 3 | import { setStyle, clearStyle } from "./dom"
    | ^^^^^^^^^^^^^^^^^^^^^^^^^^^^^^^^^^^^^^^^^^^^
  4 |
  5 | /**
  6 |  * Interactive behaviours — the layer that responds to input rather than to scroll.

The export setStyle was not found in module [project]/components/motion/dom.ts [app-client] (ecmascript).
Did you mean to import setStyles?
All exports of the module are statically known (It doesn't have dynamic exports). So it's known statically that the requested export doesn't exist.

Import traces:
  Client Component Browser:
    ./components/motion/interactions.ts [Client Component Browser]
    ./components/motion/anime-scope.tsx [Client Component Browser]
    ./components/motion/anime-scope.tsx [Server Component]
    ./app/[locale]/page.tsx [Server Component]

  Client Component SSR:
    ./components/motion/interactions.ts [Client Component SSR]
    ./components/motion/anime-scope.tsx [Client Component SSR]
    ./components/motion/anime-scope.tsx [Server Component]
    ./app/[locale]/page.tsx [Server Component] @ http://localhost:3000/_next/static/chunks/node_modules_next_dist_0u_w_5s._.js:1945
[   96720ms] [ERROR] ./components/motion/interactions.ts:3:1
Export setStyle doesn't exist in target module
  1 | import { animate } from "motion"
  2 | import { DUR, EASE } from "./tokens"
> 3 | import { setStyle, clearStyle } from "./dom"
    | ^^^^^^^^^^^^^^^^^^^^^^^^^^^^^^^^^^^^^^^^^^^^
  4 |
  5 | /**
  6 |  * Interactive behaviours — the layer that responds to input rather than to scroll.

The export setStyle was not found in module [project]/components/motion/dom.ts [app-ssr] (ecmascript).
Did you mean to import setStyles?
All exports of the module are statically known (It doesn't have dynamic exports). So it's known statically that the requested export doesn't exist.

Import traces:
  Client Component Browser:
    ./components/motion/interactions.ts [Client Component Browser]
    ./components/motion/anime-scope.tsx [Client Component Browser]
    ./components/motion/anime-scope.tsx [Server Component]
    ./app/[locale]/page.tsx [Server Component]

  Client Component SSR:
    ./components/motion/interactions.ts [Client Component SSR]
    ./components/motion/anime-scope.tsx [Client Component SSR]
    ./components/motion/anime-scope.tsx [Server Component]
    ./app/[locale]/page.tsx [Server Component] @ http://localhost:3000/_next/static/chunks/node_modules_next_dist_0u_w_5s._.js:1945
[   96779ms] [ERROR] ./components/motion/interactions.ts:3:1
Export setStyle doesn't exist in target module
  1 | import { animate } from "motion"
  2 | import { DUR, EASE } from "./tokens"
> 3 | import { setStyle, clearStyle } from "./dom"
    | ^^^^^^^^^^^^^^^^^^^^^^^^^^^^^^^^^^^^^^^^^^^^
  4 |
  5 | /**
  6 |  * Interactive behaviours — the layer that responds to input rather than to scroll.

The export setStyle was not found in module [project]/components/motion/dom.ts [app-client] (ecmascript).
Did you mean to import setStyles?
All exports of the module are statically known (It doesn't have dynamic exports). So it's known statically that the requested export doesn't exist.

Import traces:
  Client Component Browser:
    ./components/motion/interactions.ts [Client Component Browser]
    ./components/motion/anime-scope.tsx [Client Component Browser]
    ./components/motion/anime-scope.tsx [Server Component]
    ./app/[locale]/page.tsx [Server Component]

  Client Component SSR:
    ./components/motion/interactions.ts [Client Component SSR]
    ./components/motion/anime-scope.tsx [Client Component SSR]
    ./components/motion/anime-scope.tsx [Server Component]
    ./app/[locale]/page.tsx [Server Component] @ http://localhost:3000/_next/static/chunks/node_modules_next_dist_0u_w_5s._.js:1945
[   96780ms] [ERROR] ./components/motion/interactions.ts:3:1
Export setStyle doesn't exist in target module
  1 | import { animate } from "motion"
  2 | import { DUR, EASE } from "./tokens"
> 3 | import { setStyle, clearStyle } from "./dom"
    | ^^^^^^^^^^^^^^^^^^^^^^^^^^^^^^^^^^^^^^^^^^^^
  4 |
  5 | /**
  6 |  * Interactive behaviours — the layer that responds to input rather than to scroll.

The export setStyle was not found in module [project]/components/motion/dom.ts [app-ssr] (ecmascript).
Did you mean to import setStyles?
All exports of the module are statically known (It doesn't have dynamic exports). So it's known statically that the requested export doesn't exist.

Import traces:
  Client Component Browser:
    ./components/motion/interactions.ts [Client Component Browser]
    ./components/motion/anime-scope.tsx [Client Component Browser]
    ./components/motion/anime-scope.tsx [Server Component]
    ./app/[locale]/page.tsx [Server Component]

  Client Component SSR:
    ./components/motion/interactions.ts [Client Component SSR]
    ./components/motion/anime-scope.tsx [Client Component SSR]
    ./components/motion/anime-scope.tsx [Server Component]
    ./app/[locale]/page.tsx [Server Component] @ http://localhost:3000/_next/static/chunks/node_modules_next_dist_0u_w_5s._.js:1945
[   96841ms] [ERROR] ./components/motion/interactions.ts:3:1
Export setStyle doesn't exist in target module
  1 | import { animate } from "motion"
  2 | import { DUR, EASE } from "./tokens"
> 3 | import { setStyle, clearStyle } from "./dom"
    | ^^^^^^^^^^^^^^^^^^^^^^^^^^^^^^^^^^^^^^^^^^^^
  4 |
  5 | /**
  6 |  * Interactive behaviours — the layer that responds to input rather than to scroll.

The export setStyle was not found in module [project]/components/motion/dom.ts [app-client] (ecmascript).
Did you mean to import setStyles?
All exports of the module are statically known (It doesn't have dynamic exports). So it's known statically that the requested export doesn't exist.

Import traces:
  Client Component Browser:
    ./components/motion/interactions.ts [Client Component Browser]
    ./components/motion/anime-scope.tsx [Client Component Browser]
    ./components/motion/anime-scope.tsx [Server Component]
    ./app/[locale]/page.tsx [Server Component]

  Client Component SSR:
    ./components/motion/interactions.ts [Client Component SSR]
    ./components/motion/anime-scope.tsx [Client Component SSR]
    ./components/motion/anime-scope.tsx [Server Component]
    ./app/[locale]/page.tsx [Server Component] @ http://localhost:3000/_next/static/chunks/node_modules_next_dist_0u_w_5s._.js:1945
[   96841ms] [ERROR] ./components/motion/interactions.ts:3:1
Export setStyle doesn't exist in target module
  1 | import { animate } from "motion"
  2 | import { DUR, EASE } from "./tokens"
> 3 | import { setStyle, clearStyle } from "./dom"
    | ^^^^^^^^^^^^^^^^^^^^^^^^^^^^^^^^^^^^^^^^^^^^
  4 |
  5 | /**
  6 |  * Interactive behaviours — the layer that responds to input rather than to scroll.

The export setStyle was not found in module [project]/components/motion/dom.ts [app-ssr] (ecmascript).
Did you mean to import setStyles?
All exports of the module are statically known (It doesn't have dynamic exports). So it's known statically that the requested export doesn't exist.

Import traces:
  Client Component Browser:
    ./components/motion/interactions.ts [Client Component Browser]
    ./components/motion/anime-scope.tsx [Client Component Browser]
    ./components/motion/anime-scope.tsx [Server Component]
    ./app/[locale]/page.tsx [Server Component]

  Client Component SSR:
    ./components/motion/interactions.ts [Client Component SSR]
    ./components/motion/anime-scope.tsx [Client Component SSR]
    ./components/motion/anime-scope.tsx [Server Component]
    ./app/[locale]/page.tsx [Server Component] @ http://localhost:3000/_next/static/chunks/node_modules_next_dist_0u_w_5s._.js:1945
[   96902ms] [ERROR] ./components/motion/interactions.ts:3:1
Export setStyle doesn't exist in target module
  1 | import { animate } from "motion"
  2 | import { DUR, EASE } from "./tokens"
> 3 | import { setStyle, clearStyle } from "./dom"
    | ^^^^^^^^^^^^^^^^^^^^^^^^^^^^^^^^^^^^^^^^^^^^
  4 |
  5 | /**
  6 |  * Interactive behaviours — the layer that responds to input rather than to scroll.

The export setStyle was not found in module [project]/components/motion/dom.ts [app-client] (ecmascript).
Did you mean to import setStyles?
All exports of the module are statically known (It doesn't have dynamic exports). So it's known statically that the requested export doesn't exist.

Import traces:
  Client Component Browser:
    ./components/motion/interactions.ts [Client Component Browser]
    ./components/motion/anime-scope.tsx [Client Component Browser]
    ./components/motion/anime-scope.tsx [Server Component]
    ./app/[locale]/page.tsx [Server Component]

  Client Component SSR:
    ./components/motion/interactions.ts [Client Component SSR]
    ./components/motion/anime-scope.tsx [Client Component SSR]
    ./components/motion/anime-scope.tsx [Server Component]
    ./app/[locale]/page.tsx [Server Component] @ http://localhost:3000/_next/static/chunks/node_modules_next_dist_0u_w_5s._.js:1945
[   96902ms] [ERROR] ./components/motion/interactions.ts:3:1
Export setStyle doesn't exist in target module
  1 | import { animate } from "motion"
  2 | import { DUR, EASE } from "./tokens"
> 3 | import { setStyle, clearStyle } from "./dom"
    | ^^^^^^^^^^^^^^^^^^^^^^^^^^^^^^^^^^^^^^^^^^^^
  4 |
  5 | /**
  6 |  * Interactive behaviours — the layer that responds to input rather than to scroll.

The export setStyle was not found in module [project]/components/motion/dom.ts [app-ssr] (ecmascript).
Did you mean to import setStyles?
All exports of the module are statically known (It doesn't have dynamic exports). So it's known statically that the requested export doesn't exist.

Import traces:
  Client Component Browser:
    ./components/motion/interactions.ts [Client Component Browser]
    ./components/motion/anime-scope.tsx [Client Component Browser]
    ./components/motion/anime-scope.tsx [Server Component]
    ./app/[locale]/page.tsx [Server Component]

  Client Component SSR:
    ./components/motion/interactions.ts [Client Component SSR]
    ./components/motion/anime-scope.tsx [Client Component SSR]
    ./components/motion/anime-scope.tsx [Server Component]
    ./app/[locale]/page.tsx [Server Component] @ http://localhost:3000/_next/static/chunks/node_modules_next_dist_0u_w_5s._.js:1945
[   96962ms] [ERROR] ./components/motion/interactions.ts:3:1
Export setStyle doesn't exist in target module
  1 | import { animate } from "motion"
  2 | import { DUR, EASE } from "./tokens"
> 3 | import { setStyle, clearStyle } from "./dom"
    | ^^^^^^^^^^^^^^^^^^^^^^^^^^^^^^^^^^^^^^^^^^^^
  4 |
  5 | /**
  6 |  * Interactive behaviours — the layer that responds to input rather than to scroll.

The export setStyle was not found in module [project]/components/motion/dom.ts [app-client] (ecmascript).
Did you mean to import setStyles?
All exports of the module are statically known (It doesn't have dynamic exports). So it's known statically that the requested export doesn't exist.

Import traces:
  Client Component Browser:
    ./components/motion/interactions.ts [Client Component Browser]
    ./components/motion/anime-scope.tsx [Client Component Browser]
    ./components/motion/anime-scope.tsx [Server Component]
    ./app/[locale]/page.tsx [Server Component]

  Client Component SSR:
    ./components/motion/interactions.ts [Client Component SSR]
    ./components/motion/anime-scope.tsx [Client Component SSR]
    ./components/motion/anime-scope.tsx [Server Component]
    ./app/[locale]/page.tsx [Server Component] @ http://localhost:3000/_next/static/chunks/node_modules_next_dist_0u_w_5s._.js:1945
[   96962ms] [ERROR] ./components/motion/interactions.ts:3:1
Export setStyle doesn't exist in target module
  1 | import { animate } from "motion"
  2 | import { DUR, EASE } from "./tokens"
> 3 | import { setStyle, clearStyle } from "./dom"
    | ^^^^^^^^^^^^^^^^^^^^^^^^^^^^^^^^^^^^^^^^^^^^
  4 |
  5 | /**
  6 |  * Interactive behaviours — the layer that responds to input rather than to scroll.

The export setStyle was not found in module [project]/components/motion/dom.ts [app-ssr] (ecmascript).
Did you mean to import setStyles?
All exports of the module are statically known (It doesn't have dynamic exports). So it's known statically that the requested export doesn't exist.

Import traces:
  Client Component Browser:
    ./components/motion/interactions.ts [Client Component Browser]
    ./components/motion/anime-scope.tsx [Client Component Browser]
    ./components/motion/anime-scope.tsx [Server Component]
    ./app/[locale]/page.tsx [Server Component]

  Client Component SSR:
    ./components/motion/interactions.ts [Client Component SSR]
    ./components/motion/anime-scope.tsx [Client Component SSR]
    ./components/motion/anime-scope.tsx [Server Component]
    ./app/[locale]/page.tsx [Server Component] @ http://localhost:3000/_next/static/chunks/node_modules_next_dist_0u_w_5s._.js:1945
[   97023ms] [ERROR] ./components/motion/interactions.ts:3:1
Export setStyle doesn't exist in target module
  1 | import { animate } from "motion"
  2 | import { DUR, EASE } from "./tokens"
> 3 | import { setStyle, clearStyle } from "./dom"
    | ^^^^^^^^^^^^^^^^^^^^^^^^^^^^^^^^^^^^^^^^^^^^
  4 |
  5 | /**
  6 |  * Interactive behaviours — the layer that responds to input rather than to scroll.

The export setStyle was not found in module [project]/components/motion/dom.ts [app-client] (ecmascript).
Did you mean to import setStyles?
All exports of the module are statically known (It doesn't have dynamic exports). So it's known statically that the requested export doesn't exist.

Import traces:
  Client Component Browser:
    ./components/motion/interactions.ts [Client Component Browser]
    ./components/motion/anime-scope.tsx [Client Component Browser]
    ./components/motion/anime-scope.tsx [Server Component]
    ./app/[locale]/page.tsx [Server Component]

  Client Component SSR:
    ./components/motion/interactions.ts [Client Component SSR]
    ./components/motion/anime-scope.tsx [Client Component SSR]
    ./components/motion/anime-scope.tsx [Server Component]
    ./app/[locale]/page.tsx [Server Component] @ http://localhost:3000/_next/static/chunks/node_modules_next_dist_0u_w_5s._.js:1945
[   97023ms] [ERROR] ./components/motion/interactions.ts:3:1
Export setStyle doesn't exist in target module
  1 | import { animate } from "motion"
  2 | import { DUR, EASE } from "./tokens"
> 3 | import { setStyle, clearStyle } from "./dom"
    | ^^^^^^^^^^^^^^^^^^^^^^^^^^^^^^^^^^^^^^^^^^^^
  4 |
  5 | /**
  6 |  * Interactive behaviours — the layer that responds to input rather than to scroll.

The export setStyle was not found in module [project]/components/motion/dom.ts [app-ssr] (ecmascript).
Did you mean to import setStyles?
All exports of the module are statically known (It doesn't have dynamic exports). So it's known statically that the requested export doesn't exist.

Import traces:
  Client Component Browser:
    ./components/motion/interactions.ts [Client Component Browser]
    ./components/motion/anime-scope.tsx [Client Component Browser]
    ./components/motion/anime-scope.tsx [Server Component]
    ./app/[locale]/page.tsx [Server Component]

  Client Component SSR:
    ./components/motion/interactions.ts [Client Component SSR]
    ./components/motion/anime-scope.tsx [Client Component SSR]
    ./components/motion/anime-scope.tsx [Server Component]
    ./app/[locale]/page.tsx [Server Component] @ http://localhost:3000/_next/static/chunks/node_modules_next_dist_0u_w_5s._.js:1945
[   97084ms] [ERROR] ./components/motion/interactions.ts:3:1
Export setStyle doesn't exist in target module
  1 | import { animate } from "motion"
  2 | import { DUR, EASE } from "./tokens"
> 3 | import { setStyle, clearStyle } from "./dom"
    | ^^^^^^^^^^^^^^^^^^^^^^^^^^^^^^^^^^^^^^^^^^^^
  4 |
  5 | /**
  6 |  * Interactive behaviours — the layer that responds to input rather than to scroll.

The export setStyle was not found in module [project]/components/motion/dom.ts [app-client] (ecmascript).
Did you mean to import setStyles?
All exports of the module are statically known (It doesn't have dynamic exports). So it's known statically that the requested export doesn't exist.

Import traces:
  Client Component Browser:
    ./components/motion/interactions.ts [Client Component Browser]
    ./components/motion/anime-scope.tsx [Client Component Browser]
    ./components/motion/anime-scope.tsx [Server Component]
    ./app/[locale]/page.tsx [Server Component]

  Client Component SSR:
    ./components/motion/interactions.ts [Client Component SSR]
    ./components/motion/anime-scope.tsx [Client Component SSR]
    ./components/motion/anime-scope.tsx [Server Component]
    ./app/[locale]/page.tsx [Server Component] @ http://localhost:3000/_next/static/chunks/node_modules_next_dist_0u_w_5s._.js:1945
[   97085ms] [ERROR] ./components/motion/interactions.ts:3:1
Export setStyle doesn't exist in target module
  1 | import { animate } from "motion"
  2 | import { DUR, EASE } from "./tokens"
> 3 | import { setStyle, clearStyle } from "./dom"
    | ^^^^^^^^^^^^^^^^^^^^^^^^^^^^^^^^^^^^^^^^^^^^
  4 |
  5 | /**
  6 |  * Interactive behaviours — the layer that responds to input rather than to scroll.

The export setStyle was not found in module [project]/components/motion/dom.ts [app-ssr] (ecmascript).
Did you mean to import setStyles?
All exports of the module are statically known (It doesn't have dynamic exports). So it's known statically that the requested export doesn't exist.

Import traces:
  Client Component Browser:
    ./components/motion/interactions.ts [Client Component Browser]
    ./components/motion/anime-scope.tsx [Client Component Browser]
    ./components/motion/anime-scope.tsx [Server Component]
    ./app/[locale]/page.tsx [Server Component]

  Client Component SSR:
    ./components/motion/interactions.ts [Client Component SSR]
    ./components/motion/anime-scope.tsx [Client Component SSR]
    ./components/motion/anime-scope.tsx [Server Component]
    ./app/[locale]/page.tsx [Server Component] @ http://localhost:3000/_next/static/chunks/node_modules_next_dist_0u_w_5s._.js:1945
[   97145ms] [ERROR] ./components/motion/interactions.ts:3:1
Export setStyle doesn't exist in target module
  1 | import { animate } from "motion"
  2 | import { DUR, EASE } from "./tokens"
> 3 | import { setStyle, clearStyle } from "./dom"
    | ^^^^^^^^^^^^^^^^^^^^^^^^^^^^^^^^^^^^^^^^^^^^
  4 |
  5 | /**
  6 |  * Interactive behaviours — the layer that responds to input rather than to scroll.

The export setStyle was not found in module [project]/components/motion/dom.ts [app-client] (ecmascript).
Did you mean to import setStyles?
All exports of the module are statically known (It doesn't have dynamic exports). So it's known statically that the requested export doesn't exist.

Import traces:
  Client Component Browser:
    ./components/motion/interactions.ts [Client Component Browser]
    ./components/motion/anime-scope.tsx [Client Component Browser]
    ./components/motion/anime-scope.tsx [Server Component]
    ./app/[locale]/page.tsx [Server Component]

  Client Component SSR:
    ./components/motion/interactions.ts [Client Component SSR]
    ./components/motion/anime-scope.tsx [Client Component SSR]
    ./components/motion/anime-scope.tsx [Server Component]
    ./app/[locale]/page.tsx [Server Component] @ http://localhost:3000/_next/static/chunks/node_modules_next_dist_0u_w_5s._.js:1945
[   97145ms] [ERROR] ./components/motion/interactions.ts:3:1
Export setStyle doesn't exist in target module
  1 | import { animate } from "motion"
  2 | import { DUR, EASE } from "./tokens"
> 3 | import { setStyle, clearStyle } from "./dom"
    | ^^^^^^^^^^^^^^^^^^^^^^^^^^^^^^^^^^^^^^^^^^^^
  4 |
  5 | /**
  6 |  * Interactive behaviours — the layer that responds to input rather than to scroll.

The export setStyle was not found in module [project]/components/motion/dom.ts [app-ssr] (ecmascript).
Did you mean to import setStyles?
All exports of the module are statically known (It doesn't have dynamic exports). So it's known statically that the requested export doesn't exist.

Import traces:
  Client Component Browser:
    ./components/motion/interactions.ts [Client Component Browser]
    ./components/motion/anime-scope.tsx [Client Component Browser]
    ./components/motion/anime-scope.tsx [Server Component]
    ./app/[locale]/page.tsx [Server Component]

  Client Component SSR:
    ./components/motion/interactions.ts [Client Component SSR]
    ./components/motion/anime-scope.tsx [Client Component SSR]
    ./components/motion/anime-scope.tsx [Server Component]
    ./app/[locale]/page.tsx [Server Component] @ http://localhost:3000/_next/static/chunks/node_modules_next_dist_0u_w_5s._.js:1945
[   97208ms] [ERROR] ./components/motion/interactions.ts:3:1
Export setStyle doesn't exist in target module
  1 | import { animate } from "motion"
  2 | import { DUR, EASE } from "./tokens"
> 3 | import { setStyle, clearStyle } from "./dom"
    | ^^^^^^^^^^^^^^^^^^^^^^^^^^^^^^^^^^^^^^^^^^^^
  4 |
  5 | /**
  6 |  * Interactive behaviours — the layer that responds to input rather than to scroll.

The export setStyle was not found in module [project]/components/motion/dom.ts [app-client] (ecmascript).
Did you mean to import setStyles?
All exports of the module are statically known (It doesn't have dynamic exports). So it's known statically that the requested export doesn't exist.

Import traces:
  Client Component Browser:
    ./components/motion/interactions.ts [Client Component Browser]
    ./components/motion/anime-scope.tsx [Client Component Browser]
    ./components/motion/anime-scope.tsx [Server Component]
    ./app/[locale]/page.tsx [Server Component]

  Client Component SSR:
    ./components/motion/interactions.ts [Client Component SSR]
    ./components/motion/anime-scope.tsx [Client Component SSR]
    ./components/motion/anime-scope.tsx [Server Component]
    ./app/[locale]/page.tsx [Server Component] @ http://localhost:3000/_next/static/chunks/node_modules_next_dist_0u_w_5s._.js:1945
[   97208ms] [ERROR] ./components/motion/interactions.ts:3:1
Export setStyle doesn't exist in target module
  1 | import { animate } from "motion"
  2 | import { DUR, EASE } from "./tokens"
> 3 | import { setStyle, clearStyle } from "./dom"
    | ^^^^^^^^^^^^^^^^^^^^^^^^^^^^^^^^^^^^^^^^^^^^
  4 |
  5 | /**
  6 |  * Interactive behaviours — the layer that responds to input rather than to scroll.

The export setStyle was not found in module [project]/components/motion/dom.ts [app-ssr] (ecmascript).
Did you mean to import setStyles?
All exports of the module are statically known (It doesn't have dynamic exports). So it's known statically that the requested export doesn't exist.

Import traces:
  Client Component Browser:
    ./components/motion/interactions.ts [Client Component Browser]
    ./components/motion/anime-scope.tsx [Client Component Browser]
    ./components/motion/anime-scope.tsx [Server Component]
    ./app/[locale]/page.tsx [Server Component]

  Client Component SSR:
    ./components/motion/interactions.ts [Client Component SSR]
    ./components/motion/anime-scope.tsx [Client Component SSR]
    ./components/motion/anime-scope.tsx [Server Component]
    ./app/[locale]/page.tsx [Server Component] @ http://localhost:3000/_next/static/chunks/node_modules_next_dist_0u_w_5s._.js:1945
[   97269ms] [ERROR] ./components/motion/interactions.ts:3:1
Export setStyle doesn't exist in target module
  1 | import { animate } from "motion"
  2 | import { DUR, EASE } from "./tokens"
> 3 | import { setStyle, clearStyle } from "./dom"
    | ^^^^^^^^^^^^^^^^^^^^^^^^^^^^^^^^^^^^^^^^^^^^
  4 |
  5 | /**
  6 |  * Interactive behaviours — the layer that responds to input rather than to scroll.

The export setStyle was not found in module [project]/components/motion/dom.ts [app-client] (ecmascript).
Did you mean to import setStyles?
All exports of the module are statically known (It doesn't have dynamic exports). So it's known statically that the requested export doesn't exist.

Import traces:
  Client Component Browser:
    ./components/motion/interactions.ts [Client Component Browser]
    ./components/motion/anime-scope.tsx [Client Component Browser]
    ./components/motion/anime-scope.tsx [Server Component]
    ./app/[locale]/page.tsx [Server Component]

  Client Component SSR:
    ./components/motion/interactions.ts [Client Component SSR]
    ./components/motion/anime-scope.tsx [Client Component SSR]
    ./components/motion/anime-scope.tsx [Server Component]
    ./app/[locale]/page.tsx [Server Component] @ http://localhost:3000/_next/static/chunks/node_modules_next_dist_0u_w_5s._.js:1945
[   97269ms] [ERROR] ./components/motion/interactions.ts:3:1
Export setStyle doesn't exist in target module
  1 | import { animate } from "motion"
  2 | import { DUR, EASE } from "./tokens"
> 3 | import { setStyle, clearStyle } from "./dom"
    | ^^^^^^^^^^^^^^^^^^^^^^^^^^^^^^^^^^^^^^^^^^^^
  4 |
  5 | /**
  6 |  * Interactive behaviours — the layer that responds to input rather than to scroll.

The export setStyle was not found in module [project]/components/motion/dom.ts [app-ssr] (ecmascript).
Did you mean to import setStyles?
All exports of the module are statically known (It doesn't have dynamic exports). So it's known statically that the requested export doesn't exist.

Import traces:
  Client Component Browser:
    ./components/motion/interactions.ts [Client Component Browser]
    ./components/motion/anime-scope.tsx [Client Component Browser]
    ./components/motion/anime-scope.tsx [Server Component]
    ./app/[locale]/page.tsx [Server Component]

  Client Component SSR:
    ./components/motion/interactions.ts [Client Component SSR]
    ./components/motion/anime-scope.tsx [Client Component SSR]
    ./components/motion/anime-scope.tsx [Server Component]
    ./app/[locale]/page.tsx [Server Component] @ http://localhost:3000/_next/static/chunks/node_modules_next_dist_0u_w_5s._.js:1945
[   97331ms] [ERROR] ./components/motion/interactions.ts:3:1
Export setStyle doesn't exist in target module
  1 | import { animate } from "motion"
  2 | import { DUR, EASE } from "./tokens"
> 3 | import { setStyle, clearStyle } from "./dom"
    | ^^^^^^^^^^^^^^^^^^^^^^^^^^^^^^^^^^^^^^^^^^^^
  4 |
  5 | /**
  6 |  * Interactive behaviours — the layer that responds to input rather than to scroll.

The export setStyle was not found in module [project]/components/motion/dom.ts [app-client] (ecmascript).
Did you mean to import setStyles?
All exports of the module are statically known (It doesn't have dynamic exports). So it's known statically that the requested export doesn't exist.

Import traces:
  Client Component Browser:
    ./components/motion/interactions.ts [Client Component Browser]
    ./components/motion/anime-scope.tsx [Client Component Browser]
    ./components/motion/anime-scope.tsx [Server Component]
    ./app/[locale]/page.tsx [Server Component]

  Client Component SSR:
    ./components/motion/interactions.ts [Client Component SSR]
    ./components/motion/anime-scope.tsx [Client Component SSR]
    ./components/motion/anime-scope.tsx [Server Component]
    ./app/[locale]/page.tsx [Server Component] @ http://localhost:3000/_next/static/chunks/node_modules_next_dist_0u_w_5s._.js:1945
[   97331ms] [ERROR] ./components/motion/interactions.ts:3:1
Export setStyle doesn't exist in target module
  1 | import { animate } from "motion"
  2 | import { DUR, EASE } from "./tokens"
> 3 | import { setStyle, clearStyle } from "./dom"
    | ^^^^^^^^^^^^^^^^^^^^^^^^^^^^^^^^^^^^^^^^^^^^
  4 |
  5 | /**
  6 |  * Interactive behaviours — the layer that responds to input rather than to scroll.

The export setStyle was not found in module [project]/components/motion/dom.ts [app-ssr] (ecmascript).
Did you mean to import setStyles?
All exports of the module are statically known (It doesn't have dynamic exports). So it's known statically that the requested export doesn't exist.

Import traces:
  Client Component Browser:
    ./components/motion/interactions.ts [Client Component Browser]
    ./components/motion/anime-scope.tsx [Client Component Browser]
    ./components/motion/anime-scope.tsx [Server Component]
    ./app/[locale]/page.tsx [Server Component]

  Client Component SSR:
    ./components/motion/interactions.ts [Client Component SSR]
    ./components/motion/anime-scope.tsx [Client Component SSR]
    ./components/motion/anime-scope.tsx [Server Component]
    ./app/[locale]/page.tsx [Server Component] @ http://localhost:3000/_next/static/chunks/node_modules_next_dist_0u_w_5s._.js:1945
[   97394ms] [ERROR] ./components/motion/interactions.ts:3:1
Export setStyle doesn't exist in target module
  1 | import { animate } from "motion"
  2 | import { DUR, EASE } from "./tokens"
> 3 | import { setStyle, clearStyle } from "./dom"
    | ^^^^^^^^^^^^^^^^^^^^^^^^^^^^^^^^^^^^^^^^^^^^
  4 |
  5 | /**
  6 |  * Interactive behaviours — the layer that responds to input rather than to scroll.

The export setStyle was not found in module [project]/components/motion/dom.ts [app-client] (ecmascript).
Did you mean to import setStyles?
All exports of the module are statically known (It doesn't have dynamic exports). So it's known statically that the requested export doesn't exist.

Import traces:
  Client Component Browser:
    ./components/motion/interactions.ts [Client Component Browser]
    ./components/motion/anime-scope.tsx [Client Component Browser]
    ./components/motion/anime-scope.tsx [Server Component]
    ./app/[locale]/page.tsx [Server Component]

  Client Component SSR:
    ./components/motion/interactions.ts [Client Component SSR]
    ./components/motion/anime-scope.tsx [Client Component SSR]
    ./components/motion/anime-scope.tsx [Server Component]
    ./app/[locale]/page.tsx [Server Component] @ http://localhost:3000/_next/static/chunks/node_modules_next_dist_0u_w_5s._.js:1945
[   97394ms] [ERROR] ./components/motion/interactions.ts:3:1
Export setStyle doesn't exist in target module
  1 | import { animate } from "motion"
  2 | import { DUR, EASE } from "./tokens"
> 3 | import { setStyle, clearStyle } from "./dom"
    | ^^^^^^^^^^^^^^^^^^^^^^^^^^^^^^^^^^^^^^^^^^^^
  4 |
  5 | /**
  6 |  * Interactive behaviours — the layer that responds to input rather than to scroll.

The export setStyle was not found in module [project]/components/motion/dom.ts [app-ssr] (ecmascript).
Did you mean to import setStyles?
All exports of the module are statically known (It doesn't have dynamic exports). So it's known statically that the requested export doesn't exist.

Import traces:
  Client Component Browser:
    ./components/motion/interactions.ts [Client Component Browser]
    ./components/motion/anime-scope.tsx [Client Component Browser]
    ./components/motion/anime-scope.tsx [Server Component]
    ./app/[locale]/page.tsx [Server Component]

  Client Component SSR:
    ./components/motion/interactions.ts [Client Component SSR]
    ./components/motion/anime-scope.tsx [Client Component SSR]
    ./components/motion/anime-scope.tsx [Server Component]
    ./app/[locale]/page.tsx [Server Component] @ http://localhost:3000/_next/static/chunks/node_modules_next_dist_0u_w_5s._.js:1945
[   97455ms] [ERROR] ./components/motion/interactions.ts:3:1
Export setStyle doesn't exist in target module
  1 | import { animate } from "motion"
  2 | import { DUR, EASE } from "./tokens"
> 3 | import { setStyle, clearStyle } from "./dom"
    | ^^^^^^^^^^^^^^^^^^^^^^^^^^^^^^^^^^^^^^^^^^^^
  4 |
  5 | /**
  6 |  * Interactive behaviours — the layer that responds to input rather than to scroll.

The export setStyle was not found in module [project]/components/motion/dom.ts [app-client] (ecmascript).
Did you mean to import setStyles?
All exports of the module are statically known (It doesn't have dynamic exports). So it's known statically that the requested export doesn't exist.

Import traces:
  Client Component Browser:
    ./components/motion/interactions.ts [Client Component Browser]
    ./components/motion/anime-scope.tsx [Client Component Browser]
    ./components/motion/anime-scope.tsx [Server Component]
    ./app/[locale]/page.tsx [Server Component]

  Client Component SSR:
    ./components/motion/interactions.ts [Client Component SSR]
    ./components/motion/anime-scope.tsx [Client Component SSR]
    ./components/motion/anime-scope.tsx [Server Component]
    ./app/[locale]/page.tsx [Server Component] @ http://localhost:3000/_next/static/chunks/node_modules_next_dist_0u_w_5s._.js:1945
[   97455ms] [ERROR] ./components/motion/interactions.ts:3:1
Export setStyle doesn't exist in target module
  1 | import { animate } from "motion"
  2 | import { DUR, EASE } from "./tokens"
> 3 | import { setStyle, clearStyle } from "./dom"
    | ^^^^^^^^^^^^^^^^^^^^^^^^^^^^^^^^^^^^^^^^^^^^
  4 |
  5 | /**
  6 |  * Interactive behaviours — the layer that responds to input rather than to scroll.

The export setStyle was not found in module [project]/components/motion/dom.ts [app-ssr] (ecmascript).
Did you mean to import setStyles?
All exports of the module are statically known (It doesn't have dynamic exports). So it's known statically that the requested export doesn't exist.

Import traces:
  Client Component Browser:
    ./components/motion/interactions.ts [Client Component Browser]
    ./components/motion/anime-scope.tsx [Client Component Browser]
    ./components/motion/anime-scope.tsx [Server Component]
    ./app/[locale]/page.tsx [Server Component]

  Client Component SSR:
    ./components/motion/interactions.ts [Client Component SSR]
    ./components/motion/anime-scope.tsx [Client Component SSR]
    ./components/motion/anime-scope.tsx [Server Component]
    ./app/[locale]/page.tsx [Server Component] @ http://localhost:3000/_next/static/chunks/node_modules_next_dist_0u_w_5s._.js:1945
[   97516ms] [ERROR] ./components/motion/interactions.ts:3:1
Export setStyle doesn't exist in target module
  1 | import { animate } from "motion"
  2 | import { DUR, EASE } from "./tokens"
> 3 | import { setStyle, clearStyle } from "./dom"
    | ^^^^^^^^^^^^^^^^^^^^^^^^^^^^^^^^^^^^^^^^^^^^
  4 |
  5 | /**
  6 |  * Interactive behaviours — the layer that responds to input rather than to scroll.

The export setStyle was not found in module [project]/components/motion/dom.ts [app-client] (ecmascript).
Did you mean to import setStyles?
All exports of the module are statically known (It doesn't have dynamic exports). So it's known statically that the requested export doesn't exist.

Import traces:
  Client Component Browser:
    ./components/motion/interactions.ts [Client Component Browser]
    ./components/motion/anime-scope.tsx [Client Component Browser]
    ./components/motion/anime-scope.tsx [Server Component]
    ./app/[locale]/page.tsx [Server Component]

  Client Component SSR:
    ./components/motion/interactions.ts [Client Component SSR]
    ./components/motion/anime-scope.tsx [Client Component SSR]
    ./components/motion/anime-scope.tsx [Server Component]
    ./app/[locale]/page.tsx [Server Component] @ http://localhost:3000/_next/static/chunks/node_modules_next_dist_0u_w_5s._.js:1945
[   97517ms] [ERROR] ./components/motion/interactions.ts:3:1
Export setStyle doesn't exist in target module
  1 | import { animate } from "motion"
  2 | import { DUR, EASE } from "./tokens"
> 3 | import { setStyle, clearStyle } from "./dom"
    | ^^^^^^^^^^^^^^^^^^^^^^^^^^^^^^^^^^^^^^^^^^^^
  4 |
  5 | /**
  6 |  * Interactive behaviours — the layer that responds to input rather than to scroll.

The export setStyle was not found in module [project]/components/motion/dom.ts [app-ssr] (ecmascript).
Did you mean to import setStyles?
All exports of the module are statically known (It doesn't have dynamic exports). So it's known statically that the requested export doesn't exist.

Import traces:
  Client Component Browser:
    ./components/motion/interactions.ts [Client Component Browser]
    ./components/motion/anime-scope.tsx [Client Component Browser]
    ./components/motion/anime-scope.tsx [Server Component]
    ./app/[locale]/page.tsx [Server Component]

  Client Component SSR:
    ./components/motion/interactions.ts [Client Component SSR]
    ./components/motion/anime-scope.tsx [Client Component SSR]
    ./components/motion/anime-scope.tsx [Server Component]
    ./app/[locale]/page.tsx [Server Component] @ http://localhost:3000/_next/static/chunks/node_modules_next_dist_0u_w_5s._.js:1945
[   97577ms] [ERROR] ./components/motion/interactions.ts:3:1
Export setStyle doesn't exist in target module
  1 | import { animate } from "motion"
  2 | import { DUR, EASE } from "./tokens"
> 3 | import { setStyle, clearStyle } from "./dom"
    | ^^^^^^^^^^^^^^^^^^^^^^^^^^^^^^^^^^^^^^^^^^^^
  4 |
  5 | /**
  6 |  * Interactive behaviours — the layer that responds to input rather than to scroll.

The export setStyle was not found in module [project]/components/motion/dom.ts [app-client] (ecmascript).
Did you mean to import setStyles?
All exports of the module are statically known (It doesn't have dynamic exports). So it's known statically that the requested export doesn't exist.

Import traces:
  Client Component Browser:
    ./components/motion/interactions.ts [Client Component Browser]
    ./components/motion/anime-scope.tsx [Client Component Browser]
    ./components/motion/anime-scope.tsx [Server Component]
    ./app/[locale]/page.tsx [Server Component]

  Client Component SSR:
    ./components/motion/interactions.ts [Client Component SSR]
    ./components/motion/anime-scope.tsx [Client Component SSR]
    ./components/motion/anime-scope.tsx [Server Component]
    ./app/[locale]/page.tsx [Server Component] @ http://localhost:3000/_next/static/chunks/node_modules_next_dist_0u_w_5s._.js:1945
[   97577ms] [ERROR] ./components/motion/interactions.ts:3:1
Export setStyle doesn't exist in target module
  1 | import { animate } from "motion"
  2 | import { DUR, EASE } from "./tokens"
> 3 | import { setStyle, clearStyle } from "./dom"
    | ^^^^^^^^^^^^^^^^^^^^^^^^^^^^^^^^^^^^^^^^^^^^
  4 |
  5 | /**
  6 |  * Interactive behaviours — the layer that responds to input rather than to scroll.

The export setStyle was not found in module [project]/components/motion/dom.ts [app-ssr] (ecmascript).
Did you mean to import setStyles?
All exports of the module are statically known (It doesn't have dynamic exports). So it's known statically that the requested export doesn't exist.

Import traces:
  Client Component Browser:
    ./components/motion/interactions.ts [Client Component Browser]
    ./components/motion/anime-scope.tsx [Client Component Browser]
    ./components/motion/anime-scope.tsx [Server Component]
    ./app/[locale]/page.tsx [Server Component]

  Client Component SSR:
    ./components/motion/interactions.ts [Client Component SSR]
    ./components/motion/anime-scope.tsx [Client Component SSR]
    ./components/motion/anime-scope.tsx [Server Component]
    ./app/[locale]/page.tsx [Server Component] @ http://localhost:3000/_next/static/chunks/node_modules_next_dist_0u_w_5s._.js:1945
[   97639ms] [ERROR] ./components/motion/interactions.ts:3:1
Export setStyle doesn't exist in target module
  1 | import { animate } from "motion"
  2 | import { DUR, EASE } from "./tokens"
> 3 | import { setStyle, clearStyle } from "./dom"
    | ^^^^^^^^^^^^^^^^^^^^^^^^^^^^^^^^^^^^^^^^^^^^
  4 |
  5 | /**
  6 |  * Interactive behaviours — the layer that responds to input rather than to scroll.

The export setStyle was not found in module [project]/components/motion/dom.ts [app-client] (ecmascript).
Did you mean to import setStyles?
All exports of the module are statically known (It doesn't have dynamic exports). So it's known statically that the requested export doesn't exist.

Import traces:
  Client Component Browser:
    ./components/motion/interactions.ts [Client Component Browser]
    ./components/motion/anime-scope.tsx [Client Component Browser]
    ./components/motion/anime-scope.tsx [Server Component]
    ./app/[locale]/page.tsx [Server Component]

  Client Component SSR:
    ./components/motion/interactions.ts [Client Component SSR]
    ./components/motion/anime-scope.tsx [Client Component SSR]
    ./components/motion/anime-scope.tsx [Server Component]
    ./app/[locale]/page.tsx [Server Component] @ http://localhost:3000/_next/static/chunks/node_modules_next_dist_0u_w_5s._.js:1945
[   97639ms] [ERROR] ./components/motion/interactions.ts:3:1
Export setStyle doesn't exist in target module
  1 | import { animate } from "motion"
  2 | import { DUR, EASE } from "./tokens"
> 3 | import { setStyle, clearStyle } from "./dom"
    | ^^^^^^^^^^^^^^^^^^^^^^^^^^^^^^^^^^^^^^^^^^^^
  4 |
  5 | /**
  6 |  * Interactive behaviours — the layer that responds to input rather than to scroll.

The export setStyle was not found in module [project]/components/motion/dom.ts [app-ssr] (ecmascript).
Did you mean to import setStyles?
All exports of the module are statically known (It doesn't have dynamic exports). So it's known statically that the requested export doesn't exist.

Import traces:
  Client Component Browser:
    ./components/motion/interactions.ts [Client Component Browser]
    ./components/motion/anime-scope.tsx [Client Component Browser]
    ./components/motion/anime-scope.tsx [Server Component]
    ./app/[locale]/page.tsx [Server Component]

  Client Component SSR:
    ./components/motion/interactions.ts [Client Component SSR]
    ./components/motion/anime-scope.tsx [Client Component SSR]
    ./components/motion/anime-scope.tsx [Server Component]
    ./app/[locale]/page.tsx [Server Component] @ http://localhost:3000/_next/static/chunks/node_modules_next_dist_0u_w_5s._.js:1945
[   97699ms] [ERROR] ./components/motion/interactions.ts:3:1
Export setStyle doesn't exist in target module
  1 | import { animate } from "motion"
  2 | import { DUR, EASE } from "./tokens"
> 3 | import { setStyle, clearStyle } from "./dom"
    | ^^^^^^^^^^^^^^^^^^^^^^^^^^^^^^^^^^^^^^^^^^^^
  4 |
  5 | /**
  6 |  * Interactive behaviours — the layer that responds to input rather than to scroll.

The export setStyle was not found in module [project]/components/motion/dom.ts [app-client] (ecmascript).
Did you mean to import setStyles?
All exports of the module are statically known (It doesn't have dynamic exports). So it's known statically that the requested export doesn't exist.

Import traces:
  Client Component Browser:
    ./components/motion/interactions.ts [Client Component Browser]
    ./components/motion/anime-scope.tsx [Client Component Browser]
    ./components/motion/anime-scope.tsx [Server Component]
    ./app/[locale]/page.tsx [Server Component]

  Client Component SSR:
    ./components/motion/interactions.ts [Client Component SSR]
    ./components/motion/anime-scope.tsx [Client Component SSR]
    ./components/motion/anime-scope.tsx [Server Component]
    ./app/[locale]/page.tsx [Server Component] @ http://localhost:3000/_next/static/chunks/node_modules_next_dist_0u_w_5s._.js:1945
[   97699ms] [ERROR] ./components/motion/interactions.ts:3:1
Export setStyle doesn't exist in target module
  1 | import { animate } from "motion"
  2 | import { DUR, EASE } from "./tokens"
> 3 | import { setStyle, clearStyle } from "./dom"
    | ^^^^^^^^^^^^^^^^^^^^^^^^^^^^^^^^^^^^^^^^^^^^
  4 |
  5 | /**
  6 |  * Interactive behaviours — the layer that responds to input rather than to scroll.

The export setStyle was not found in module [project]/components/motion/dom.ts [app-ssr] (ecmascript).
Did you mean to import setStyles?
All exports of the module are statically known (It doesn't have dynamic exports). So it's known statically that the requested export doesn't exist.

Import traces:
  Client Component Browser:
    ./components/motion/interactions.ts [Client Component Browser]
    ./components/motion/anime-scope.tsx [Client Component Browser]
    ./components/motion/anime-scope.tsx [Server Component]
    ./app/[locale]/page.tsx [Server Component]

  Client Component SSR:
    ./components/motion/interactions.ts [Client Component SSR]
    ./components/motion/anime-scope.tsx [Client Component SSR]
    ./components/motion/anime-scope.tsx [Server Component]
    ./app/[locale]/page.tsx [Server Component] @ http://localhost:3000/_next/static/chunks/node_modules_next_dist_0u_w_5s._.js:1945
[   97761ms] [ERROR] ./components/motion/interactions.ts:3:1
Export setStyle doesn't exist in target module
  1 | import { animate } from "motion"
  2 | import { DUR, EASE } from "./tokens"
> 3 | import { setStyle, clearStyle } from "./dom"
    | ^^^^^^^^^^^^^^^^^^^^^^^^^^^^^^^^^^^^^^^^^^^^
  4 |
  5 | /**
  6 |  * Interactive behaviours — the layer that responds to input rather than to scroll.

The export setStyle was not found in module [project]/components/motion/dom.ts [app-client] (ecmascript).
Did you mean to import setStyles?
All exports of the module are statically known (It doesn't have dynamic exports). So it's known statically that the requested export doesn't exist.

Import traces:
  Client Component Browser:
    ./components/motion/interactions.ts [Client Component Browser]
    ./components/motion/anime-scope.tsx [Client Component Browser]
    ./components/motion/anime-scope.tsx [Server Component]
    ./app/[locale]/page.tsx [Server Component]

  Client Component SSR:
    ./components/motion/interactions.ts [Client Component SSR]
    ./components/motion/anime-scope.tsx [Client Component SSR]
    ./components/motion/anime-scope.tsx [Server Component]
    ./app/[locale]/page.tsx [Server Component] @ http://localhost:3000/_next/static/chunks/node_modules_next_dist_0u_w_5s._.js:1945
[   97761ms] [ERROR] ./components/motion/interactions.ts:3:1
Export setStyle doesn't exist in target module
  1 | import { animate } from "motion"
  2 | import { DUR, EASE } from "./tokens"
> 3 | import { setStyle, clearStyle } from "./dom"
    | ^^^^^^^^^^^^^^^^^^^^^^^^^^^^^^^^^^^^^^^^^^^^
  4 |
  5 | /**
  6 |  * Interactive behaviours — the layer that responds to input rather than to scroll.

The export setStyle was not found in module [project]/components/motion/dom.ts [app-ssr] (ecmascript).
Did you mean to import setStyles?
All exports of the module are statically known (It doesn't have dynamic exports). So it's known statically that the requested export doesn't exist.

Import traces:
  Client Component Browser:
    ./components/motion/interactions.ts [Client Component Browser]
    ./components/motion/anime-scope.tsx [Client Component Browser]
    ./components/motion/anime-scope.tsx [Server Component]
    ./app/[locale]/page.tsx [Server Component]

  Client Component SSR:
    ./components/motion/interactions.ts [Client Component SSR]
    ./components/motion/anime-scope.tsx [Client Component SSR]
    ./components/motion/anime-scope.tsx [Server Component]
    ./app/[locale]/page.tsx [Server Component] @ http://localhost:3000/_next/static/chunks/node_modules_next_dist_0u_w_5s._.js:1945
[   97822ms] [ERROR] ./components/motion/interactions.ts:3:1
Export setStyle doesn't exist in target module
  1 | import { animate } from "motion"
  2 | import { DUR, EASE } from "./tokens"
> 3 | import { setStyle, clearStyle } from "./dom"
    | ^^^^^^^^^^^^^^^^^^^^^^^^^^^^^^^^^^^^^^^^^^^^
  4 |
  5 | /**
  6 |  * Interactive behaviours — the layer that responds to input rather than to scroll.

The export setStyle was not found in module [project]/components/motion/dom.ts [app-client] (ecmascript).
Did you mean to import setStyles?
All exports of the module are statically known (It doesn't have dynamic exports). So it's known statically that the requested export doesn't exist.

Import traces:
  Client Component Browser:
    ./components/motion/interactions.ts [Client Component Browser]
    ./components/motion/anime-scope.tsx [Client Component Browser]
    ./components/motion/anime-scope.tsx [Server Component]
    ./app/[locale]/page.tsx [Server Component]

  Client Component SSR:
    ./components/motion/interactions.ts [Client Component SSR]
    ./components/motion/anime-scope.tsx [Client Component SSR]
    ./components/motion/anime-scope.tsx [Server Component]
    ./app/[locale]/page.tsx [Server Component] @ http://localhost:3000/_next/static/chunks/node_modules_next_dist_0u_w_5s._.js:1945
[   97822ms] [ERROR] ./components/motion/interactions.ts:3:1
Export setStyle doesn't exist in target module
  1 | import { animate } from "motion"
  2 | import { DUR, EASE } from "./tokens"
> 3 | import { setStyle, clearStyle } from "./dom"
    | ^^^^^^^^^^^^^^^^^^^^^^^^^^^^^^^^^^^^^^^^^^^^
  4 |
  5 | /**
  6 |  * Interactive behaviours — the layer that responds to input rather than to scroll.

The export setStyle was not found in module [project]/components/motion/dom.ts [app-ssr] (ecmascript).
Did you mean to import setStyles?
All exports of the module are statically known (It doesn't have dynamic exports). So it's known statically that the requested export doesn't exist.

Import traces:
  Client Component Browser:
    ./components/motion/interactions.ts [Client Component Browser]
    ./components/motion/anime-scope.tsx [Client Component Browser]
    ./components/motion/anime-scope.tsx [Server Component]
    ./app/[locale]/page.tsx [Server Component]

  Client Component SSR:
    ./components/motion/interactions.ts [Client Component SSR]
    ./components/motion/anime-scope.tsx [Client Component SSR]
    ./components/motion/anime-scope.tsx [Server Component]
    ./app/[locale]/page.tsx [Server Component] @ http://localhost:3000/_next/static/chunks/node_modules_next_dist_0u_w_5s._.js:1945
[   97883ms] [ERROR] ./components/motion/interactions.ts:3:1
Export setStyle doesn't exist in target module
  1 | import { animate } from "motion"
  2 | import { DUR, EASE } from "./tokens"
> 3 | import { setStyle, clearStyle } from "./dom"
    | ^^^^^^^^^^^^^^^^^^^^^^^^^^^^^^^^^^^^^^^^^^^^
  4 |
  5 | /**
  6 |  * Interactive behaviours — the layer that responds to input rather than to scroll.

The export setStyle was not found in module [project]/components/motion/dom.ts [app-client] (ecmascript).
Did you mean to import setStyles?
All exports of the module are statically known (It doesn't have dynamic exports). So it's known statically that the requested export doesn't exist.

Import traces:
  Client Component Browser:
    ./components/motion/interactions.ts [Client Component Browser]
    ./components/motion/anime-scope.tsx [Client Component Browser]
    ./components/motion/anime-scope.tsx [Server Component]
    ./app/[locale]/page.tsx [Server Component]

  Client Component SSR:
    ./components/motion/interactions.ts [Client Component SSR]
    ./components/motion/anime-scope.tsx [Client Component SSR]
    ./components/motion/anime-scope.tsx [Server Component]
    ./app/[locale]/page.tsx [Server Component] @ http://localhost:3000/_next/static/chunks/node_modules_next_dist_0u_w_5s._.js:1945
[   97883ms] [ERROR] ./components/motion/interactions.ts:3:1
Export setStyle doesn't exist in target module
  1 | import { animate } from "motion"
  2 | import { DUR, EASE } from "./tokens"
> 3 | import { setStyle, clearStyle } from "./dom"
    | ^^^^^^^^^^^^^^^^^^^^^^^^^^^^^^^^^^^^^^^^^^^^
  4 |
  5 | /**
  6 |  * Interactive behaviours — the layer that responds to input rather than to scroll.

The export setStyle was not found in module [project]/components/motion/dom.ts [app-ssr] (ecmascript).
Did you mean to import setStyles?
All exports of the module are statically known (It doesn't have dynamic exports). So it's known statically that the requested export doesn't exist.

Import traces:
  Client Component Browser:
    ./components/motion/interactions.ts [Client Component Browser]
    ./components/motion/anime-scope.tsx [Client Component Browser]
    ./components/motion/anime-scope.tsx [Server Component]
    ./app/[locale]/page.tsx [Server Component]

  Client Component SSR:
    ./components/motion/interactions.ts [Client Component SSR]
    ./components/motion/anime-scope.tsx [Client Component SSR]
    ./components/motion/anime-scope.tsx [Server Component]
    ./app/[locale]/page.tsx [Server Component] @ http://localhost:3000/_next/static/chunks/node_modules_next_dist_0u_w_5s._.js:1945
[   97943ms] [ERROR] ./components/motion/interactions.ts:3:1
Export setStyle doesn't exist in target module
  1 | import { animate } from "motion"
  2 | import { DUR, EASE } from "./tokens"
> 3 | import { setStyle, clearStyle } from "./dom"
    | ^^^^^^^^^^^^^^^^^^^^^^^^^^^^^^^^^^^^^^^^^^^^
  4 |
  5 | /**
  6 |  * Interactive behaviours — the layer that responds to input rather than to scroll.

The export setStyle was not found in module [project]/components/motion/dom.ts [app-client] (ecmascript).
Did you mean to import setStyles?
All exports of the module are statically known (It doesn't have dynamic exports). So it's known statically that the requested export doesn't exist.

Import traces:
  Client Component Browser:
    ./components/motion/interactions.ts [Client Component Browser]
    ./components/motion/anime-scope.tsx [Client Component Browser]
    ./components/motion/anime-scope.tsx [Server Component]
    ./app/[locale]/page.tsx [Server Component]

  Client Component SSR:
    ./components/motion/interactions.ts [Client Component SSR]
    ./components/motion/anime-scope.tsx [Client Component SSR]
    ./components/motion/anime-scope.tsx [Server Component]
    ./app/[locale]/page.tsx [Server Component] @ http://localhost:3000/_next/static/chunks/node_modules_next_dist_0u_w_5s._.js:1945
[   97943ms] [ERROR] ./components/motion/interactions.ts:3:1
Export setStyle doesn't exist in target module
  1 | import { animate } from "motion"
  2 | import { DUR, EASE } from "./tokens"
> 3 | import { setStyle, clearStyle } from "./dom"
    | ^^^^^^^^^^^^^^^^^^^^^^^^^^^^^^^^^^^^^^^^^^^^
  4 |
  5 | /**
  6 |  * Interactive behaviours — the layer that responds to input rather than to scroll.

The export setStyle was not found in module [project]/components/motion/dom.ts [app-ssr] (ecmascript).
Did you mean to import setStyles?
All exports of the module are statically known (It doesn't have dynamic exports). So it's known statically that the requested export doesn't exist.

Import traces:
  Client Component Browser:
    ./components/motion/interactions.ts [Client Component Browser]
    ./components/motion/anime-scope.tsx [Client Component Browser]
    ./components/motion/anime-scope.tsx [Server Component]
    ./app/[locale]/page.tsx [Server Component]

  Client Component SSR:
    ./components/motion/interactions.ts [Client Component SSR]
    ./components/motion/anime-scope.tsx [Client Component SSR]
    ./components/motion/anime-scope.tsx [Server Component]
    ./app/[locale]/page.tsx [Server Component] @ http://localhost:3000/_next/static/chunks/node_modules_next_dist_0u_w_5s._.js:1945
[   98003ms] [ERROR] ./components/motion/interactions.ts:3:1
Export setStyle doesn't exist in target module
  1 | import { animate } from "motion"
  2 | import { DUR, EASE } from "./tokens"
> 3 | import { setStyle, clearStyle } from "./dom"
    | ^^^^^^^^^^^^^^^^^^^^^^^^^^^^^^^^^^^^^^^^^^^^
  4 |
  5 | /**
  6 |  * Interactive behaviours — the layer that responds to input rather than to scroll.

The export setStyle was not found in module [project]/components/motion/dom.ts [app-client] (ecmascript).
Did you mean to import setStyles?
All exports of the module are statically known (It doesn't have dynamic exports). So it's known statically that the requested export doesn't exist.

Import traces:
  Client Component Browser:
    ./components/motion/interactions.ts [Client Component Browser]
    ./components/motion/anime-scope.tsx [Client Component Browser]
    ./components/motion/anime-scope.tsx [Server Component]
    ./app/[locale]/page.tsx [Server Component]

  Client Component SSR:
    ./components/motion/interactions.ts [Client Component SSR]
    ./components/motion/anime-scope.tsx [Client Component SSR]
    ./components/motion/anime-scope.tsx [Server Component]
    ./app/[locale]/page.tsx [Server Component] @ http://localhost:3000/_next/static/chunks/node_modules_next_dist_0u_w_5s._.js:1945
[   98003ms] [ERROR] ./components/motion/interactions.ts:3:1
Export setStyle doesn't exist in target module
  1 | import { animate } from "motion"
  2 | import { DUR, EASE } from "./tokens"
> 3 | import { setStyle, clearStyle } from "./dom"
    | ^^^^^^^^^^^^^^^^^^^^^^^^^^^^^^^^^^^^^^^^^^^^
  4 |
  5 | /**
  6 |  * Interactive behaviours — the layer that responds to input rather than to scroll.

The export setStyle was not found in module [project]/components/motion/dom.ts [app-ssr] (ecmascript).
Did you mean to import setStyles?
All exports of the module are statically known (It doesn't have dynamic exports). So it's known statically that the requested export doesn't exist.

Import traces:
  Client Component Browser:
    ./components/motion/interactions.ts [Client Component Browser]
    ./components/motion/anime-scope.tsx [Client Component Browser]
    ./components/motion/anime-scope.tsx [Server Component]
    ./app/[locale]/page.tsx [Server Component]

  Client Component SSR:
    ./components/motion/interactions.ts [Client Component SSR]
    ./components/motion/anime-scope.tsx [Client Component SSR]
    ./components/motion/anime-scope.tsx [Server Component]
    ./app/[locale]/page.tsx [Server Component] @ http://localhost:3000/_next/static/chunks/node_modules_next_dist_0u_w_5s._.js:1945
[   98065ms] [ERROR] ./components/motion/interactions.ts:3:1
Export setStyle doesn't exist in target module
  1 | import { animate } from "motion"
  2 | import { DUR, EASE } from "./tokens"
> 3 | import { setStyle, clearStyle } from "./dom"
    | ^^^^^^^^^^^^^^^^^^^^^^^^^^^^^^^^^^^^^^^^^^^^
  4 |
  5 | /**
  6 |  * Interactive behaviours — the layer that responds to input rather than to scroll.

The export setStyle was not found in module [project]/components/motion/dom.ts [app-client] (ecmascript).
Did you mean to import setStyles?
All exports of the module are statically known (It doesn't have dynamic exports). So it's known statically that the requested export doesn't exist.

Import traces:
  Client Component Browser:
    ./components/motion/interactions.ts [Client Component Browser]
    ./components/motion/anime-scope.tsx [Client Component Browser]
    ./components/motion/anime-scope.tsx [Server Component]
    ./app/[locale]/page.tsx [Server Component]

  Client Component SSR:
    ./components/motion/interactions.ts [Client Component SSR]
    ./components/motion/anime-scope.tsx [Client Component SSR]
    ./components/motion/anime-scope.tsx [Server Component]
    ./app/[locale]/page.tsx [Server Component] @ http://localhost:3000/_next/static/chunks/node_modules_next_dist_0u_w_5s._.js:1945
[   98065ms] [ERROR] ./components/motion/interactions.ts:3:1
Export setStyle doesn't exist in target module
  1 | import { animate } from "motion"
  2 | import { DUR, EASE } from "./tokens"
> 3 | import { setStyle, clearStyle } from "./dom"
    | ^^^^^^^^^^^^^^^^^^^^^^^^^^^^^^^^^^^^^^^^^^^^
  4 |
  5 | /**
  6 |  * Interactive behaviours — the layer that responds to input rather than to scroll.

The export setStyle was not found in module [project]/components/motion/dom.ts [app-ssr] (ecmascript).
Did you mean to import setStyles?
All exports of the module are statically known (It doesn't have dynamic exports). So it's known statically that the requested export doesn't exist.

Import traces:
  Client Component Browser:
    ./components/motion/interactions.ts [Client Component Browser]
    ./components/motion/anime-scope.tsx [Client Component Browser]
    ./components/motion/anime-scope.tsx [Server Component]
    ./app/[locale]/page.tsx [Server Component]

  Client Component SSR:
    ./components/motion/interactions.ts [Client Component SSR]
    ./components/motion/anime-scope.tsx [Client Component SSR]
    ./components/motion/anime-scope.tsx [Server Component]
    ./app/[locale]/page.tsx [Server Component] @ http://localhost:3000/_next/static/chunks/node_modules_next_dist_0u_w_5s._.js:1945
[   98128ms] [ERROR] ./components/motion/interactions.ts:3:1
Export setStyle doesn't exist in target module
  1 | import { animate } from "motion"
  2 | import { DUR, EASE } from "./tokens"
> 3 | import { setStyle, clearStyle } from "./dom"
    | ^^^^^^^^^^^^^^^^^^^^^^^^^^^^^^^^^^^^^^^^^^^^
  4 |
  5 | /**
  6 |  * Interactive behaviours — the layer that responds to input rather than to scroll.

The export setStyle was not found in module [project]/components/motion/dom.ts [app-client] (ecmascript).
Did you mean to import setStyles?
All exports of the module are statically known (It doesn't have dynamic exports). So it's known statically that the requested export doesn't exist.

Import traces:
  Client Component Browser:
    ./components/motion/interactions.ts [Client Component Browser]
    ./components/motion/anime-scope.tsx [Client Component Browser]
    ./components/motion/anime-scope.tsx [Server Component]
    ./app/[locale]/page.tsx [Server Component]

  Client Component SSR:
    ./components/motion/interactions.ts [Client Component SSR]
    ./components/motion/anime-scope.tsx [Client Component SSR]
    ./components/motion/anime-scope.tsx [Server Component]
    ./app/[locale]/page.tsx [Server Component] @ http://localhost:3000/_next/static/chunks/node_modules_next_dist_0u_w_5s._.js:1945
[   98128ms] [ERROR] ./components/motion/interactions.ts:3:1
Export setStyle doesn't exist in target module
  1 | import { animate } from "motion"
  2 | import { DUR, EASE } from "./tokens"
> 3 | import { setStyle, clearStyle } from "./dom"
    | ^^^^^^^^^^^^^^^^^^^^^^^^^^^^^^^^^^^^^^^^^^^^
  4 |
  5 | /**
  6 |  * Interactive behaviours — the layer that responds to input rather than to scroll.

The export setStyle was not found in module [project]/components/motion/dom.ts [app-ssr] (ecmascript).
Did you mean to import setStyles?
All exports of the module are statically known (It doesn't have dynamic exports). So it's known statically that the requested export doesn't exist.

Import traces:
  Client Component Browser:
    ./components/motion/interactions.ts [Client Component Browser]
    ./components/motion/anime-scope.tsx [Client Component Browser]
    ./components/motion/anime-scope.tsx [Server Component]
    ./app/[locale]/page.tsx [Server Component]

  Client Component SSR:
    ./components/motion/interactions.ts [Client Component SSR]
    ./components/motion/anime-scope.tsx [Client Component SSR]
    ./components/motion/anime-scope.tsx [Server Component]
    ./app/[locale]/page.tsx [Server Component] @ http://localhost:3000/_next/static/chunks/node_modules_next_dist_0u_w_5s._.js:1945
[   98187ms] [ERROR] ./components/motion/interactions.ts:3:1
Export setStyle doesn't exist in target module
  1 | import { animate } from "motion"
  2 | import { DUR, EASE } from "./tokens"
> 3 | import { setStyle, clearStyle } from "./dom"
    | ^^^^^^^^^^^^^^^^^^^^^^^^^^^^^^^^^^^^^^^^^^^^
  4 |
  5 | /**
  6 |  * Interactive behaviours — the layer that responds to input rather than to scroll.

The export setStyle was not found in module [project]/components/motion/dom.ts [app-client] (ecmascript).
Did you mean to import setStyles?
All exports of the module are statically known (It doesn't have dynamic exports). So it's known statically that the requested export doesn't exist.

Import traces:
  Client Component Browser:
    ./components/motion/interactions.ts [Client Component Browser]
    ./components/motion/anime-scope.tsx [Client Component Browser]
    ./components/motion/anime-scope.tsx [Server Component]
    ./app/[locale]/page.tsx [Server Component]

  Client Component SSR:
    ./components/motion/interactions.ts [Client Component SSR]
    ./components/motion/anime-scope.tsx [Client Component SSR]
    ./components/motion/anime-scope.tsx [Server Component]
    ./app/[locale]/page.tsx [Server Component] @ http://localhost:3000/_next/static/chunks/node_modules_next_dist_0u_w_5s._.js:1945
[   98187ms] [ERROR] ./components/motion/interactions.ts:3:1
Export setStyle doesn't exist in target module
  1 | import { animate } from "motion"
  2 | import { DUR, EASE } from "./tokens"
> 3 | import { setStyle, clearStyle } from "./dom"
    | ^^^^^^^^^^^^^^^^^^^^^^^^^^^^^^^^^^^^^^^^^^^^
  4 |
  5 | /**
  6 |  * Interactive behaviours — the layer that responds to input rather than to scroll.

The export setStyle was not found in module [project]/components/motion/dom.ts [app-ssr] (ecmascript).
Did you mean to import setStyles?
All exports of the module are statically known (It doesn't have dynamic exports). So it's known statically that the requested export doesn't exist.

Import traces:
  Client Component Browser:
    ./components/motion/interactions.ts [Client Component Browser]
    ./components/motion/anime-scope.tsx [Client Component Browser]
    ./components/motion/anime-scope.tsx [Server Component]
    ./app/[locale]/page.tsx [Server Component]

  Client Component SSR:
    ./components/motion/interactions.ts [Client Component SSR]
    ./components/motion/anime-scope.tsx [Client Component SSR]
    ./components/motion/anime-scope.tsx [Server Component]
    ./app/[locale]/page.tsx [Server Component] @ http://localhost:3000/_next/static/chunks/node_modules_next_dist_0u_w_5s._.js:1945
[   98250ms] [ERROR] ./components/motion/interactions.ts:3:1
Export setStyle doesn't exist in target module
  1 | import { animate } from "motion"
  2 | import { DUR, EASE } from "./tokens"
> 3 | import { setStyle, clearStyle } from "./dom"
    | ^^^^^^^^^^^^^^^^^^^^^^^^^^^^^^^^^^^^^^^^^^^^
  4 |
  5 | /**
  6 |  * Interactive behaviours — the layer that responds to input rather than to scroll.

The export setStyle was not found in module [project]/components/motion/dom.ts [app-client] (ecmascript).
Did you mean to import setStyles?
All exports of the module are statically known (It doesn't have dynamic exports). So it's known statically that the requested export doesn't exist.

Import traces:
  Client Component Browser:
    ./components/motion/interactions.ts [Client Component Browser]
    ./components/motion/anime-scope.tsx [Client Component Browser]
    ./components/motion/anime-scope.tsx [Server Component]
    ./app/[locale]/page.tsx [Server Component]

  Client Component SSR:
    ./components/motion/interactions.ts [Client Component SSR]
    ./components/motion/anime-scope.tsx [Client Component SSR]
    ./components/motion/anime-scope.tsx [Server Component]
    ./app/[locale]/page.tsx [Server Component] @ http://localhost:3000/_next/static/chunks/node_modules_next_dist_0u_w_5s._.js:1945
[   98250ms] [ERROR] ./components/motion/interactions.ts:3:1
Export setStyle doesn't exist in target module
  1 | import { animate } from "motion"
  2 | import { DUR, EASE } from "./tokens"
> 3 | import { setStyle, clearStyle } from "./dom"
    | ^^^^^^^^^^^^^^^^^^^^^^^^^^^^^^^^^^^^^^^^^^^^
  4 |
  5 | /**
  6 |  * Interactive behaviours — the layer that responds to input rather than to scroll.

The export setStyle was not found in module [project]/components/motion/dom.ts [app-ssr] (ecmascript).
Did you mean to import setStyles?
All exports of the module are statically known (It doesn't have dynamic exports). So it's known statically that the requested export doesn't exist.

Import traces:
  Client Component Browser:
    ./components/motion/interactions.ts [Client Component Browser]
    ./components/motion/anime-scope.tsx [Client Component Browser]
    ./components/motion/anime-scope.tsx [Server Component]
    ./app/[locale]/page.tsx [Server Component]

  Client Component SSR:
    ./components/motion/interactions.ts [Client Component SSR]
    ./components/motion/anime-scope.tsx [Client Component SSR]
    ./components/motion/anime-scope.tsx [Server Component]
    ./app/[locale]/page.tsx [Server Component] @ http://localhost:3000/_next/static/chunks/node_modules_next_dist_0u_w_5s._.js:1945
[   98312ms] [ERROR] ./components/motion/interactions.ts:3:1
Export setStyle doesn't exist in target module
  1 | import { animate } from "motion"
  2 | import { DUR, EASE } from "./tokens"
> 3 | import { setStyle, clearStyle } from "./dom"
    | ^^^^^^^^^^^^^^^^^^^^^^^^^^^^^^^^^^^^^^^^^^^^
  4 |
  5 | /**
  6 |  * Interactive behaviours — the layer that responds to input rather than to scroll.

The export setStyle was not found in module [project]/components/motion/dom.ts [app-client] (ecmascript).
Did you mean to import setStyles?
All exports of the module are statically known (It doesn't have dynamic exports). So it's known statically that the requested export doesn't exist.

Import traces:
  Client Component Browser:
    ./components/motion/interactions.ts [Client Component Browser]
    ./components/motion/anime-scope.tsx [Client Component Browser]
    ./components/motion/anime-scope.tsx [Server Component]
    ./app/[locale]/page.tsx [Server Component]

  Client Component SSR:
    ./components/motion/interactions.ts [Client Component SSR]
    ./components/motion/anime-scope.tsx [Client Component SSR]
    ./components/motion/anime-scope.tsx [Server Component]
    ./app/[locale]/page.tsx [Server Component] @ http://localhost:3000/_next/static/chunks/node_modules_next_dist_0u_w_5s._.js:1945
[   98312ms] [ERROR] ./components/motion/interactions.ts:3:1
Export setStyle doesn't exist in target module
  1 | import { animate } from "motion"
  2 | import { DUR, EASE } from "./tokens"
> 3 | import { setStyle, clearStyle } from "./dom"
    | ^^^^^^^^^^^^^^^^^^^^^^^^^^^^^^^^^^^^^^^^^^^^
  4 |
  5 | /**
  6 |  * Interactive behaviours — the layer that responds to input rather than to scroll.

The export setStyle was not found in module [project]/components/motion/dom.ts [app-ssr] (ecmascript).
Did you mean to import setStyles?
All exports of the module are statically known (It doesn't have dynamic exports). So it's known statically that the requested export doesn't exist.

Import traces:
  Client Component Browser:
    ./components/motion/interactions.ts [Client Component Browser]
    ./components/motion/anime-scope.tsx [Client Component Browser]
    ./components/motion/anime-scope.tsx [Server Component]
    ./app/[locale]/page.tsx [Server Component]

  Client Component SSR:
    ./components/motion/interactions.ts [Client Component SSR]
    ./components/motion/anime-scope.tsx [Client Component SSR]
    ./components/motion/anime-scope.tsx [Server Component]
    ./app/[locale]/page.tsx [Server Component] @ http://localhost:3000/_next/static/chunks/node_modules_next_dist_0u_w_5s._.js:1945
[   98373ms] [ERROR] ./components/motion/interactions.ts:3:1
Export setStyle doesn't exist in target module
  1 | import { animate } from "motion"
  2 | import { DUR, EASE } from "./tokens"
> 3 | import { setStyle, clearStyle } from "./dom"
    | ^^^^^^^^^^^^^^^^^^^^^^^^^^^^^^^^^^^^^^^^^^^^
  4 |
  5 | /**
  6 |  * Interactive behaviours — the layer that responds to input rather than to scroll.

The export setStyle was not found in module [project]/components/motion/dom.ts [app-client] (ecmascript).
Did you mean to import setStyles?
All exports of the module are statically known (It doesn't have dynamic exports). So it's known statically that the requested export doesn't exist.

Import traces:
  Client Component Browser:
    ./components/motion/interactions.ts [Client Component Browser]
    ./components/motion/anime-scope.tsx [Client Component Browser]
    ./components/motion/anime-scope.tsx [Server Component]
    ./app/[locale]/page.tsx [Server Component]

  Client Component SSR:
    ./components/motion/interactions.ts [Client Component SSR]
    ./components/motion/anime-scope.tsx [Client Component SSR]
    ./components/motion/anime-scope.tsx [Server Component]
    ./app/[locale]/page.tsx [Server Component] @ http://localhost:3000/_next/static/chunks/node_modules_next_dist_0u_w_5s._.js:1945
[   98373ms] [ERROR] ./components/motion/interactions.ts:3:1
Export setStyle doesn't exist in target module
  1 | import { animate } from "motion"
  2 | import { DUR, EASE } from "./tokens"
> 3 | import { setStyle, clearStyle } from "./dom"
    | ^^^^^^^^^^^^^^^^^^^^^^^^^^^^^^^^^^^^^^^^^^^^
  4 |
  5 | /**
  6 |  * Interactive behaviours — the layer that responds to input rather than to scroll.

The export setStyle was not found in module [project]/components/motion/dom.ts [app-ssr] (ecmascript).
Did you mean to import setStyles?
All exports of the module are statically known (It doesn't have dynamic exports). So it's known statically that the requested export doesn't exist.

Import traces:
  Client Component Browser:
    ./components/motion/interactions.ts [Client Component Browser]
    ./components/motion/anime-scope.tsx [Client Component Browser]
    ./components/motion/anime-scope.tsx [Server Component]
    ./app/[locale]/page.tsx [Server Component]

  Client Component SSR:
    ./components/motion/interactions.ts [Client Component SSR]
    ./components/motion/anime-scope.tsx [Client Component SSR]
    ./components/motion/anime-scope.tsx [Server Component]
    ./app/[locale]/page.tsx [Server Component] @ http://localhost:3000/_next/static/chunks/node_modules_next_dist_0u_w_5s._.js:1945
[   98435ms] [ERROR] ./components/motion/interactions.ts:3:1
Export setStyle doesn't exist in target module
  1 | import { animate } from "motion"
  2 | import { DUR, EASE } from "./tokens"
> 3 | import { setStyle, clearStyle } from "./dom"
    | ^^^^^^^^^^^^^^^^^^^^^^^^^^^^^^^^^^^^^^^^^^^^
  4 |
  5 | /**
  6 |  * Interactive behaviours — the layer that responds to input rather than to scroll.

The export setStyle was not found in module [project]/components/motion/dom.ts [app-client] (ecmascript).
Did you mean to import setStyles?
All exports of the module are statically known (It doesn't have dynamic exports). So it's known statically that the requested export doesn't exist.

Import traces:
  Client Component Browser:
    ./components/motion/interactions.ts [Client Component Browser]
    ./components/motion/anime-scope.tsx [Client Component Browser]
    ./components/motion/anime-scope.tsx [Server Component]
    ./app/[locale]/page.tsx [Server Component]

  Client Component SSR:
    ./components/motion/interactions.ts [Client Component SSR]
    ./components/motion/anime-scope.tsx [Client Component SSR]
    ./components/motion/anime-scope.tsx [Server Component]
    ./app/[locale]/page.tsx [Server Component] @ http://localhost:3000/_next/static/chunks/node_modules_next_dist_0u_w_5s._.js:1945
[   98435ms] [ERROR] ./components/motion/interactions.ts:3:1
Export setStyle doesn't exist in target module
  1 | import { animate } from "motion"
  2 | import { DUR, EASE } from "./tokens"
> 3 | import { setStyle, clearStyle } from "./dom"
    | ^^^^^^^^^^^^^^^^^^^^^^^^^^^^^^^^^^^^^^^^^^^^
  4 |
  5 | /**
  6 |  * Interactive behaviours — the layer that responds to input rather than to scroll.

The export setStyle was not found in module [project]/components/motion/dom.ts [app-ssr] (ecmascript).
Did you mean to import setStyles?
All exports of the module are statically known (It doesn't have dynamic exports). So it's known statically that the requested export doesn't exist.

Import traces:
  Client Component Browser:
    ./components/motion/interactions.ts [Client Component Browser]
    ./components/motion/anime-scope.tsx [Client Component Browser]
    ./components/motion/anime-scope.tsx [Server Component]
    ./app/[locale]/page.tsx [Server Component]

  Client Component SSR:
    ./components/motion/interactions.ts [Client Component SSR]
    ./components/motion/anime-scope.tsx [Client Component SSR]
    ./components/motion/anime-scope.tsx [Server Component]
    ./app/[locale]/page.tsx [Server Component] @ http://localhost:3000/_next/static/chunks/node_modules_next_dist_0u_w_5s._.js:1945
[   98496ms] [ERROR] ./components/motion/interactions.ts:3:1
Export setStyle doesn't exist in target module
  1 | import { animate } from "motion"
  2 | import { DUR, EASE } from "./tokens"
> 3 | import { setStyle, clearStyle } from "./dom"
    | ^^^^^^^^^^^^^^^^^^^^^^^^^^^^^^^^^^^^^^^^^^^^
  4 |
  5 | /**
  6 |  * Interactive behaviours — the layer that responds to input rather than to scroll.

The export setStyle was not found in module [project]/components/motion/dom.ts [app-client] (ecmascript).
Did you mean to import setStyles?
All exports of the module are statically known (It doesn't have dynamic exports). So it's known statically that the requested export doesn't exist.

Import traces:
  Client Component Browser:
    ./components/motion/interactions.ts [Client Component Browser]
    ./components/motion/anime-scope.tsx [Client Component Browser]
    ./components/motion/anime-scope.tsx [Server Component]
    ./app/[locale]/page.tsx [Server Component]

  Client Component SSR:
    ./components/motion/interactions.ts [Client Component SSR]
    ./components/motion/anime-scope.tsx [Client Component SSR]
    ./components/motion/anime-scope.tsx [Server Component]
    ./app/[locale]/page.tsx [Server Component] @ http://localhost:3000/_next/static/chunks/node_modules_next_dist_0u_w_5s._.js:1945
[   98496ms] [ERROR] ./components/motion/interactions.ts:3:1
Export setStyle doesn't exist in target module
  1 | import { animate } from "motion"
  2 | import { DUR, EASE } from "./tokens"
> 3 | import { setStyle, clearStyle } from "./dom"
    | ^^^^^^^^^^^^^^^^^^^^^^^^^^^^^^^^^^^^^^^^^^^^
  4 |
  5 | /**
  6 |  * Interactive behaviours — the layer that responds to input rather than to scroll.

The export setStyle was not found in module [project]/components/motion/dom.ts [app-ssr] (ecmascript).
Did you mean to import setStyles?
All exports of the module are statically known (It doesn't have dynamic exports). So it's known statically that the requested export doesn't exist.

Import traces:
  Client Component Browser:
    ./components/motion/interactions.ts [Client Component Browser]
    ./components/motion/anime-scope.tsx [Client Component Browser]
    ./components/motion/anime-scope.tsx [Server Component]
    ./app/[locale]/page.tsx [Server Component]

  Client Component SSR:
    ./components/motion/interactions.ts [Client Component SSR]
    ./components/motion/anime-scope.tsx [Client Component SSR]
    ./components/motion/anime-scope.tsx [Server Component]
    ./app/[locale]/page.tsx [Server Component] @ http://localhost:3000/_next/static/chunks/node_modules_next_dist_0u_w_5s._.js:1945
[   98557ms] [ERROR] ./components/motion/interactions.ts:3:1
Export setStyle doesn't exist in target module
  1 | import { animate } from "motion"
  2 | import { DUR, EASE } from "./tokens"
> 3 | import { setStyle, clearStyle } from "./dom"
    | ^^^^^^^^^^^^^^^^^^^^^^^^^^^^^^^^^^^^^^^^^^^^
  4 |
  5 | /**
  6 |  * Interactive behaviours — the layer that responds to input rather than to scroll.

The export setStyle was not found in module [project]/components/motion/dom.ts [app-client] (ecmascript).
Did you mean to import setStyles?
All exports of the module are statically known (It doesn't have dynamic exports). So it's known statically that the requested export doesn't exist.

Import traces:
  Client Component Browser:
    ./components/motion/interactions.ts [Client Component Browser]
    ./components/motion/anime-scope.tsx [Client Component Browser]
    ./components/motion/anime-scope.tsx [Server Component]
    ./app/[locale]/page.tsx [Server Component]

  Client Component SSR:
    ./components/motion/interactions.ts [Client Component SSR]
    ./components/motion/anime-scope.tsx [Client Component SSR]
    ./components/motion/anime-scope.tsx [Server Component]
    ./app/[locale]/page.tsx [Server Component] @ http://localhost:3000/_next/static/chunks/node_modules_next_dist_0u_w_5s._.js:1945
[   98557ms] [ERROR] ./components/motion/interactions.ts:3:1
Export setStyle doesn't exist in target module
  1 | import { animate } from "motion"
  2 | import { DUR, EASE } from "./tokens"
> 3 | import { setStyle, clearStyle } from "./dom"
    | ^^^^^^^^^^^^^^^^^^^^^^^^^^^^^^^^^^^^^^^^^^^^
  4 |
  5 | /**
  6 |  * Interactive behaviours — the layer that responds to input rather than to scroll.

The export setStyle was not found in module [project]/components/motion/dom.ts [app-ssr] (ecmascript).
Did you mean to import setStyles?
All exports of the module are statically known (It doesn't have dynamic exports). So it's known statically that the requested export doesn't exist.

Import traces:
  Client Component Browser:
    ./components/motion/interactions.ts [Client Component Browser]
    ./components/motion/anime-scope.tsx [Client Component Browser]
    ./components/motion/anime-scope.tsx [Server Component]
    ./app/[locale]/page.tsx [Server Component]

  Client Component SSR:
    ./components/motion/interactions.ts [Client Component SSR]
    ./components/motion/anime-scope.tsx [Client Component SSR]
    ./components/motion/anime-scope.tsx [Server Component]
    ./app/[locale]/page.tsx [Server Component] @ http://localhost:3000/_next/static/chunks/node_modules_next_dist_0u_w_5s._.js:1945
[   98618ms] [ERROR] ./components/motion/interactions.ts:3:1
Export setStyle doesn't exist in target module
  1 | import { animate } from "motion"
  2 | import { DUR, EASE } from "./tokens"
> 3 | import { setStyle, clearStyle } from "./dom"
    | ^^^^^^^^^^^^^^^^^^^^^^^^^^^^^^^^^^^^^^^^^^^^
  4 |
  5 | /**
  6 |  * Interactive behaviours — the layer that responds to input rather than to scroll.

The export setStyle was not found in module [project]/components/motion/dom.ts [app-client] (ecmascript).
Did you mean to import setStyles?
All exports of the module are statically known (It doesn't have dynamic exports). So it's known statically that the requested export doesn't exist.

Import traces:
  Client Component Browser:
    ./components/motion/interactions.ts [Client Component Browser]
    ./components/motion/anime-scope.tsx [Client Component Browser]
    ./components/motion/anime-scope.tsx [Server Component]
    ./app/[locale]/page.tsx [Server Component]

  Client Component SSR:
    ./components/motion/interactions.ts [Client Component SSR]
    ./components/motion/anime-scope.tsx [Client Component SSR]
    ./components/motion/anime-scope.tsx [Server Component]
    ./app/[locale]/page.tsx [Server Component] @ http://localhost:3000/_next/static/chunks/node_modules_next_dist_0u_w_5s._.js:1945
[   98618ms] [ERROR] ./components/motion/interactions.ts:3:1
Export setStyle doesn't exist in target module
  1 | import { animate } from "motion"
  2 | import { DUR, EASE } from "./tokens"
> 3 | import { setStyle, clearStyle } from "./dom"
    | ^^^^^^^^^^^^^^^^^^^^^^^^^^^^^^^^^^^^^^^^^^^^
  4 |
  5 | /**
  6 |  * Interactive behaviours — the layer that responds to input rather than to scroll.

The export setStyle was not found in module [project]/components/motion/dom.ts [app-ssr] (ecmascript).
Did you mean to import setStyles?
All exports of the module are statically known (It doesn't have dynamic exports). So it's known statically that the requested export doesn't exist.

Import traces:
  Client Component Browser:
    ./components/motion/interactions.ts [Client Component Browser]
    ./components/motion/anime-scope.tsx [Client Component Browser]
    ./components/motion/anime-scope.tsx [Server Component]
    ./app/[locale]/page.tsx [Server Component]

  Client Component SSR:
    ./components/motion/interactions.ts [Client Component SSR]
    ./components/motion/anime-scope.tsx [Client Component SSR]
    ./components/motion/anime-scope.tsx [Server Component]
    ./app/[locale]/page.tsx [Server Component] @ http://localhost:3000/_next/static/chunks/node_modules_next_dist_0u_w_5s._.js:1945
[   98679ms] [ERROR] ./components/motion/interactions.ts:3:1
Export setStyle doesn't exist in target module
  1 | import { animate } from "motion"
  2 | import { DUR, EASE } from "./tokens"
> 3 | import { setStyle, clearStyle } from "./dom"
    | ^^^^^^^^^^^^^^^^^^^^^^^^^^^^^^^^^^^^^^^^^^^^
  4 |
  5 | /**
  6 |  * Interactive behaviours — the layer that responds to input rather than to scroll.

The export setStyle was not found in module [project]/components/motion/dom.ts [app-client] (ecmascript).
Did you mean to import setStyles?
All exports of the module are statically known (It doesn't have dynamic exports). So it's known statically that the requested export doesn't exist.

Import traces:
  Client Component Browser:
    ./components/motion/interactions.ts [Client Component Browser]
    ./components/motion/anime-scope.tsx [Client Component Browser]
    ./components/motion/anime-scope.tsx [Server Component]
    ./app/[locale]/page.tsx [Server Component]

  Client Component SSR:
    ./components/motion/interactions.ts [Client Component SSR]
    ./components/motion/anime-scope.tsx [Client Component SSR]
    ./components/motion/anime-scope.tsx [Server Component]
    ./app/[locale]/page.tsx [Server Component] @ http://localhost:3000/_next/static/chunks/node_modules_next_dist_0u_w_5s._.js:1945
[   98680ms] [ERROR] ./components/motion/interactions.ts:3:1
Export setStyle doesn't exist in target module
  1 | import { animate } from "motion"
  2 | import { DUR, EASE } from "./tokens"
> 3 | import { setStyle, clearStyle } from "./dom"
    | ^^^^^^^^^^^^^^^^^^^^^^^^^^^^^^^^^^^^^^^^^^^^
  4 |
  5 | /**
  6 |  * Interactive behaviours — the layer that responds to input rather than to scroll.

The export setStyle was not found in module [project]/components/motion/dom.ts [app-ssr] (ecmascript).
Did you mean to import setStyles?
All exports of the module are statically known (It doesn't have dynamic exports). So it's known statically that the requested export doesn't exist.

Import traces:
  Client Component Browser:
    ./components/motion/interactions.ts [Client Component Browser]
    ./components/motion/anime-scope.tsx [Client Component Browser]
    ./components/motion/anime-scope.tsx [Server Component]
    ./app/[locale]/page.tsx [Server Component]

  Client Component SSR:
    ./components/motion/interactions.ts [Client Component SSR]
    ./components/motion/anime-scope.tsx [Client Component SSR]
    ./components/motion/anime-scope.tsx [Server Component]
    ./app/[locale]/page.tsx [Server Component] @ http://localhost:3000/_next/static/chunks/node_modules_next_dist_0u_w_5s._.js:1945
[   98741ms] [ERROR] ./components/motion/interactions.ts:3:1
Export setStyle doesn't exist in target module
  1 | import { animate } from "motion"
  2 | import { DUR, EASE } from "./tokens"
> 3 | import { setStyle, clearStyle } from "./dom"
    | ^^^^^^^^^^^^^^^^^^^^^^^^^^^^^^^^^^^^^^^^^^^^
  4 |
  5 | /**
  6 |  * Interactive behaviours — the layer that responds to input rather than to scroll.

The export setStyle was not found in module [project]/components/motion/dom.ts [app-client] (ecmascript).
Did you mean to import setStyles?
All exports of the module are statically known (It doesn't have dynamic exports). So it's known statically that the requested export doesn't exist.

Import traces:
  Client Component Browser:
    ./components/motion/interactions.ts [Client Component Browser]
    ./components/motion/anime-scope.tsx [Client Component Browser]
    ./components/motion/anime-scope.tsx [Server Component]
    ./app/[locale]/page.tsx [Server Component]

  Client Component SSR:
    ./components/motion/interactions.ts [Client Component SSR]
    ./components/motion/anime-scope.tsx [Client Component SSR]
    ./components/motion/anime-scope.tsx [Server Component]
    ./app/[locale]/page.tsx [Server Component] @ http://localhost:3000/_next/static/chunks/node_modules_next_dist_0u_w_5s._.js:1945
[   98741ms] [ERROR] ./components/motion/interactions.ts:3:1
Export setStyle doesn't exist in target module
  1 | import { animate } from "motion"
  2 | import { DUR, EASE } from "./tokens"
> 3 | import { setStyle, clearStyle } from "./dom"
    | ^^^^^^^^^^^^^^^^^^^^^^^^^^^^^^^^^^^^^^^^^^^^
  4 |
  5 | /**
  6 |  * Interactive behaviours — the layer that responds to input rather than to scroll.

The export setStyle was not found in module [project]/components/motion/dom.ts [app-ssr] (ecmascript).
Did you mean to import setStyles?
All exports of the module are statically known (It doesn't have dynamic exports). So it's known statically that the requested export doesn't exist.

Import traces:
  Client Component Browser:
    ./components/motion/interactions.ts [Client Component Browser]
    ./components/motion/anime-scope.tsx [Client Component Browser]
    ./components/motion/anime-scope.tsx [Server Component]
    ./app/[locale]/page.tsx [Server Component]

  Client Component SSR:
    ./components/motion/interactions.ts [Client Component SSR]
    ./components/motion/anime-scope.tsx [Client Component SSR]
    ./components/motion/anime-scope.tsx [Server Component]
    ./app/[locale]/page.tsx [Server Component] @ http://localhost:3000/_next/static/chunks/node_modules_next_dist_0u_w_5s._.js:1945
[   98802ms] [ERROR] ./components/motion/interactions.ts:3:1
Export setStyle doesn't exist in target module
  1 | import { animate } from "motion"
  2 | import { DUR, EASE } from "./tokens"
> 3 | import { setStyle, clearStyle } from "./dom"
    | ^^^^^^^^^^^^^^^^^^^^^^^^^^^^^^^^^^^^^^^^^^^^
  4 |
  5 | /**
  6 |  * Interactive behaviours — the layer that responds to input rather than to scroll.

The export setStyle was not found in module [project]/components/motion/dom.ts [app-client] (ecmascript).
Did you mean to import setStyles?
All exports of the module are statically known (It doesn't have dynamic exports). So it's known statically that the requested export doesn't exist.

Import traces:
  Client Component Browser:
    ./components/motion/interactions.ts [Client Component Browser]
    ./components/motion/anime-scope.tsx [Client Component Browser]
    ./components/motion/anime-scope.tsx [Server Component]
    ./app/[locale]/page.tsx [Server Component]

  Client Component SSR:
    ./components/motion/interactions.ts [Client Component SSR]
    ./components/motion/anime-scope.tsx [Client Component SSR]
    ./components/motion/anime-scope.tsx [Server Component]
    ./app/[locale]/page.tsx [Server Component] @ http://localhost:3000/_next/static/chunks/node_modules_next_dist_0u_w_5s._.js:1945
[   98802ms] [ERROR] ./components/motion/interactions.ts:3:1
Export setStyle doesn't exist in target module
  1 | import { animate } from "motion"
  2 | import { DUR, EASE } from "./tokens"
> 3 | import { setStyle, clearStyle } from "./dom"
    | ^^^^^^^^^^^^^^^^^^^^^^^^^^^^^^^^^^^^^^^^^^^^
  4 |
  5 | /**
  6 |  * Interactive behaviours — the layer that responds to input rather than to scroll.

The export setStyle was not found in module [project]/components/motion/dom.ts [app-ssr] (ecmascript).
Did you mean to import setStyles?
All exports of the module are statically known (It doesn't have dynamic exports). So it's known statically that the requested export doesn't exist.

Import traces:
  Client Component Browser:
    ./components/motion/interactions.ts [Client Component Browser]
    ./components/motion/anime-scope.tsx [Client Component Browser]
    ./components/motion/anime-scope.tsx [Server Component]
    ./app/[locale]/page.tsx [Server Component]

  Client Component SSR:
    ./components/motion/interactions.ts [Client Component SSR]
    ./components/motion/anime-scope.tsx [Client Component SSR]
    ./components/motion/anime-scope.tsx [Server Component]
    ./app/[locale]/page.tsx [Server Component] @ http://localhost:3000/_next/static/chunks/node_modules_next_dist_0u_w_5s._.js:1945
[   98863ms] [ERROR] ./components/motion/interactions.ts:3:1
Export setStyle doesn't exist in target module
  1 | import { animate } from "motion"
  2 | import { DUR, EASE } from "./tokens"
> 3 | import { setStyle, clearStyle } from "./dom"
    | ^^^^^^^^^^^^^^^^^^^^^^^^^^^^^^^^^^^^^^^^^^^^
  4 |
  5 | /**
  6 |  * Interactive behaviours — the layer that responds to input rather than to scroll.

The export setStyle was not found in module [project]/components/motion/dom.ts [app-client] (ecmascript).
Did you mean to import setStyles?
All exports of the module are statically known (It doesn't have dynamic exports). So it's known statically that the requested export doesn't exist.

Import traces:
  Client Component Browser:
    ./components/motion/interactions.ts [Client Component Browser]
    ./components/motion/anime-scope.tsx [Client Component Browser]
    ./components/motion/anime-scope.tsx [Server Component]
    ./app/[locale]/page.tsx [Server Component]

  Client Component SSR:
    ./components/motion/interactions.ts [Client Component SSR]
    ./components/motion/anime-scope.tsx [Client Component SSR]
    ./components/motion/anime-scope.tsx [Server Component]
    ./app/[locale]/page.tsx [Server Component] @ http://localhost:3000/_next/static/chunks/node_modules_next_dist_0u_w_5s._.js:1945
[   98864ms] [ERROR] ./components/motion/interactions.ts:3:1
Export setStyle doesn't exist in target module
  1 | import { animate } from "motion"
  2 | import { DUR, EASE } from "./tokens"
> 3 | import { setStyle, clearStyle } from "./dom"
    | ^^^^^^^^^^^^^^^^^^^^^^^^^^^^^^^^^^^^^^^^^^^^
  4 |
  5 | /**
  6 |  * Interactive behaviours — the layer that responds to input rather than to scroll.

The export setStyle was not found in module [project]/components/motion/dom.ts [app-ssr] (ecmascript).
Did you mean to import setStyles?
All exports of the module are statically known (It doesn't have dynamic exports). So it's known statically that the requested export doesn't exist.

Import traces:
  Client Component Browser:
    ./components/motion/interactions.ts [Client Component Browser]
    ./components/motion/anime-scope.tsx [Client Component Browser]
    ./components/motion/anime-scope.tsx [Server Component]
    ./app/[locale]/page.tsx [Server Component]

  Client Component SSR:
    ./components/motion/interactions.ts [Client Component SSR]
    ./components/motion/anime-scope.tsx [Client Component SSR]
    ./components/motion/anime-scope.tsx [Server Component]
    ./app/[locale]/page.tsx [Server Component] @ http://localhost:3000/_next/static/chunks/node_modules_next_dist_0u_w_5s._.js:1945
[   98924ms] [ERROR] ./components/motion/interactions.ts:3:1
Export setStyle doesn't exist in target module
  1 | import { animate } from "motion"
  2 | import { DUR, EASE } from "./tokens"
> 3 | import { setStyle, clearStyle } from "./dom"
    | ^^^^^^^^^^^^^^^^^^^^^^^^^^^^^^^^^^^^^^^^^^^^
  4 |
  5 | /**
  6 |  * Interactive behaviours — the layer that responds to input rather than to scroll.

The export setStyle was not found in module [project]/components/motion/dom.ts [app-client] (ecmascript).
Did you mean to import setStyles?
All exports of the module are statically known (It doesn't have dynamic exports). So it's known statically that the requested export doesn't exist.

Import traces:
  Client Component Browser:
    ./components/motion/interactions.ts [Client Component Browser]
    ./components/motion/anime-scope.tsx [Client Component Browser]
    ./components/motion/anime-scope.tsx [Server Component]
    ./app/[locale]/page.tsx [Server Component]

  Client Component SSR:
    ./components/motion/interactions.ts [Client Component SSR]
    ./components/motion/anime-scope.tsx [Client Component SSR]
    ./components/motion/anime-scope.tsx [Server Component]
    ./app/[locale]/page.tsx [Server Component] @ http://localhost:3000/_next/static/chunks/node_modules_next_dist_0u_w_5s._.js:1945
[   98925ms] [ERROR] ./components/motion/interactions.ts:3:1
Export setStyle doesn't exist in target module
  1 | import { animate } from "motion"
  2 | import { DUR, EASE } from "./tokens"
> 3 | import { setStyle, clearStyle } from "./dom"
    | ^^^^^^^^^^^^^^^^^^^^^^^^^^^^^^^^^^^^^^^^^^^^
  4 |
  5 | /**
  6 |  * Interactive behaviours — the layer that responds to input rather than to scroll.

The export setStyle was not found in module [project]/components/motion/dom.ts [app-ssr] (ecmascript).
Did you mean to import setStyles?
All exports of the module are statically known (It doesn't have dynamic exports). So it's known statically that the requested export doesn't exist.

Import traces:
  Client Component Browser:
    ./components/motion/interactions.ts [Client Component Browser]
    ./components/motion/anime-scope.tsx [Client Component Browser]
    ./components/motion/anime-scope.tsx [Server Component]
    ./app/[locale]/page.tsx [Server Component]

  Client Component SSR:
    ./components/motion/interactions.ts [Client Component SSR]
    ./components/motion/anime-scope.tsx [Client Component SSR]
    ./components/motion/anime-scope.tsx [Server Component]
    ./app/[locale]/page.tsx [Server Component] @ http://localhost:3000/_next/static/chunks/node_modules_next_dist_0u_w_5s._.js:1945
[   98985ms] [ERROR] ./components/motion/interactions.ts:3:1
Export setStyle doesn't exist in target module
  1 | import { animate } from "motion"
  2 | import { DUR, EASE } from "./tokens"
> 3 | import { setStyle, clearStyle } from "./dom"
    | ^^^^^^^^^^^^^^^^^^^^^^^^^^^^^^^^^^^^^^^^^^^^
  4 |
  5 | /**
  6 |  * Interactive behaviours — the layer that responds to input rather than to scroll.

The export setStyle was not found in module [project]/components/motion/dom.ts [app-client] (ecmascript).
Did you mean to import setStyles?
All exports of the module are statically known (It doesn't have dynamic exports). So it's known statically that the requested export doesn't exist.

Import traces:
  Client Component Browser:
    ./components/motion/interactions.ts [Client Component Browser]
    ./components/motion/anime-scope.tsx [Client Component Browser]
    ./components/motion/anime-scope.tsx [Server Component]
    ./app/[locale]/page.tsx [Server Component]

  Client Component SSR:
    ./components/motion/interactions.ts [Client Component SSR]
    ./components/motion/anime-scope.tsx [Client Component SSR]
    ./components/motion/anime-scope.tsx [Server Component]
    ./app/[locale]/page.tsx [Server Component] @ http://localhost:3000/_next/static/chunks/node_modules_next_dist_0u_w_5s._.js:1945
[   98985ms] [ERROR] ./components/motion/interactions.ts:3:1
Export setStyle doesn't exist in target module
  1 | import { animate } from "motion"
  2 | import { DUR, EASE } from "./tokens"
> 3 | import { setStyle, clearStyle } from "./dom"
    | ^^^^^^^^^^^^^^^^^^^^^^^^^^^^^^^^^^^^^^^^^^^^
  4 |
  5 | /**
  6 |  * Interactive behaviours — the layer that responds to input rather than to scroll.

The export setStyle was not found in module [project]/components/motion/dom.ts [app-ssr] (ecmascript).
Did you mean to import setStyles?
All exports of the module are statically known (It doesn't have dynamic exports). So it's known statically that the requested export doesn't exist.

Import traces:
  Client Component Browser:
    ./components/motion/interactions.ts [Client Component Browser]
    ./components/motion/anime-scope.tsx [Client Component Browser]
    ./components/motion/anime-scope.tsx [Server Component]
    ./app/[locale]/page.tsx [Server Component]

  Client Component SSR:
    ./components/motion/interactions.ts [Client Component SSR]
    ./components/motion/anime-scope.tsx [Client Component SSR]
    ./components/motion/anime-scope.tsx [Server Component]
    ./app/[locale]/page.tsx [Server Component] @ http://localhost:3000/_next/static/chunks/node_modules_next_dist_0u_w_5s._.js:1945
[   99047ms] [ERROR] ./components/motion/interactions.ts:3:1
Export setStyle doesn't exist in target module
  1 | import { animate } from "motion"
  2 | import { DUR, EASE } from "./tokens"
> 3 | import { setStyle, clearStyle } from "./dom"
    | ^^^^^^^^^^^^^^^^^^^^^^^^^^^^^^^^^^^^^^^^^^^^
  4 |
  5 | /**
  6 |  * Interactive behaviours — the layer that responds to input rather than to scroll.

The export setStyle was not found in module [project]/components/motion/dom.ts [app-client] (ecmascript).
Did you mean to import setStyles?
All exports of the module are statically known (It doesn't have dynamic exports). So it's known statically that the requested export doesn't exist.

Import traces:
  Client Component Browser:
    ./components/motion/interactions.ts [Client Component Browser]
    ./components/motion/anime-scope.tsx [Client Component Browser]
    ./components/motion/anime-scope.tsx [Server Component]
    ./app/[locale]/page.tsx [Server Component]

  Client Component SSR:
    ./components/motion/interactions.ts [Client Component SSR]
    ./components/motion/anime-scope.tsx [Client Component SSR]
    ./components/motion/anime-scope.tsx [Server Component]
    ./app/[locale]/page.tsx [Server Component] @ http://localhost:3000/_next/static/chunks/node_modules_next_dist_0u_w_5s._.js:1945
[   99047ms] [ERROR] ./components/motion/interactions.ts:3:1
Export setStyle doesn't exist in target module
  1 | import { animate } from "motion"
  2 | import { DUR, EASE } from "./tokens"
> 3 | import { setStyle, clearStyle } from "./dom"
    | ^^^^^^^^^^^^^^^^^^^^^^^^^^^^^^^^^^^^^^^^^^^^
  4 |
  5 | /**
  6 |  * Interactive behaviours — the layer that responds to input rather than to scroll.

The export setStyle was not found in module [project]/components/motion/dom.ts [app-ssr] (ecmascript).
Did you mean to import setStyles?
All exports of the module are statically known (It doesn't have dynamic exports). So it's known statically that the requested export doesn't exist.

Import traces:
  Client Component Browser:
    ./components/motion/interactions.ts [Client Component Browser]
    ./components/motion/anime-scope.tsx [Client Component Browser]
    ./components/motion/anime-scope.tsx [Server Component]
    ./app/[locale]/page.tsx [Server Component]

  Client Component SSR:
    ./components/motion/interactions.ts [Client Component SSR]
    ./components/motion/anime-scope.tsx [Client Component SSR]
    ./components/motion/anime-scope.tsx [Server Component]
    ./app/[locale]/page.tsx [Server Component] @ http://localhost:3000/_next/static/chunks/node_modules_next_dist_0u_w_5s._.js:1945
[   99107ms] [ERROR] ./components/motion/interactions.ts:3:1
Export setStyle doesn't exist in target module
  1 | import { animate } from "motion"
  2 | import { DUR, EASE } from "./tokens"
> 3 | import { setStyle, clearStyle } from "./dom"
    | ^^^^^^^^^^^^^^^^^^^^^^^^^^^^^^^^^^^^^^^^^^^^
  4 |
  5 | /**
  6 |  * Interactive behaviours — the layer that responds to input rather than to scroll.

The export setStyle was not found in module [project]/components/motion/dom.ts [app-client] (ecmascript).
Did you mean to import setStyles?
All exports of the module are statically known (It doesn't have dynamic exports). So it's known statically that the requested export doesn't exist.

Import traces:
  Client Component Browser:
    ./components/motion/interactions.ts [Client Component Browser]
    ./components/motion/anime-scope.tsx [Client Component Browser]
    ./components/motion/anime-scope.tsx [Server Component]
    ./app/[locale]/page.tsx [Server Component]

  Client Component SSR:
    ./components/motion/interactions.ts [Client Component SSR]
    ./components/motion/anime-scope.tsx [Client Component SSR]
    ./components/motion/anime-scope.tsx [Server Component]
    ./app/[locale]/page.tsx [Server Component] @ http://localhost:3000/_next/static/chunks/node_modules_next_dist_0u_w_5s._.js:1945
[   99107ms] [ERROR] ./components/motion/interactions.ts:3:1
Export setStyle doesn't exist in target module
  1 | import { animate } from "motion"
  2 | import { DUR, EASE } from "./tokens"
> 3 | import { setStyle, clearStyle } from "./dom"
    | ^^^^^^^^^^^^^^^^^^^^^^^^^^^^^^^^^^^^^^^^^^^^
  4 |
  5 | /**
  6 |  * Interactive behaviours — the layer that responds to input rather than to scroll.

The export setStyle was not found in module [project]/components/motion/dom.ts [app-ssr] (ecmascript).
Did you mean to import setStyles?
All exports of the module are statically known (It doesn't have dynamic exports). So it's known statically that the requested export doesn't exist.

Import traces:
  Client Component Browser:
    ./components/motion/interactions.ts [Client Component Browser]
    ./components/motion/anime-scope.tsx [Client Component Browser]
    ./components/motion/anime-scope.tsx [Server Component]
    ./app/[locale]/page.tsx [Server Component]

  Client Component SSR:
    ./components/motion/interactions.ts [Client Component SSR]
    ./components/motion/anime-scope.tsx [Client Component SSR]
    ./components/motion/anime-scope.tsx [Server Component]
    ./app/[locale]/page.tsx [Server Component] @ http://localhost:3000/_next/static/chunks/node_modules_next_dist_0u_w_5s._.js:1945
[   99168ms] [ERROR] ./components/motion/interactions.ts:3:1
Export setStyle doesn't exist in target module
  1 | import { animate } from "motion"
  2 | import { DUR, EASE } from "./tokens"
> 3 | import { setStyle, clearStyle } from "./dom"
    | ^^^^^^^^^^^^^^^^^^^^^^^^^^^^^^^^^^^^^^^^^^^^
  4 |
  5 | /**
  6 |  * Interactive behaviours — the layer that responds to input rather than to scroll.

The export setStyle was not found in module [project]/components/motion/dom.ts [app-client] (ecmascript).
Did you mean to import setStyles?
All exports of the module are statically known (It doesn't have dynamic exports). So it's known statically that the requested export doesn't exist.

Import traces:
  Client Component Browser:
    ./components/motion/interactions.ts [Client Component Browser]
    ./components/motion/anime-scope.tsx [Client Component Browser]
    ./components/motion/anime-scope.tsx [Server Component]
    ./app/[locale]/page.tsx [Server Component]

  Client Component SSR:
    ./components/motion/interactions.ts [Client Component SSR]
    ./components/motion/anime-scope.tsx [Client Component SSR]
    ./components/motion/anime-scope.tsx [Server Component]
    ./app/[locale]/page.tsx [Server Component] @ http://localhost:3000/_next/static/chunks/node_modules_next_dist_0u_w_5s._.js:1945
[   99168ms] [ERROR] ./components/motion/interactions.ts:3:1
Export setStyle doesn't exist in target module
  1 | import { animate } from "motion"
  2 | import { DUR, EASE } from "./tokens"
> 3 | import { setStyle, clearStyle } from "./dom"
    | ^^^^^^^^^^^^^^^^^^^^^^^^^^^^^^^^^^^^^^^^^^^^
  4 |
  5 | /**
  6 |  * Interactive behaviours — the layer that responds to input rather than to scroll.

The export setStyle was not found in module [project]/components/motion/dom.ts [app-ssr] (ecmascript).
Did you mean to import setStyles?
All exports of the module are statically known (It doesn't have dynamic exports). So it's known statically that the requested export doesn't exist.

Import traces:
  Client Component Browser:
    ./components/motion/interactions.ts [Client Component Browser]
    ./components/motion/anime-scope.tsx [Client Component Browser]
    ./components/motion/anime-scope.tsx [Server Component]
    ./app/[locale]/page.tsx [Server Component]

  Client Component SSR:
    ./components/motion/interactions.ts [Client Component SSR]
    ./components/motion/anime-scope.tsx [Client Component SSR]
    ./components/motion/anime-scope.tsx [Server Component]
    ./app/[locale]/page.tsx [Server Component] @ http://localhost:3000/_next/static/chunks/node_modules_next_dist_0u_w_5s._.js:1945
[   99228ms] [ERROR] ./components/motion/interactions.ts:3:1
Export setStyle doesn't exist in target module
  1 | import { animate } from "motion"
  2 | import { DUR, EASE } from "./tokens"
> 3 | import { setStyle, clearStyle } from "./dom"
    | ^^^^^^^^^^^^^^^^^^^^^^^^^^^^^^^^^^^^^^^^^^^^
  4 |
  5 | /**
  6 |  * Interactive behaviours — the layer that responds to input rather than to scroll.

The export setStyle was not found in module [project]/components/motion/dom.ts [app-client] (ecmascript).
Did you mean to import setStyles?
All exports of the module are statically known (It doesn't have dynamic exports). So it's known statically that the requested export doesn't exist.

Import traces:
  Client Component Browser:
    ./components/motion/interactions.ts [Client Component Browser]
    ./components/motion/anime-scope.tsx [Client Component Browser]
    ./components/motion/anime-scope.tsx [Server Component]
    ./app/[locale]/page.tsx [Server Component]

  Client Component SSR:
    ./components/motion/interactions.ts [Client Component SSR]
    ./components/motion/anime-scope.tsx [Client Component SSR]
    ./components/motion/anime-scope.tsx [Server Component]
    ./app/[locale]/page.tsx [Server Component] @ http://localhost:3000/_next/static/chunks/node_modules_next_dist_0u_w_5s._.js:1945
[   99229ms] [ERROR] ./components/motion/interactions.ts:3:1
Export setStyle doesn't exist in target module
  1 | import { animate } from "motion"
  2 | import { DUR, EASE } from "./tokens"
> 3 | import { setStyle, clearStyle } from "./dom"
    | ^^^^^^^^^^^^^^^^^^^^^^^^^^^^^^^^^^^^^^^^^^^^
  4 |
  5 | /**
  6 |  * Interactive behaviours — the layer that responds to input rather than to scroll.

The export setStyle was not found in module [project]/components/motion/dom.ts [app-ssr] (ecmascript).
Did you mean to import setStyles?
All exports of the module are statically known (It doesn't have dynamic exports). So it's known statically that the requested export doesn't exist.

Import traces:
  Client Component Browser:
    ./components/motion/interactions.ts [Client Component Browser]
    ./components/motion/anime-scope.tsx [Client Component Browser]
    ./components/motion/anime-scope.tsx [Server Component]
    ./app/[locale]/page.tsx [Server Component]

  Client Component SSR:
    ./components/motion/interactions.ts [Client Component SSR]
    ./components/motion/anime-scope.tsx [Client Component SSR]
    ./components/motion/anime-scope.tsx [Server Component]
    ./app/[locale]/page.tsx [Server Component] @ http://localhost:3000/_next/static/chunks/node_modules_next_dist_0u_w_5s._.js:1945
[   99290ms] [ERROR] ./components/motion/interactions.ts:3:1
Export setStyle doesn't exist in target module
  1 | import { animate } from "motion"
  2 | import { DUR, EASE } from "./tokens"
> 3 | import { setStyle, clearStyle } from "./dom"
    | ^^^^^^^^^^^^^^^^^^^^^^^^^^^^^^^^^^^^^^^^^^^^
  4 |
  5 | /**
  6 |  * Interactive behaviours — the layer that responds to input rather than to scroll.

The export setStyle was not found in module [project]/components/motion/dom.ts [app-client] (ecmascript).
Did you mean to import setStyles?
All exports of the module are statically known (It doesn't have dynamic exports). So it's known statically that the requested export doesn't exist.

Import traces:
  Client Component Browser:
    ./components/motion/interactions.ts [Client Component Browser]
    ./components/motion/anime-scope.tsx [Client Component Browser]
    ./components/motion/anime-scope.tsx [Server Component]
    ./app/[locale]/page.tsx [Server Component]

  Client Component SSR:
    ./components/motion/interactions.ts [Client Component SSR]
    ./components/motion/anime-scope.tsx [Client Component SSR]
    ./components/motion/anime-scope.tsx [Server Component]
    ./app/[locale]/page.tsx [Server Component] @ http://localhost:3000/_next/static/chunks/node_modules_next_dist_0u_w_5s._.js:1945
[   99290ms] [ERROR] ./components/motion/interactions.ts:3:1
Export setStyle doesn't exist in target module
  1 | import { animate } from "motion"
  2 | import { DUR, EASE } from "./tokens"
> 3 | import { setStyle, clearStyle } from "./dom"
    | ^^^^^^^^^^^^^^^^^^^^^^^^^^^^^^^^^^^^^^^^^^^^
  4 |
  5 | /**
  6 |  * Interactive behaviours — the layer that responds to input rather than to scroll.

The export setStyle was not found in module [project]/components/motion/dom.ts [app-ssr] (ecmascript).
Did you mean to import setStyles?
All exports of the module are statically known (It doesn't have dynamic exports). So it's known statically that the requested export doesn't exist.

Import traces:
  Client Component Browser:
    ./components/motion/interactions.ts [Client Component Browser]
    ./components/motion/anime-scope.tsx [Client Component Browser]
    ./components/motion/anime-scope.tsx [Server Component]
    ./app/[locale]/page.tsx [Server Component]

  Client Component SSR:
    ./components/motion/interactions.ts [Client Component SSR]
    ./components/motion/anime-scope.tsx [Client Component SSR]
    ./components/motion/anime-scope.tsx [Server Component]
    ./app/[locale]/page.tsx [Server Component] @ http://localhost:3000/_next/static/chunks/node_modules_next_dist_0u_w_5s._.js:1945
[   99350ms] [ERROR] ./components/motion/interactions.ts:3:1
Export setStyle doesn't exist in target module
  1 | import { animate } from "motion"
  2 | import { DUR, EASE } from "./tokens"
> 3 | import { setStyle, clearStyle } from "./dom"
    | ^^^^^^^^^^^^^^^^^^^^^^^^^^^^^^^^^^^^^^^^^^^^
  4 |
  5 | /**
  6 |  * Interactive behaviours — the layer that responds to input rather than to scroll.

The export setStyle was not found in module [project]/components/motion/dom.ts [app-client] (ecmascript).
Did you mean to import setStyles?
All exports of the module are statically known (It doesn't have dynamic exports). So it's known statically that the requested export doesn't exist.

Import traces:
  Client Component Browser:
    ./components/motion/interactions.ts [Client Component Browser]
    ./components/motion/anime-scope.tsx [Client Component Browser]
    ./components/motion/anime-scope.tsx [Server Component]
    ./app/[locale]/page.tsx [Server Component]

  Client Component SSR:
    ./components/motion/interactions.ts [Client Component SSR]
    ./components/motion/anime-scope.tsx [Client Component SSR]
    ./components/motion/anime-scope.tsx [Server Component]
    ./app/[locale]/page.tsx [Server Component] @ http://localhost:3000/_next/static/chunks/node_modules_next_dist_0u_w_5s._.js:1945
[   99350ms] [ERROR] ./components/motion/interactions.ts:3:1
Export setStyle doesn't exist in target module
  1 | import { animate } from "motion"
  2 | import { DUR, EASE } from "./tokens"
> 3 | import { setStyle, clearStyle } from "./dom"
    | ^^^^^^^^^^^^^^^^^^^^^^^^^^^^^^^^^^^^^^^^^^^^
  4 |
  5 | /**
  6 |  * Interactive behaviours — the layer that responds to input rather than to scroll.

The export setStyle was not found in module [project]/components/motion/dom.ts [app-ssr] (ecmascript).
Did you mean to import setStyles?
All exports of the module are statically known (It doesn't have dynamic exports). So it's known statically that the requested export doesn't exist.

Import traces:
  Client Component Browser:
    ./components/motion/interactions.ts [Client Component Browser]
    ./components/motion/anime-scope.tsx [Client Component Browser]
    ./components/motion/anime-scope.tsx [Server Component]
    ./app/[locale]/page.tsx [Server Component]

  Client Component SSR:
    ./components/motion/interactions.ts [Client Component SSR]
    ./components/motion/anime-scope.tsx [Client Component SSR]
    ./components/motion/anime-scope.tsx [Server Component]
    ./app/[locale]/page.tsx [Server Component] @ http://localhost:3000/_next/static/chunks/node_modules_next_dist_0u_w_5s._.js:1945
[   99411ms] [ERROR] ./components/motion/interactions.ts:3:1
Export setStyle doesn't exist in target module
  1 | import { animate } from "motion"
  2 | import { DUR, EASE } from "./tokens"
> 3 | import { setStyle, clearStyle } from "./dom"
    | ^^^^^^^^^^^^^^^^^^^^^^^^^^^^^^^^^^^^^^^^^^^^
  4 |
  5 | /**
  6 |  * Interactive behaviours — the layer that responds to input rather than to scroll.

The export setStyle was not found in module [project]/components/motion/dom.ts [app-client] (ecmascript).
Did you mean to import setStyles?
All exports of the module are statically known (It doesn't have dynamic exports). So it's known statically that the requested export doesn't exist.

Import traces:
  Client Component Browser:
    ./components/motion/interactions.ts [Client Component Browser]
    ./components/motion/anime-scope.tsx [Client Component Browser]
    ./components/motion/anime-scope.tsx [Server Component]
    ./app/[locale]/page.tsx [Server Component]

  Client Component SSR:
    ./components/motion/interactions.ts [Client Component SSR]
    ./components/motion/anime-scope.tsx [Client Component SSR]
    ./components/motion/anime-scope.tsx [Server Component]
    ./app/[locale]/page.tsx [Server Component] @ http://localhost:3000/_next/static/chunks/node_modules_next_dist_0u_w_5s._.js:1945
[   99411ms] [ERROR] ./components/motion/interactions.ts:3:1
Export setStyle doesn't exist in target module
  1 | import { animate } from "motion"
  2 | import { DUR, EASE } from "./tokens"
> 3 | import { setStyle, clearStyle } from "./dom"
    | ^^^^^^^^^^^^^^^^^^^^^^^^^^^^^^^^^^^^^^^^^^^^
  4 |
  5 | /**
  6 |  * Interactive behaviours — the layer that responds to input rather than to scroll.

The export setStyle was not found in module [project]/components/motion/dom.ts [app-ssr] (ecmascript).
Did you mean to import setStyles?
All exports of the module are statically known (It doesn't have dynamic exports). So it's known statically that the requested export doesn't exist.

Import traces:
  Client Component Browser:
    ./components/motion/interactions.ts [Client Component Browser]
    ./components/motion/anime-scope.tsx [Client Component Browser]
    ./components/motion/anime-scope.tsx [Server Component]
    ./app/[locale]/page.tsx [Server Component]

  Client Component SSR:
    ./components/motion/interactions.ts [Client Component SSR]
    ./components/motion/anime-scope.tsx [Client Component SSR]
    ./components/motion/anime-scope.tsx [Server Component]
    ./app/[locale]/page.tsx [Server Component] @ http://localhost:3000/_next/static/chunks/node_modules_next_dist_0u_w_5s._.js:1945
[   99474ms] [ERROR] ./components/motion/interactions.ts:3:1
Export setStyle doesn't exist in target module
  1 | import { animate } from "motion"
  2 | import { DUR, EASE } from "./tokens"
> 3 | import { setStyle, clearStyle } from "./dom"
    | ^^^^^^^^^^^^^^^^^^^^^^^^^^^^^^^^^^^^^^^^^^^^
  4 |
  5 | /**
  6 |  * Interactive behaviours — the layer that responds to input rather than to scroll.

The export setStyle was not found in module [project]/components/motion/dom.ts [app-client] (ecmascript).
Did you mean to import setStyles?
All exports of the module are statically known (It doesn't have dynamic exports). So it's known statically that the requested export doesn't exist.

Import traces:
  Client Component Browser:
    ./components/motion/interactions.ts [Client Component Browser]
    ./components/motion/anime-scope.tsx [Client Component Browser]
    ./components/motion/anime-scope.tsx [Server Component]
    ./app/[locale]/page.tsx [Server Component]

  Client Component SSR:
    ./components/motion/interactions.ts [Client Component SSR]
    ./components/motion/anime-scope.tsx [Client Component SSR]
    ./components/motion/anime-scope.tsx [Server Component]
    ./app/[locale]/page.tsx [Server Component] @ http://localhost:3000/_next/static/chunks/node_modules_next_dist_0u_w_5s._.js:1945
[   99474ms] [ERROR] ./components/motion/interactions.ts:3:1
Export setStyle doesn't exist in target module
  1 | import { animate } from "motion"
  2 | import { DUR, EASE } from "./tokens"
> 3 | import { setStyle, clearStyle } from "./dom"
    | ^^^^^^^^^^^^^^^^^^^^^^^^^^^^^^^^^^^^^^^^^^^^
  4 |
  5 | /**
  6 |  * Interactive behaviours — the layer that responds to input rather than to scroll.

The export setStyle was not found in module [project]/components/motion/dom.ts [app-ssr] (ecmascript).
Did you mean to import setStyles?
All exports of the module are statically known (It doesn't have dynamic exports). So it's known statically that the requested export doesn't exist.

Import traces:
  Client Component Browser:
    ./components/motion/interactions.ts [Client Component Browser]
    ./components/motion/anime-scope.tsx [Client Component Browser]
    ./components/motion/anime-scope.tsx [Server Component]
    ./app/[locale]/page.tsx [Server Component]

  Client Component SSR:
    ./components/motion/interactions.ts [Client Component SSR]
    ./components/motion/anime-scope.tsx [Client Component SSR]
    ./components/motion/anime-scope.tsx [Server Component]
    ./app/[locale]/page.tsx [Server Component] @ http://localhost:3000/_next/static/chunks/node_modules_next_dist_0u_w_5s._.js:1945
[   99534ms] [ERROR] ./components/motion/interactions.ts:3:1
Export setStyle doesn't exist in target module
  1 | import { animate } from "motion"
  2 | import { DUR, EASE } from "./tokens"
> 3 | import { setStyle, clearStyle } from "./dom"
    | ^^^^^^^^^^^^^^^^^^^^^^^^^^^^^^^^^^^^^^^^^^^^
  4 |
  5 | /**
  6 |  * Interactive behaviours — the layer that responds to input rather than to scroll.

The export setStyle was not found in module [project]/components/motion/dom.ts [app-client] (ecmascript).
Did you mean to import setStyles?
All exports of the module are statically known (It doesn't have dynamic exports). So it's known statically that the requested export doesn't exist.

Import traces:
  Client Component Browser:
    ./components/motion/interactions.ts [Client Component Browser]
    ./components/motion/anime-scope.tsx [Client Component Browser]
    ./components/motion/anime-scope.tsx [Server Component]
    ./app/[locale]/page.tsx [Server Component]

  Client Component SSR:
    ./components/motion/interactions.ts [Client Component SSR]
    ./components/motion/anime-scope.tsx [Client Component SSR]
    ./components/motion/anime-scope.tsx [Server Component]
    ./app/[locale]/page.tsx [Server Component] @ http://localhost:3000/_next/static/chunks/node_modules_next_dist_0u_w_5s._.js:1945
[   99534ms] [ERROR] ./components/motion/interactions.ts:3:1
Export setStyle doesn't exist in target module
  1 | import { animate } from "motion"
  2 | import { DUR, EASE } from "./tokens"
> 3 | import { setStyle, clearStyle } from "./dom"
    | ^^^^^^^^^^^^^^^^^^^^^^^^^^^^^^^^^^^^^^^^^^^^
  4 |
  5 | /**
  6 |  * Interactive behaviours — the layer that responds to input rather than to scroll.

The export setStyle was not found in module [project]/components/motion/dom.ts [app-ssr] (ecmascript).
Did you mean to import setStyles?
All exports of the module are statically known (It doesn't have dynamic exports). So it's known statically that the requested export doesn't exist.

Import traces:
  Client Component Browser:
    ./components/motion/interactions.ts [Client Component Browser]
    ./components/motion/anime-scope.tsx [Client Component Browser]
    ./components/motion/anime-scope.tsx [Server Component]
    ./app/[locale]/page.tsx [Server Component]

  Client Component SSR:
    ./components/motion/interactions.ts [Client Component SSR]
    ./components/motion/anime-scope.tsx [Client Component SSR]
    ./components/motion/anime-scope.tsx [Server Component]
    ./app/[locale]/page.tsx [Server Component] @ http://localhost:3000/_next/static/chunks/node_modules_next_dist_0u_w_5s._.js:1945
[   99596ms] [ERROR] ./components/motion/interactions.ts:3:1
Export setStyle doesn't exist in target module
  1 | import { animate } from "motion"
  2 | import { DUR, EASE } from "./tokens"
> 3 | import { setStyle, clearStyle } from "./dom"
    | ^^^^^^^^^^^^^^^^^^^^^^^^^^^^^^^^^^^^^^^^^^^^
  4 |
  5 | /**
  6 |  * Interactive behaviours — the layer that responds to input rather than to scroll.

The export setStyle was not found in module [project]/components/motion/dom.ts [app-client] (ecmascript).
Did you mean to import setStyles?
All exports of the module are statically known (It doesn't have dynamic exports). So it's known statically that the requested export doesn't exist.

Import traces:
  Client Component Browser:
    ./components/motion/interactions.ts [Client Component Browser]
    ./components/motion/anime-scope.tsx [Client Component Browser]
    ./components/motion/anime-scope.tsx [Server Component]
    ./app/[locale]/page.tsx [Server Component]

  Client Component SSR:
    ./components/motion/interactions.ts [Client Component SSR]
    ./components/motion/anime-scope.tsx [Client Component SSR]
    ./components/motion/anime-scope.tsx [Server Component]
    ./app/[locale]/page.tsx [Server Component] @ http://localhost:3000/_next/static/chunks/node_modules_next_dist_0u_w_5s._.js:1945
[   99596ms] [ERROR] ./components/motion/interactions.ts:3:1
Export setStyle doesn't exist in target module
  1 | import { animate } from "motion"
  2 | import { DUR, EASE } from "./tokens"
> 3 | import { setStyle, clearStyle } from "./dom"
    | ^^^^^^^^^^^^^^^^^^^^^^^^^^^^^^^^^^^^^^^^^^^^
  4 |
  5 | /**
  6 |  * Interactive behaviours — the layer that responds to input rather than to scroll.

The export setStyle was not found in module [project]/components/motion/dom.ts [app-ssr] (ecmascript).
Did you mean to import setStyles?
All exports of the module are statically known (It doesn't have dynamic exports). So it's known statically that the requested export doesn't exist.

Import traces:
  Client Component Browser:
    ./components/motion/interactions.ts [Client Component Browser]
    ./components/motion/anime-scope.tsx [Client Component Browser]
    ./components/motion/anime-scope.tsx [Server Component]
    ./app/[locale]/page.tsx [Server Component]

  Client Component SSR:
    ./components/motion/interactions.ts [Client Component SSR]
    ./components/motion/anime-scope.tsx [Client Component SSR]
    ./components/motion/anime-scope.tsx [Server Component]
    ./app/[locale]/page.tsx [Server Component] @ http://localhost:3000/_next/static/chunks/node_modules_next_dist_0u_w_5s._.js:1945
[   99657ms] [ERROR] ./components/motion/interactions.ts:3:1
Export setStyle doesn't exist in target module
  1 | import { animate } from "motion"
  2 | import { DUR, EASE } from "./tokens"
> 3 | import { setStyle, clearStyle } from "./dom"
    | ^^^^^^^^^^^^^^^^^^^^^^^^^^^^^^^^^^^^^^^^^^^^
  4 |
  5 | /**
  6 |  * Interactive behaviours — the layer that responds to input rather than to scroll.

The export setStyle was not found in module [project]/components/motion/dom.ts [app-client] (ecmascript).
Did you mean to import setStyles?
All exports of the module are statically known (It doesn't have dynamic exports). So it's known statically that the requested export doesn't exist.

Import traces:
  Client Component Browser:
    ./components/motion/interactions.ts [Client Component Browser]
    ./components/motion/anime-scope.tsx [Client Component Browser]
    ./components/motion/anime-scope.tsx [Server Component]
    ./app/[locale]/page.tsx [Server Component]

  Client Component SSR:
    ./components/motion/interactions.ts [Client Component SSR]
    ./components/motion/anime-scope.tsx [Client Component SSR]
    ./components/motion/anime-scope.tsx [Server Component]
    ./app/[locale]/page.tsx [Server Component] @ http://localhost:3000/_next/static/chunks/node_modules_next_dist_0u_w_5s._.js:1945
[   99657ms] [ERROR] ./components/motion/interactions.ts:3:1
Export setStyle doesn't exist in target module
  1 | import { animate } from "motion"
  2 | import { DUR, EASE } from "./tokens"
> 3 | import { setStyle, clearStyle } from "./dom"
    | ^^^^^^^^^^^^^^^^^^^^^^^^^^^^^^^^^^^^^^^^^^^^
  4 |
  5 | /**
  6 |  * Interactive behaviours — the layer that responds to input rather than to scroll.

The export setStyle was not found in module [project]/components/motion/dom.ts [app-ssr] (ecmascript).
Did you mean to import setStyles?
All exports of the module are statically known (It doesn't have dynamic exports). So it's known statically that the requested export doesn't exist.

Import traces:
  Client Component Browser:
    ./components/motion/interactions.ts [Client Component Browser]
    ./components/motion/anime-scope.tsx [Client Component Browser]
    ./components/motion/anime-scope.tsx [Server Component]
    ./app/[locale]/page.tsx [Server Component]

  Client Component SSR:
    ./components/motion/interactions.ts [Client Component SSR]
    ./components/motion/anime-scope.tsx [Client Component SSR]
    ./components/motion/anime-scope.tsx [Server Component]
    ./app/[locale]/page.tsx [Server Component] @ http://localhost:3000/_next/static/chunks/node_modules_next_dist_0u_w_5s._.js:1945
[   99718ms] [ERROR] ./components/motion/interactions.ts:3:1
Export setStyle doesn't exist in target module
  1 | import { animate } from "motion"
  2 | import { DUR, EASE } from "./tokens"
> 3 | import { setStyle, clearStyle } from "./dom"
    | ^^^^^^^^^^^^^^^^^^^^^^^^^^^^^^^^^^^^^^^^^^^^
  4 |
  5 | /**
  6 |  * Interactive behaviours — the layer that responds to input rather than to scroll.

The export setStyle was not found in module [project]/components/motion/dom.ts [app-client] (ecmascript).
Did you mean to import setStyles?
All exports of the module are statically known (It doesn't have dynamic exports). So it's known statically that the requested export doesn't exist.

Import traces:
  Client Component Browser:
    ./components/motion/interactions.ts [Client Component Browser]
    ./components/motion/anime-scope.tsx [Client Component Browser]
    ./components/motion/anime-scope.tsx [Server Component]
    ./app/[locale]/page.tsx [Server Component]

  Client Component SSR:
    ./components/motion/interactions.ts [Client Component SSR]
    ./components/motion/anime-scope.tsx [Client Component SSR]
    ./components/motion/anime-scope.tsx [Server Component]
    ./app/[locale]/page.tsx [Server Component] @ http://localhost:3000/_next/static/chunks/node_modules_next_dist_0u_w_5s._.js:1945
[   99718ms] [ERROR] ./components/motion/interactions.ts:3:1
Export setStyle doesn't exist in target module
  1 | import { animate } from "motion"
  2 | import { DUR, EASE } from "./tokens"
> 3 | import { setStyle, clearStyle } from "./dom"
    | ^^^^^^^^^^^^^^^^^^^^^^^^^^^^^^^^^^^^^^^^^^^^
  4 |
  5 | /**
  6 |  * Interactive behaviours — the layer that responds to input rather than to scroll.

The export setStyle was not found in module [project]/components/motion/dom.ts [app-ssr] (ecmascript).
Did you mean to import setStyles?
All exports of the module are statically known (It doesn't have dynamic exports). So it's known statically that the requested export doesn't exist.

Import traces:
  Client Component Browser:
    ./components/motion/interactions.ts [Client Component Browser]
    ./components/motion/anime-scope.tsx [Client Component Browser]
    ./components/motion/anime-scope.tsx [Server Component]
    ./app/[locale]/page.tsx [Server Component]

  Client Component SSR:
    ./components/motion/interactions.ts [Client Component SSR]
    ./components/motion/anime-scope.tsx [Client Component SSR]
    ./components/motion/anime-scope.tsx [Server Component]
    ./app/[locale]/page.tsx [Server Component] @ http://localhost:3000/_next/static/chunks/node_modules_next_dist_0u_w_5s._.js:1945
[   99779ms] [ERROR] ./components/motion/interactions.ts:3:1
Export setStyle doesn't exist in target module
  1 | import { animate } from "motion"
  2 | import { DUR, EASE } from "./tokens"
> 3 | import { setStyle, clearStyle } from "./dom"
    | ^^^^^^^^^^^^^^^^^^^^^^^^^^^^^^^^^^^^^^^^^^^^
  4 |
  5 | /**
  6 |  * Interactive behaviours — the layer that responds to input rather than to scroll.

The export setStyle was not found in module [project]/components/motion/dom.ts [app-client] (ecmascript).
Did you mean to import setStyles?
All exports of the module are statically known (It doesn't have dynamic exports). So it's known statically that the requested export doesn't exist.

Import traces:
  Client Component Browser:
    ./components/motion/interactions.ts [Client Component Browser]
    ./components/motion/anime-scope.tsx [Client Component Browser]
    ./components/motion/anime-scope.tsx [Server Component]
    ./app/[locale]/page.tsx [Server Component]

  Client Component SSR:
    ./components/motion/interactions.ts [Client Component SSR]
    ./components/motion/anime-scope.tsx [Client Component SSR]
    ./components/motion/anime-scope.tsx [Server Component]
    ./app/[locale]/page.tsx [Server Component] @ http://localhost:3000/_next/static/chunks/node_modules_next_dist_0u_w_5s._.js:1945
[   99779ms] [ERROR] ./components/motion/interactions.ts:3:1
Export setStyle doesn't exist in target module
  1 | import { animate } from "motion"
  2 | import { DUR, EASE } from "./tokens"
> 3 | import { setStyle, clearStyle } from "./dom"
    | ^^^^^^^^^^^^^^^^^^^^^^^^^^^^^^^^^^^^^^^^^^^^
  4 |
  5 | /**
  6 |  * Interactive behaviours — the layer that responds to input rather than to scroll.

The export setStyle was not found in module [project]/components/motion/dom.ts [app-ssr] (ecmascript).
Did you mean to import setStyles?
All exports of the module are statically known (It doesn't have dynamic exports). So it's known statically that the requested export doesn't exist.

Import traces:
  Client Component Browser:
    ./components/motion/interactions.ts [Client Component Browser]
    ./components/motion/anime-scope.tsx [Client Component Browser]
    ./components/motion/anime-scope.tsx [Server Component]
    ./app/[locale]/page.tsx [Server Component]

  Client Component SSR:
    ./components/motion/interactions.ts [Client Component SSR]
    ./components/motion/anime-scope.tsx [Client Component SSR]
    ./components/motion/anime-scope.tsx [Server Component]
    ./app/[locale]/page.tsx [Server Component] @ http://localhost:3000/_next/static/chunks/node_modules_next_dist_0u_w_5s._.js:1945
[   99841ms] [ERROR] ./components/motion/interactions.ts:3:1
Export setStyle doesn't exist in target module
  1 | import { animate } from "motion"
  2 | import { DUR, EASE } from "./tokens"
> 3 | import { setStyle, clearStyle } from "./dom"
    | ^^^^^^^^^^^^^^^^^^^^^^^^^^^^^^^^^^^^^^^^^^^^
  4 |
  5 | /**
  6 |  * Interactive behaviours — the layer that responds to input rather than to scroll.

The export setStyle was not found in module [project]/components/motion/dom.ts [app-client] (ecmascript).
Did you mean to import setStyles?
All exports of the module are statically known (It doesn't have dynamic exports). So it's known statically that the requested export doesn't exist.

Import traces:
  Client Component Browser:
    ./components/motion/interactions.ts [Client Component Browser]
    ./components/motion/anime-scope.tsx [Client Component Browser]
    ./components/motion/anime-scope.tsx [Server Component]
    ./app/[locale]/page.tsx [Server Component]

  Client Component SSR:
    ./components/motion/interactions.ts [Client Component SSR]
    ./components/motion/anime-scope.tsx [Client Component SSR]
    ./components/motion/anime-scope.tsx [Server Component]
    ./app/[locale]/page.tsx [Server Component] @ http://localhost:3000/_next/static/chunks/node_modules_next_dist_0u_w_5s._.js:1945
[   99841ms] [ERROR] ./components/motion/interactions.ts:3:1
Export setStyle doesn't exist in target module
  1 | import { animate } from "motion"
  2 | import { DUR, EASE } from "./tokens"
> 3 | import { setStyle, clearStyle } from "./dom"
    | ^^^^^^^^^^^^^^^^^^^^^^^^^^^^^^^^^^^^^^^^^^^^
  4 |
  5 | /**
  6 |  * Interactive behaviours — the layer that responds to input rather than to scroll.

The export setStyle was not found in module [project]/components/motion/dom.ts [app-ssr] (ecmascript).
Did you mean to import setStyles?
All exports of the module are statically known (It doesn't have dynamic exports). So it's known statically that the requested export doesn't exist.

Import traces:
  Client Component Browser:
    ./components/motion/interactions.ts [Client Component Browser]
    ./components/motion/anime-scope.tsx [Client Component Browser]
    ./components/motion/anime-scope.tsx [Server Component]
    ./app/[locale]/page.tsx [Server Component]

  Client Component SSR:
    ./components/motion/interactions.ts [Client Component SSR]
    ./components/motion/anime-scope.tsx [Client Component SSR]
    ./components/motion/anime-scope.tsx [Server Component]
    ./app/[locale]/page.tsx [Server Component] @ http://localhost:3000/_next/static/chunks/node_modules_next_dist_0u_w_5s._.js:1945
[   99903ms] [ERROR] ./components/motion/interactions.ts:3:1
Export setStyle doesn't exist in target module
  1 | import { animate } from "motion"
  2 | import { DUR, EASE } from "./tokens"
> 3 | import { setStyle, clearStyle } from "./dom"
    | ^^^^^^^^^^^^^^^^^^^^^^^^^^^^^^^^^^^^^^^^^^^^
  4 |
  5 | /**
  6 |  * Interactive behaviours — the layer that responds to input rather than to scroll.

The export setStyle was not found in module [project]/components/motion/dom.ts [app-client] (ecmascript).
Did you mean to import setStyles?
All exports of the module are statically known (It doesn't have dynamic exports). So it's known statically that the requested export doesn't exist.

Import traces:
  Client Component Browser:
    ./components/motion/interactions.ts [Client Component Browser]
    ./components/motion/anime-scope.tsx [Client Component Browser]
    ./components/motion/anime-scope.tsx [Server Component]
    ./app/[locale]/page.tsx [Server Component]

  Client Component SSR:
    ./components/motion/interactions.ts [Client Component SSR]
    ./components/motion/anime-scope.tsx [Client Component SSR]
    ./components/motion/anime-scope.tsx [Server Component]
    ./app/[locale]/page.tsx [Server Component] @ http://localhost:3000/_next/static/chunks/node_modules_next_dist_0u_w_5s._.js:1945
[   99903ms] [ERROR] ./components/motion/interactions.ts:3:1
Export setStyle doesn't exist in target module
  1 | import { animate } from "motion"
  2 | import { DUR, EASE } from "./tokens"
> 3 | import { setStyle, clearStyle } from "./dom"
    | ^^^^^^^^^^^^^^^^^^^^^^^^^^^^^^^^^^^^^^^^^^^^
  4 |
  5 | /**
  6 |  * Interactive behaviours — the layer that responds to input rather than to scroll.

The export setStyle was not found in module [project]/components/motion/dom.ts [app-ssr] (ecmascript).
Did you mean to import setStyles?
All exports of the module are statically known (It doesn't have dynamic exports). So it's known statically that the requested export doesn't exist.

Import traces:
  Client Component Browser:
    ./components/motion/interactions.ts [Client Component Browser]
    ./components/motion/anime-scope.tsx [Client Component Browser]
    ./components/motion/anime-scope.tsx [Server Component]
    ./app/[locale]/page.tsx [Server Component]

  Client Component SSR:
    ./components/motion/interactions.ts [Client Component SSR]
    ./components/motion/anime-scope.tsx [Client Component SSR]
    ./components/motion/anime-scope.tsx [Server Component]
    ./app/[locale]/page.tsx [Server Component] @ http://localhost:3000/_next/static/chunks/node_modules_next_dist_0u_w_5s._.js:1945
[   99964ms] [ERROR] ./components/motion/interactions.ts:3:1
Export setStyle doesn't exist in target module
  1 | import { animate } from "motion"
  2 | import { DUR, EASE } from "./tokens"
> 3 | import { setStyle, clearStyle } from "./dom"
    | ^^^^^^^^^^^^^^^^^^^^^^^^^^^^^^^^^^^^^^^^^^^^
  4 |
  5 | /**
  6 |  * Interactive behaviours — the layer that responds to input rather than to scroll.

The export setStyle was not found in module [project]/components/motion/dom.ts [app-client] (ecmascript).
Did you mean to import setStyles?
All exports of the module are statically known (It doesn't have dynamic exports). So it's known statically that the requested export doesn't exist.

Import traces:
  Client Component Browser:
    ./components/motion/interactions.ts [Client Component Browser]
    ./components/motion/anime-scope.tsx [Client Component Browser]
    ./components/motion/anime-scope.tsx [Server Component]
    ./app/[locale]/page.tsx [Server Component]

  Client Component SSR:
    ./components/motion/interactions.ts [Client Component SSR]
    ./components/motion/anime-scope.tsx [Client Component SSR]
    ./components/motion/anime-scope.tsx [Server Component]
    ./app/[locale]/page.tsx [Server Component] @ http://localhost:3000/_next/static/chunks/node_modules_next_dist_0u_w_5s._.js:1945
[   99964ms] [ERROR] ./components/motion/interactions.ts:3:1
Export setStyle doesn't exist in target module
  1 | import { animate } from "motion"
  2 | import { DUR, EASE } from "./tokens"
> 3 | import { setStyle, clearStyle } from "./dom"
    | ^^^^^^^^^^^^^^^^^^^^^^^^^^^^^^^^^^^^^^^^^^^^
  4 |
  5 | /**
  6 |  * Interactive behaviours — the layer that responds to input rather than to scroll.

The export setStyle was not found in module [project]/components/motion/dom.ts [app-ssr] (ecmascript).
Did you mean to import setStyles?
All exports of the module are statically known (It doesn't have dynamic exports). So it's known statically that the requested export doesn't exist.

Import traces:
  Client Component Browser:
    ./components/motion/interactions.ts [Client Component Browser]
    ./components/motion/anime-scope.tsx [Client Component Browser]
    ./components/motion/anime-scope.tsx [Server Component]
    ./app/[locale]/page.tsx [Server Component]

  Client Component SSR:
    ./components/motion/interactions.ts [Client Component SSR]
    ./components/motion/anime-scope.tsx [Client Component SSR]
    ./components/motion/anime-scope.tsx [Server Component]
    ./app/[locale]/page.tsx [Server Component] @ http://localhost:3000/_next/static/chunks/node_modules_next_dist_0u_w_5s._.js:1945
[  100026ms] [ERROR] ./components/motion/interactions.ts:3:1
Export setStyle doesn't exist in target module
  1 | import { animate } from "motion"
  2 | import { DUR, EASE } from "./tokens"
> 3 | import { setStyle, clearStyle } from "./dom"
    | ^^^^^^^^^^^^^^^^^^^^^^^^^^^^^^^^^^^^^^^^^^^^
  4 |
  5 | /**
  6 |  * Interactive behaviours — the layer that responds to input rather than to scroll.

The export setStyle was not found in module [project]/components/motion/dom.ts [app-client] (ecmascript).
Did you mean to import setStyles?
All exports of the module are statically known (It doesn't have dynamic exports). So it's known statically that the requested export doesn't exist.

Import traces:
  Client Component Browser:
    ./components/motion/interactions.ts [Client Component Browser]
    ./components/motion/anime-scope.tsx [Client Component Browser]
    ./components/motion/anime-scope.tsx [Server Component]
    ./app/[locale]/page.tsx [Server Component]

  Client Component SSR:
    ./components/motion/interactions.ts [Client Component SSR]
    ./components/motion/anime-scope.tsx [Client Component SSR]
    ./components/motion/anime-scope.tsx [Server Component]
    ./app/[locale]/page.tsx [Server Component] @ http://localhost:3000/_next/static/chunks/node_modules_next_dist_0u_w_5s._.js:1945
[  100027ms] [ERROR] ./components/motion/interactions.ts:3:1
Export setStyle doesn't exist in target module
  1 | import { animate } from "motion"
  2 | import { DUR, EASE } from "./tokens"
> 3 | import { setStyle, clearStyle } from "./dom"
    | ^^^^^^^^^^^^^^^^^^^^^^^^^^^^^^^^^^^^^^^^^^^^
  4 |
  5 | /**
  6 |  * Interactive behaviours — the layer that responds to input rather than to scroll.

The export setStyle was not found in module [project]/components/motion/dom.ts [app-ssr] (ecmascript).
Did you mean to import setStyles?
All exports of the module are statically known (It doesn't have dynamic exports). So it's known statically that the requested export doesn't exist.

Import traces:
  Client Component Browser:
    ./components/motion/interactions.ts [Client Component Browser]
    ./components/motion/anime-scope.tsx [Client Component Browser]
    ./components/motion/anime-scope.tsx [Server Component]
    ./app/[locale]/page.tsx [Server Component]

  Client Component SSR:
    ./components/motion/interactions.ts [Client Component SSR]
    ./components/motion/anime-scope.tsx [Client Component SSR]
    ./components/motion/anime-scope.tsx [Server Component]
    ./app/[locale]/page.tsx [Server Component] @ http://localhost:3000/_next/static/chunks/node_modules_next_dist_0u_w_5s._.js:1945
[  100088ms] [ERROR] ./components/motion/interactions.ts:3:1
Export setStyle doesn't exist in target module
  1 | import { animate } from "motion"
  2 | import { DUR, EASE } from "./tokens"
> 3 | import { setStyle, clearStyle } from "./dom"
    | ^^^^^^^^^^^^^^^^^^^^^^^^^^^^^^^^^^^^^^^^^^^^
  4 |
  5 | /**
  6 |  * Interactive behaviours — the layer that responds to input rather than to scroll.

The export setStyle was not found in module [project]/components/motion/dom.ts [app-client] (ecmascript).
Did you mean to import setStyles?
All exports of the module are statically known (It doesn't have dynamic exports). So it's known statically that the requested export doesn't exist.

Import traces:
  Client Component Browser:
    ./components/motion/interactions.ts [Client Component Browser]
    ./components/motion/anime-scope.tsx [Client Component Browser]
    ./components/motion/anime-scope.tsx [Server Component]
    ./app/[locale]/page.tsx [Server Component]

  Client Component SSR:
    ./components/motion/interactions.ts [Client Component SSR]
    ./components/motion/anime-scope.tsx [Client Component SSR]
    ./components/motion/anime-scope.tsx [Server Component]
    ./app/[locale]/page.tsx [Server Component] @ http://localhost:3000/_next/static/chunks/node_modules_next_dist_0u_w_5s._.js:1945
[  100088ms] [ERROR] ./components/motion/interactions.ts:3:1
Export setStyle doesn't exist in target module
  1 | import { animate } from "motion"
  2 | import { DUR, EASE } from "./tokens"
> 3 | import { setStyle, clearStyle } from "./dom"
    | ^^^^^^^^^^^^^^^^^^^^^^^^^^^^^^^^^^^^^^^^^^^^
  4 |
  5 | /**
  6 |  * Interactive behaviours — the layer that responds to input rather than to scroll.

The export setStyle was not found in module [project]/components/motion/dom.ts [app-ssr] (ecmascript).
Did you mean to import setStyles?
All exports of the module are statically known (It doesn't have dynamic exports). So it's known statically that the requested export doesn't exist.

Import traces:
  Client Component Browser:
    ./components/motion/interactions.ts [Client Component Browser]
    ./components/motion/anime-scope.tsx [Client Component Browser]
    ./components/motion/anime-scope.tsx [Server Component]
    ./app/[locale]/page.tsx [Server Component]

  Client Component SSR:
    ./components/motion/interactions.ts [Client Component SSR]
    ./components/motion/anime-scope.tsx [Client Component SSR]
    ./components/motion/anime-scope.tsx [Server Component]
    ./app/[locale]/page.tsx [Server Component] @ http://localhost:3000/_next/static/chunks/node_modules_next_dist_0u_w_5s._.js:1945
[  100150ms] [ERROR] ./components/motion/interactions.ts:3:1
Export setStyle doesn't exist in target module
  1 | import { animate } from "motion"
  2 | import { DUR, EASE } from "./tokens"
> 3 | import { setStyle, clearStyle } from "./dom"
    | ^^^^^^^^^^^^^^^^^^^^^^^^^^^^^^^^^^^^^^^^^^^^
  4 |
  5 | /**
  6 |  * Interactive behaviours — the layer that responds to input rather than to scroll.

The export setStyle was not found in module [project]/components/motion/dom.ts [app-client] (ecmascript).
Did you mean to import setStyles?
All exports of the module are statically known (It doesn't have dynamic exports). So it's known statically that the requested export doesn't exist.

Import traces:
  Client Component Browser:
    ./components/motion/interactions.ts [Client Component Browser]
    ./components/motion/anime-scope.tsx [Client Component Browser]
    ./components/motion/anime-scope.tsx [Server Component]
    ./app/[locale]/page.tsx [Server Component]

  Client Component SSR:
    ./components/motion/interactions.ts [Client Component SSR]
    ./components/motion/anime-scope.tsx [Client Component SSR]
    ./components/motion/anime-scope.tsx [Server Component]
    ./app/[locale]/page.tsx [Server Component] @ http://localhost:3000/_next/static/chunks/node_modules_next_dist_0u_w_5s._.js:1945
[  100150ms] [ERROR] ./components/motion/interactions.ts:3:1
Export setStyle doesn't exist in target module
  1 | import { animate } from "motion"
  2 | import { DUR, EASE } from "./tokens"
> 3 | import { setStyle, clearStyle } from "./dom"
    | ^^^^^^^^^^^^^^^^^^^^^^^^^^^^^^^^^^^^^^^^^^^^
  4 |
  5 | /**
  6 |  * Interactive behaviours — the layer that responds to input rather than to scroll.

The export setStyle was not found in module [project]/components/motion/dom.ts [app-ssr] (ecmascript).
Did you mean to import setStyles?
All exports of the module are statically known (It doesn't have dynamic exports). So it's known statically that the requested export doesn't exist.

Import traces:
  Client Component Browser:
    ./components/motion/interactions.ts [Client Component Browser]
    ./components/motion/anime-scope.tsx [Client Component Browser]
    ./components/motion/anime-scope.tsx [Server Component]
    ./app/[locale]/page.tsx [Server Component]

  Client Component SSR:
    ./components/motion/interactions.ts [Client Component SSR]
    ./components/motion/anime-scope.tsx [Client Component SSR]
    ./components/motion/anime-scope.tsx [Server Component]
    ./app/[locale]/page.tsx [Server Component] @ http://localhost:3000/_next/static/chunks/node_modules_next_dist_0u_w_5s._.js:1945
[  100211ms] [ERROR] ./components/motion/interactions.ts:3:1
Export setStyle doesn't exist in target module
  1 | import { animate } from "motion"
  2 | import { DUR, EASE } from "./tokens"
> 3 | import { setStyle, clearStyle } from "./dom"
    | ^^^^^^^^^^^^^^^^^^^^^^^^^^^^^^^^^^^^^^^^^^^^
  4 |
  5 | /**
  6 |  * Interactive behaviours — the layer that responds to input rather than to scroll.

The export setStyle was not found in module [project]/components/motion/dom.ts [app-client] (ecmascript).
Did you mean to import setStyles?
All exports of the module are statically known (It doesn't have dynamic exports). So it's known statically that the requested export doesn't exist.

Import traces:
  Client Component Browser:
    ./components/motion/interactions.ts [Client Component Browser]
    ./components/motion/anime-scope.tsx [Client Component Browser]
    ./components/motion/anime-scope.tsx [Server Component]
    ./app/[locale]/page.tsx [Server Component]

  Client Component SSR:
    ./components/motion/interactions.ts [Client Component SSR]
    ./components/motion/anime-scope.tsx [Client Component SSR]
    ./components/motion/anime-scope.tsx [Server Component]
    ./app/[locale]/page.tsx [Server Component] @ http://localhost:3000/_next/static/chunks/node_modules_next_dist_0u_w_5s._.js:1945
[  100212ms] [ERROR] ./components/motion/interactions.ts:3:1
Export setStyle doesn't exist in target module
  1 | import { animate } from "motion"
  2 | import { DUR, EASE } from "./tokens"
> 3 | import { setStyle, clearStyle } from "./dom"
    | ^^^^^^^^^^^^^^^^^^^^^^^^^^^^^^^^^^^^^^^^^^^^
  4 |
  5 | /**
  6 |  * Interactive behaviours — the layer that responds to input rather than to scroll.

The export setStyle was not found in module [project]/components/motion/dom.ts [app-ssr] (ecmascript).
Did you mean to import setStyles?
All exports of the module are statically known (It doesn't have dynamic exports). So it's known statically that the requested export doesn't exist.

Import traces:
  Client Component Browser:
    ./components/motion/interactions.ts [Client Component Browser]
    ./components/motion/anime-scope.tsx [Client Component Browser]
    ./components/motion/anime-scope.tsx [Server Component]
    ./app/[locale]/page.tsx [Server Component]

  Client Component SSR:
    ./components/motion/interactions.ts [Client Component SSR]
    ./components/motion/anime-scope.tsx [Client Component SSR]
    ./components/motion/anime-scope.tsx [Server Component]
    ./app/[locale]/page.tsx [Server Component] @ http://localhost:3000/_next/static/chunks/node_modules_next_dist_0u_w_5s._.js:1945
[  100272ms] [ERROR] ./components/motion/interactions.ts:3:1
Export setStyle doesn't exist in target module
  1 | import { animate } from "motion"
  2 | import { DUR, EASE } from "./tokens"
> 3 | import { setStyle, clearStyle } from "./dom"
    | ^^^^^^^^^^^^^^^^^^^^^^^^^^^^^^^^^^^^^^^^^^^^
  4 |
  5 | /**
  6 |  * Interactive behaviours — the layer that responds to input rather than to scroll.

The export setStyle was not found in module [project]/components/motion/dom.ts [app-client] (ecmascript).
Did you mean to import setStyles?
All exports of the module are statically known (It doesn't have dynamic exports). So it's known statically that the requested export doesn't exist.

Import traces:
  Client Component Browser:
    ./components/motion/interactions.ts [Client Component Browser]
    ./components/motion/anime-scope.tsx [Client Component Browser]
    ./components/motion/anime-scope.tsx [Server Component]
    ./app/[locale]/page.tsx [Server Component]

  Client Component SSR:
    ./components/motion/interactions.ts [Client Component SSR]
    ./components/motion/anime-scope.tsx [Client Component SSR]
    ./components/motion/anime-scope.tsx [Server Component]
    ./app/[locale]/page.tsx [Server Component] @ http://localhost:3000/_next/static/chunks/node_modules_next_dist_0u_w_5s._.js:1945
[  100272ms] [ERROR] ./components/motion/interactions.ts:3:1
Export setStyle doesn't exist in target module
  1 | import { animate } from "motion"
  2 | import { DUR, EASE } from "./tokens"
> 3 | import { setStyle, clearStyle } from "./dom"
    | ^^^^^^^^^^^^^^^^^^^^^^^^^^^^^^^^^^^^^^^^^^^^
  4 |
  5 | /**
  6 |  * Interactive behaviours — the layer that responds to input rather than to scroll.

The export setStyle was not found in module [project]/components/motion/dom.ts [app-ssr] (ecmascript).
Did you mean to import setStyles?
All exports of the module are statically known (It doesn't have dynamic exports). So it's known statically that the requested export doesn't exist.

Import traces:
  Client Component Browser:
    ./components/motion/interactions.ts [Client Component Browser]
    ./components/motion/anime-scope.tsx [Client Component Browser]
    ./components/motion/anime-scope.tsx [Server Component]
    ./app/[locale]/page.tsx [Server Component]

  Client Component SSR:
    ./components/motion/interactions.ts [Client Component SSR]
    ./components/motion/anime-scope.tsx [Client Component SSR]
    ./components/motion/anime-scope.tsx [Server Component]
    ./app/[locale]/page.tsx [Server Component] @ http://localhost:3000/_next/static/chunks/node_modules_next_dist_0u_w_5s._.js:1945
[  100333ms] [ERROR] ./components/motion/interactions.ts:3:1
Export setStyle doesn't exist in target module
  1 | import { animate } from "motion"
  2 | import { DUR, EASE } from "./tokens"
> 3 | import { setStyle, clearStyle } from "./dom"
    | ^^^^^^^^^^^^^^^^^^^^^^^^^^^^^^^^^^^^^^^^^^^^
  4 |
  5 | /**
  6 |  * Interactive behaviours — the layer that responds to input rather than to scroll.

The export setStyle was not found in module [project]/components/motion/dom.ts [app-client] (ecmascript).
Did you mean to import setStyles?
All exports of the module are statically known (It doesn't have dynamic exports). So it's known statically that the requested export doesn't exist.

Import traces:
  Client Component Browser:
    ./components/motion/interactions.ts [Client Component Browser]
    ./components/motion/anime-scope.tsx [Client Component Browser]
    ./components/motion/anime-scope.tsx [Server Component]
    ./app/[locale]/page.tsx [Server Component]

  Client Component SSR:
    ./components/motion/interactions.ts [Client Component SSR]
    ./components/motion/anime-scope.tsx [Client Component SSR]
    ./components/motion/anime-scope.tsx [Server Component]
    ./app/[locale]/page.tsx [Server Component] @ http://localhost:3000/_next/static/chunks/node_modules_next_dist_0u_w_5s._.js:1945
[  100333ms] [ERROR] ./components/motion/interactions.ts:3:1
Export setStyle doesn't exist in target module
  1 | import { animate } from "motion"
  2 | import { DUR, EASE } from "./tokens"
> 3 | import { setStyle, clearStyle } from "./dom"
    | ^^^^^^^^^^^^^^^^^^^^^^^^^^^^^^^^^^^^^^^^^^^^
  4 |
  5 | /**
  6 |  * Interactive behaviours — the layer that responds to input rather than to scroll.

The export setStyle was not found in module [project]/components/motion/dom.ts [app-ssr] (ecmascript).
Did you mean to import setStyles?
All exports of the module are statically known (It doesn't have dynamic exports). So it's known statically that the requested export doesn't exist.

Import traces:
  Client Component Browser:
    ./components/motion/interactions.ts [Client Component Browser]
    ./components/motion/anime-scope.tsx [Client Component Browser]
    ./components/motion/anime-scope.tsx [Server Component]
    ./app/[locale]/page.tsx [Server Component]

  Client Component SSR:
    ./components/motion/interactions.ts [Client Component SSR]
    ./components/motion/anime-scope.tsx [Client Component SSR]
    ./components/motion/anime-scope.tsx [Server Component]
    ./app/[locale]/page.tsx [Server Component] @ http://localhost:3000/_next/static/chunks/node_modules_next_dist_0u_w_5s._.js:1945
[  100440ms] [LOG] [Fast Refresh] rebuilding @ http://localhost:3000/_next/static/chunks/node_modules_next_dist_0u_w_5s._.js:1226
[  100631ms] [ERROR] ./components/motion/interactions.ts:3:1
Export setStyle doesn't exist in target module
  1 | import { animate } from "motion"
  2 | import { DUR, EASE } from "./tokens"
> 3 | import { setStyle, clearStyle } from "./dom"
    | ^^^^^^^^^^^^^^^^^^^^^^^^^^^^^^^^^^^^^^^^^^^^
  4 |
  5 | /**
  6 |  * Interactive behaviours — the layer that responds to input rather than to scroll.

The export setStyle was not found in module [project]/components/motion/dom.ts [app-client] (ecmascript).
Did you mean to import setStyles?
All exports of the module are statically known (It doesn't have dynamic exports). So it's known statically that the requested export doesn't exist.

Import traces:
  Client Component Browser:
    ./components/motion/interactions.ts [Client Component Browser]
    ./components/motion/anime-scope.tsx [Client Component Browser]
    ./components/motion/anime-scope.tsx [Server Component]
    ./app/[locale]/page.tsx [Server Component]

  Client Component SSR:
    ./components/motion/interactions.ts [Client Component SSR]
    ./components/motion/anime-scope.tsx [Client Component SSR]
    ./components/motion/anime-scope.tsx [Server Component]
    ./app/[locale]/page.tsx [Server Component] @ http://localhost:3000/_next/static/chunks/node_modules_next_dist_0u_w_5s._.js:1945
[  100631ms] [ERROR] ./components/motion/interactions.ts:3:1
Export setStyle doesn't exist in target module
  1 | import { animate } from "motion"
  2 | import { DUR, EASE } from "./tokens"
> 3 | import { setStyle, clearStyle } from "./dom"
    | ^^^^^^^^^^^^^^^^^^^^^^^^^^^^^^^^^^^^^^^^^^^^
  4 |
  5 | /**
  6 |  * Interactive behaviours — the layer that responds to input rather than to scroll.

The export setStyle was not found in module [project]/components/motion/dom.ts [app-ssr] (ecmascript).
Did you mean to import setStyles?
All exports of the module are statically known (It doesn't have dynamic exports). So it's known statically that the requested export doesn't exist.

Import traces:
  Client Component Browser:
    ./components/motion/interactions.ts [Client Component Browser]
    ./components/motion/anime-scope.tsx [Client Component Browser]
    ./components/motion/anime-scope.tsx [Server Component]
    ./app/[locale]/page.tsx [Server Component]

  Client Component SSR:
    ./components/motion/interactions.ts [Client Component SSR]
    ./components/motion/anime-scope.tsx [Client Component SSR]
    ./components/motion/anime-scope.tsx [Server Component]
    ./app/[locale]/page.tsx [Server Component] @ http://localhost:3000/_next/static/chunks/node_modules_next_dist_0u_w_5s._.js:1945
[  100788ms] [ERROR] ./components/motion/interactions.ts:3:1
Export setStyle doesn't exist in target module
  1 | import { animate } from "motion"
  2 | import { DUR, EASE } from "./tokens"
> 3 | import { setStyle, clearStyle } from "./dom"
    | ^^^^^^^^^^^^^^^^^^^^^^^^^^^^^^^^^^^^^^^^^^^^
  4 |
  5 | /**
  6 |  * Interactive behaviours — the layer that responds to input rather than to scroll.

The export setStyle was not found in module [project]/components/motion/dom.ts [app-client] (ecmascript).
Did you mean to import setStyles?
All exports of the module are statically known (It doesn't have dynamic exports). So it's known statically that the requested export doesn't exist.

Import traces:
  Client Component Browser:
    ./components/motion/interactions.ts [Client Component Browser]
    ./components/motion/anime-scope.tsx [Client Component Browser]
    ./components/motion/anime-scope.tsx [Server Component]
    ./app/[locale]/page.tsx [Server Component]

  Client Component SSR:
    ./components/motion/interactions.ts [Client Component SSR]
    ./components/motion/anime-scope.tsx [Client Component SSR]
    ./components/motion/anime-scope.tsx [Server Component]
    ./app/[locale]/page.tsx [Server Component] @ http://localhost:3000/_next/static/chunks/node_modules_next_dist_0u_w_5s._.js:1945
[  100788ms] [ERROR] ./components/motion/interactions.ts:3:1
Export setStyle doesn't exist in target module
  1 | import { animate } from "motion"
  2 | import { DUR, EASE } from "./tokens"
> 3 | import { setStyle, clearStyle } from "./dom"
    | ^^^^^^^^^^^^^^^^^^^^^^^^^^^^^^^^^^^^^^^^^^^^
  4 |
  5 | /**
  6 |  * Interactive behaviours — the layer that responds to input rather than to scroll.

The export setStyle was not found in module [project]/components/motion/dom.ts [app-ssr] (ecmascript).
Did you mean to import setStyles?
All exports of the module are statically known (It doesn't have dynamic exports). So it's known statically that the requested export doesn't exist.

Import traces:
  Client Component Browser:
    ./components/motion/interactions.ts [Client Component Browser]
    ./components/motion/anime-scope.tsx [Client Component Browser]
    ./components/motion/anime-scope.tsx [Server Component]
    ./app/[locale]/page.tsx [Server Component]

  Client Component SSR:
    ./components/motion/interactions.ts [Client Component SSR]
    ./components/motion/anime-scope.tsx [Client Component SSR]
    ./components/motion/anime-scope.tsx [Server Component]
    ./app/[locale]/page.tsx [Server Component] @ http://localhost:3000/_next/static/chunks/node_modules_next_dist_0u_w_5s._.js:1945
[  100866ms] [ERROR] ./components/motion/interactions.ts:3:1
Export setStyle doesn't exist in target module
  1 | import { animate } from "motion"
  2 | import { DUR, EASE } from "./tokens"
> 3 | import { setStyle, clearStyle } from "./dom"
    | ^^^^^^^^^^^^^^^^^^^^^^^^^^^^^^^^^^^^^^^^^^^^
  4 |
  5 | /**
  6 |  * Interactive behaviours — the layer that responds to input rather than to scroll.

The export setStyle was not found in module [project]/components/motion/dom.ts [app-client] (ecmascript).
Did you mean to import setStyles?
All exports of the module are statically known (It doesn't have dynamic exports). So it's known statically that the requested export doesn't exist.

Import traces:
  Client Component Browser:
    ./components/motion/interactions.ts [Client Component Browser]
    ./components/motion/anime-scope.tsx [Client Component Browser]
    ./components/motion/anime-scope.tsx [Server Component]
    ./app/[locale]/page.tsx [Server Component]

  Client Component SSR:
    ./components/motion/interactions.ts [Client Component SSR]
    ./components/motion/anime-scope.tsx [Client Component SSR]
    ./components/motion/anime-scope.tsx [Server Component]
    ./app/[locale]/page.tsx [Server Component] @ http://localhost:3000/_next/static/chunks/node_modules_next_dist_0u_w_5s._.js:1945
[  100866ms] [ERROR] ./components/motion/interactions.ts:3:1
Export setStyle doesn't exist in target module
  1 | import { animate } from "motion"
  2 | import { DUR, EASE } from "./tokens"
> 3 | import { setStyle, clearStyle } from "./dom"
    | ^^^^^^^^^^^^^^^^^^^^^^^^^^^^^^^^^^^^^^^^^^^^
  4 |
  5 | /**
  6 |  * Interactive behaviours — the layer that responds to input rather than to scroll.

The export setStyle was not found in module [project]/components/motion/dom.ts [app-ssr] (ecmascript).
Did you mean to import setStyles?
All exports of the module are statically known (It doesn't have dynamic exports). So it's known statically that the requested export doesn't exist.

Import traces:
  Client Component Browser:
    ./components/motion/interactions.ts [Client Component Browser]
    ./components/motion/anime-scope.tsx [Client Component Browser]
    ./components/motion/anime-scope.tsx [Server Component]
    ./app/[locale]/page.tsx [Server Component]

  Client Component SSR:
    ./components/motion/interactions.ts [Client Component SSR]
    ./components/motion/anime-scope.tsx [Client Component SSR]
    ./components/motion/anime-scope.tsx [Server Component]
    ./app/[locale]/page.tsx [Server Component] @ http://localhost:3000/_next/static/chunks/node_modules_next_dist_0u_w_5s._.js:1945
[  100904ms] [ERROR] Failed to load resource: the server responded with a status of 500 (Internal Server Error) @ http://localhost:3000/:0
[  100952ms] [INFO] %cDownload the React DevTools for a better development experience: https://react.dev/link/react-devtools font-weight:bold @ http://localhost:3000/_next/static/chunks/node_modules_react-dom_cjs_react-dom-client_development_0z3nh7o.js:16702
[  100962ms] [ERROR] Refused to execute script from 'http://localhost:3000/_next/static/development/_clientMiddlewareManifest.js' because its MIME type ('application/json') is not executable, and strict MIME type checking is enabled. @ http://localhost:3000/:0
[  100967ms] Error: ./components/motion/interactions.ts:3:1
Export setStyle doesn't exist in target module
  1 | import { animate } from "motion"
  2 | import { DUR, EASE } from "./tokens"
> 3 | import { setStyle, clearStyle } from "./dom"
    | ^^^^^^^^^^^^^^^^^^^^^^^^^^^^^^^^^^^^^^^^^^^^
  4 |
  5 | /**
  6 |  * Interactive behaviours — the layer that responds to input rather than to scroll.

The export setStyle was not found in module [project]/components/motion/dom.ts [app-client] (ecmascript).
Did you mean to import setStyles?
All exports of the module are statically known (It doesn't have dynamic exports). So it's known statically that the requested export doesn't exist.

Import traces:
  Client Component Browser:
    ./components/motion/interactions.ts [Client Component Browser]
    ./components/motion/anime-scope.tsx [Client Component Browser]
    ./components/motion/anime-scope.tsx [Server Component]
    ./app/[locale]/page.tsx [Server Component]

  Client Component SSR:
    ./components/motion/interactions.ts [Client Component SSR]
    ./components/motion/anime-scope.tsx [Client Component SSR]
    ./components/motion/anime-scope.tsx [Server Component]
    ./app/[locale]/page.tsx [Server Component]


    at <unknown> (Error: ./components/motion/interactions.ts:3:1)
    at Object.getCompilationErrors (file://C:\Users\Ibra\Documents\GitHub\sana\node_modules\next\dist\server\dev\hot-reloader-turbopack.js:1186:59)
    at DevBundlerService.getCompilationError (file://C:\Users\Ibra\Documents\GitHub\sana\node_modules\next\dist\server\lib\dev-bundler-service.js:44:55)
    at DevServer.getCompilationError (file://C:\Users\Ibra\Documents\GitHub\sana\node_modules\next\dist\server\dev\next-dev-server.js:720:42)
    at DevServer.findPageComponents (file://C:\Users\Ibra\Documents\GitHub\sana\node_modules\next\dist\server\dev\next-dev-server.js:690:43)
    at async DevServer.renderErrorToResponseImpl (file://C:\Users\Ibra\Documents\GitHub\sana\node_modules\next\dist\server\base-server.js:1753:26)
[  100966ms] [LOG] [HMR] connected @ http://localhost:3000/_next/static/chunks/node_modules_next_dist_0u_w_5s._.js:1226
[  100978ms] [ERROR] ./components/motion/interactions.ts:3:1
Export setStyle doesn't exist in target module
  1 | import { animate } from "motion"
  2 | import { DUR, EASE } from "./tokens"
> 3 | import { setStyle, clearStyle } from "./dom"
    | ^^^^^^^^^^^^^^^^^^^^^^^^^^^^^^^^^^^^^^^^^^^^
  4 |
  5 | /**
  6 |  * Interactive behaviours — the layer that responds to input rather than to scroll.

The export setStyle was not found in module [project]/components/motion/dom.ts [app-client] (ecmascript).
Did you mean to import setStyles?
All exports of the module are statically known (It doesn't have dynamic exports). So it's known statically that the requested export doesn't exist.

Import traces:
  Client Component Browser:
    ./components/motion/interactions.ts [Client Component Browser]
    ./components/motion/anime-scope.tsx [Client Component Browser]
    ./components/motion/anime-scope.tsx [Server Component]
    ./app/[locale]/page.tsx [Server Component]

  Client Component SSR:
    ./components/motion/interactions.ts [Client Component SSR]
    ./components/motion/anime-scope.tsx [Client Component SSR]
    ./components/motion/anime-scope.tsx [Server Component]
    ./app/[locale]/page.tsx [Server Component] @ http://localhost:3000/_next/static/chunks/node_modules_next_dist_0u_w_5s._.js:1945
[  100978ms] [ERROR] ./components/motion/interactions.ts:3:1
Export setStyle doesn't exist in target module
  1 | import { animate } from "motion"
  2 | import { DUR, EASE } from "./tokens"
> 3 | import { setStyle, clearStyle } from "./dom"
    | ^^^^^^^^^^^^^^^^^^^^^^^^^^^^^^^^^^^^^^^^^^^^
  4 |
  5 | /**
  6 |  * Interactive behaviours — the layer that responds to input rather than to scroll.

The export setStyle was not found in module [project]/components/motion/dom.ts [app-ssr] (ecmascript).
Did you mean to import setStyles?
All exports of the module are statically known (It doesn't have dynamic exports). So it's known statically that the requested export doesn't exist.

Import traces:
  Client Component Browser:
    ./components/motion/interactions.ts [Client Component Browser]
    ./components/motion/anime-scope.tsx [Client Component Browser]
    ./components/motion/anime-scope.tsx [Server Component]
    ./app/[locale]/page.tsx [Server Component]

  Client Component SSR:
    ./components/motion/interactions.ts [Client Component SSR]
    ./components/motion/anime-scope.tsx [Client Component SSR]
    ./components/motion/anime-scope.tsx [Server Component]
    ./app/[locale]/page.tsx [Server Component] @ http://localhost:3000/_next/static/chunks/node_modules_next_dist_0u_w_5s._.js:1945
[  101002ms] [ERROR] Failed to load resource: the server responded with a status of 500 (Internal Server Error) @ http://localhost:3000/favicon.ico:0
[  101066ms] [ERROR] ./components/motion/interactions.ts:3:1
Export setStyle doesn't exist in target module
  1 | import { animate } from "motion"
  2 | import { DUR, EASE } from "./tokens"
> 3 | import { setStyle, clearStyle } from "./dom"
    | ^^^^^^^^^^^^^^^^^^^^^^^^^^^^^^^^^^^^^^^^^^^^
  4 |
  5 | /**
  6 |  * Interactive behaviours — the layer that responds to input rather than to scroll.

The export setStyle was not found in module [project]/components/motion/dom.ts [app-client] (ecmascript).
Did you mean to import setStyles?
All exports of the module are statically known (It doesn't have dynamic exports). So it's known statically that the requested export doesn't exist.

Import traces:
  Client Component Browser:
    ./components/motion/interactions.ts [Client Component Browser]
    ./components/motion/anime-scope.tsx [Client Component Browser]
    ./components/motion/anime-scope.tsx [Server Component]
    ./app/[locale]/page.tsx [Server Component]

  Client Component SSR:
    ./components/motion/interactions.ts [Client Component SSR]
    ./components/motion/anime-scope.tsx [Client Component SSR]
    ./components/motion/anime-scope.tsx [Server Component]
    ./app/[locale]/page.tsx [Server Component] @ http://localhost:3000/_next/static/chunks/node_modules_next_dist_0u_w_5s._.js:1945
[  101066ms] [ERROR] ./components/motion/interactions.ts:3:1
Export setStyle doesn't exist in target module
  1 | import { animate } from "motion"
  2 | import { DUR, EASE } from "./tokens"
> 3 | import { setStyle, clearStyle } from "./dom"
    | ^^^^^^^^^^^^^^^^^^^^^^^^^^^^^^^^^^^^^^^^^^^^
  4 |
  5 | /**
  6 |  * Interactive behaviours — the layer that responds to input rather than to scroll.

The export setStyle was not found in module [project]/components/motion/dom.ts [app-ssr] (ecmascript).
Did you mean to import setStyles?
All exports of the module are statically known (It doesn't have dynamic exports). So it's known statically that the requested export doesn't exist.

Import traces:
  Client Component Browser:
    ./components/motion/interactions.ts [Client Component Browser]
    ./components/motion/anime-scope.tsx [Client Component Browser]
    ./components/motion/anime-scope.tsx [Server Component]
    ./app/[locale]/page.tsx [Server Component]

  Client Component SSR:
    ./components/motion/interactions.ts [Client Component SSR]
    ./components/motion/anime-scope.tsx [Client Component SSR]
    ./components/motion/anime-scope.tsx [Server Component]
    ./app/[locale]/page.tsx [Server Component] @ http://localhost:3000/_next/static/chunks/node_modules_next_dist_0u_w_5s._.js:1945
[  101126ms] [ERROR] ./components/motion/interactions.ts:3:1
Export setStyle doesn't exist in target module
  1 | import { animate } from "motion"
  2 | import { DUR, EASE } from "./tokens"
> 3 | import { setStyle, clearStyle } from "./dom"
    | ^^^^^^^^^^^^^^^^^^^^^^^^^^^^^^^^^^^^^^^^^^^^
  4 |
  5 | /**
  6 |  * Interactive behaviours — the layer that responds to input rather than to scroll.

The export setStyle was not found in module [project]/components/motion/dom.ts [app-client] (ecmascript).
Did you mean to import setStyles?
All exports of the module are statically known (It doesn't have dynamic exports). So it's known statically that the requested export doesn't exist.

Import traces:
  Client Component Browser:
    ./components/motion/interactions.ts [Client Component Browser]
    ./components/motion/anime-scope.tsx [Client Component Browser]
    ./components/motion/anime-scope.tsx [Server Component]
    ./app/[locale]/page.tsx [Server Component]

  Client Component SSR:
    ./components/motion/interactions.ts [Client Component SSR]
    ./components/motion/anime-scope.tsx [Client Component SSR]
    ./components/motion/anime-scope.tsx [Server Component]
    ./app/[locale]/page.tsx [Server Component] @ http://localhost:3000/_next/static/chunks/node_modules_next_dist_0u_w_5s._.js:1945
[  101126ms] [ERROR] ./components/motion/interactions.ts:3:1
Export setStyle doesn't exist in target module
  1 | import { animate } from "motion"
  2 | import { DUR, EASE } from "./tokens"
> 3 | import { setStyle, clearStyle } from "./dom"
    | ^^^^^^^^^^^^^^^^^^^^^^^^^^^^^^^^^^^^^^^^^^^^
  4 |
  5 | /**
  6 |  * Interactive behaviours — the layer that responds to input rather than to scroll.

The export setStyle was not found in module [project]/components/motion/dom.ts [app-ssr] (ecmascript).
Did you mean to import setStyles?
All exports of the module are statically known (It doesn't have dynamic exports). So it's known statically that the requested export doesn't exist.

Import traces:
  Client Component Browser:
    ./components/motion/interactions.ts [Client Component Browser]
    ./components/motion/anime-scope.tsx [Client Component Browser]
    ./components/motion/anime-scope.tsx [Server Component]
    ./app/[locale]/page.tsx [Server Component]

  Client Component SSR:
    ./components/motion/interactions.ts [Client Component SSR]
    ./components/motion/anime-scope.tsx [Client Component SSR]
    ./components/motion/anime-scope.tsx [Server Component]
    ./app/[locale]/page.tsx [Server Component] @ http://localhost:3000/_next/static/chunks/node_modules_next_dist_0u_w_5s._.js:1945
[  101204ms] [ERROR] ./components/motion/interactions.ts:3:1
Export setStyle doesn't exist in target module
  1 | import { animate } from "motion"
  2 | import { DUR, EASE } from "./tokens"
> 3 | import { setStyle, clearStyle } from "./dom"
    | ^^^^^^^^^^^^^^^^^^^^^^^^^^^^^^^^^^^^^^^^^^^^
  4 |
  5 | /**
  6 |  * Interactive behaviours — the layer that responds to input rather than to scroll.

The export setStyle was not found in module [project]/components/motion/dom.ts [app-client] (ecmascript).
Did you mean to import setStyles?
All exports of the module are statically known (It doesn't have dynamic exports). So it's known statically that the requested export doesn't exist.

Import traces:
  Client Component Browser:
    ./components/motion/interactions.ts [Client Component Browser]
    ./components/motion/anime-scope.tsx [Client Component Browser]
    ./components/motion/anime-scope.tsx [Server Component]
    ./app/[locale]/page.tsx [Server Component]

  Client Component SSR:
    ./components/motion/interactions.ts [Client Component SSR]
    ./components/motion/anime-scope.tsx [Client Component SSR]
    ./components/motion/anime-scope.tsx [Server Component]
    ./app/[locale]/page.tsx [Server Component] @ http://localhost:3000/_next/static/chunks/node_modules_next_dist_0u_w_5s._.js:1945
[  101204ms] [ERROR] ./components/motion/interactions.ts:3:1
Export setStyle doesn't exist in target module
  1 | import { animate } from "motion"
  2 | import { DUR, EASE } from "./tokens"
> 3 | import { setStyle, clearStyle } from "./dom"
    | ^^^^^^^^^^^^^^^^^^^^^^^^^^^^^^^^^^^^^^^^^^^^
  4 |
  5 | /**
  6 |  * Interactive behaviours — the layer that responds to input rather than to scroll.

The export setStyle was not found in module [project]/components/motion/dom.ts [app-ssr] (ecmascript).
Did you mean to import setStyles?
All exports of the module are statically known (It doesn't have dynamic exports). So it's known statically that the requested export doesn't exist.

Import traces:
  Client Component Browser:
    ./components/motion/interactions.ts [Client Component Browser]
    ./components/motion/anime-scope.tsx [Client Component Browser]
    ./components/motion/anime-scope.tsx [Server Component]
    ./app/[locale]/page.tsx [Server Component]

  Client Component SSR:
    ./components/motion/interactions.ts [Client Component SSR]
    ./components/motion/anime-scope.tsx [Client Component SSR]
    ./components/motion/anime-scope.tsx [Server Component]
    ./app/[locale]/page.tsx [Server Component] @ http://localhost:3000/_next/static/chunks/node_modules_next_dist_0u_w_5s._.js:1945
[  101265ms] [ERROR] ./components/motion/interactions.ts:3:1
Export setStyle doesn't exist in target module
  1 | import { animate } from "motion"
  2 | import { DUR, EASE } from "./tokens"
> 3 | import { setStyle, clearStyle } from "./dom"
    | ^^^^^^^^^^^^^^^^^^^^^^^^^^^^^^^^^^^^^^^^^^^^
  4 |
  5 | /**
  6 |  * Interactive behaviours — the layer that responds to input rather than to scroll.

The export setStyle was not found in module [project]/components/motion/dom.ts [app-client] (ecmascript).
Did you mean to import setStyles?
All exports of the module are statically known (It doesn't have dynamic exports). So it's known statically that the requested export doesn't exist.

Import traces:
  Client Component Browser:
    ./components/motion/interactions.ts [Client Component Browser]
    ./components/motion/anime-scope.tsx [Client Component Browser]
    ./components/motion/anime-scope.tsx [Server Component]
    ./app/[locale]/page.tsx [Server Component]

  Client Component SSR:
    ./components/motion/interactions.ts [Client Component SSR]
    ./components/motion/anime-scope.tsx [Client Component SSR]
    ./components/motion/anime-scope.tsx [Server Component]
    ./app/[locale]/page.tsx [Server Component] @ http://localhost:3000/_next/static/chunks/node_modules_next_dist_0u_w_5s._.js:1945
[  101265ms] [ERROR] ./components/motion/interactions.ts:3:1
Export setStyle doesn't exist in target module
  1 | import { animate } from "motion"
  2 | import { DUR, EASE } from "./tokens"
> 3 | import { setStyle, clearStyle } from "./dom"
    | ^^^^^^^^^^^^^^^^^^^^^^^^^^^^^^^^^^^^^^^^^^^^
  4 |
  5 | /**
  6 |  * Interactive behaviours — the layer that responds to input rather than to scroll.

The export setStyle was not found in module [project]/components/motion/dom.ts [app-ssr] (ecmascript).
Did you mean to import setStyles?
All exports of the module are statically known (It doesn't have dynamic exports). So it's known statically that the requested export doesn't exist.

Import traces:
  Client Component Browser:
    ./components/motion/interactions.ts [Client Component Browser]
    ./components/motion/anime-scope.tsx [Client Component Browser]
    ./components/motion/anime-scope.tsx [Server Component]
    ./app/[locale]/page.tsx [Server Component]

  Client Component SSR:
    ./components/motion/interactions.ts [Client Component SSR]
    ./components/motion/anime-scope.tsx [Client Component SSR]
    ./components/motion/anime-scope.tsx [Server Component]
    ./app/[locale]/page.tsx [Server Component] @ http://localhost:3000/_next/static/chunks/node_modules_next_dist_0u_w_5s._.js:1945
[  101326ms] [ERROR] ./components/motion/interactions.ts:3:1
Export setStyle doesn't exist in target module
  1 | import { animate } from "motion"
  2 | import { DUR, EASE } from "./tokens"
> 3 | import { setStyle, clearStyle } from "./dom"
    | ^^^^^^^^^^^^^^^^^^^^^^^^^^^^^^^^^^^^^^^^^^^^
  4 |
  5 | /**
  6 |  * Interactive behaviours — the layer that responds to input rather than to scroll.

The export setStyle was not found in module [project]/components/motion/dom.ts [app-client] (ecmascript).
Did you mean to import setStyles?
All exports of the module are statically known (It doesn't have dynamic exports). So it's known statically that the requested export doesn't exist.

Import traces:
  Client Component Browser:
    ./components/motion/interactions.ts [Client Component Browser]
    ./components/motion/anime-scope.tsx [Client Component Browser]
    ./components/motion/anime-scope.tsx [Server Component]
    ./app/[locale]/page.tsx [Server Component]

  Client Component SSR:
    ./components/motion/interactions.ts [Client Component SSR]
    ./components/motion/anime-scope.tsx [Client Component SSR]
    ./components/motion/anime-scope.tsx [Server Component]
    ./app/[locale]/page.tsx [Server Component] @ http://localhost:3000/_next/static/chunks/node_modules_next_dist_0u_w_5s._.js:1945
[  101326ms] [ERROR] ./components/motion/interactions.ts:3:1
Export setStyle doesn't exist in target module
  1 | import { animate } from "motion"
  2 | import { DUR, EASE } from "./tokens"
> 3 | import { setStyle, clearStyle } from "./dom"
    | ^^^^^^^^^^^^^^^^^^^^^^^^^^^^^^^^^^^^^^^^^^^^
  4 |
  5 | /**
  6 |  * Interactive behaviours — the layer that responds to input rather than to scroll.

The export setStyle was not found in module [project]/components/motion/dom.ts [app-ssr] (ecmascript).
Did you mean to import setStyles?
All exports of the module are statically known (It doesn't have dynamic exports). So it's known statically that the requested export doesn't exist.

Import traces:
  Client Component Browser:
    ./components/motion/interactions.ts [Client Component Browser]
    ./components/motion/anime-scope.tsx [Client Component Browser]
    ./components/motion/anime-scope.tsx [Server Component]
    ./app/[locale]/page.tsx [Server Component]

  Client Component SSR:
    ./components/motion/interactions.ts [Client Component SSR]
    ./components/motion/anime-scope.tsx [Client Component SSR]
    ./components/motion/anime-scope.tsx [Server Component]
    ./app/[locale]/page.tsx [Server Component] @ http://localhost:3000/_next/static/chunks/node_modules_next_dist_0u_w_5s._.js:1945
[  101388ms] [ERROR] ./components/motion/interactions.ts:3:1
Export setStyle doesn't exist in target module
  1 | import { animate } from "motion"
  2 | import { DUR, EASE } from "./tokens"
> 3 | import { setStyle, clearStyle } from "./dom"
    | ^^^^^^^^^^^^^^^^^^^^^^^^^^^^^^^^^^^^^^^^^^^^
  4 |
  5 | /**
  6 |  * Interactive behaviours — the layer that responds to input rather than to scroll.

The export setStyle was not found in module [project]/components/motion/dom.ts [app-client] (ecmascript).
Did you mean to import setStyles?
All exports of the module are statically known (It doesn't have dynamic exports). So it's known statically that the requested export doesn't exist.

Import traces:
  Client Component Browser:
    ./components/motion/interactions.ts [Client Component Browser]
    ./components/motion/anime-scope.tsx [Client Component Browser]
    ./components/motion/anime-scope.tsx [Server Component]
    ./app/[locale]/page.tsx [Server Component]

  Client Component SSR:
    ./components/motion/interactions.ts [Client Component SSR]
    ./components/motion/anime-scope.tsx [Client Component SSR]
    ./components/motion/anime-scope.tsx [Server Component]
    ./app/[locale]/page.tsx [Server Component] @ http://localhost:3000/_next/static/chunks/node_modules_next_dist_0u_w_5s._.js:1945
[  101388ms] [ERROR] ./components/motion/interactions.ts:3:1
Export setStyle doesn't exist in target module
  1 | import { animate } from "motion"
  2 | import { DUR, EASE } from "./tokens"
> 3 | import { setStyle, clearStyle } from "./dom"
    | ^^^^^^^^^^^^^^^^^^^^^^^^^^^^^^^^^^^^^^^^^^^^
  4 |
  5 | /**
  6 |  * Interactive behaviours — the layer that responds to input rather than to scroll.

The export setStyle was not found in module [project]/components/motion/dom.ts [app-ssr] (ecmascript).
Did you mean to import setStyles?
All exports of the module are statically known (It doesn't have dynamic exports). So it's known statically that the requested export doesn't exist.

Import traces:
  Client Component Browser:
    ./components/motion/interactions.ts [Client Component Browser]
    ./components/motion/anime-scope.tsx [Client Component Browser]
    ./components/motion/anime-scope.tsx [Server Component]
    ./app/[locale]/page.tsx [Server Component]

  Client Component SSR:
    ./components/motion/interactions.ts [Client Component SSR]
    ./components/motion/anime-scope.tsx [Client Component SSR]
    ./components/motion/anime-scope.tsx [Server Component]
    ./app/[locale]/page.tsx [Server Component] @ http://localhost:3000/_next/static/chunks/node_modules_next_dist_0u_w_5s._.js:1945
[  101450ms] [ERROR] ./components/motion/interactions.ts:3:1
Export setStyle doesn't exist in target module
  1 | import { animate } from "motion"
  2 | import { DUR, EASE } from "./tokens"
> 3 | import { setStyle, clearStyle } from "./dom"
    | ^^^^^^^^^^^^^^^^^^^^^^^^^^^^^^^^^^^^^^^^^^^^
  4 |
  5 | /**
  6 |  * Interactive behaviours — the layer that responds to input rather than to scroll.

The export setStyle was not found in module [project]/components/motion/dom.ts [app-client] (ecmascript).
Did you mean to import setStyles?
All exports of the module are statically known (It doesn't have dynamic exports). So it's known statically that the requested export doesn't exist.

Import traces:
  Client Component Browser:
    ./components/motion/interactions.ts [Client Component Browser]
    ./components/motion/anime-scope.tsx [Client Component Browser]
    ./components/motion/anime-scope.tsx [Server Component]
    ./app/[locale]/page.tsx [Server Component]

  Client Component SSR:
    ./components/motion/interactions.ts [Client Component SSR]
    ./components/motion/anime-scope.tsx [Client Component SSR]
    ./components/motion/anime-scope.tsx [Server Component]
    ./app/[locale]/page.tsx [Server Component] @ http://localhost:3000/_next/static/chunks/node_modules_next_dist_0u_w_5s._.js:1945
[  101450ms] [ERROR] ./components/motion/interactions.ts:3:1
Export setStyle doesn't exist in target module
  1 | import { animate } from "motion"
  2 | import { DUR, EASE } from "./tokens"
> 3 | import { setStyle, clearStyle } from "./dom"
    | ^^^^^^^^^^^^^^^^^^^^^^^^^^^^^^^^^^^^^^^^^^^^
  4 |
  5 | /**
  6 |  * Interactive behaviours — the layer that responds to input rather than to scroll.

The export setStyle was not found in module [project]/components/motion/dom.ts [app-ssr] (ecmascript).
Did you mean to import setStyles?
All exports of the module are statically known (It doesn't have dynamic exports). So it's known statically that the requested export doesn't exist.

Import traces:
  Client Component Browser:
    ./components/motion/interactions.ts [Client Component Browser]
    ./components/motion/anime-scope.tsx [Client Component Browser]
    ./components/motion/anime-scope.tsx [Server Component]
    ./app/[locale]/page.tsx [Server Component]

  Client Component SSR:
    ./components/motion/interactions.ts [Client Component SSR]
    ./components/motion/anime-scope.tsx [Client Component SSR]
    ./components/motion/anime-scope.tsx [Server Component]
    ./app/[locale]/page.tsx [Server Component] @ http://localhost:3000/_next/static/chunks/node_modules_next_dist_0u_w_5s._.js:1945
[  101512ms] [ERROR] ./components/motion/interactions.ts:3:1
Export setStyle doesn't exist in target module
  1 | import { animate } from "motion"
  2 | import { DUR, EASE } from "./tokens"
> 3 | import { setStyle, clearStyle } from "./dom"
    | ^^^^^^^^^^^^^^^^^^^^^^^^^^^^^^^^^^^^^^^^^^^^
  4 |
  5 | /**
  6 |  * Interactive behaviours — the layer that responds to input rather than to scroll.

The export setStyle was not found in module [project]/components/motion/dom.ts [app-client] (ecmascript).
Did you mean to import setStyles?
All exports of the module are statically known (It doesn't have dynamic exports). So it's known statically that the requested export doesn't exist.

Import traces:
  Client Component Browser:
    ./components/motion/interactions.ts [Client Component Browser]
    ./components/motion/anime-scope.tsx [Client Component Browser]
    ./components/motion/anime-scope.tsx [Server Component]
    ./app/[locale]/page.tsx [Server Component]

  Client Component SSR:
    ./components/motion/interactions.ts [Client Component SSR]
    ./components/motion/anime-scope.tsx [Client Component SSR]
    ./components/motion/anime-scope.tsx [Server Component]
    ./app/[locale]/page.tsx [Server Component] @ http://localhost:3000/_next/static/chunks/node_modules_next_dist_0u_w_5s._.js:1945
[  101512ms] [ERROR] ./components/motion/interactions.ts:3:1
Export setStyle doesn't exist in target module
  1 | import { animate } from "motion"
  2 | import { DUR, EASE } from "./tokens"
> 3 | import { setStyle, clearStyle } from "./dom"
    | ^^^^^^^^^^^^^^^^^^^^^^^^^^^^^^^^^^^^^^^^^^^^
  4 |
  5 | /**
  6 |  * Interactive behaviours — the layer that responds to input rather than to scroll.

The export setStyle was not found in module [project]/components/motion/dom.ts [app-ssr] (ecmascript).
Did you mean to import setStyles?
All exports of the module are statically known (It doesn't have dynamic exports). So it's known statically that the requested export doesn't exist.

Import traces:
  Client Component Browser:
    ./components/motion/interactions.ts [Client Component Browser]
    ./components/motion/anime-scope.tsx [Client Component Browser]
    ./components/motion/anime-scope.tsx [Server Component]
    ./app/[locale]/page.tsx [Server Component]

  Client Component SSR:
    ./components/motion/interactions.ts [Client Component SSR]
    ./components/motion/anime-scope.tsx [Client Component SSR]
    ./components/motion/anime-scope.tsx [Server Component]
    ./app/[locale]/page.tsx [Server Component] @ http://localhost:3000/_next/static/chunks/node_modules_next_dist_0u_w_5s._.js:1945
[  101574ms] [ERROR] ./components/motion/interactions.ts:3:1
Export setStyle doesn't exist in target module
  1 | import { animate } from "motion"
  2 | import { DUR, EASE } from "./tokens"
> 3 | import { setStyle, clearStyle } from "./dom"
    | ^^^^^^^^^^^^^^^^^^^^^^^^^^^^^^^^^^^^^^^^^^^^
  4 |
  5 | /**
  6 |  * Interactive behaviours — the layer that responds to input rather than to scroll.

The export setStyle was not found in module [project]/components/motion/dom.ts [app-client] (ecmascript).
Did you mean to import setStyles?
All exports of the module are statically known (It doesn't have dynamic exports). So it's known statically that the requested export doesn't exist.

Import traces:
  Client Component Browser:
    ./components/motion/interactions.ts [Client Component Browser]
    ./components/motion/anime-scope.tsx [Client Component Browser]
    ./components/motion/anime-scope.tsx [Server Component]
    ./app/[locale]/page.tsx [Server Component]

  Client Component SSR:
    ./components/motion/interactions.ts [Client Component SSR]
    ./components/motion/anime-scope.tsx [Client Component SSR]
    ./components/motion/anime-scope.tsx [Server Component]
    ./app/[locale]/page.tsx [Server Component] @ http://localhost:3000/_next/static/chunks/node_modules_next_dist_0u_w_5s._.js:1945
[  101574ms] [ERROR] ./components/motion/interactions.ts:3:1
Export setStyle doesn't exist in target module
  1 | import { animate } from "motion"
  2 | import { DUR, EASE } from "./tokens"
> 3 | import { setStyle, clearStyle } from "./dom"
    | ^^^^^^^^^^^^^^^^^^^^^^^^^^^^^^^^^^^^^^^^^^^^
  4 |
  5 | /**
  6 |  * Interactive behaviours — the layer that responds to input rather than to scroll.

The export setStyle was not found in module [project]/components/motion/dom.ts [app-ssr] (ecmascript).
Did you mean to import setStyles?
All exports of the module are statically known (It doesn't have dynamic exports). So it's known statically that the requested export doesn't exist.

Import traces:
  Client Component Browser:
    ./components/motion/interactions.ts [Client Component Browser]
    ./components/motion/anime-scope.tsx [Client Component Browser]
    ./components/motion/anime-scope.tsx [Server Component]
    ./app/[locale]/page.tsx [Server Component]

  Client Component SSR:
    ./components/motion/interactions.ts [Client Component SSR]
    ./components/motion/anime-scope.tsx [Client Component SSR]
    ./components/motion/anime-scope.tsx [Server Component]
    ./app/[locale]/page.tsx [Server Component] @ http://localhost:3000/_next/static/chunks/node_modules_next_dist_0u_w_5s._.js:1945
[  101635ms] [ERROR] ./components/motion/interactions.ts:3:1
Export setStyle doesn't exist in target module
  1 | import { animate } from "motion"
  2 | import { DUR, EASE } from "./tokens"
> 3 | import { setStyle, clearStyle } from "./dom"
    | ^^^^^^^^^^^^^^^^^^^^^^^^^^^^^^^^^^^^^^^^^^^^
  4 |
  5 | /**
  6 |  * Interactive behaviours — the layer that responds to input rather than to scroll.

The export setStyle was not found in module [project]/components/motion/dom.ts [app-client] (ecmascript).
Did you mean to import setStyles?
All exports of the module are statically known (It doesn't have dynamic exports). So it's known statically that the requested export doesn't exist.

Import traces:
  Client Component Browser:
    ./components/motion/interactions.ts [Client Component Browser]
    ./components/motion/anime-scope.tsx [Client Component Browser]
    ./components/motion/anime-scope.tsx [Server Component]
    ./app/[locale]/page.tsx [Server Component]

  Client Component SSR:
    ./components/motion/interactions.ts [Client Component SSR]
    ./components/motion/anime-scope.tsx [Client Component SSR]
    ./components/motion/anime-scope.tsx [Server Component]
    ./app/[locale]/page.tsx [Server Component] @ http://localhost:3000/_next/static/chunks/node_modules_next_dist_0u_w_5s._.js:1945
[  101635ms] [ERROR] ./components/motion/interactions.ts:3:1
Export setStyle doesn't exist in target module
  1 | import { animate } from "motion"
  2 | import { DUR, EASE } from "./tokens"
> 3 | import { setStyle, clearStyle } from "./dom"
    | ^^^^^^^^^^^^^^^^^^^^^^^^^^^^^^^^^^^^^^^^^^^^
  4 |
  5 | /**
  6 |  * Interactive behaviours — the layer that responds to input rather than to scroll.

The export setStyle was not found in module [project]/components/motion/dom.ts [app-ssr] (ecmascript).
Did you mean to import setStyles?
All exports of the module are statically known (It doesn't have dynamic exports). So it's known statically that the requested export doesn't exist.

Import traces:
  Client Component Browser:
    ./components/motion/interactions.ts [Client Component Browser]
    ./components/motion/anime-scope.tsx [Client Component Browser]
    ./components/motion/anime-scope.tsx [Server Component]
    ./app/[locale]/page.tsx [Server Component]

  Client Component SSR:
    ./components/motion/interactions.ts [Client Component SSR]
    ./components/motion/anime-scope.tsx [Client Component SSR]
    ./components/motion/anime-scope.tsx [Server Component]
    ./app/[locale]/page.tsx [Server Component] @ http://localhost:3000/_next/static/chunks/node_modules_next_dist_0u_w_5s._.js:1945
[  101700ms] [ERROR] ./components/motion/interactions.ts:3:1
Export setStyle doesn't exist in target module
  1 | import { animate } from "motion"
  2 | import { DUR, EASE } from "./tokens"
> 3 | import { setStyle, clearStyle } from "./dom"
    | ^^^^^^^^^^^^^^^^^^^^^^^^^^^^^^^^^^^^^^^^^^^^
  4 |
  5 | /**
  6 |  * Interactive behaviours — the layer that responds to input rather than to scroll.

The export setStyle was not found in module [project]/components/motion/dom.ts [app-client] (ecmascript).
Did you mean to import setStyles?
All exports of the module are statically known (It doesn't have dynamic exports). So it's known statically that the requested export doesn't exist.

Import traces:
  Client Component Browser:
    ./components/motion/interactions.ts [Client Component Browser]
    ./components/motion/anime-scope.tsx [Client Component Browser]
    ./components/motion/anime-scope.tsx [Server Component]
    ./app/[locale]/page.tsx [Server Component]

  Client Component SSR:
    ./components/motion/interactions.ts [Client Component SSR]
    ./components/motion/anime-scope.tsx [Client Component SSR]
    ./components/motion/anime-scope.tsx [Server Component]
    ./app/[locale]/page.tsx [Server Component] @ http://localhost:3000/_next/static/chunks/node_modules_next_dist_0u_w_5s._.js:1945
[  101700ms] [ERROR] ./components/motion/interactions.ts:3:1
Export setStyle doesn't exist in target module
  1 | import { animate } from "motion"
  2 | import { DUR, EASE } from "./tokens"
> 3 | import { setStyle, clearStyle } from "./dom"
    | ^^^^^^^^^^^^^^^^^^^^^^^^^^^^^^^^^^^^^^^^^^^^
  4 |
  5 | /**
  6 |  * Interactive behaviours — the layer that responds to input rather than to scroll.

The export setStyle was not found in module [project]/components/motion/dom.ts [app-ssr] (ecmascript).
Did you mean to import setStyles?
All exports of the module are statically known (It doesn't have dynamic exports). So it's known statically that the requested export doesn't exist.

Import traces:
  Client Component Browser:
    ./components/motion/interactions.ts [Client Component Browser]
    ./components/motion/anime-scope.tsx [Client Component Browser]
    ./components/motion/anime-scope.tsx [Server Component]
    ./app/[locale]/page.tsx [Server Component]

  Client Component SSR:
    ./components/motion/interactions.ts [Client Component SSR]
    ./components/motion/anime-scope.tsx [Client Component SSR]
    ./components/motion/anime-scope.tsx [Server Component]
    ./app/[locale]/page.tsx [Server Component] @ http://localhost:3000/_next/static/chunks/node_modules_next_dist_0u_w_5s._.js:1945
[  101761ms] [ERROR] ./components/motion/interactions.ts:3:1
Export setStyle doesn't exist in target module
  1 | import { animate } from "motion"
  2 | import { DUR, EASE } from "./tokens"
> 3 | import { setStyle, clearStyle } from "./dom"
    | ^^^^^^^^^^^^^^^^^^^^^^^^^^^^^^^^^^^^^^^^^^^^
  4 |
  5 | /**
  6 |  * Interactive behaviours — the layer that responds to input rather than to scroll.

The export setStyle was not found in module [project]/components/motion/dom.ts [app-client] (ecmascript).
Did you mean to import setStyles?
All exports of the module are statically known (It doesn't have dynamic exports). So it's known statically that the requested export doesn't exist.

Import traces:
  Client Component Browser:
    ./components/motion/interactions.ts [Client Component Browser]
    ./components/motion/anime-scope.tsx [Client Component Browser]
    ./components/motion/anime-scope.tsx [Server Component]
    ./app/[locale]/page.tsx [Server Component]

  Client Component SSR:
    ./components/motion/interactions.ts [Client Component SSR]
    ./components/motion/anime-scope.tsx [Client Component SSR]
    ./components/motion/anime-scope.tsx [Server Component]
    ./app/[locale]/page.tsx [Server Component] @ http://localhost:3000/_next/static/chunks/node_modules_next_dist_0u_w_5s._.js:1945
[  101761ms] [ERROR] ./components/motion/interactions.ts:3:1
Export setStyle doesn't exist in target module
  1 | import { animate } from "motion"
  2 | import { DUR, EASE } from "./tokens"
> 3 | import { setStyle, clearStyle } from "./dom"
    | ^^^^^^^^^^^^^^^^^^^^^^^^^^^^^^^^^^^^^^^^^^^^
  4 |
  5 | /**
  6 |  * Interactive behaviours — the layer that responds to input rather than to scroll.

The export setStyle was not found in module [project]/components/motion/dom.ts [app-ssr] (ecmascript).
Did you mean to import setStyles?
All exports of the module are statically known (It doesn't have dynamic exports). So it's known statically that the requested export doesn't exist.

Import traces:
  Client Component Browser:
    ./components/motion/interactions.ts [Client Component Browser]
    ./components/motion/anime-scope.tsx [Client Component Browser]
    ./components/motion/anime-scope.tsx [Server Component]
    ./app/[locale]/page.tsx [Server Component]

  Client Component SSR:
    ./components/motion/interactions.ts [Client Component SSR]
    ./components/motion/anime-scope.tsx [Client Component SSR]
    ./components/motion/anime-scope.tsx [Server Component]
    ./app/[locale]/page.tsx [Server Component] @ http://localhost:3000/_next/static/chunks/node_modules_next_dist_0u_w_5s._.js:1945
[  101823ms] [ERROR] ./components/motion/interactions.ts:3:1
Export setStyle doesn't exist in target module
  1 | import { animate } from "motion"
  2 | import { DUR, EASE } from "./tokens"
> 3 | import { setStyle, clearStyle } from "./dom"
    | ^^^^^^^^^^^^^^^^^^^^^^^^^^^^^^^^^^^^^^^^^^^^
  4 |
  5 | /**
  6 |  * Interactive behaviours — the layer that responds to input rather than to scroll.

The export setStyle was not found in module [project]/components/motion/dom.ts [app-client] (ecmascript).
Did you mean to import setStyles?
All exports of the module are statically known (It doesn't have dynamic exports). So it's known statically that the requested export doesn't exist.

Import traces:
  Client Component Browser:
    ./components/motion/interactions.ts [Client Component Browser]
    ./components/motion/anime-scope.tsx [Client Component Browser]
    ./components/motion/anime-scope.tsx [Server Component]
    ./app/[locale]/page.tsx [Server Component]

  Client Component SSR:
    ./components/motion/interactions.ts [Client Component SSR]
    ./components/motion/anime-scope.tsx [Client Component SSR]
    ./components/motion/anime-scope.tsx [Server Component]
    ./app/[locale]/page.tsx [Server Component] @ http://localhost:3000/_next/static/chunks/node_modules_next_dist_0u_w_5s._.js:1945
[  101823ms] [ERROR] ./components/motion/interactions.ts:3:1
Export setStyle doesn't exist in target module
  1 | import { animate } from "motion"
  2 | import { DUR, EASE } from "./tokens"
> 3 | import { setStyle, clearStyle } from "./dom"
    | ^^^^^^^^^^^^^^^^^^^^^^^^^^^^^^^^^^^^^^^^^^^^
  4 |
  5 | /**
  6 |  * Interactive behaviours — the layer that responds to input rather than to scroll.

The export setStyle was not found in module [project]/components/motion/dom.ts [app-ssr] (ecmascript).
Did you mean to import setStyles?
All exports of the module are statically known (It doesn't have dynamic exports). So it's known statically that the requested export doesn't exist.

Import traces:
  Client Component Browser:
    ./components/motion/interactions.ts [Client Component Browser]
    ./components/motion/anime-scope.tsx [Client Component Browser]
    ./components/motion/anime-scope.tsx [Server Component]
    ./app/[locale]/page.tsx [Server Component]

  Client Component SSR:
    ./components/motion/interactions.ts [Client Component SSR]
    ./components/motion/anime-scope.tsx [Client Component SSR]
    ./components/motion/anime-scope.tsx [Server Component]
    ./app/[locale]/page.tsx [Server Component] @ http://localhost:3000/_next/static/chunks/node_modules_next_dist_0u_w_5s._.js:1945
[  101892ms] [ERROR] ./components/motion/interactions.ts:3:1
Export setStyle doesn't exist in target module
  1 | import { animate } from "motion"
  2 | import { DUR, EASE } from "./tokens"
> 3 | import { setStyle, clearStyle } from "./dom"
    | ^^^^^^^^^^^^^^^^^^^^^^^^^^^^^^^^^^^^^^^^^^^^
  4 |
  5 | /**
  6 |  * Interactive behaviours — the layer that responds to input rather than to scroll.

The export setStyle was not found in module [project]/components/motion/dom.ts [app-client] (ecmascript).
Did you mean to import setStyles?
All exports of the module are statically known (It doesn't have dynamic exports). So it's known statically that the requested export doesn't exist.

Import traces:
  Client Component Browser:
    ./components/motion/interactions.ts [Client Component Browser]
    ./components/motion/anime-scope.tsx [Client Component Browser]
    ./components/motion/anime-scope.tsx [Server Component]
    ./app/[locale]/page.tsx [Server Component]

  Client Component SSR:
    ./components/motion/interactions.ts [Client Component SSR]
    ./components/motion/anime-scope.tsx [Client Component SSR]
    ./components/motion/anime-scope.tsx [Server Component]
    ./app/[locale]/page.tsx [Server Component] @ http://localhost:3000/_next/static/chunks/node_modules_next_dist_0u_w_5s._.js:1945
[  101892ms] [ERROR] ./components/motion/interactions.ts:3:1
Export setStyle doesn't exist in target module
  1 | import { animate } from "motion"
  2 | import { DUR, EASE } from "./tokens"
> 3 | import { setStyle, clearStyle } from "./dom"
    | ^^^^^^^^^^^^^^^^^^^^^^^^^^^^^^^^^^^^^^^^^^^^
  4 |
  5 | /**
  6 |  * Interactive behaviours — the layer that responds to input rather than to scroll.

The export setStyle was not found in module [project]/components/motion/dom.ts [app-ssr] (ecmascript).
Did you mean to import setStyles?
All exports of the module are statically known (It doesn't have dynamic exports). So it's known statically that the requested export doesn't exist.

Import traces:
  Client Component Browser:
    ./components/motion/interactions.ts [Client Component Browser]
    ./components/motion/anime-scope.tsx [Client Component Browser]
    ./components/motion/anime-scope.tsx [Server Component]
    ./app/[locale]/page.tsx [Server Component]

  Client Component SSR:
    ./components/motion/interactions.ts [Client Component SSR]
    ./components/motion/anime-scope.tsx [Client Component SSR]
    ./components/motion/anime-scope.tsx [Server Component]
    ./app/[locale]/page.tsx [Server Component] @ http://localhost:3000/_next/static/chunks/node_modules_next_dist_0u_w_5s._.js:1945
[  101946ms] [ERROR] ./components/motion/interactions.ts:3:1
Export setStyle doesn't exist in target module
  1 | import { animate } from "motion"
  2 | import { DUR, EASE } from "./tokens"
> 3 | import { setStyle, clearStyle } from "./dom"
    | ^^^^^^^^^^^^^^^^^^^^^^^^^^^^^^^^^^^^^^^^^^^^
  4 |
  5 | /**
  6 |  * Interactive behaviours — the layer that responds to input rather than to scroll.

The export setStyle was not found in module [project]/components/motion/dom.ts [app-client] (ecmascript).
Did you mean to import setStyles?
All exports of the module are statically known (It doesn't have dynamic exports). So it's known statically that the requested export doesn't exist.

Import traces:
  Client Component Browser:
    ./components/motion/interactions.ts [Client Component Browser]
    ./components/motion/anime-scope.tsx [Client Component Browser]
    ./components/motion/anime-scope.tsx [Server Component]
    ./app/[locale]/page.tsx [Server Component]

  Client Component SSR:
    ./components/motion/interactions.ts [Client Component SSR]
    ./components/motion/anime-scope.tsx [Client Component SSR]
    ./components/motion/anime-scope.tsx [Server Component]
    ./app/[locale]/page.tsx [Server Component] @ http://localhost:3000/_next/static/chunks/node_modules_next_dist_0u_w_5s._.js:1945
[  101946ms] [ERROR] ./components/motion/interactions.ts:3:1
Export setStyle doesn't exist in target module
  1 | import { animate } from "motion"
  2 | import { DUR, EASE } from "./tokens"
> 3 | import { setStyle, clearStyle } from "./dom"
    | ^^^^^^^^^^^^^^^^^^^^^^^^^^^^^^^^^^^^^^^^^^^^
  4 |
  5 | /**
  6 |  * Interactive behaviours — the layer that responds to input rather than to scroll.

The export setStyle was not found in module [project]/components/motion/dom.ts [app-ssr] (ecmascript).
Did you mean to import setStyles?
All exports of the module are statically known (It doesn't have dynamic exports). So it's known statically that the requested export doesn't exist.

Import traces:
  Client Component Browser:
    ./components/motion/interactions.ts [Client Component Browser]
    ./components/motion/anime-scope.tsx [Client Component Browser]
    ./components/motion/anime-scope.tsx [Server Component]
    ./app/[locale]/page.tsx [Server Component]

  Client Component SSR:
    ./components/motion/interactions.ts [Client Component SSR]
    ./components/motion/anime-scope.tsx [Client Component SSR]
    ./components/motion/anime-scope.tsx [Server Component]
    ./app/[locale]/page.tsx [Server Component] @ http://localhost:3000/_next/static/chunks/node_modules_next_dist_0u_w_5s._.js:1945
[  102008ms] [ERROR] ./components/motion/interactions.ts:3:1
Export setStyle doesn't exist in target module
  1 | import { animate } from "motion"
  2 | import { DUR, EASE } from "./tokens"
> 3 | import { setStyle, clearStyle } from "./dom"
    | ^^^^^^^^^^^^^^^^^^^^^^^^^^^^^^^^^^^^^^^^^^^^
  4 |
  5 | /**
  6 |  * Interactive behaviours — the layer that responds to input rather than to scroll.

The export setStyle was not found in module [project]/components/motion/dom.ts [app-client] (ecmascript).
Did you mean to import setStyles?
All exports of the module are statically known (It doesn't have dynamic exports). So it's known statically that the requested export doesn't exist.

Import traces:
  Client Component Browser:
    ./components/motion/interactions.ts [Client Component Browser]
    ./components/motion/anime-scope.tsx [Client Component Browser]
    ./components/motion/anime-scope.tsx [Server Component]
    ./app/[locale]/page.tsx [Server Component]

  Client Component SSR:
    ./components/motion/interactions.ts [Client Component SSR]
    ./components/motion/anime-scope.tsx [Client Component SSR]
    ./components/motion/anime-scope.tsx [Server Component]
    ./app/[locale]/page.tsx [Server Component] @ http://localhost:3000/_next/static/chunks/node_modules_next_dist_0u_w_5s._.js:1945
[  102008ms] [ERROR] ./components/motion/interactions.ts:3:1
Export setStyle doesn't exist in target module
  1 | import { animate } from "motion"
  2 | import { DUR, EASE } from "./tokens"
> 3 | import { setStyle, clearStyle } from "./dom"
    | ^^^^^^^^^^^^^^^^^^^^^^^^^^^^^^^^^^^^^^^^^^^^
  4 |
  5 | /**
  6 |  * Interactive behaviours — the layer that responds to input rather than to scroll.

The export setStyle was not found in module [project]/components/motion/dom.ts [app-ssr] (ecmascript).
Did you mean to import setStyles?
All exports of the module are statically known (It doesn't have dynamic exports). So it's known statically that the requested export doesn't exist.

Import traces:
  Client Component Browser:
    ./components/motion/interactions.ts [Client Component Browser]
    ./components/motion/anime-scope.tsx [Client Component Browser]
    ./components/motion/anime-scope.tsx [Server Component]
    ./app/[locale]/page.tsx [Server Component]

  Client Component SSR:
    ./components/motion/interactions.ts [Client Component SSR]
    ./components/motion/anime-scope.tsx [Client Component SSR]
    ./components/motion/anime-scope.tsx [Server Component]
    ./app/[locale]/page.tsx [Server Component] @ http://localhost:3000/_next/static/chunks/node_modules_next_dist_0u_w_5s._.js:1945
[  102069ms] [ERROR] ./components/motion/interactions.ts:3:1
Export setStyle doesn't exist in target module
  1 | import { animate } from "motion"
  2 | import { DUR, EASE } from "./tokens"
> 3 | import { setStyle, clearStyle } from "./dom"
    | ^^^^^^^^^^^^^^^^^^^^^^^^^^^^^^^^^^^^^^^^^^^^
  4 |
  5 | /**
  6 |  * Interactive behaviours — the layer that responds to input rather than to scroll.

The export setStyle was not found in module [project]/components/motion/dom.ts [app-client] (ecmascript).
Did you mean to import setStyles?
All exports of the module are statically known (It doesn't have dynamic exports). So it's known statically that the requested export doesn't exist.

Import traces:
  Client Component Browser:
    ./components/motion/interactions.ts [Client Component Browser]
    ./components/motion/anime-scope.tsx [Client Component Browser]
    ./components/motion/anime-scope.tsx [Server Component]
    ./app/[locale]/page.tsx [Server Component]

  Client Component SSR:
    ./components/motion/interactions.ts [Client Component SSR]
    ./components/motion/anime-scope.tsx [Client Component SSR]
    ./components/motion/anime-scope.tsx [Server Component]
    ./app/[locale]/page.tsx [Server Component] @ http://localhost:3000/_next/static/chunks/node_modules_next_dist_0u_w_5s._.js:1945
[  102069ms] [ERROR] ./components/motion/interactions.ts:3:1
Export setStyle doesn't exist in target module
  1 | import { animate } from "motion"
  2 | import { DUR, EASE } from "./tokens"
> 3 | import { setStyle, clearStyle } from "./dom"
    | ^^^^^^^^^^^^^^^^^^^^^^^^^^^^^^^^^^^^^^^^^^^^
  4 |
  5 | /**
  6 |  * Interactive behaviours — the layer that responds to input rather than to scroll.

The export setStyle was not found in module [project]/components/motion/dom.ts [app-ssr] (ecmascript).
Did you mean to import setStyles?
All exports of the module are statically known (It doesn't have dynamic exports). So it's known statically that the requested export doesn't exist.

Import traces:
  Client Component Browser:
    ./components/motion/interactions.ts [Client Component Browser]
    ./components/motion/anime-scope.tsx [Client Component Browser]
    ./components/motion/anime-scope.tsx [Server Component]
    ./app/[locale]/page.tsx [Server Component]

  Client Component SSR:
    ./components/motion/interactions.ts [Client Component SSR]
    ./components/motion/anime-scope.tsx [Client Component SSR]
    ./components/motion/anime-scope.tsx [Server Component]
    ./app/[locale]/page.tsx [Server Component] @ http://localhost:3000/_next/static/chunks/node_modules_next_dist_0u_w_5s._.js:1945
[  102131ms] [ERROR] ./components/motion/interactions.ts:3:1
Export setStyle doesn't exist in target module
  1 | import { animate } from "motion"
  2 | import { DUR, EASE } from "./tokens"
> 3 | import { setStyle, clearStyle } from "./dom"
    | ^^^^^^^^^^^^^^^^^^^^^^^^^^^^^^^^^^^^^^^^^^^^
  4 |
  5 | /**
  6 |  * Interactive behaviours — the layer that responds to input rather than to scroll.

The export setStyle was not found in module [project]/components/motion/dom.ts [app-client] (ecmascript).
Did you mean to import setStyles?
All exports of the module are statically known (It doesn't have dynamic exports). So it's known statically that the requested export doesn't exist.

Import traces:
  Client Component Browser:
    ./components/motion/interactions.ts [Client Component Browser]
    ./components/motion/anime-scope.tsx [Client Component Browser]
    ./components/motion/anime-scope.tsx [Server Component]
    ./app/[locale]/page.tsx [Server Component]

  Client Component SSR:
    ./components/motion/interactions.ts [Client Component SSR]
    ./components/motion/anime-scope.tsx [Client Component SSR]
    ./components/motion/anime-scope.tsx [Server Component]
    ./app/[locale]/page.tsx [Server Component] @ http://localhost:3000/_next/static/chunks/node_modules_next_dist_0u_w_5s._.js:1945
[  102131ms] [ERROR] ./components/motion/interactions.ts:3:1
Export setStyle doesn't exist in target module
  1 | import { animate } from "motion"
  2 | import { DUR, EASE } from "./tokens"
> 3 | import { setStyle, clearStyle } from "./dom"
    | ^^^^^^^^^^^^^^^^^^^^^^^^^^^^^^^^^^^^^^^^^^^^
  4 |
  5 | /**
  6 |  * Interactive behaviours — the layer that responds to input rather than to scroll.

The export setStyle was not found in module [project]/components/motion/dom.ts [app-ssr] (ecmascript).
Did you mean to import setStyles?
All exports of the module are statically known (It doesn't have dynamic exports). So it's known statically that the requested export doesn't exist.

Import traces:
  Client Component Browser:
    ./components/motion/interactions.ts [Client Component Browser]
    ./components/motion/anime-scope.tsx [Client Component Browser]
    ./components/motion/anime-scope.tsx [Server Component]
    ./app/[locale]/page.tsx [Server Component]

  Client Component SSR:
    ./components/motion/interactions.ts [Client Component SSR]
    ./components/motion/anime-scope.tsx [Client Component SSR]
    ./components/motion/anime-scope.tsx [Server Component]
    ./app/[locale]/page.tsx [Server Component] @ http://localhost:3000/_next/static/chunks/node_modules_next_dist_0u_w_5s._.js:1945
[  102193ms] [ERROR] ./components/motion/interactions.ts:3:1
Export setStyle doesn't exist in target module
  1 | import { animate } from "motion"
  2 | import { DUR, EASE } from "./tokens"
> 3 | import { setStyle, clearStyle } from "./dom"
    | ^^^^^^^^^^^^^^^^^^^^^^^^^^^^^^^^^^^^^^^^^^^^
  4 |
  5 | /**
  6 |  * Interactive behaviours — the layer that responds to input rather than to scroll.

The export setStyle was not found in module [project]/components/motion/dom.ts [app-client] (ecmascript).
Did you mean to import setStyles?
All exports of the module are statically known (It doesn't have dynamic exports). So it's known statically that the requested export doesn't exist.

Import traces:
  Client Component Browser:
    ./components/motion/interactions.ts [Client Component Browser]
    ./components/motion/anime-scope.tsx [Client Component Browser]
    ./components/motion/anime-scope.tsx [Server Component]
    ./app/[locale]/page.tsx [Server Component]

  Client Component SSR:
    ./components/motion/interactions.ts [Client Component SSR]
    ./components/motion/anime-scope.tsx [Client Component SSR]
    ./components/motion/anime-scope.tsx [Server Component]
    ./app/[locale]/page.tsx [Server Component] @ http://localhost:3000/_next/static/chunks/node_modules_next_dist_0u_w_5s._.js:1945
[  102194ms] [ERROR] ./components/motion/interactions.ts:3:1
Export setStyle doesn't exist in target module
  1 | import { animate } from "motion"
  2 | import { DUR, EASE } from "./tokens"
> 3 | import { setStyle, clearStyle } from "./dom"
    | ^^^^^^^^^^^^^^^^^^^^^^^^^^^^^^^^^^^^^^^^^^^^
  4 |
  5 | /**
  6 |  * Interactive behaviours — the layer that responds to input rather than to scroll.

The export setStyle was not found in module [project]/components/motion/dom.ts [app-ssr] (ecmascript).
Did you mean to import setStyles?
All exports of the module are statically known (It doesn't have dynamic exports). So it's known statically that the requested export doesn't exist.

Import traces:
  Client Component Browser:
    ./components/motion/interactions.ts [Client Component Browser]
    ./components/motion/anime-scope.tsx [Client Component Browser]
    ./components/motion/anime-scope.tsx [Server Component]
    ./app/[locale]/page.tsx [Server Component]

  Client Component SSR:
    ./components/motion/interactions.ts [Client Component SSR]
    ./components/motion/anime-scope.tsx [Client Component SSR]
    ./components/motion/anime-scope.tsx [Server Component]
    ./app/[locale]/page.tsx [Server Component] @ http://localhost:3000/_next/static/chunks/node_modules_next_dist_0u_w_5s._.js:1945
[  102255ms] [ERROR] ./components/motion/interactions.ts:3:1
Export setStyle doesn't exist in target module
  1 | import { animate } from "motion"
  2 | import { DUR, EASE } from "./tokens"
> 3 | import { setStyle, clearStyle } from "./dom"
    | ^^^^^^^^^^^^^^^^^^^^^^^^^^^^^^^^^^^^^^^^^^^^
  4 |
  5 | /**
  6 |  * Interactive behaviours — the layer that responds to input rather than to scroll.

The export setStyle was not found in module [project]/components/motion/dom.ts [app-client] (ecmascript).
Did you mean to import setStyles?
All exports of the module are statically known (It doesn't have dynamic exports). So it's known statically that the requested export doesn't exist.

Import traces:
  Client Component Browser:
    ./components/motion/interactions.ts [Client Component Browser]
    ./components/motion/anime-scope.tsx [Client Component Browser]
    ./components/motion/anime-scope.tsx [Server Component]
    ./app/[locale]/page.tsx [Server Component]

  Client Component SSR:
    ./components/motion/interactions.ts [Client Component SSR]
    ./components/motion/anime-scope.tsx [Client Component SSR]
    ./components/motion/anime-scope.tsx [Server Component]
    ./app/[locale]/page.tsx [Server Component] @ http://localhost:3000/_next/static/chunks/node_modules_next_dist_0u_w_5s._.js:1945
[  102255ms] [ERROR] ./components/motion/interactions.ts:3:1
Export setStyle doesn't exist in target module
  1 | import { animate } from "motion"
  2 | import { DUR, EASE } from "./tokens"
> 3 | import { setStyle, clearStyle } from "./dom"
    | ^^^^^^^^^^^^^^^^^^^^^^^^^^^^^^^^^^^^^^^^^^^^
  4 |
  5 | /**
  6 |  * Interactive behaviours — the layer that responds to input rather than to scroll.

The export setStyle was not found in module [project]/components/motion/dom.ts [app-ssr] (ecmascript).
Did you mean to import setStyles?
All exports of the module are statically known (It doesn't have dynamic exports). So it's known statically that the requested export doesn't exist.

Import traces:
  Client Component Browser:
    ./components/motion/interactions.ts [Client Component Browser]
    ./components/motion/anime-scope.tsx [Client Component Browser]
    ./components/motion/anime-scope.tsx [Server Component]
    ./app/[locale]/page.tsx [Server Component]

  Client Component SSR:
    ./components/motion/interactions.ts [Client Component SSR]
    ./components/motion/anime-scope.tsx [Client Component SSR]
    ./components/motion/anime-scope.tsx [Server Component]
    ./app/[locale]/page.tsx [Server Component] @ http://localhost:3000/_next/static/chunks/node_modules_next_dist_0u_w_5s._.js:1945
[  102315ms] [ERROR] ./components/motion/interactions.ts:3:1
Export setStyle doesn't exist in target module
  1 | import { animate } from "motion"
  2 | import { DUR, EASE } from "./tokens"
> 3 | import { setStyle, clearStyle } from "./dom"
    | ^^^^^^^^^^^^^^^^^^^^^^^^^^^^^^^^^^^^^^^^^^^^
  4 |
  5 | /**
  6 |  * Interactive behaviours — the layer that responds to input rather than to scroll.

The export setStyle was not found in module [project]/components/motion/dom.ts [app-client] (ecmascript).
Did you mean to import setStyles?
All exports of the module are statically known (It doesn't have dynamic exports). So it's known statically that the requested export doesn't exist.

Import traces:
  Client Component Browser:
    ./components/motion/interactions.ts [Client Component Browser]
    ./components/motion/anime-scope.tsx [Client Component Browser]
    ./components/motion/anime-scope.tsx [Server Component]
    ./app/[locale]/page.tsx [Server Component]

  Client Component SSR:
    ./components/motion/interactions.ts [Client Component SSR]
    ./components/motion/anime-scope.tsx [Client Component SSR]
    ./components/motion/anime-scope.tsx [Server Component]
    ./app/[locale]/page.tsx [Server Component] @ http://localhost:3000/_next/static/chunks/node_modules_next_dist_0u_w_5s._.js:1945
[  102315ms] [ERROR] ./components/motion/interactions.ts:3:1
Export setStyle doesn't exist in target module
  1 | import { animate } from "motion"
  2 | import { DUR, EASE } from "./tokens"
> 3 | import { setStyle, clearStyle } from "./dom"
    | ^^^^^^^^^^^^^^^^^^^^^^^^^^^^^^^^^^^^^^^^^^^^
  4 |
  5 | /**
  6 |  * Interactive behaviours — the layer that responds to input rather than to scroll.

The export setStyle was not found in module [project]/components/motion/dom.ts [app-ssr] (ecmascript).
Did you mean to import setStyles?
All exports of the module are statically known (It doesn't have dynamic exports). So it's known statically that the requested export doesn't exist.

Import traces:
  Client Component Browser:
    ./components/motion/interactions.ts [Client Component Browser]
    ./components/motion/anime-scope.tsx [Client Component Browser]
    ./components/motion/anime-scope.tsx [Server Component]
    ./app/[locale]/page.tsx [Server Component]

  Client Component SSR:
    ./components/motion/interactions.ts [Client Component SSR]
    ./components/motion/anime-scope.tsx [Client Component SSR]
    ./components/motion/anime-scope.tsx [Server Component]
    ./app/[locale]/page.tsx [Server Component] @ http://localhost:3000/_next/static/chunks/node_modules_next_dist_0u_w_5s._.js:1945
[  102376ms] [ERROR] ./components/motion/interactions.ts:3:1
Export setStyle doesn't exist in target module
  1 | import { animate } from "motion"
  2 | import { DUR, EASE } from "./tokens"
> 3 | import { setStyle, clearStyle } from "./dom"
    | ^^^^^^^^^^^^^^^^^^^^^^^^^^^^^^^^^^^^^^^^^^^^
  4 |
  5 | /**
  6 |  * Interactive behaviours — the layer that responds to input rather than to scroll.

The export setStyle was not found in module [project]/components/motion/dom.ts [app-client] (ecmascript).
Did you mean to import setStyles?
All exports of the module are statically known (It doesn't have dynamic exports). So it's known statically that the requested export doesn't exist.

Import traces:
  Client Component Browser:
    ./components/motion/interactions.ts [Client Component Browser]
    ./components/motion/anime-scope.tsx [Client Component Browser]
    ./components/motion/anime-scope.tsx [Server Component]
    ./app/[locale]/page.tsx [Server Component]

  Client Component SSR:
    ./components/motion/interactions.ts [Client Component SSR]
    ./components/motion/anime-scope.tsx [Client Component SSR]
    ./components/motion/anime-scope.tsx [Server Component]
    ./app/[locale]/page.tsx [Server Component] @ http://localhost:3000/_next/static/chunks/node_modules_next_dist_0u_w_5s._.js:1945
[  102377ms] [ERROR] ./components/motion/interactions.ts:3:1
Export setStyle doesn't exist in target module
  1 | import { animate } from "motion"
  2 | import { DUR, EASE } from "./tokens"
> 3 | import { setStyle, clearStyle } from "./dom"
    | ^^^^^^^^^^^^^^^^^^^^^^^^^^^^^^^^^^^^^^^^^^^^
  4 |
  5 | /**
  6 |  * Interactive behaviours — the layer that responds to input rather than to scroll.

The export setStyle was not found in module [project]/components/motion/dom.ts [app-ssr] (ecmascript).
Did you mean to import setStyles?
All exports of the module are statically known (It doesn't have dynamic exports). So it's known statically that the requested export doesn't exist.

Import traces:
  Client Component Browser:
    ./components/motion/interactions.ts [Client Component Browser]
    ./components/motion/anime-scope.tsx [Client Component Browser]
    ./components/motion/anime-scope.tsx [Server Component]
    ./app/[locale]/page.tsx [Server Component]

  Client Component SSR:
    ./components/motion/interactions.ts [Client Component SSR]
    ./components/motion/anime-scope.tsx [Client Component SSR]
    ./components/motion/anime-scope.tsx [Server Component]
    ./app/[locale]/page.tsx [Server Component] @ http://localhost:3000/_next/static/chunks/node_modules_next_dist_0u_w_5s._.js:1945
[  102439ms] [ERROR] ./components/motion/interactions.ts:3:1
Export setStyle doesn't exist in target module
  1 | import { animate } from "motion"
  2 | import { DUR, EASE } from "./tokens"
> 3 | import { setStyle, clearStyle } from "./dom"
    | ^^^^^^^^^^^^^^^^^^^^^^^^^^^^^^^^^^^^^^^^^^^^
  4 |
  5 | /**
  6 |  * Interactive behaviours — the layer that responds to input rather than to scroll.

The export setStyle was not found in module [project]/components/motion/dom.ts [app-client] (ecmascript).
Did you mean to import setStyles?
All exports of the module are statically known (It doesn't have dynamic exports). So it's known statically that the requested export doesn't exist.

Import traces:
  Client Component Browser:
    ./components/motion/interactions.ts [Client Component Browser]
    ./components/motion/anime-scope.tsx [Client Component Browser]
    ./components/motion/anime-scope.tsx [Server Component]
    ./app/[locale]/page.tsx [Server Component]

  Client Component SSR:
    ./components/motion/interactions.ts [Client Component SSR]
    ./components/motion/anime-scope.tsx [Client Component SSR]
    ./components/motion/anime-scope.tsx [Server Component]
    ./app/[locale]/page.tsx [Server Component] @ http://localhost:3000/_next/static/chunks/node_modules_next_dist_0u_w_5s._.js:1945
[  102439ms] [ERROR] ./components/motion/interactions.ts:3:1
Export setStyle doesn't exist in target module
  1 | import { animate } from "motion"
  2 | import { DUR, EASE } from "./tokens"
> 3 | import { setStyle, clearStyle } from "./dom"
    | ^^^^^^^^^^^^^^^^^^^^^^^^^^^^^^^^^^^^^^^^^^^^
  4 |
  5 | /**
  6 |  * Interactive behaviours — the layer that responds to input rather than to scroll.

The export setStyle was not found in module [project]/components/motion/dom.ts [app-ssr] (ecmascript).
Did you mean to import setStyles?
All exports of the module are statically known (It doesn't have dynamic exports). So it's known statically that the requested export doesn't exist.

Import traces:
  Client Component Browser:
    ./components/motion/interactions.ts [Client Component Browser]
    ./components/motion/anime-scope.tsx [Client Component Browser]
    ./components/motion/anime-scope.tsx [Server Component]
    ./app/[locale]/page.tsx [Server Component]

  Client Component SSR:
    ./components/motion/interactions.ts [Client Component SSR]
    ./components/motion/anime-scope.tsx [Client Component SSR]
    ./components/motion/anime-scope.tsx [Server Component]
    ./app/[locale]/page.tsx [Server Component] @ http://localhost:3000/_next/static/chunks/node_modules_next_dist_0u_w_5s._.js:1945
[  102501ms] [ERROR] ./components/motion/interactions.ts:3:1
Export setStyle doesn't exist in target module
  1 | import { animate } from "motion"
  2 | import { DUR, EASE } from "./tokens"
> 3 | import { setStyle, clearStyle } from "./dom"
    | ^^^^^^^^^^^^^^^^^^^^^^^^^^^^^^^^^^^^^^^^^^^^
  4 |
  5 | /**
  6 |  * Interactive behaviours — the layer that responds to input rather than to scroll.

The export setStyle was not found in module [project]/components/motion/dom.ts [app-client] (ecmascript).
Did you mean to import setStyles?
All exports of the module are statically known (It doesn't have dynamic exports). So it's known statically that the requested export doesn't exist.

Import traces:
  Client Component Browser:
    ./components/motion/interactions.ts [Client Component Browser]
    ./components/motion/anime-scope.tsx [Client Component Browser]
    ./components/motion/anime-scope.tsx [Server Component]
    ./app/[locale]/page.tsx [Server Component]

  Client Component SSR:
    ./components/motion/interactions.ts [Client Component SSR]
    ./components/motion/anime-scope.tsx [Client Component SSR]
    ./components/motion/anime-scope.tsx [Server Component]
    ./app/[locale]/page.tsx [Server Component] @ http://localhost:3000/_next/static/chunks/node_modules_next_dist_0u_w_5s._.js:1945
[  102501ms] [ERROR] ./components/motion/interactions.ts:3:1
Export setStyle doesn't exist in target module
  1 | import { animate } from "motion"
  2 | import { DUR, EASE } from "./tokens"
> 3 | import { setStyle, clearStyle } from "./dom"
    | ^^^^^^^^^^^^^^^^^^^^^^^^^^^^^^^^^^^^^^^^^^^^
  4 |
  5 | /**
  6 |  * Interactive behaviours — the layer that responds to input rather than to scroll.

The export setStyle was not found in module [project]/components/motion/dom.ts [app-ssr] (ecmascript).
Did you mean to import setStyles?
All exports of the module are statically known (It doesn't have dynamic exports). So it's known statically that the requested export doesn't exist.

Import traces:
  Client Component Browser:
    ./components/motion/interactions.ts [Client Component Browser]
    ./components/motion/anime-scope.tsx [Client Component Browser]
    ./components/motion/anime-scope.tsx [Server Component]
    ./app/[locale]/page.tsx [Server Component]

  Client Component SSR:
    ./components/motion/interactions.ts [Client Component SSR]
    ./components/motion/anime-scope.tsx [Client Component SSR]
    ./components/motion/anime-scope.tsx [Server Component]
    ./app/[locale]/page.tsx [Server Component] @ http://localhost:3000/_next/static/chunks/node_modules_next_dist_0u_w_5s._.js:1945
[  102562ms] [ERROR] ./components/motion/interactions.ts:3:1
Export setStyle doesn't exist in target module
  1 | import { animate } from "motion"
  2 | import { DUR, EASE } from "./tokens"
> 3 | import { setStyle, clearStyle } from "./dom"
    | ^^^^^^^^^^^^^^^^^^^^^^^^^^^^^^^^^^^^^^^^^^^^
  4 |
  5 | /**
  6 |  * Interactive behaviours — the layer that responds to input rather than to scroll.

The export setStyle was not found in module [project]/components/motion/dom.ts [app-client] (ecmascript).
Did you mean to import setStyles?
All exports of the module are statically known (It doesn't have dynamic exports). So it's known statically that the requested export doesn't exist.

Import traces:
  Client Component Browser:
    ./components/motion/interactions.ts [Client Component Browser]
    ./components/motion/anime-scope.tsx [Client Component Browser]
    ./components/motion/anime-scope.tsx [Server Component]
    ./app/[locale]/page.tsx [Server Component]

  Client Component SSR:
    ./components/motion/interactions.ts [Client Component SSR]
    ./components/motion/anime-scope.tsx [Client Component SSR]
    ./components/motion/anime-scope.tsx [Server Component]
    ./app/[locale]/page.tsx [Server Component] @ http://localhost:3000/_next/static/chunks/node_modules_next_dist_0u_w_5s._.js:1945
[  102562ms] [ERROR] ./components/motion/interactions.ts:3:1
Export setStyle doesn't exist in target module
  1 | import { animate } from "motion"
  2 | import { DUR, EASE } from "./tokens"
> 3 | import { setStyle, clearStyle } from "./dom"
    | ^^^^^^^^^^^^^^^^^^^^^^^^^^^^^^^^^^^^^^^^^^^^
  4 |
  5 | /**
  6 |  * Interactive behaviours — the layer that responds to input rather than to scroll.

The export setStyle was not found in module [project]/components/motion/dom.ts [app-ssr] (ecmascript).
Did you mean to import setStyles?
All exports of the module are statically known (It doesn't have dynamic exports). So it's known statically that the requested export doesn't exist.

Import traces:
  Client Component Browser:
    ./components/motion/interactions.ts [Client Component Browser]
    ./components/motion/anime-scope.tsx [Client Component Browser]
    ./components/motion/anime-scope.tsx [Server Component]
    ./app/[locale]/page.tsx [Server Component]

  Client Component SSR:
    ./components/motion/interactions.ts [Client Component SSR]
    ./components/motion/anime-scope.tsx [Client Component SSR]
    ./components/motion/anime-scope.tsx [Server Component]
    ./app/[locale]/page.tsx [Server Component] @ http://localhost:3000/_next/static/chunks/node_modules_next_dist_0u_w_5s._.js:1945
[  102624ms] [ERROR] ./components/motion/interactions.ts:3:1
Export setStyle doesn't exist in target module
  1 | import { animate } from "motion"
  2 | import { DUR, EASE } from "./tokens"
> 3 | import { setStyle, clearStyle } from "./dom"
    | ^^^^^^^^^^^^^^^^^^^^^^^^^^^^^^^^^^^^^^^^^^^^
  4 |
  5 | /**
  6 |  * Interactive behaviours — the layer that responds to input rather than to scroll.

The export setStyle was not found in module [project]/components/motion/dom.ts [app-client] (ecmascript).
Did you mean to import setStyles?
All exports of the module are statically known (It doesn't have dynamic exports). So it's known statically that the requested export doesn't exist.

Import traces:
  Client Component Browser:
    ./components/motion/interactions.ts [Client Component Browser]
    ./components/motion/anime-scope.tsx [Client Component Browser]
    ./components/motion/anime-scope.tsx [Server Component]
    ./app/[locale]/page.tsx [Server Component]

  Client Component SSR:
    ./components/motion/interactions.ts [Client Component SSR]
    ./components/motion/anime-scope.tsx [Client Component SSR]
    ./components/motion/anime-scope.tsx [Server Component]
    ./app/[locale]/page.tsx [Server Component] @ http://localhost:3000/_next/static/chunks/node_modules_next_dist_0u_w_5s._.js:1945
[  102624ms] [ERROR] ./components/motion/interactions.ts:3:1
Export setStyle doesn't exist in target module
  1 | import { animate } from "motion"
  2 | import { DUR, EASE } from "./tokens"
> 3 | import { setStyle, clearStyle } from "./dom"
    | ^^^^^^^^^^^^^^^^^^^^^^^^^^^^^^^^^^^^^^^^^^^^
  4 |
  5 | /**
  6 |  * Interactive behaviours — the layer that responds to input rather than to scroll.

The export setStyle was not found in module [project]/components/motion/dom.ts [app-ssr] (ecmascript).
Did you mean to import setStyles?
All exports of the module are statically known (It doesn't have dynamic exports). So it's known statically that the requested export doesn't exist.

Import traces:
  Client Component Browser:
    ./components/motion/interactions.ts [Client Component Browser]
    ./components/motion/anime-scope.tsx [Client Component Browser]
    ./components/motion/anime-scope.tsx [Server Component]
    ./app/[locale]/page.tsx [Server Component]

  Client Component SSR:
    ./components/motion/interactions.ts [Client Component SSR]
    ./components/motion/anime-scope.tsx [Client Component SSR]
    ./components/motion/anime-scope.tsx [Server Component]
    ./app/[locale]/page.tsx [Server Component] @ http://localhost:3000/_next/static/chunks/node_modules_next_dist_0u_w_5s._.js:1945
[  102684ms] [ERROR] ./components/motion/interactions.ts:3:1
Export setStyle doesn't exist in target module
  1 | import { animate } from "motion"
  2 | import { DUR, EASE } from "./tokens"
> 3 | import { setStyle, clearStyle } from "./dom"
    | ^^^^^^^^^^^^^^^^^^^^^^^^^^^^^^^^^^^^^^^^^^^^
  4 |
  5 | /**
  6 |  * Interactive behaviours — the layer that responds to input rather than to scroll.

The export setStyle was not found in module [project]/components/motion/dom.ts [app-client] (ecmascript).
Did you mean to import setStyles?
All exports of the module are statically known (It doesn't have dynamic exports). So it's known statically that the requested export doesn't exist.

Import traces:
  Client Component Browser:
    ./components/motion/interactions.ts [Client Component Browser]
    ./components/motion/anime-scope.tsx [Client Component Browser]
    ./components/motion/anime-scope.tsx [Server Component]
    ./app/[locale]/page.tsx [Server Component]

  Client Component SSR:
    ./components/motion/interactions.ts [Client Component SSR]
    ./components/motion/anime-scope.tsx [Client Component SSR]
    ./components/motion/anime-scope.tsx [Server Component]
    ./app/[locale]/page.tsx [Server Component] @ http://localhost:3000/_next/static/chunks/node_modules_next_dist_0u_w_5s._.js:1945
[  102684ms] [ERROR] ./components/motion/interactions.ts:3:1
Export setStyle doesn't exist in target module
  1 | import { animate } from "motion"
  2 | import { DUR, EASE } from "./tokens"
> 3 | import { setStyle, clearStyle } from "./dom"
    | ^^^^^^^^^^^^^^^^^^^^^^^^^^^^^^^^^^^^^^^^^^^^
  4 |
  5 | /**
  6 |  * Interactive behaviours — the layer that responds to input rather than to scroll.

The export setStyle was not found in module [project]/components/motion/dom.ts [app-ssr] (ecmascript).
Did you mean to import setStyles?
All exports of the module are statically known (It doesn't have dynamic exports). So it's known statically that the requested export doesn't exist.

Import traces:
  Client Component Browser:
    ./components/motion/interactions.ts [Client Component Browser]
    ./components/motion/anime-scope.tsx [Client Component Browser]
    ./components/motion/anime-scope.tsx [Server Component]
    ./app/[locale]/page.tsx [Server Component]

  Client Component SSR:
    ./components/motion/interactions.ts [Client Component SSR]
    ./components/motion/anime-scope.tsx [Client Component SSR]
    ./components/motion/anime-scope.tsx [Server Component]
    ./app/[locale]/page.tsx [Server Component] @ http://localhost:3000/_next/static/chunks/node_modules_next_dist_0u_w_5s._.js:1945
[  102745ms] [ERROR] ./components/motion/interactions.ts:3:1
Export setStyle doesn't exist in target module
  1 | import { animate } from "motion"
  2 | import { DUR, EASE } from "./tokens"
> 3 | import { setStyle, clearStyle } from "./dom"
    | ^^^^^^^^^^^^^^^^^^^^^^^^^^^^^^^^^^^^^^^^^^^^
  4 |
  5 | /**
  6 |  * Interactive behaviours — the layer that responds to input rather than to scroll.

The export setStyle was not found in module [project]/components/motion/dom.ts [app-client] (ecmascript).
Did you mean to import setStyles?
All exports of the module are statically known (It doesn't have dynamic exports). So it's known statically that the requested export doesn't exist.

Import traces:
  Client Component Browser:
    ./components/motion/interactions.ts [Client Component Browser]
    ./components/motion/anime-scope.tsx [Client Component Browser]
    ./components/motion/anime-scope.tsx [Server Component]
    ./app/[locale]/page.tsx [Server Component]

  Client Component SSR:
    ./components/motion/interactions.ts [Client Component SSR]
    ./components/motion/anime-scope.tsx [Client Component SSR]
    ./components/motion/anime-scope.tsx [Server Component]
    ./app/[locale]/page.tsx [Server Component] @ http://localhost:3000/_next/static/chunks/node_modules_next_dist_0u_w_5s._.js:1945
[  102746ms] [ERROR] ./components/motion/interactions.ts:3:1
Export setStyle doesn't exist in target module
  1 | import { animate } from "motion"
  2 | import { DUR, EASE } from "./tokens"
> 3 | import { setStyle, clearStyle } from "./dom"
    | ^^^^^^^^^^^^^^^^^^^^^^^^^^^^^^^^^^^^^^^^^^^^
  4 |
  5 | /**
  6 |  * Interactive behaviours — the layer that responds to input rather than to scroll.

The export setStyle was not found in module [project]/components/motion/dom.ts [app-ssr] (ecmascript).
Did you mean to import setStyles?
All exports of the module are statically known (It doesn't have dynamic exports). So it's known statically that the requested export doesn't exist.

Import traces:
  Client Component Browser:
    ./components/motion/interactions.ts [Client Component Browser]
    ./components/motion/anime-scope.tsx [Client Component Browser]
    ./components/motion/anime-scope.tsx [Server Component]
    ./app/[locale]/page.tsx [Server Component]

  Client Component SSR:
    ./components/motion/interactions.ts [Client Component SSR]
    ./components/motion/anime-scope.tsx [Client Component SSR]
    ./components/motion/anime-scope.tsx [Server Component]
    ./app/[locale]/page.tsx [Server Component] @ http://localhost:3000/_next/static/chunks/node_modules_next_dist_0u_w_5s._.js:1945
[  102808ms] [ERROR] ./components/motion/interactions.ts:3:1
Export setStyle doesn't exist in target module
  1 | import { animate } from "motion"
  2 | import { DUR, EASE } from "./tokens"
> 3 | import { setStyle, clearStyle } from "./dom"
    | ^^^^^^^^^^^^^^^^^^^^^^^^^^^^^^^^^^^^^^^^^^^^
  4 |
  5 | /**
  6 |  * Interactive behaviours — the layer that responds to input rather than to scroll.

The export setStyle was not found in module [project]/components/motion/dom.ts [app-client] (ecmascript).
Did you mean to import setStyles?
All exports of the module are statically known (It doesn't have dynamic exports). So it's known statically that the requested export doesn't exist.

Import traces:
  Client Component Browser:
    ./components/motion/interactions.ts [Client Component Browser]
    ./components/motion/anime-scope.tsx [Client Component Browser]
    ./components/motion/anime-scope.tsx [Server Component]
    ./app/[locale]/page.tsx [Server Component]

  Client Component SSR:
    ./components/motion/interactions.ts [Client Component SSR]
    ./components/motion/anime-scope.tsx [Client Component SSR]
    ./components/motion/anime-scope.tsx [Server Component]
    ./app/[locale]/page.tsx [Server Component] @ http://localhost:3000/_next/static/chunks/node_modules_next_dist_0u_w_5s._.js:1945
[  102808ms] [ERROR] ./components/motion/interactions.ts:3:1
Export setStyle doesn't exist in target module
  1 | import { animate } from "motion"
  2 | import { DUR, EASE } from "./tokens"
> 3 | import { setStyle, clearStyle } from "./dom"
    | ^^^^^^^^^^^^^^^^^^^^^^^^^^^^^^^^^^^^^^^^^^^^
  4 |
  5 | /**
  6 |  * Interactive behaviours — the layer that responds to input rather than to scroll.

The export setStyle was not found in module [project]/components/motion/dom.ts [app-ssr] (ecmascript).
Did you mean to import setStyles?
All exports of the module are statically known (It doesn't have dynamic exports). So it's known statically that the requested export doesn't exist.

Import traces:
  Client Component Browser:
    ./components/motion/interactions.ts [Client Component Browser]
    ./components/motion/anime-scope.tsx [Client Component Browser]
    ./components/motion/anime-scope.tsx [Server Component]
    ./app/[locale]/page.tsx [Server Component]

  Client Component SSR:
    ./components/motion/interactions.ts [Client Component SSR]
    ./components/motion/anime-scope.tsx [Client Component SSR]
    ./components/motion/anime-scope.tsx [Server Component]
    ./app/[locale]/page.tsx [Server Component] @ http://localhost:3000/_next/static/chunks/node_modules_next_dist_0u_w_5s._.js:1945
[  102869ms] [ERROR] ./components/motion/interactions.ts:3:1
Export setStyle doesn't exist in target module
  1 | import { animate } from "motion"
  2 | import { DUR, EASE } from "./tokens"
> 3 | import { setStyle, clearStyle } from "./dom"
    | ^^^^^^^^^^^^^^^^^^^^^^^^^^^^^^^^^^^^^^^^^^^^
  4 |
  5 | /**
  6 |  * Interactive behaviours — the layer that responds to input rather than to scroll.

The export setStyle was not found in module [project]/components/motion/dom.ts [app-client] (ecmascript).
Did you mean to import setStyles?
All exports of the module are statically known (It doesn't have dynamic exports). So it's known statically that the requested export doesn't exist.

Import traces:
  Client Component Browser:
    ./components/motion/interactions.ts [Client Component Browser]
    ./components/motion/anime-scope.tsx [Client Component Browser]
    ./components/motion/anime-scope.tsx [Server Component]
    ./app/[locale]/page.tsx [Server Component]

  Client Component SSR:
    ./components/motion/interactions.ts [Client Component SSR]
    ./components/motion/anime-scope.tsx [Client Component SSR]
    ./components/motion/anime-scope.tsx [Server Component]
    ./app/[locale]/page.tsx [Server Component] @ http://localhost:3000/_next/static/chunks/node_modules_next_dist_0u_w_5s._.js:1945
[  102869ms] [ERROR] ./components/motion/interactions.ts:3:1
Export setStyle doesn't exist in target module
  1 | import { animate } from "motion"
  2 | import { DUR, EASE } from "./tokens"
> 3 | import { setStyle, clearStyle } from "./dom"
    | ^^^^^^^^^^^^^^^^^^^^^^^^^^^^^^^^^^^^^^^^^^^^
  4 |
  5 | /**
  6 |  * Interactive behaviours — the layer that responds to input rather than to scroll.

The export setStyle was not found in module [project]/components/motion/dom.ts [app-ssr] (ecmascript).
Did you mean to import setStyles?
All exports of the module are statically known (It doesn't have dynamic exports). So it's known statically that the requested export doesn't exist.

Import traces:
  Client Component Browser:
    ./components/motion/interactions.ts [Client Component Browser]
    ./components/motion/anime-scope.tsx [Client Component Browser]
    ./components/motion/anime-scope.tsx [Server Component]
    ./app/[locale]/page.tsx [Server Component]

  Client Component SSR:
    ./components/motion/interactions.ts [Client Component SSR]
    ./components/motion/anime-scope.tsx [Client Component SSR]
    ./components/motion/anime-scope.tsx [Server Component]
    ./app/[locale]/page.tsx [Server Component] @ http://localhost:3000/_next/static/chunks/node_modules_next_dist_0u_w_5s._.js:1945
[  102931ms] [ERROR] ./components/motion/interactions.ts:3:1
Export setStyle doesn't exist in target module
  1 | import { animate } from "motion"
  2 | import { DUR, EASE } from "./tokens"
> 3 | import { setStyle, clearStyle } from "./dom"
    | ^^^^^^^^^^^^^^^^^^^^^^^^^^^^^^^^^^^^^^^^^^^^
  4 |
  5 | /**
  6 |  * Interactive behaviours — the layer that responds to input rather than to scroll.

The export setStyle was not found in module [project]/components/motion/dom.ts [app-client] (ecmascript).
Did you mean to import setStyles?
All exports of the module are statically known (It doesn't have dynamic exports). So it's known statically that the requested export doesn't exist.

Import traces:
  Client Component Browser:
    ./components/motion/interactions.ts [Client Component Browser]
    ./components/motion/anime-scope.tsx [Client Component Browser]
    ./components/motion/anime-scope.tsx [Server Component]
    ./app/[locale]/page.tsx [Server Component]

  Client Component SSR:
    ./components/motion/interactions.ts [Client Component SSR]
    ./components/motion/anime-scope.tsx [Client Component SSR]
    ./components/motion/anime-scope.tsx [Server Component]
    ./app/[locale]/page.tsx [Server Component] @ http://localhost:3000/_next/static/chunks/node_modules_next_dist_0u_w_5s._.js:1945
[  102931ms] [ERROR] ./components/motion/interactions.ts:3:1
Export setStyle doesn't exist in target module
  1 | import { animate } from "motion"
  2 | import { DUR, EASE } from "./tokens"
> 3 | import { setStyle, clearStyle } from "./dom"
    | ^^^^^^^^^^^^^^^^^^^^^^^^^^^^^^^^^^^^^^^^^^^^
  4 |
  5 | /**
  6 |  * Interactive behaviours — the layer that responds to input rather than to scroll.

The export setStyle was not found in module [project]/components/motion/dom.ts [app-ssr] (ecmascript).
Did you mean to import setStyles?
All exports of the module are statically known (It doesn't have dynamic exports). So it's known statically that the requested export doesn't exist.

Import traces:
  Client Component Browser:
    ./components/motion/interactions.ts [Client Component Browser]
    ./components/motion/anime-scope.tsx [Client Component Browser]
    ./components/motion/anime-scope.tsx [Server Component]
    ./app/[locale]/page.tsx [Server Component]

  Client Component SSR:
    ./components/motion/interactions.ts [Client Component SSR]
    ./components/motion/anime-scope.tsx [Client Component SSR]
    ./components/motion/anime-scope.tsx [Server Component]
    ./app/[locale]/page.tsx [Server Component] @ http://localhost:3000/_next/static/chunks/node_modules_next_dist_0u_w_5s._.js:1945
