[     237ms] [INFO] %cDownload the React DevTools for a better development experience: https://react.dev/link/react-devtools font-weight:bold @ http://localhost:3000/_next/static/chunks/node_modules_next_dist_115brz8._.js:2477
[     261ms] [LOG] [HMR] connected @ http://localhost:3000/_next/static/chunks/node_modules_next_dist_115brz8._.js:2477
[   20260ms] [LOG] [Fast Refresh] rebuilding @ http://localhost:3000/_next/static/chunks/node_modules_next_dist_115brz8._.js:2477
[   20343ms] [ERROR] ./components/motion/hero.ts:3:1
Export clearStyle doesn't exist in target module
  1 | import { animate, stagger } from "motion"
  2 | import { DUR, EASE, ms } from "./tokens"
> 3 | import { setStyle, clearStyle } from "./dom"
    | ^^^^^^^^^^^^^^^^^^^^^^^^^^^^^^^^^^^^^^^^^^^^
  4 |
  5 | /**
  6 |  * The hero's motion, and the only motion left on the page that is not driven by a

The export clearStyle was not found in module [project]/components/motion/dom.ts [app-client] (ecmascript).
Did you mean to import clearStyles?
All exports of the module are statically known (It doesn't have dynamic exports). So it's known statically that the requested export doesn't exist.

Import traces:
  Client Component Browser:
    ./components/motion/hero.ts [Client Component Browser]
    ./components/motion/hero-scope.tsx [Client Component Browser]
    ./components/motion/hero-scope.tsx [Server Component]
    ./app/[locale]/page.tsx [Server Component]

  Client Component SSR:
    ./components/motion/hero.ts [Client Component SSR]
    ./components/motion/hero-scope.tsx [Client Component SSR]
    ./components/motion/hero-scope.tsx [Server Component]
    ./app/[locale]/page.tsx [Server Component] @ http://localhost:3000/_next/static/chunks/node_modules_next_dist_115brz8._.js:3318
[   20344ms] [ERROR] ./components/motion/hero.ts:3:1
Export clearStyle doesn't exist in target module
  1 | import { animate, stagger } from "motion"
  2 | import { DUR, EASE, ms } from "./tokens"
> 3 | import { setStyle, clearStyle } from "./dom"
    | ^^^^^^^^^^^^^^^^^^^^^^^^^^^^^^^^^^^^^^^^^^^^
  4 |
  5 | /**
  6 |  * The hero's motion, and the only motion left on the page that is not driven by a

The export clearStyle was not found in module [project]/components/motion/dom.ts [app-ssr] (ecmascript).
Did you mean to import clearStyles?
All exports of the module are statically known (It doesn't have dynamic exports). So it's known statically that the requested export doesn't exist.

Import traces:
  Client Component Browser:
    ./components/motion/hero.ts [Client Component Browser]
    ./components/motion/hero-scope.tsx [Client Component Browser]
    ./components/motion/hero-scope.tsx [Server Component]
    ./app/[locale]/page.tsx [Server Component]

  Client Component SSR:
    ./components/motion/hero.ts [Client Component SSR]
    ./components/motion/hero-scope.tsx [Client Component SSR]
    ./components/motion/hero-scope.tsx [Server Component]
    ./app/[locale]/page.tsx [Server Component] @ http://localhost:3000/_next/static/chunks/node_modules_next_dist_115brz8._.js:3318
[   20344ms] [ERROR] ./components/motion/hero.ts:3:1
Export setStyle doesn't exist in target module
  1 | import { animate, stagger } from "motion"
  2 | import { DUR, EASE, ms } from "./tokens"
> 3 | import { setStyle, clearStyle } from "./dom"
    | ^^^^^^^^^^^^^^^^^^^^^^^^^^^^^^^^^^^^^^^^^^^^
  4 |
  5 | /**
  6 |  * The hero's motion, and the only motion left on the page that is not driven by a

The export setStyle was not found in module [project]/components/motion/dom.ts [app-client] (ecmascript).
Did you mean to import setStyles?
All exports of the module are statically known (It doesn't have dynamic exports). So it's known statically that the requested export doesn't exist.

Import traces:
  Client Component Browser:
    ./components/motion/hero.ts [Client Component Browser]
    ./components/motion/hero-scope.tsx [Client Component Browser]
    ./components/motion/hero-scope.tsx [Server Component]
    ./app/[locale]/page.tsx [Server Component]

  Client Component SSR:
    ./components/motion/hero.ts [Client Component SSR]
    ./components/motion/hero-scope.tsx [Client Component SSR]
    ./components/motion/hero-scope.tsx [Server Component]
    ./app/[locale]/page.tsx [Server Component] @ http://localhost:3000/_next/static/chunks/node_modules_next_dist_115brz8._.js:3318
[   20344ms] [ERROR] ./components/motion/hero.ts:3:1
Export setStyle doesn't exist in target module
  1 | import { animate, stagger } from "motion"
  2 | import { DUR, EASE, ms } from "./tokens"
> 3 | import { setStyle, clearStyle } from "./dom"
    | ^^^^^^^^^^^^^^^^^^^^^^^^^^^^^^^^^^^^^^^^^^^^
  4 |
  5 | /**
  6 |  * The hero's motion, and the only motion left on the page that is not driven by a

The export setStyle was not found in module [project]/components/motion/dom.ts [app-ssr] (ecmascript).
Did you mean to import setStyles?
All exports of the module are statically known (It doesn't have dynamic exports). So it's known statically that the requested export doesn't exist.

Import traces:
  Client Component Browser:
    ./components/motion/hero.ts [Client Component Browser]
    ./components/motion/hero-scope.tsx [Client Component Browser]
    ./components/motion/hero-scope.tsx [Server Component]
    ./app/[locale]/page.tsx [Server Component]

  Client Component SSR:
    ./components/motion/hero.ts [Client Component SSR]
    ./components/motion/hero-scope.tsx [Client Component SSR]
    ./components/motion/hero-scope.tsx [Server Component]
    ./app/[locale]/page.tsx [Server Component] @ http://localhost:3000/_next/static/chunks/node_modules_next_dist_115brz8._.js:3318
[   20469ms] [ERROR] ./components/motion/hero.ts:3:1
Export clearStyle doesn't exist in target module
  1 | import { animate, stagger } from "motion"
  2 | import { DUR, EASE, ms } from "./tokens"
> 3 | import { setStyle, clearStyle } from "./dom"
    | ^^^^^^^^^^^^^^^^^^^^^^^^^^^^^^^^^^^^^^^^^^^^
  4 |
  5 | /**
  6 |  * The hero's motion, and the only motion left on the page that is not driven by a

The export clearStyle was not found in module [project]/components/motion/dom.ts [app-client] (ecmascript).
Did you mean to import clearStyles?
All exports of the module are statically known (It doesn't have dynamic exports). So it's known statically that the requested export doesn't exist.

Import traces:
  Client Component Browser:
    ./components/motion/hero.ts [Client Component Browser]
    ./components/motion/hero-scope.tsx [Client Component Browser]
    ./components/motion/hero-scope.tsx [Server Component]
    ./app/[locale]/page.tsx [Server Component]

  Client Component SSR:
    ./components/motion/hero.ts [Client Component SSR]
    ./components/motion/hero-scope.tsx [Client Component SSR]
    ./components/motion/hero-scope.tsx [Server Component]
    ./app/[locale]/page.tsx [Server Component] @ http://localhost:3000/_next/static/chunks/node_modules_next_dist_115brz8._.js:3318
[   20469ms] [ERROR] ./components/motion/hero.ts:3:1
Export clearStyle doesn't exist in target module
  1 | import { animate, stagger } from "motion"
  2 | import { DUR, EASE, ms } from "./tokens"
> 3 | import { setStyle, clearStyle } from "./dom"
    | ^^^^^^^^^^^^^^^^^^^^^^^^^^^^^^^^^^^^^^^^^^^^
  4 |
  5 | /**
  6 |  * The hero's motion, and the only motion left on the page that is not driven by a

The export clearStyle was not found in module [project]/components/motion/dom.ts [app-ssr] (ecmascript).
Did you mean to import clearStyles?
All exports of the module are statically known (It doesn't have dynamic exports). So it's known statically that the requested export doesn't exist.

Import traces:
  Client Component Browser:
    ./components/motion/hero.ts [Client Component Browser]
    ./components/motion/hero-scope.tsx [Client Component Browser]
    ./components/motion/hero-scope.tsx [Server Component]
    ./app/[locale]/page.tsx [Server Component]

  Client Component SSR:
    ./components/motion/hero.ts [Client Component SSR]
    ./components/motion/hero-scope.tsx [Client Component SSR]
    ./components/motion/hero-scope.tsx [Server Component]
    ./app/[locale]/page.tsx [Server Component] @ http://localhost:3000/_next/static/chunks/node_modules_next_dist_115brz8._.js:3318
[   20469ms] [ERROR] ./components/motion/hero.ts:3:1
Export setStyle doesn't exist in target module
  1 | import { animate, stagger } from "motion"
  2 | import { DUR, EASE, ms } from "./tokens"
> 3 | import { setStyle, clearStyle } from "./dom"
    | ^^^^^^^^^^^^^^^^^^^^^^^^^^^^^^^^^^^^^^^^^^^^
  4 |
  5 | /**
  6 |  * The hero's motion, and the only motion left on the page that is not driven by a

The export setStyle was not found in module [project]/components/motion/dom.ts [app-client] (ecmascript).
Did you mean to import setStyles?
All exports of the module are statically known (It doesn't have dynamic exports). So it's known statically that the requested export doesn't exist.

Import traces:
  Client Component Browser:
    ./components/motion/hero.ts [Client Component Browser]
    ./components/motion/hero-scope.tsx [Client Component Browser]
    ./components/motion/hero-scope.tsx [Server Component]
    ./app/[locale]/page.tsx [Server Component]

  Client Component SSR:
    ./components/motion/hero.ts [Client Component SSR]
    ./components/motion/hero-scope.tsx [Client Component SSR]
    ./components/motion/hero-scope.tsx [Server Component]
    ./app/[locale]/page.tsx [Server Component] @ http://localhost:3000/_next/static/chunks/node_modules_next_dist_115brz8._.js:3318
[   20470ms] [ERROR] ./components/motion/hero.ts:3:1
Export setStyle doesn't exist in target module
  1 | import { animate, stagger } from "motion"
  2 | import { DUR, EASE, ms } from "./tokens"
> 3 | import { setStyle, clearStyle } from "./dom"
    | ^^^^^^^^^^^^^^^^^^^^^^^^^^^^^^^^^^^^^^^^^^^^
  4 |
  5 | /**
  6 |  * The hero's motion, and the only motion left on the page that is not driven by a

The export setStyle was not found in module [project]/components/motion/dom.ts [app-ssr] (ecmascript).
Did you mean to import setStyles?
All exports of the module are statically known (It doesn't have dynamic exports). So it's known statically that the requested export doesn't exist.

Import traces:
  Client Component Browser:
    ./components/motion/hero.ts [Client Component Browser]
    ./components/motion/hero-scope.tsx [Client Component Browser]
    ./components/motion/hero-scope.tsx [Server Component]
    ./app/[locale]/page.tsx [Server Component]

  Client Component SSR:
    ./components/motion/hero.ts [Client Component SSR]
    ./components/motion/hero-scope.tsx [Client Component SSR]
    ./components/motion/hero-scope.tsx [Server Component]
    ./app/[locale]/page.tsx [Server Component] @ http://localhost:3000/_next/static/chunks/node_modules_next_dist_115brz8._.js:3318
[   20531ms] [ERROR] ./components/motion/hero.ts:3:1
Export clearStyle doesn't exist in target module
  1 | import { animate, stagger } from "motion"
  2 | import { DUR, EASE, ms } from "./tokens"
> 3 | import { setStyle, clearStyle } from "./dom"
    | ^^^^^^^^^^^^^^^^^^^^^^^^^^^^^^^^^^^^^^^^^^^^
  4 |
  5 | /**
  6 |  * The hero's motion, and the only motion left on the page that is not driven by a

The export clearStyle was not found in module [project]/components/motion/dom.ts [app-client] (ecmascript).
Did you mean to import clearStyles?
All exports of the module are statically known (It doesn't have dynamic exports). So it's known statically that the requested export doesn't exist.

Import traces:
  Client Component Browser:
    ./components/motion/hero.ts [Client Component Browser]
    ./components/motion/hero-scope.tsx [Client Component Browser]
    ./components/motion/hero-scope.tsx [Server Component]
    ./app/[locale]/page.tsx [Server Component]

  Client Component SSR:
    ./components/motion/hero.ts [Client Component SSR]
    ./components/motion/hero-scope.tsx [Client Component SSR]
    ./components/motion/hero-scope.tsx [Server Component]
    ./app/[locale]/page.tsx [Server Component] @ http://localhost:3000/_next/static/chunks/node_modules_next_dist_115brz8._.js:3318
[   20531ms] [ERROR] ./components/motion/hero.ts:3:1
Export clearStyle doesn't exist in target module
  1 | import { animate, stagger } from "motion"
  2 | import { DUR, EASE, ms } from "./tokens"
> 3 | import { setStyle, clearStyle } from "./dom"
    | ^^^^^^^^^^^^^^^^^^^^^^^^^^^^^^^^^^^^^^^^^^^^
  4 |
  5 | /**
  6 |  * The hero's motion, and the only motion left on the page that is not driven by a

The export clearStyle was not found in module [project]/components/motion/dom.ts [app-ssr] (ecmascript).
Did you mean to import clearStyles?
All exports of the module are statically known (It doesn't have dynamic exports). So it's known statically that the requested export doesn't exist.

Import traces:
  Client Component Browser:
    ./components/motion/hero.ts [Client Component Browser]
    ./components/motion/hero-scope.tsx [Client Component Browser]
    ./components/motion/hero-scope.tsx [Server Component]
    ./app/[locale]/page.tsx [Server Component]

  Client Component SSR:
    ./components/motion/hero.ts [Client Component SSR]
    ./components/motion/hero-scope.tsx [Client Component SSR]
    ./components/motion/hero-scope.tsx [Server Component]
    ./app/[locale]/page.tsx [Server Component] @ http://localhost:3000/_next/static/chunks/node_modules_next_dist_115brz8._.js:3318
[   20532ms] [ERROR] ./components/motion/hero.ts:3:1
Export setStyle doesn't exist in target module
  1 | import { animate, stagger } from "motion"
  2 | import { DUR, EASE, ms } from "./tokens"
> 3 | import { setStyle, clearStyle } from "./dom"
    | ^^^^^^^^^^^^^^^^^^^^^^^^^^^^^^^^^^^^^^^^^^^^
  4 |
  5 | /**
  6 |  * The hero's motion, and the only motion left on the page that is not driven by a

The export setStyle was not found in module [project]/components/motion/dom.ts [app-client] (ecmascript).
Did you mean to import setStyles?
All exports of the module are statically known (It doesn't have dynamic exports). So it's known statically that the requested export doesn't exist.

Import traces:
  Client Component Browser:
    ./components/motion/hero.ts [Client Component Browser]
    ./components/motion/hero-scope.tsx [Client Component Browser]
    ./components/motion/hero-scope.tsx [Server Component]
    ./app/[locale]/page.tsx [Server Component]

  Client Component SSR:
    ./components/motion/hero.ts [Client Component SSR]
    ./components/motion/hero-scope.tsx [Client Component SSR]
    ./components/motion/hero-scope.tsx [Server Component]
    ./app/[locale]/page.tsx [Server Component] @ http://localhost:3000/_next/static/chunks/node_modules_next_dist_115brz8._.js:3318
[   20532ms] [ERROR] ./components/motion/hero.ts:3:1
Export setStyle doesn't exist in target module
  1 | import { animate, stagger } from "motion"
  2 | import { DUR, EASE, ms } from "./tokens"
> 3 | import { setStyle, clearStyle } from "./dom"
    | ^^^^^^^^^^^^^^^^^^^^^^^^^^^^^^^^^^^^^^^^^^^^
  4 |
  5 | /**
  6 |  * The hero's motion, and the only motion left on the page that is not driven by a

The export setStyle was not found in module [project]/components/motion/dom.ts [app-ssr] (ecmascript).
Did you mean to import setStyles?
All exports of the module are statically known (It doesn't have dynamic exports). So it's known statically that the requested export doesn't exist.

Import traces:
  Client Component Browser:
    ./components/motion/hero.ts [Client Component Browser]
    ./components/motion/hero-scope.tsx [Client Component Browser]
    ./components/motion/hero-scope.tsx [Server Component]
    ./app/[locale]/page.tsx [Server Component]

  Client Component SSR:
    ./components/motion/hero.ts [Client Component SSR]
    ./components/motion/hero-scope.tsx [Client Component SSR]
    ./components/motion/hero-scope.tsx [Server Component]
    ./app/[locale]/page.tsx [Server Component] @ http://localhost:3000/_next/static/chunks/node_modules_next_dist_115brz8._.js:3318
[   20568ms] [ERROR] Failed to load resource: the server responded with a status of 500 (Internal Server Error) @ http://localhost:3000/?_rsc=yWTPUyHVHtWLudsj:0
[   20589ms] [ERROR] ./components/motion/hero.ts:3:1
Export clearStyle doesn't exist in target module
  1 | import { animate, stagger } from "motion"
  2 | import { DUR, EASE, ms } from "./tokens"
> 3 | import { setStyle, clearStyle } from "./dom"
    | ^^^^^^^^^^^^^^^^^^^^^^^^^^^^^^^^^^^^^^^^^^^^
  4 |
  5 | /**
  6 |  * The hero's motion, and the only motion left on the page that is not driven by a

The export clearStyle was not found in module [project]/components/motion/dom.ts [app-client] (ecmascript).
Did you mean to import clearStyles?
All exports of the module are statically known (It doesn't have dynamic exports). So it's known statically that the requested export doesn't exist.

Import traces:
  Client Component Browser:
    ./components/motion/hero.ts [Client Component Browser]
    ./components/motion/hero-scope.tsx [Client Component Browser]
    ./components/motion/hero-scope.tsx [Server Component]
    ./app/[locale]/page.tsx [Server Component]

  Client Component SSR:
    ./components/motion/hero.ts [Client Component SSR]
    ./components/motion/hero-scope.tsx [Client Component SSR]
    ./components/motion/hero-scope.tsx [Server Component]
    ./app/[locale]/page.tsx [Server Component] @ http://localhost:3000/_next/static/chunks/node_modules_next_dist_115brz8._.js:3318
[   20590ms] [ERROR] ./components/motion/hero.ts:3:1
Export clearStyle doesn't exist in target module
  1 | import { animate, stagger } from "motion"
  2 | import { DUR, EASE, ms } from "./tokens"
> 3 | import { setStyle, clearStyle } from "./dom"
    | ^^^^^^^^^^^^^^^^^^^^^^^^^^^^^^^^^^^^^^^^^^^^
  4 |
  5 | /**
  6 |  * The hero's motion, and the only motion left on the page that is not driven by a

The export clearStyle was not found in module [project]/components/motion/dom.ts [app-ssr] (ecmascript).
Did you mean to import clearStyles?
All exports of the module are statically known (It doesn't have dynamic exports). So it's known statically that the requested export doesn't exist.

Import traces:
  Client Component Browser:
    ./components/motion/hero.ts [Client Component Browser]
    ./components/motion/hero-scope.tsx [Client Component Browser]
    ./components/motion/hero-scope.tsx [Server Component]
    ./app/[locale]/page.tsx [Server Component]

  Client Component SSR:
    ./components/motion/hero.ts [Client Component SSR]
    ./components/motion/hero-scope.tsx [Client Component SSR]
    ./components/motion/hero-scope.tsx [Server Component]
    ./app/[locale]/page.tsx [Server Component] @ http://localhost:3000/_next/static/chunks/node_modules_next_dist_115brz8._.js:3318
[   20590ms] [ERROR] ./components/motion/hero.ts:3:1
Export setStyle doesn't exist in target module
  1 | import { animate, stagger } from "motion"
  2 | import { DUR, EASE, ms } from "./tokens"
> 3 | import { setStyle, clearStyle } from "./dom"
    | ^^^^^^^^^^^^^^^^^^^^^^^^^^^^^^^^^^^^^^^^^^^^
  4 |
  5 | /**
  6 |  * The hero's motion, and the only motion left on the page that is not driven by a

The export setStyle was not found in module [project]/components/motion/dom.ts [app-client] (ecmascript).
Did you mean to import setStyles?
All exports of the module are statically known (It doesn't have dynamic exports). So it's known statically that the requested export doesn't exist.

Import traces:
  Client Component Browser:
    ./components/motion/hero.ts [Client Component Browser]
    ./components/motion/hero-scope.tsx [Client Component Browser]
    ./components/motion/hero-scope.tsx [Server Component]
    ./app/[locale]/page.tsx [Server Component]

  Client Component SSR:
    ./components/motion/hero.ts [Client Component SSR]
    ./components/motion/hero-scope.tsx [Client Component SSR]
    ./components/motion/hero-scope.tsx [Server Component]
    ./app/[locale]/page.tsx [Server Component] @ http://localhost:3000/_next/static/chunks/node_modules_next_dist_115brz8._.js:3318
[   20590ms] [ERROR] ./components/motion/hero.ts:3:1
Export setStyle doesn't exist in target module
  1 | import { animate, stagger } from "motion"
  2 | import { DUR, EASE, ms } from "./tokens"
> 3 | import { setStyle, clearStyle } from "./dom"
    | ^^^^^^^^^^^^^^^^^^^^^^^^^^^^^^^^^^^^^^^^^^^^
  4 |
  5 | /**
  6 |  * The hero's motion, and the only motion left on the page that is not driven by a

The export setStyle was not found in module [project]/components/motion/dom.ts [app-ssr] (ecmascript).
Did you mean to import setStyles?
All exports of the module are statically known (It doesn't have dynamic exports). So it's known statically that the requested export doesn't exist.

Import traces:
  Client Component Browser:
    ./components/motion/hero.ts [Client Component Browser]
    ./components/motion/hero-scope.tsx [Client Component Browser]
    ./components/motion/hero-scope.tsx [Server Component]
    ./app/[locale]/page.tsx [Server Component]

  Client Component SSR:
    ./components/motion/hero.ts [Client Component SSR]
    ./components/motion/hero-scope.tsx [Client Component SSR]
    ./components/motion/hero-scope.tsx [Server Component]
    ./app/[locale]/page.tsx [Server Component] @ http://localhost:3000/_next/static/chunks/node_modules_next_dist_115brz8._.js:3318
[   20665ms] [ERROR] Failed to load resource: the server responded with a status of 500 (Internal Server Error) @ http://localhost:3000/:0
[   20705ms] [ERROR] Refused to execute script from 'http://localhost:3000/_next/static/development/_clientMiddlewareManifest.js' because its MIME type ('application/json') is not executable, and strict MIME type checking is enabled. @ http://localhost:3000/:0
[   20710ms] [INFO] %cDownload the React DevTools for a better development experience: https://react.dev/link/react-devtools font-weight:bold @ http://localhost:3000/_next/static/chunks/node_modules_react-dom_cjs_react-dom-client_development_0z3nh7o.js:16702
[   20721ms] Error: ./components/motion/hero.ts:3:1
Export clearStyle doesn't exist in target module
  1 | import { animate, stagger } from "motion"
  2 | import { DUR, EASE, ms } from "./tokens"
> 3 | import { setStyle, clearStyle } from "./dom"
    | ^^^^^^^^^^^^^^^^^^^^^^^^^^^^^^^^^^^^^^^^^^^^
  4 |
  5 | /**
  6 |  * The hero's motion, and the only motion left on the page that is not driven by a

The export clearStyle was not found in module [project]/components/motion/dom.ts [app-client] (ecmascript).
Did you mean to import clearStyles?
All exports of the module are statically known (It doesn't have dynamic exports). So it's known statically that the requested export doesn't exist.

Import traces:
  Client Component Browser:
    ./components/motion/hero.ts [Client Component Browser]
    ./components/motion/hero-scope.tsx [Client Component Browser]
    ./components/motion/hero-scope.tsx [Server Component]
    ./app/[locale]/page.tsx [Server Component]

  Client Component SSR:
    ./components/motion/hero.ts [Client Component SSR]
    ./components/motion/hero-scope.tsx [Client Component SSR]
    ./components/motion/hero-scope.tsx [Server Component]
    ./app/[locale]/page.tsx [Server Component]


    at <unknown> (Error: ./components/motion/hero.ts:3:1)
    at Object.getCompilationErrors (file://C:\Users\Ibra\Documents\GitHub\sana\node_modules\next\dist\server\dev\hot-reloader-turbopack.js:1186:59)
    at DevBundlerService.getCompilationError (file://C:\Users\Ibra\Documents\GitHub\sana\node_modules\next\dist\server\lib\dev-bundler-service.js:44:55)
    at DevServer.getCompilationError (file://C:\Users\Ibra\Documents\GitHub\sana\node_modules\next\dist\server\dev\next-dev-server.js:720:42)
    at DevServer.findPageComponents (file://C:\Users\Ibra\Documents\GitHub\sana\node_modules\next\dist\server\dev\next-dev-server.js:690:43)
    at async DevServer.renderErrorToResponseImpl (file://C:\Users\Ibra\Documents\GitHub\sana\node_modules\next\dist\server\base-server.js:1753:26)
[   20722ms] [LOG] [HMR] connected @ http://localhost:3000/_next/static/chunks/node_modules_next_dist_0u_w_5s._.js:1226
[   20740ms] [ERROR] ./components/motion/hero.ts:3:1
Export clearStyle doesn't exist in target module
  1 | import { animate, stagger } from "motion"
  2 | import { DUR, EASE, ms } from "./tokens"
> 3 | import { setStyle, clearStyle } from "./dom"
    | ^^^^^^^^^^^^^^^^^^^^^^^^^^^^^^^^^^^^^^^^^^^^
  4 |
  5 | /**
  6 |  * The hero's motion, and the only motion left on the page that is not driven by a

The export clearStyle was not found in module [project]/components/motion/dom.ts [app-client] (ecmascript).
Did you mean to import clearStyles?
All exports of the module are statically known (It doesn't have dynamic exports). So it's known statically that the requested export doesn't exist.

Import traces:
  Client Component Browser:
    ./components/motion/hero.ts [Client Component Browser]
    ./components/motion/hero-scope.tsx [Client Component Browser]
    ./components/motion/hero-scope.tsx [Server Component]
    ./app/[locale]/page.tsx [Server Component]

  Client Component SSR:
    ./components/motion/hero.ts [Client Component SSR]
    ./components/motion/hero-scope.tsx [Client Component SSR]
    ./components/motion/hero-scope.tsx [Server Component]
    ./app/[locale]/page.tsx [Server Component] @ http://localhost:3000/_next/static/chunks/node_modules_next_dist_0u_w_5s._.js:1945
[   20740ms] [ERROR] ./components/motion/hero.ts:3:1
Export clearStyle doesn't exist in target module
  1 | import { animate, stagger } from "motion"
  2 | import { DUR, EASE, ms } from "./tokens"
> 3 | import { setStyle, clearStyle } from "./dom"
    | ^^^^^^^^^^^^^^^^^^^^^^^^^^^^^^^^^^^^^^^^^^^^
  4 |
  5 | /**
  6 |  * The hero's motion, and the only motion left on the page that is not driven by a

The export clearStyle was not found in module [project]/components/motion/dom.ts [app-ssr] (ecmascript).
Did you mean to import clearStyles?
All exports of the module are statically known (It doesn't have dynamic exports). So it's known statically that the requested export doesn't exist.

Import traces:
  Client Component Browser:
    ./components/motion/hero.ts [Client Component Browser]
    ./components/motion/hero-scope.tsx [Client Component Browser]
    ./components/motion/hero-scope.tsx [Server Component]
    ./app/[locale]/page.tsx [Server Component]

  Client Component SSR:
    ./components/motion/hero.ts [Client Component SSR]
    ./components/motion/hero-scope.tsx [Client Component SSR]
    ./components/motion/hero-scope.tsx [Server Component]
    ./app/[locale]/page.tsx [Server Component] @ http://localhost:3000/_next/static/chunks/node_modules_next_dist_0u_w_5s._.js:1945
[   20740ms] [ERROR] ./components/motion/hero.ts:3:1
Export setStyle doesn't exist in target module
  1 | import { animate, stagger } from "motion"
  2 | import { DUR, EASE, ms } from "./tokens"
> 3 | import { setStyle, clearStyle } from "./dom"
    | ^^^^^^^^^^^^^^^^^^^^^^^^^^^^^^^^^^^^^^^^^^^^
  4 |
  5 | /**
  6 |  * The hero's motion, and the only motion left on the page that is not driven by a

The export setStyle was not found in module [project]/components/motion/dom.ts [app-client] (ecmascript).
Did you mean to import setStyles?
All exports of the module are statically known (It doesn't have dynamic exports). So it's known statically that the requested export doesn't exist.

Import traces:
  Client Component Browser:
    ./components/motion/hero.ts [Client Component Browser]
    ./components/motion/hero-scope.tsx [Client Component Browser]
    ./components/motion/hero-scope.tsx [Server Component]
    ./app/[locale]/page.tsx [Server Component]

  Client Component SSR:
    ./components/motion/hero.ts [Client Component SSR]
    ./components/motion/hero-scope.tsx [Client Component SSR]
    ./components/motion/hero-scope.tsx [Server Component]
    ./app/[locale]/page.tsx [Server Component] @ http://localhost:3000/_next/static/chunks/node_modules_next_dist_0u_w_5s._.js:1945
[   20741ms] [ERROR] ./components/motion/hero.ts:3:1
Export setStyle doesn't exist in target module
  1 | import { animate, stagger } from "motion"
  2 | import { DUR, EASE, ms } from "./tokens"
> 3 | import { setStyle, clearStyle } from "./dom"
    | ^^^^^^^^^^^^^^^^^^^^^^^^^^^^^^^^^^^^^^^^^^^^
  4 |
  5 | /**
  6 |  * The hero's motion, and the only motion left on the page that is not driven by a

The export setStyle was not found in module [project]/components/motion/dom.ts [app-ssr] (ecmascript).
Did you mean to import setStyles?
All exports of the module are statically known (It doesn't have dynamic exports). So it's known statically that the requested export doesn't exist.

Import traces:
  Client Component Browser:
    ./components/motion/hero.ts [Client Component Browser]
    ./components/motion/hero-scope.tsx [Client Component Browser]
    ./components/motion/hero-scope.tsx [Server Component]
    ./app/[locale]/page.tsx [Server Component]

  Client Component SSR:
    ./components/motion/hero.ts [Client Component SSR]
    ./components/motion/hero-scope.tsx [Client Component SSR]
    ./components/motion/hero-scope.tsx [Server Component]
    ./app/[locale]/page.tsx [Server Component] @ http://localhost:3000/_next/static/chunks/node_modules_next_dist_0u_w_5s._.js:1945
[   20761ms] [ERROR] Failed to load resource: the server responded with a status of 500 (Internal Server Error) @ http://localhost:3000/favicon.ico:0
[   20853ms] [ERROR] ./components/motion/hero.ts:3:1
Export clearStyle doesn't exist in target module
  1 | import { animate, stagger } from "motion"
  2 | import { DUR, EASE, ms } from "./tokens"
> 3 | import { setStyle, clearStyle } from "./dom"
    | ^^^^^^^^^^^^^^^^^^^^^^^^^^^^^^^^^^^^^^^^^^^^
  4 |
  5 | /**
  6 |  * The hero's motion, and the only motion left on the page that is not driven by a

The export clearStyle was not found in module [project]/components/motion/dom.ts [app-client] (ecmascript).
Did you mean to import clearStyles?
All exports of the module are statically known (It doesn't have dynamic exports). So it's known statically that the requested export doesn't exist.

Import traces:
  Client Component Browser:
    ./components/motion/hero.ts [Client Component Browser]
    ./components/motion/hero-scope.tsx [Client Component Browser]
    ./components/motion/hero-scope.tsx [Server Component]
    ./app/[locale]/page.tsx [Server Component]

  Client Component SSR:
    ./components/motion/hero.ts [Client Component SSR]
    ./components/motion/hero-scope.tsx [Client Component SSR]
    ./components/motion/hero-scope.tsx [Server Component]
    ./app/[locale]/page.tsx [Server Component] @ http://localhost:3000/_next/static/chunks/node_modules_next_dist_0u_w_5s._.js:1945
[   20853ms] [ERROR] ./components/motion/hero.ts:3:1
Export clearStyle doesn't exist in target module
  1 | import { animate, stagger } from "motion"
  2 | import { DUR, EASE, ms } from "./tokens"
> 3 | import { setStyle, clearStyle } from "./dom"
    | ^^^^^^^^^^^^^^^^^^^^^^^^^^^^^^^^^^^^^^^^^^^^
  4 |
  5 | /**
  6 |  * The hero's motion, and the only motion left on the page that is not driven by a

The export clearStyle was not found in module [project]/components/motion/dom.ts [app-ssr] (ecmascript).
Did you mean to import clearStyles?
All exports of the module are statically known (It doesn't have dynamic exports). So it's known statically that the requested export doesn't exist.

Import traces:
  Client Component Browser:
    ./components/motion/hero.ts [Client Component Browser]
    ./components/motion/hero-scope.tsx [Client Component Browser]
    ./components/motion/hero-scope.tsx [Server Component]
    ./app/[locale]/page.tsx [Server Component]

  Client Component SSR:
    ./components/motion/hero.ts [Client Component SSR]
    ./components/motion/hero-scope.tsx [Client Component SSR]
    ./components/motion/hero-scope.tsx [Server Component]
    ./app/[locale]/page.tsx [Server Component] @ http://localhost:3000/_next/static/chunks/node_modules_next_dist_0u_w_5s._.js:1945
[   20853ms] [ERROR] ./components/motion/hero.ts:3:1
Export setStyle doesn't exist in target module
  1 | import { animate, stagger } from "motion"
  2 | import { DUR, EASE, ms } from "./tokens"
> 3 | import { setStyle, clearStyle } from "./dom"
    | ^^^^^^^^^^^^^^^^^^^^^^^^^^^^^^^^^^^^^^^^^^^^
  4 |
  5 | /**
  6 |  * The hero's motion, and the only motion left on the page that is not driven by a

The export setStyle was not found in module [project]/components/motion/dom.ts [app-client] (ecmascript).
Did you mean to import setStyles?
All exports of the module are statically known (It doesn't have dynamic exports). So it's known statically that the requested export doesn't exist.

Import traces:
  Client Component Browser:
    ./components/motion/hero.ts [Client Component Browser]
    ./components/motion/hero-scope.tsx [Client Component Browser]
    ./components/motion/hero-scope.tsx [Server Component]
    ./app/[locale]/page.tsx [Server Component]

  Client Component SSR:
    ./components/motion/hero.ts [Client Component SSR]
    ./components/motion/hero-scope.tsx [Client Component SSR]
    ./components/motion/hero-scope.tsx [Server Component]
    ./app/[locale]/page.tsx [Server Component] @ http://localhost:3000/_next/static/chunks/node_modules_next_dist_0u_w_5s._.js:1945
[   20853ms] [ERROR] ./components/motion/hero.ts:3:1
Export setStyle doesn't exist in target module
  1 | import { animate, stagger } from "motion"
  2 | import { DUR, EASE, ms } from "./tokens"
> 3 | import { setStyle, clearStyle } from "./dom"
    | ^^^^^^^^^^^^^^^^^^^^^^^^^^^^^^^^^^^^^^^^^^^^
  4 |
  5 | /**
  6 |  * The hero's motion, and the only motion left on the page that is not driven by a

The export setStyle was not found in module [project]/components/motion/dom.ts [app-ssr] (ecmascript).
Did you mean to import setStyles?
All exports of the module are statically known (It doesn't have dynamic exports). So it's known statically that the requested export doesn't exist.

Import traces:
  Client Component Browser:
    ./components/motion/hero.ts [Client Component Browser]
    ./components/motion/hero-scope.tsx [Client Component Browser]
    ./components/motion/hero-scope.tsx [Server Component]
    ./app/[locale]/page.tsx [Server Component]

  Client Component SSR:
    ./components/motion/hero.ts [Client Component SSR]
    ./components/motion/hero-scope.tsx [Client Component SSR]
    ./components/motion/hero-scope.tsx [Server Component]
    ./app/[locale]/page.tsx [Server Component] @ http://localhost:3000/_next/static/chunks/node_modules_next_dist_0u_w_5s._.js:1945
[   20915ms] [ERROR] ./components/motion/hero.ts:3:1
Export clearStyle doesn't exist in target module
  1 | import { animate, stagger } from "motion"
  2 | import { DUR, EASE, ms } from "./tokens"
> 3 | import { setStyle, clearStyle } from "./dom"
    | ^^^^^^^^^^^^^^^^^^^^^^^^^^^^^^^^^^^^^^^^^^^^
  4 |
  5 | /**
  6 |  * The hero's motion, and the only motion left on the page that is not driven by a

The export clearStyle was not found in module [project]/components/motion/dom.ts [app-client] (ecmascript).
Did you mean to import clearStyles?
All exports of the module are statically known (It doesn't have dynamic exports). So it's known statically that the requested export doesn't exist.

Import traces:
  Client Component Browser:
    ./components/motion/hero.ts [Client Component Browser]
    ./components/motion/hero-scope.tsx [Client Component Browser]
    ./components/motion/hero-scope.tsx [Server Component]
    ./app/[locale]/page.tsx [Server Component]

  Client Component SSR:
    ./components/motion/hero.ts [Client Component SSR]
    ./components/motion/hero-scope.tsx [Client Component SSR]
    ./components/motion/hero-scope.tsx [Server Component]
    ./app/[locale]/page.tsx [Server Component] @ http://localhost:3000/_next/static/chunks/node_modules_next_dist_0u_w_5s._.js:1945
[   20915ms] [ERROR] ./components/motion/hero.ts:3:1
Export clearStyle doesn't exist in target module
  1 | import { animate, stagger } from "motion"
  2 | import { DUR, EASE, ms } from "./tokens"
> 3 | import { setStyle, clearStyle } from "./dom"
    | ^^^^^^^^^^^^^^^^^^^^^^^^^^^^^^^^^^^^^^^^^^^^
  4 |
  5 | /**
  6 |  * The hero's motion, and the only motion left on the page that is not driven by a

The export clearStyle was not found in module [project]/components/motion/dom.ts [app-ssr] (ecmascript).
Did you mean to import clearStyles?
All exports of the module are statically known (It doesn't have dynamic exports). So it's known statically that the requested export doesn't exist.

Import traces:
  Client Component Browser:
    ./components/motion/hero.ts [Client Component Browser]
    ./components/motion/hero-scope.tsx [Client Component Browser]
    ./components/motion/hero-scope.tsx [Server Component]
    ./app/[locale]/page.tsx [Server Component]

  Client Component SSR:
    ./components/motion/hero.ts [Client Component SSR]
    ./components/motion/hero-scope.tsx [Client Component SSR]
    ./components/motion/hero-scope.tsx [Server Component]
    ./app/[locale]/page.tsx [Server Component] @ http://localhost:3000/_next/static/chunks/node_modules_next_dist_0u_w_5s._.js:1945
[   20915ms] [ERROR] ./components/motion/hero.ts:3:1
Export setStyle doesn't exist in target module
  1 | import { animate, stagger } from "motion"
  2 | import { DUR, EASE, ms } from "./tokens"
> 3 | import { setStyle, clearStyle } from "./dom"
    | ^^^^^^^^^^^^^^^^^^^^^^^^^^^^^^^^^^^^^^^^^^^^
  4 |
  5 | /**
  6 |  * The hero's motion, and the only motion left on the page that is not driven by a

The export setStyle was not found in module [project]/components/motion/dom.ts [app-client] (ecmascript).
Did you mean to import setStyles?
All exports of the module are statically known (It doesn't have dynamic exports). So it's known statically that the requested export doesn't exist.

Import traces:
  Client Component Browser:
    ./components/motion/hero.ts [Client Component Browser]
    ./components/motion/hero-scope.tsx [Client Component Browser]
    ./components/motion/hero-scope.tsx [Server Component]
    ./app/[locale]/page.tsx [Server Component]

  Client Component SSR:
    ./components/motion/hero.ts [Client Component SSR]
    ./components/motion/hero-scope.tsx [Client Component SSR]
    ./components/motion/hero-scope.tsx [Server Component]
    ./app/[locale]/page.tsx [Server Component] @ http://localhost:3000/_next/static/chunks/node_modules_next_dist_0u_w_5s._.js:1945
[   20915ms] [ERROR] ./components/motion/hero.ts:3:1
Export setStyle doesn't exist in target module
  1 | import { animate, stagger } from "motion"
  2 | import { DUR, EASE, ms } from "./tokens"
> 3 | import { setStyle, clearStyle } from "./dom"
    | ^^^^^^^^^^^^^^^^^^^^^^^^^^^^^^^^^^^^^^^^^^^^
  4 |
  5 | /**
  6 |  * The hero's motion, and the only motion left on the page that is not driven by a

The export setStyle was not found in module [project]/components/motion/dom.ts [app-ssr] (ecmascript).
Did you mean to import setStyles?
All exports of the module are statically known (It doesn't have dynamic exports). So it's known statically that the requested export doesn't exist.

Import traces:
  Client Component Browser:
    ./components/motion/hero.ts [Client Component Browser]
    ./components/motion/hero-scope.tsx [Client Component Browser]
    ./components/motion/hero-scope.tsx [Server Component]
    ./app/[locale]/page.tsx [Server Component]

  Client Component SSR:
    ./components/motion/hero.ts [Client Component SSR]
    ./components/motion/hero-scope.tsx [Client Component SSR]
    ./components/motion/hero-scope.tsx [Server Component]
    ./app/[locale]/page.tsx [Server Component] @ http://localhost:3000/_next/static/chunks/node_modules_next_dist_0u_w_5s._.js:1945
[   20977ms] [ERROR] ./components/motion/hero.ts:3:1
Export clearStyle doesn't exist in target module
  1 | import { animate, stagger } from "motion"
  2 | import { DUR, EASE, ms } from "./tokens"
> 3 | import { setStyle, clearStyle } from "./dom"
    | ^^^^^^^^^^^^^^^^^^^^^^^^^^^^^^^^^^^^^^^^^^^^
  4 |
  5 | /**
  6 |  * The hero's motion, and the only motion left on the page that is not driven by a

The export clearStyle was not found in module [project]/components/motion/dom.ts [app-client] (ecmascript).
Did you mean to import clearStyles?
All exports of the module are statically known (It doesn't have dynamic exports). So it's known statically that the requested export doesn't exist.

Import traces:
  Client Component Browser:
    ./components/motion/hero.ts [Client Component Browser]
    ./components/motion/hero-scope.tsx [Client Component Browser]
    ./components/motion/hero-scope.tsx [Server Component]
    ./app/[locale]/page.tsx [Server Component]

  Client Component SSR:
    ./components/motion/hero.ts [Client Component SSR]
    ./components/motion/hero-scope.tsx [Client Component SSR]
    ./components/motion/hero-scope.tsx [Server Component]
    ./app/[locale]/page.tsx [Server Component] @ http://localhost:3000/_next/static/chunks/node_modules_next_dist_0u_w_5s._.js:1945
[   20977ms] [ERROR] ./components/motion/hero.ts:3:1
Export clearStyle doesn't exist in target module
  1 | import { animate, stagger } from "motion"
  2 | import { DUR, EASE, ms } from "./tokens"
> 3 | import { setStyle, clearStyle } from "./dom"
    | ^^^^^^^^^^^^^^^^^^^^^^^^^^^^^^^^^^^^^^^^^^^^
  4 |
  5 | /**
  6 |  * The hero's motion, and the only motion left on the page that is not driven by a

The export clearStyle was not found in module [project]/components/motion/dom.ts [app-ssr] (ecmascript).
Did you mean to import clearStyles?
All exports of the module are statically known (It doesn't have dynamic exports). So it's known statically that the requested export doesn't exist.

Import traces:
  Client Component Browser:
    ./components/motion/hero.ts [Client Component Browser]
    ./components/motion/hero-scope.tsx [Client Component Browser]
    ./components/motion/hero-scope.tsx [Server Component]
    ./app/[locale]/page.tsx [Server Component]

  Client Component SSR:
    ./components/motion/hero.ts [Client Component SSR]
    ./components/motion/hero-scope.tsx [Client Component SSR]
    ./components/motion/hero-scope.tsx [Server Component]
    ./app/[locale]/page.tsx [Server Component] @ http://localhost:3000/_next/static/chunks/node_modules_next_dist_0u_w_5s._.js:1945
[   20977ms] [ERROR] ./components/motion/hero.ts:3:1
Export setStyle doesn't exist in target module
  1 | import { animate, stagger } from "motion"
  2 | import { DUR, EASE, ms } from "./tokens"
> 3 | import { setStyle, clearStyle } from "./dom"
    | ^^^^^^^^^^^^^^^^^^^^^^^^^^^^^^^^^^^^^^^^^^^^
  4 |
  5 | /**
  6 |  * The hero's motion, and the only motion left on the page that is not driven by a

The export setStyle was not found in module [project]/components/motion/dom.ts [app-client] (ecmascript).
Did you mean to import setStyles?
All exports of the module are statically known (It doesn't have dynamic exports). So it's known statically that the requested export doesn't exist.

Import traces:
  Client Component Browser:
    ./components/motion/hero.ts [Client Component Browser]
    ./components/motion/hero-scope.tsx [Client Component Browser]
    ./components/motion/hero-scope.tsx [Server Component]
    ./app/[locale]/page.tsx [Server Component]

  Client Component SSR:
    ./components/motion/hero.ts [Client Component SSR]
    ./components/motion/hero-scope.tsx [Client Component SSR]
    ./components/motion/hero-scope.tsx [Server Component]
    ./app/[locale]/page.tsx [Server Component] @ http://localhost:3000/_next/static/chunks/node_modules_next_dist_0u_w_5s._.js:1945
[   20977ms] [ERROR] ./components/motion/hero.ts:3:1
Export setStyle doesn't exist in target module
  1 | import { animate, stagger } from "motion"
  2 | import { DUR, EASE, ms } from "./tokens"
> 3 | import { setStyle, clearStyle } from "./dom"
    | ^^^^^^^^^^^^^^^^^^^^^^^^^^^^^^^^^^^^^^^^^^^^
  4 |
  5 | /**
  6 |  * The hero's motion, and the only motion left on the page that is not driven by a

The export setStyle was not found in module [project]/components/motion/dom.ts [app-ssr] (ecmascript).
Did you mean to import setStyles?
All exports of the module are statically known (It doesn't have dynamic exports). So it's known statically that the requested export doesn't exist.

Import traces:
  Client Component Browser:
    ./components/motion/hero.ts [Client Component Browser]
    ./components/motion/hero-scope.tsx [Client Component Browser]
    ./components/motion/hero-scope.tsx [Server Component]
    ./app/[locale]/page.tsx [Server Component]

  Client Component SSR:
    ./components/motion/hero.ts [Client Component SSR]
    ./components/motion/hero-scope.tsx [Client Component SSR]
    ./components/motion/hero-scope.tsx [Server Component]
    ./app/[locale]/page.tsx [Server Component] @ http://localhost:3000/_next/static/chunks/node_modules_next_dist_0u_w_5s._.js:1945
[   21040ms] [ERROR] ./components/motion/hero.ts:3:1
Export clearStyle doesn't exist in target module
  1 | import { animate, stagger } from "motion"
  2 | import { DUR, EASE, ms } from "./tokens"
> 3 | import { setStyle, clearStyle } from "./dom"
    | ^^^^^^^^^^^^^^^^^^^^^^^^^^^^^^^^^^^^^^^^^^^^
  4 |
  5 | /**
  6 |  * The hero's motion, and the only motion left on the page that is not driven by a

The export clearStyle was not found in module [project]/components/motion/dom.ts [app-client] (ecmascript).
Did you mean to import clearStyles?
All exports of the module are statically known (It doesn't have dynamic exports). So it's known statically that the requested export doesn't exist.

Import traces:
  Client Component Browser:
    ./components/motion/hero.ts [Client Component Browser]
    ./components/motion/hero-scope.tsx [Client Component Browser]
    ./components/motion/hero-scope.tsx [Server Component]
    ./app/[locale]/page.tsx [Server Component]

  Client Component SSR:
    ./components/motion/hero.ts [Client Component SSR]
    ./components/motion/hero-scope.tsx [Client Component SSR]
    ./components/motion/hero-scope.tsx [Server Component]
    ./app/[locale]/page.tsx [Server Component] @ http://localhost:3000/_next/static/chunks/node_modules_next_dist_0u_w_5s._.js:1945
[   21040ms] [ERROR] ./components/motion/hero.ts:3:1
Export clearStyle doesn't exist in target module
  1 | import { animate, stagger } from "motion"
  2 | import { DUR, EASE, ms } from "./tokens"
> 3 | import { setStyle, clearStyle } from "./dom"
    | ^^^^^^^^^^^^^^^^^^^^^^^^^^^^^^^^^^^^^^^^^^^^
  4 |
  5 | /**
  6 |  * The hero's motion, and the only motion left on the page that is not driven by a

The export clearStyle was not found in module [project]/components/motion/dom.ts [app-ssr] (ecmascript).
Did you mean to import clearStyles?
All exports of the module are statically known (It doesn't have dynamic exports). So it's known statically that the requested export doesn't exist.

Import traces:
  Client Component Browser:
    ./components/motion/hero.ts [Client Component Browser]
    ./components/motion/hero-scope.tsx [Client Component Browser]
    ./components/motion/hero-scope.tsx [Server Component]
    ./app/[locale]/page.tsx [Server Component]

  Client Component SSR:
    ./components/motion/hero.ts [Client Component SSR]
    ./components/motion/hero-scope.tsx [Client Component SSR]
    ./components/motion/hero-scope.tsx [Server Component]
    ./app/[locale]/page.tsx [Server Component] @ http://localhost:3000/_next/static/chunks/node_modules_next_dist_0u_w_5s._.js:1945
[   21040ms] [ERROR] ./components/motion/hero.ts:3:1
Export setStyle doesn't exist in target module
  1 | import { animate, stagger } from "motion"
  2 | import { DUR, EASE, ms } from "./tokens"
> 3 | import { setStyle, clearStyle } from "./dom"
    | ^^^^^^^^^^^^^^^^^^^^^^^^^^^^^^^^^^^^^^^^^^^^
  4 |
  5 | /**
  6 |  * The hero's motion, and the only motion left on the page that is not driven by a

The export setStyle was not found in module [project]/components/motion/dom.ts [app-client] (ecmascript).
Did you mean to import setStyles?
All exports of the module are statically known (It doesn't have dynamic exports). So it's known statically that the requested export doesn't exist.

Import traces:
  Client Component Browser:
    ./components/motion/hero.ts [Client Component Browser]
    ./components/motion/hero-scope.tsx [Client Component Browser]
    ./components/motion/hero-scope.tsx [Server Component]
    ./app/[locale]/page.tsx [Server Component]

  Client Component SSR:
    ./components/motion/hero.ts [Client Component SSR]
    ./components/motion/hero-scope.tsx [Client Component SSR]
    ./components/motion/hero-scope.tsx [Server Component]
    ./app/[locale]/page.tsx [Server Component] @ http://localhost:3000/_next/static/chunks/node_modules_next_dist_0u_w_5s._.js:1945
[   21040ms] [ERROR] ./components/motion/hero.ts:3:1
Export setStyle doesn't exist in target module
  1 | import { animate, stagger } from "motion"
  2 | import { DUR, EASE, ms } from "./tokens"
> 3 | import { setStyle, clearStyle } from "./dom"
    | ^^^^^^^^^^^^^^^^^^^^^^^^^^^^^^^^^^^^^^^^^^^^
  4 |
  5 | /**
  6 |  * The hero's motion, and the only motion left on the page that is not driven by a

The export setStyle was not found in module [project]/components/motion/dom.ts [app-ssr] (ecmascript).
Did you mean to import setStyles?
All exports of the module are statically known (It doesn't have dynamic exports). So it's known statically that the requested export doesn't exist.

Import traces:
  Client Component Browser:
    ./components/motion/hero.ts [Client Component Browser]
    ./components/motion/hero-scope.tsx [Client Component Browser]
    ./components/motion/hero-scope.tsx [Server Component]
    ./app/[locale]/page.tsx [Server Component]

  Client Component SSR:
    ./components/motion/hero.ts [Client Component SSR]
    ./components/motion/hero-scope.tsx [Client Component SSR]
    ./components/motion/hero-scope.tsx [Server Component]
    ./app/[locale]/page.tsx [Server Component] @ http://localhost:3000/_next/static/chunks/node_modules_next_dist_0u_w_5s._.js:1945
[   21102ms] [ERROR] ./components/motion/hero.ts:3:1
Export clearStyle doesn't exist in target module
  1 | import { animate, stagger } from "motion"
  2 | import { DUR, EASE, ms } from "./tokens"
> 3 | import { setStyle, clearStyle } from "./dom"
    | ^^^^^^^^^^^^^^^^^^^^^^^^^^^^^^^^^^^^^^^^^^^^
  4 |
  5 | /**
  6 |  * The hero's motion, and the only motion left on the page that is not driven by a

The export clearStyle was not found in module [project]/components/motion/dom.ts [app-client] (ecmascript).
Did you mean to import clearStyles?
All exports of the module are statically known (It doesn't have dynamic exports). So it's known statically that the requested export doesn't exist.

Import traces:
  Client Component Browser:
    ./components/motion/hero.ts [Client Component Browser]
    ./components/motion/hero-scope.tsx [Client Component Browser]
    ./components/motion/hero-scope.tsx [Server Component]
    ./app/[locale]/page.tsx [Server Component]

  Client Component SSR:
    ./components/motion/hero.ts [Client Component SSR]
    ./components/motion/hero-scope.tsx [Client Component SSR]
    ./components/motion/hero-scope.tsx [Server Component]
    ./app/[locale]/page.tsx [Server Component] @ http://localhost:3000/_next/static/chunks/node_modules_next_dist_0u_w_5s._.js:1945
[   21102ms] [ERROR] ./components/motion/hero.ts:3:1
Export clearStyle doesn't exist in target module
  1 | import { animate, stagger } from "motion"
  2 | import { DUR, EASE, ms } from "./tokens"
> 3 | import { setStyle, clearStyle } from "./dom"
    | ^^^^^^^^^^^^^^^^^^^^^^^^^^^^^^^^^^^^^^^^^^^^
  4 |
  5 | /**
  6 |  * The hero's motion, and the only motion left on the page that is not driven by a

The export clearStyle was not found in module [project]/components/motion/dom.ts [app-ssr] (ecmascript).
Did you mean to import clearStyles?
All exports of the module are statically known (It doesn't have dynamic exports). So it's known statically that the requested export doesn't exist.

Import traces:
  Client Component Browser:
    ./components/motion/hero.ts [Client Component Browser]
    ./components/motion/hero-scope.tsx [Client Component Browser]
    ./components/motion/hero-scope.tsx [Server Component]
    ./app/[locale]/page.tsx [Server Component]

  Client Component SSR:
    ./components/motion/hero.ts [Client Component SSR]
    ./components/motion/hero-scope.tsx [Client Component SSR]
    ./components/motion/hero-scope.tsx [Server Component]
    ./app/[locale]/page.tsx [Server Component] @ http://localhost:3000/_next/static/chunks/node_modules_next_dist_0u_w_5s._.js:1945
[   21102ms] [ERROR] ./components/motion/hero.ts:3:1
Export setStyle doesn't exist in target module
  1 | import { animate, stagger } from "motion"
  2 | import { DUR, EASE, ms } from "./tokens"
> 3 | import { setStyle, clearStyle } from "./dom"
    | ^^^^^^^^^^^^^^^^^^^^^^^^^^^^^^^^^^^^^^^^^^^^
  4 |
  5 | /**
  6 |  * The hero's motion, and the only motion left on the page that is not driven by a

The export setStyle was not found in module [project]/components/motion/dom.ts [app-client] (ecmascript).
Did you mean to import setStyles?
All exports of the module are statically known (It doesn't have dynamic exports). So it's known statically that the requested export doesn't exist.

Import traces:
  Client Component Browser:
    ./components/motion/hero.ts [Client Component Browser]
    ./components/motion/hero-scope.tsx [Client Component Browser]
    ./components/motion/hero-scope.tsx [Server Component]
    ./app/[locale]/page.tsx [Server Component]

  Client Component SSR:
    ./components/motion/hero.ts [Client Component SSR]
    ./components/motion/hero-scope.tsx [Client Component SSR]
    ./components/motion/hero-scope.tsx [Server Component]
    ./app/[locale]/page.tsx [Server Component] @ http://localhost:3000/_next/static/chunks/node_modules_next_dist_0u_w_5s._.js:1945
[   21102ms] [ERROR] ./components/motion/hero.ts:3:1
Export setStyle doesn't exist in target module
  1 | import { animate, stagger } from "motion"
  2 | import { DUR, EASE, ms } from "./tokens"
> 3 | import { setStyle, clearStyle } from "./dom"
    | ^^^^^^^^^^^^^^^^^^^^^^^^^^^^^^^^^^^^^^^^^^^^
  4 |
  5 | /**
  6 |  * The hero's motion, and the only motion left on the page that is not driven by a

The export setStyle was not found in module [project]/components/motion/dom.ts [app-ssr] (ecmascript).
Did you mean to import setStyles?
All exports of the module are statically known (It doesn't have dynamic exports). So it's known statically that the requested export doesn't exist.

Import traces:
  Client Component Browser:
    ./components/motion/hero.ts [Client Component Browser]
    ./components/motion/hero-scope.tsx [Client Component Browser]
    ./components/motion/hero-scope.tsx [Server Component]
    ./app/[locale]/page.tsx [Server Component]

  Client Component SSR:
    ./components/motion/hero.ts [Client Component SSR]
    ./components/motion/hero-scope.tsx [Client Component SSR]
    ./components/motion/hero-scope.tsx [Server Component]
    ./app/[locale]/page.tsx [Server Component] @ http://localhost:3000/_next/static/chunks/node_modules_next_dist_0u_w_5s._.js:1945
[   21166ms] [ERROR] ./components/motion/hero.ts:3:1
Export clearStyle doesn't exist in target module
  1 | import { animate, stagger } from "motion"
  2 | import { DUR, EASE, ms } from "./tokens"
> 3 | import { setStyle, clearStyle } from "./dom"
    | ^^^^^^^^^^^^^^^^^^^^^^^^^^^^^^^^^^^^^^^^^^^^
  4 |
  5 | /**
  6 |  * The hero's motion, and the only motion left on the page that is not driven by a

The export clearStyle was not found in module [project]/components/motion/dom.ts [app-client] (ecmascript).
Did you mean to import clearStyles?
All exports of the module are statically known (It doesn't have dynamic exports). So it's known statically that the requested export doesn't exist.

Import traces:
  Client Component Browser:
    ./components/motion/hero.ts [Client Component Browser]
    ./components/motion/hero-scope.tsx [Client Component Browser]
    ./components/motion/hero-scope.tsx [Server Component]
    ./app/[locale]/page.tsx [Server Component]

  Client Component SSR:
    ./components/motion/hero.ts [Client Component SSR]
    ./components/motion/hero-scope.tsx [Client Component SSR]
    ./components/motion/hero-scope.tsx [Server Component]
    ./app/[locale]/page.tsx [Server Component] @ http://localhost:3000/_next/static/chunks/node_modules_next_dist_0u_w_5s._.js:1945
[   21166ms] [ERROR] ./components/motion/hero.ts:3:1
Export clearStyle doesn't exist in target module
  1 | import { animate, stagger } from "motion"
  2 | import { DUR, EASE, ms } from "./tokens"
> 3 | import { setStyle, clearStyle } from "./dom"
    | ^^^^^^^^^^^^^^^^^^^^^^^^^^^^^^^^^^^^^^^^^^^^
  4 |
  5 | /**
  6 |  * The hero's motion, and the only motion left on the page that is not driven by a

The export clearStyle was not found in module [project]/components/motion/dom.ts [app-ssr] (ecmascript).
Did you mean to import clearStyles?
All exports of the module are statically known (It doesn't have dynamic exports). So it's known statically that the requested export doesn't exist.

Import traces:
  Client Component Browser:
    ./components/motion/hero.ts [Client Component Browser]
    ./components/motion/hero-scope.tsx [Client Component Browser]
    ./components/motion/hero-scope.tsx [Server Component]
    ./app/[locale]/page.tsx [Server Component]

  Client Component SSR:
    ./components/motion/hero.ts [Client Component SSR]
    ./components/motion/hero-scope.tsx [Client Component SSR]
    ./components/motion/hero-scope.tsx [Server Component]
    ./app/[locale]/page.tsx [Server Component] @ http://localhost:3000/_next/static/chunks/node_modules_next_dist_0u_w_5s._.js:1945
[   21166ms] [ERROR] ./components/motion/hero.ts:3:1
Export setStyle doesn't exist in target module
  1 | import { animate, stagger } from "motion"
  2 | import { DUR, EASE, ms } from "./tokens"
> 3 | import { setStyle, clearStyle } from "./dom"
    | ^^^^^^^^^^^^^^^^^^^^^^^^^^^^^^^^^^^^^^^^^^^^
  4 |
  5 | /**
  6 |  * The hero's motion, and the only motion left on the page that is not driven by a

The export setStyle was not found in module [project]/components/motion/dom.ts [app-client] (ecmascript).
Did you mean to import setStyles?
All exports of the module are statically known (It doesn't have dynamic exports). So it's known statically that the requested export doesn't exist.

Import traces:
  Client Component Browser:
    ./components/motion/hero.ts [Client Component Browser]
    ./components/motion/hero-scope.tsx [Client Component Browser]
    ./components/motion/hero-scope.tsx [Server Component]
    ./app/[locale]/page.tsx [Server Component]

  Client Component SSR:
    ./components/motion/hero.ts [Client Component SSR]
    ./components/motion/hero-scope.tsx [Client Component SSR]
    ./components/motion/hero-scope.tsx [Server Component]
    ./app/[locale]/page.tsx [Server Component] @ http://localhost:3000/_next/static/chunks/node_modules_next_dist_0u_w_5s._.js:1945
[   21166ms] [ERROR] ./components/motion/hero.ts:3:1
Export setStyle doesn't exist in target module
  1 | import { animate, stagger } from "motion"
  2 | import { DUR, EASE, ms } from "./tokens"
> 3 | import { setStyle, clearStyle } from "./dom"
    | ^^^^^^^^^^^^^^^^^^^^^^^^^^^^^^^^^^^^^^^^^^^^
  4 |
  5 | /**
  6 |  * The hero's motion, and the only motion left on the page that is not driven by a

The export setStyle was not found in module [project]/components/motion/dom.ts [app-ssr] (ecmascript).
Did you mean to import setStyles?
All exports of the module are statically known (It doesn't have dynamic exports). So it's known statically that the requested export doesn't exist.

Import traces:
  Client Component Browser:
    ./components/motion/hero.ts [Client Component Browser]
    ./components/motion/hero-scope.tsx [Client Component Browser]
    ./components/motion/hero-scope.tsx [Server Component]
    ./app/[locale]/page.tsx [Server Component]

  Client Component SSR:
    ./components/motion/hero.ts [Client Component SSR]
    ./components/motion/hero-scope.tsx [Client Component SSR]
    ./components/motion/hero-scope.tsx [Server Component]
    ./app/[locale]/page.tsx [Server Component] @ http://localhost:3000/_next/static/chunks/node_modules_next_dist_0u_w_5s._.js:1945
[   21228ms] [ERROR] ./components/motion/hero.ts:3:1
Export clearStyle doesn't exist in target module
  1 | import { animate, stagger } from "motion"
  2 | import { DUR, EASE, ms } from "./tokens"
> 3 | import { setStyle, clearStyle } from "./dom"
    | ^^^^^^^^^^^^^^^^^^^^^^^^^^^^^^^^^^^^^^^^^^^^
  4 |
  5 | /**
  6 |  * The hero's motion, and the only motion left on the page that is not driven by a

The export clearStyle was not found in module [project]/components/motion/dom.ts [app-client] (ecmascript).
Did you mean to import clearStyles?
All exports of the module are statically known (It doesn't have dynamic exports). So it's known statically that the requested export doesn't exist.

Import traces:
  Client Component Browser:
    ./components/motion/hero.ts [Client Component Browser]
    ./components/motion/hero-scope.tsx [Client Component Browser]
    ./components/motion/hero-scope.tsx [Server Component]
    ./app/[locale]/page.tsx [Server Component]

  Client Component SSR:
    ./components/motion/hero.ts [Client Component SSR]
    ./components/motion/hero-scope.tsx [Client Component SSR]
    ./components/motion/hero-scope.tsx [Server Component]
    ./app/[locale]/page.tsx [Server Component] @ http://localhost:3000/_next/static/chunks/node_modules_next_dist_0u_w_5s._.js:1945
[   21228ms] [ERROR] ./components/motion/hero.ts:3:1
Export clearStyle doesn't exist in target module
  1 | import { animate, stagger } from "motion"
  2 | import { DUR, EASE, ms } from "./tokens"
> 3 | import { setStyle, clearStyle } from "./dom"
    | ^^^^^^^^^^^^^^^^^^^^^^^^^^^^^^^^^^^^^^^^^^^^
  4 |
  5 | /**
  6 |  * The hero's motion, and the only motion left on the page that is not driven by a

The export clearStyle was not found in module [project]/components/motion/dom.ts [app-ssr] (ecmascript).
Did you mean to import clearStyles?
All exports of the module are statically known (It doesn't have dynamic exports). So it's known statically that the requested export doesn't exist.

Import traces:
  Client Component Browser:
    ./components/motion/hero.ts [Client Component Browser]
    ./components/motion/hero-scope.tsx [Client Component Browser]
    ./components/motion/hero-scope.tsx [Server Component]
    ./app/[locale]/page.tsx [Server Component]

  Client Component SSR:
    ./components/motion/hero.ts [Client Component SSR]
    ./components/motion/hero-scope.tsx [Client Component SSR]
    ./components/motion/hero-scope.tsx [Server Component]
    ./app/[locale]/page.tsx [Server Component] @ http://localhost:3000/_next/static/chunks/node_modules_next_dist_0u_w_5s._.js:1945
[   21228ms] [ERROR] ./components/motion/hero.ts:3:1
Export setStyle doesn't exist in target module
  1 | import { animate, stagger } from "motion"
  2 | import { DUR, EASE, ms } from "./tokens"
> 3 | import { setStyle, clearStyle } from "./dom"
    | ^^^^^^^^^^^^^^^^^^^^^^^^^^^^^^^^^^^^^^^^^^^^
  4 |
  5 | /**
  6 |  * The hero's motion, and the only motion left on the page that is not driven by a

The export setStyle was not found in module [project]/components/motion/dom.ts [app-client] (ecmascript).
Did you mean to import setStyles?
All exports of the module are statically known (It doesn't have dynamic exports). So it's known statically that the requested export doesn't exist.

Import traces:
  Client Component Browser:
    ./components/motion/hero.ts [Client Component Browser]
    ./components/motion/hero-scope.tsx [Client Component Browser]
    ./components/motion/hero-scope.tsx [Server Component]
    ./app/[locale]/page.tsx [Server Component]

  Client Component SSR:
    ./components/motion/hero.ts [Client Component SSR]
    ./components/motion/hero-scope.tsx [Client Component SSR]
    ./components/motion/hero-scope.tsx [Server Component]
    ./app/[locale]/page.tsx [Server Component] @ http://localhost:3000/_next/static/chunks/node_modules_next_dist_0u_w_5s._.js:1945
[   21228ms] [ERROR] ./components/motion/hero.ts:3:1
Export setStyle doesn't exist in target module
  1 | import { animate, stagger } from "motion"
  2 | import { DUR, EASE, ms } from "./tokens"
> 3 | import { setStyle, clearStyle } from "./dom"
    | ^^^^^^^^^^^^^^^^^^^^^^^^^^^^^^^^^^^^^^^^^^^^
  4 |
  5 | /**
  6 |  * The hero's motion, and the only motion left on the page that is not driven by a

The export setStyle was not found in module [project]/components/motion/dom.ts [app-ssr] (ecmascript).
Did you mean to import setStyles?
All exports of the module are statically known (It doesn't have dynamic exports). So it's known statically that the requested export doesn't exist.

Import traces:
  Client Component Browser:
    ./components/motion/hero.ts [Client Component Browser]
    ./components/motion/hero-scope.tsx [Client Component Browser]
    ./components/motion/hero-scope.tsx [Server Component]
    ./app/[locale]/page.tsx [Server Component]

  Client Component SSR:
    ./components/motion/hero.ts [Client Component SSR]
    ./components/motion/hero-scope.tsx [Client Component SSR]
    ./components/motion/hero-scope.tsx [Server Component]
    ./app/[locale]/page.tsx [Server Component] @ http://localhost:3000/_next/static/chunks/node_modules_next_dist_0u_w_5s._.js:1945
[   21291ms] [ERROR] ./components/motion/hero.ts:3:1
Export clearStyle doesn't exist in target module
  1 | import { animate, stagger } from "motion"
  2 | import { DUR, EASE, ms } from "./tokens"
> 3 | import { setStyle, clearStyle } from "./dom"
    | ^^^^^^^^^^^^^^^^^^^^^^^^^^^^^^^^^^^^^^^^^^^^
  4 |
  5 | /**
  6 |  * The hero's motion, and the only motion left on the page that is not driven by a

The export clearStyle was not found in module [project]/components/motion/dom.ts [app-client] (ecmascript).
Did you mean to import clearStyles?
All exports of the module are statically known (It doesn't have dynamic exports). So it's known statically that the requested export doesn't exist.

Import traces:
  Client Component Browser:
    ./components/motion/hero.ts [Client Component Browser]
    ./components/motion/hero-scope.tsx [Client Component Browser]
    ./components/motion/hero-scope.tsx [Server Component]
    ./app/[locale]/page.tsx [Server Component]

  Client Component SSR:
    ./components/motion/hero.ts [Client Component SSR]
    ./components/motion/hero-scope.tsx [Client Component SSR]
    ./components/motion/hero-scope.tsx [Server Component]
    ./app/[locale]/page.tsx [Server Component] @ http://localhost:3000/_next/static/chunks/node_modules_next_dist_0u_w_5s._.js:1945
[   21291ms] [ERROR] ./components/motion/hero.ts:3:1
Export clearStyle doesn't exist in target module
  1 | import { animate, stagger } from "motion"
  2 | import { DUR, EASE, ms } from "./tokens"
> 3 | import { setStyle, clearStyle } from "./dom"
    | ^^^^^^^^^^^^^^^^^^^^^^^^^^^^^^^^^^^^^^^^^^^^
  4 |
  5 | /**
  6 |  * The hero's motion, and the only motion left on the page that is not driven by a

The export clearStyle was not found in module [project]/components/motion/dom.ts [app-ssr] (ecmascript).
Did you mean to import clearStyles?
All exports of the module are statically known (It doesn't have dynamic exports). So it's known statically that the requested export doesn't exist.

Import traces:
  Client Component Browser:
    ./components/motion/hero.ts [Client Component Browser]
    ./components/motion/hero-scope.tsx [Client Component Browser]
    ./components/motion/hero-scope.tsx [Server Component]
    ./app/[locale]/page.tsx [Server Component]

  Client Component SSR:
    ./components/motion/hero.ts [Client Component SSR]
    ./components/motion/hero-scope.tsx [Client Component SSR]
    ./components/motion/hero-scope.tsx [Server Component]
    ./app/[locale]/page.tsx [Server Component] @ http://localhost:3000/_next/static/chunks/node_modules_next_dist_0u_w_5s._.js:1945
[   21291ms] [ERROR] ./components/motion/hero.ts:3:1
Export setStyle doesn't exist in target module
  1 | import { animate, stagger } from "motion"
  2 | import { DUR, EASE, ms } from "./tokens"
> 3 | import { setStyle, clearStyle } from "./dom"
    | ^^^^^^^^^^^^^^^^^^^^^^^^^^^^^^^^^^^^^^^^^^^^
  4 |
  5 | /**
  6 |  * The hero's motion, and the only motion left on the page that is not driven by a

The export setStyle was not found in module [project]/components/motion/dom.ts [app-client] (ecmascript).
Did you mean to import setStyles?
All exports of the module are statically known (It doesn't have dynamic exports). So it's known statically that the requested export doesn't exist.

Import traces:
  Client Component Browser:
    ./components/motion/hero.ts [Client Component Browser]
    ./components/motion/hero-scope.tsx [Client Component Browser]
    ./components/motion/hero-scope.tsx [Server Component]
    ./app/[locale]/page.tsx [Server Component]

  Client Component SSR:
    ./components/motion/hero.ts [Client Component SSR]
    ./components/motion/hero-scope.tsx [Client Component SSR]
    ./components/motion/hero-scope.tsx [Server Component]
    ./app/[locale]/page.tsx [Server Component] @ http://localhost:3000/_next/static/chunks/node_modules_next_dist_0u_w_5s._.js:1945
[   21291ms] [ERROR] ./components/motion/hero.ts:3:1
Export setStyle doesn't exist in target module
  1 | import { animate, stagger } from "motion"
  2 | import { DUR, EASE, ms } from "./tokens"
> 3 | import { setStyle, clearStyle } from "./dom"
    | ^^^^^^^^^^^^^^^^^^^^^^^^^^^^^^^^^^^^^^^^^^^^
  4 |
  5 | /**
  6 |  * The hero's motion, and the only motion left on the page that is not driven by a

The export setStyle was not found in module [project]/components/motion/dom.ts [app-ssr] (ecmascript).
Did you mean to import setStyles?
All exports of the module are statically known (It doesn't have dynamic exports). So it's known statically that the requested export doesn't exist.

Import traces:
  Client Component Browser:
    ./components/motion/hero.ts [Client Component Browser]
    ./components/motion/hero-scope.tsx [Client Component Browser]
    ./components/motion/hero-scope.tsx [Server Component]
    ./app/[locale]/page.tsx [Server Component]

  Client Component SSR:
    ./components/motion/hero.ts [Client Component SSR]
    ./components/motion/hero-scope.tsx [Client Component SSR]
    ./components/motion/hero-scope.tsx [Server Component]
    ./app/[locale]/page.tsx [Server Component] @ http://localhost:3000/_next/static/chunks/node_modules_next_dist_0u_w_5s._.js:1945
[   21355ms] [ERROR] ./components/motion/hero.ts:3:1
Export clearStyle doesn't exist in target module
  1 | import { animate, stagger } from "motion"
  2 | import { DUR, EASE, ms } from "./tokens"
> 3 | import { setStyle, clearStyle } from "./dom"
    | ^^^^^^^^^^^^^^^^^^^^^^^^^^^^^^^^^^^^^^^^^^^^
  4 |
  5 | /**
  6 |  * The hero's motion, and the only motion left on the page that is not driven by a

The export clearStyle was not found in module [project]/components/motion/dom.ts [app-client] (ecmascript).
Did you mean to import clearStyles?
All exports of the module are statically known (It doesn't have dynamic exports). So it's known statically that the requested export doesn't exist.

Import traces:
  Client Component Browser:
    ./components/motion/hero.ts [Client Component Browser]
    ./components/motion/hero-scope.tsx [Client Component Browser]
    ./components/motion/hero-scope.tsx [Server Component]
    ./app/[locale]/page.tsx [Server Component]

  Client Component SSR:
    ./components/motion/hero.ts [Client Component SSR]
    ./components/motion/hero-scope.tsx [Client Component SSR]
    ./components/motion/hero-scope.tsx [Server Component]
    ./app/[locale]/page.tsx [Server Component] @ http://localhost:3000/_next/static/chunks/node_modules_next_dist_0u_w_5s._.js:1945
[   21355ms] [ERROR] ./components/motion/hero.ts:3:1
Export clearStyle doesn't exist in target module
  1 | import { animate, stagger } from "motion"
  2 | import { DUR, EASE, ms } from "./tokens"
> 3 | import { setStyle, clearStyle } from "./dom"
    | ^^^^^^^^^^^^^^^^^^^^^^^^^^^^^^^^^^^^^^^^^^^^
  4 |
  5 | /**
  6 |  * The hero's motion, and the only motion left on the page that is not driven by a

The export clearStyle was not found in module [project]/components/motion/dom.ts [app-ssr] (ecmascript).
Did you mean to import clearStyles?
All exports of the module are statically known (It doesn't have dynamic exports). So it's known statically that the requested export doesn't exist.

Import traces:
  Client Component Browser:
    ./components/motion/hero.ts [Client Component Browser]
    ./components/motion/hero-scope.tsx [Client Component Browser]
    ./components/motion/hero-scope.tsx [Server Component]
    ./app/[locale]/page.tsx [Server Component]

  Client Component SSR:
    ./components/motion/hero.ts [Client Component SSR]
    ./components/motion/hero-scope.tsx [Client Component SSR]
    ./components/motion/hero-scope.tsx [Server Component]
    ./app/[locale]/page.tsx [Server Component] @ http://localhost:3000/_next/static/chunks/node_modules_next_dist_0u_w_5s._.js:1945
[   21355ms] [ERROR] ./components/motion/hero.ts:3:1
Export setStyle doesn't exist in target module
  1 | import { animate, stagger } from "motion"
  2 | import { DUR, EASE, ms } from "./tokens"
> 3 | import { setStyle, clearStyle } from "./dom"
    | ^^^^^^^^^^^^^^^^^^^^^^^^^^^^^^^^^^^^^^^^^^^^
  4 |
  5 | /**
  6 |  * The hero's motion, and the only motion left on the page that is not driven by a

The export setStyle was not found in module [project]/components/motion/dom.ts [app-client] (ecmascript).
Did you mean to import setStyles?
All exports of the module are statically known (It doesn't have dynamic exports). So it's known statically that the requested export doesn't exist.

Import traces:
  Client Component Browser:
    ./components/motion/hero.ts [Client Component Browser]
    ./components/motion/hero-scope.tsx [Client Component Browser]
    ./components/motion/hero-scope.tsx [Server Component]
    ./app/[locale]/page.tsx [Server Component]

  Client Component SSR:
    ./components/motion/hero.ts [Client Component SSR]
    ./components/motion/hero-scope.tsx [Client Component SSR]
    ./components/motion/hero-scope.tsx [Server Component]
    ./app/[locale]/page.tsx [Server Component] @ http://localhost:3000/_next/static/chunks/node_modules_next_dist_0u_w_5s._.js:1945
[   21355ms] [ERROR] ./components/motion/hero.ts:3:1
Export setStyle doesn't exist in target module
  1 | import { animate, stagger } from "motion"
  2 | import { DUR, EASE, ms } from "./tokens"
> 3 | import { setStyle, clearStyle } from "./dom"
    | ^^^^^^^^^^^^^^^^^^^^^^^^^^^^^^^^^^^^^^^^^^^^
  4 |
  5 | /**
  6 |  * The hero's motion, and the only motion left on the page that is not driven by a

The export setStyle was not found in module [project]/components/motion/dom.ts [app-ssr] (ecmascript).
Did you mean to import setStyles?
All exports of the module are statically known (It doesn't have dynamic exports). So it's known statically that the requested export doesn't exist.

Import traces:
  Client Component Browser:
    ./components/motion/hero.ts [Client Component Browser]
    ./components/motion/hero-scope.tsx [Client Component Browser]
    ./components/motion/hero-scope.tsx [Server Component]
    ./app/[locale]/page.tsx [Server Component]

  Client Component SSR:
    ./components/motion/hero.ts [Client Component SSR]
    ./components/motion/hero-scope.tsx [Client Component SSR]
    ./components/motion/hero-scope.tsx [Server Component]
    ./app/[locale]/page.tsx [Server Component] @ http://localhost:3000/_next/static/chunks/node_modules_next_dist_0u_w_5s._.js:1945
[   21416ms] [ERROR] ./components/motion/hero.ts:3:1
Export clearStyle doesn't exist in target module
  1 | import { animate, stagger } from "motion"
  2 | import { DUR, EASE, ms } from "./tokens"
> 3 | import { setStyle, clearStyle } from "./dom"
    | ^^^^^^^^^^^^^^^^^^^^^^^^^^^^^^^^^^^^^^^^^^^^
  4 |
  5 | /**
  6 |  * The hero's motion, and the only motion left on the page that is not driven by a

The export clearStyle was not found in module [project]/components/motion/dom.ts [app-client] (ecmascript).
Did you mean to import clearStyles?
All exports of the module are statically known (It doesn't have dynamic exports). So it's known statically that the requested export doesn't exist.

Import traces:
  Client Component Browser:
    ./components/motion/hero.ts [Client Component Browser]
    ./components/motion/hero-scope.tsx [Client Component Browser]
    ./components/motion/hero-scope.tsx [Server Component]
    ./app/[locale]/page.tsx [Server Component]

  Client Component SSR:
    ./components/motion/hero.ts [Client Component SSR]
    ./components/motion/hero-scope.tsx [Client Component SSR]
    ./components/motion/hero-scope.tsx [Server Component]
    ./app/[locale]/page.tsx [Server Component] @ http://localhost:3000/_next/static/chunks/node_modules_next_dist_0u_w_5s._.js:1945
[   21416ms] [ERROR] ./components/motion/hero.ts:3:1
Export clearStyle doesn't exist in target module
  1 | import { animate, stagger } from "motion"
  2 | import { DUR, EASE, ms } from "./tokens"
> 3 | import { setStyle, clearStyle } from "./dom"
    | ^^^^^^^^^^^^^^^^^^^^^^^^^^^^^^^^^^^^^^^^^^^^
  4 |
  5 | /**
  6 |  * The hero's motion, and the only motion left on the page that is not driven by a

The export clearStyle was not found in module [project]/components/motion/dom.ts [app-ssr] (ecmascript).
Did you mean to import clearStyles?
All exports of the module are statically known (It doesn't have dynamic exports). So it's known statically that the requested export doesn't exist.

Import traces:
  Client Component Browser:
    ./components/motion/hero.ts [Client Component Browser]
    ./components/motion/hero-scope.tsx [Client Component Browser]
    ./components/motion/hero-scope.tsx [Server Component]
    ./app/[locale]/page.tsx [Server Component]

  Client Component SSR:
    ./components/motion/hero.ts [Client Component SSR]
    ./components/motion/hero-scope.tsx [Client Component SSR]
    ./components/motion/hero-scope.tsx [Server Component]
    ./app/[locale]/page.tsx [Server Component] @ http://localhost:3000/_next/static/chunks/node_modules_next_dist_0u_w_5s._.js:1945
[   21416ms] [ERROR] ./components/motion/hero.ts:3:1
Export setStyle doesn't exist in target module
  1 | import { animate, stagger } from "motion"
  2 | import { DUR, EASE, ms } from "./tokens"
> 3 | import { setStyle, clearStyle } from "./dom"
    | ^^^^^^^^^^^^^^^^^^^^^^^^^^^^^^^^^^^^^^^^^^^^
  4 |
  5 | /**
  6 |  * The hero's motion, and the only motion left on the page that is not driven by a

The export setStyle was not found in module [project]/components/motion/dom.ts [app-client] (ecmascript).
Did you mean to import setStyles?
All exports of the module are statically known (It doesn't have dynamic exports). So it's known statically that the requested export doesn't exist.

Import traces:
  Client Component Browser:
    ./components/motion/hero.ts [Client Component Browser]
    ./components/motion/hero-scope.tsx [Client Component Browser]
    ./components/motion/hero-scope.tsx [Server Component]
    ./app/[locale]/page.tsx [Server Component]

  Client Component SSR:
    ./components/motion/hero.ts [Client Component SSR]
    ./components/motion/hero-scope.tsx [Client Component SSR]
    ./components/motion/hero-scope.tsx [Server Component]
    ./app/[locale]/page.tsx [Server Component] @ http://localhost:3000/_next/static/chunks/node_modules_next_dist_0u_w_5s._.js:1945
[   21416ms] [ERROR] ./components/motion/hero.ts:3:1
Export setStyle doesn't exist in target module
  1 | import { animate, stagger } from "motion"
  2 | import { DUR, EASE, ms } from "./tokens"
> 3 | import { setStyle, clearStyle } from "./dom"
    | ^^^^^^^^^^^^^^^^^^^^^^^^^^^^^^^^^^^^^^^^^^^^
  4 |
  5 | /**
  6 |  * The hero's motion, and the only motion left on the page that is not driven by a

The export setStyle was not found in module [project]/components/motion/dom.ts [app-ssr] (ecmascript).
Did you mean to import setStyles?
All exports of the module are statically known (It doesn't have dynamic exports). So it's known statically that the requested export doesn't exist.

Import traces:
  Client Component Browser:
    ./components/motion/hero.ts [Client Component Browser]
    ./components/motion/hero-scope.tsx [Client Component Browser]
    ./components/motion/hero-scope.tsx [Server Component]
    ./app/[locale]/page.tsx [Server Component]

  Client Component SSR:
    ./components/motion/hero.ts [Client Component SSR]
    ./components/motion/hero-scope.tsx [Client Component SSR]
    ./components/motion/hero-scope.tsx [Server Component]
    ./app/[locale]/page.tsx [Server Component] @ http://localhost:3000/_next/static/chunks/node_modules_next_dist_0u_w_5s._.js:1945
[   21478ms] [ERROR] ./components/motion/hero.ts:3:1
Export clearStyle doesn't exist in target module
  1 | import { animate, stagger } from "motion"
  2 | import { DUR, EASE, ms } from "./tokens"
> 3 | import { setStyle, clearStyle } from "./dom"
    | ^^^^^^^^^^^^^^^^^^^^^^^^^^^^^^^^^^^^^^^^^^^^
  4 |
  5 | /**
  6 |  * The hero's motion, and the only motion left on the page that is not driven by a

The export clearStyle was not found in module [project]/components/motion/dom.ts [app-client] (ecmascript).
Did you mean to import clearStyles?
All exports of the module are statically known (It doesn't have dynamic exports). So it's known statically that the requested export doesn't exist.

Import traces:
  Client Component Browser:
    ./components/motion/hero.ts [Client Component Browser]
    ./components/motion/hero-scope.tsx [Client Component Browser]
    ./components/motion/hero-scope.tsx [Server Component]
    ./app/[locale]/page.tsx [Server Component]

  Client Component SSR:
    ./components/motion/hero.ts [Client Component SSR]
    ./components/motion/hero-scope.tsx [Client Component SSR]
    ./components/motion/hero-scope.tsx [Server Component]
    ./app/[locale]/page.tsx [Server Component] @ http://localhost:3000/_next/static/chunks/node_modules_next_dist_0u_w_5s._.js:1945
[   21478ms] [ERROR] ./components/motion/hero.ts:3:1
Export clearStyle doesn't exist in target module
  1 | import { animate, stagger } from "motion"
  2 | import { DUR, EASE, ms } from "./tokens"
> 3 | import { setStyle, clearStyle } from "./dom"
    | ^^^^^^^^^^^^^^^^^^^^^^^^^^^^^^^^^^^^^^^^^^^^
  4 |
  5 | /**
  6 |  * The hero's motion, and the only motion left on the page that is not driven by a

The export clearStyle was not found in module [project]/components/motion/dom.ts [app-ssr] (ecmascript).
Did you mean to import clearStyles?
All exports of the module are statically known (It doesn't have dynamic exports). So it's known statically that the requested export doesn't exist.

Import traces:
  Client Component Browser:
    ./components/motion/hero.ts [Client Component Browser]
    ./components/motion/hero-scope.tsx [Client Component Browser]
    ./components/motion/hero-scope.tsx [Server Component]
    ./app/[locale]/page.tsx [Server Component]

  Client Component SSR:
    ./components/motion/hero.ts [Client Component SSR]
    ./components/motion/hero-scope.tsx [Client Component SSR]
    ./components/motion/hero-scope.tsx [Server Component]
    ./app/[locale]/page.tsx [Server Component] @ http://localhost:3000/_next/static/chunks/node_modules_next_dist_0u_w_5s._.js:1945
[   21479ms] [ERROR] ./components/motion/hero.ts:3:1
Export setStyle doesn't exist in target module
  1 | import { animate, stagger } from "motion"
  2 | import { DUR, EASE, ms } from "./tokens"
> 3 | import { setStyle, clearStyle } from "./dom"
    | ^^^^^^^^^^^^^^^^^^^^^^^^^^^^^^^^^^^^^^^^^^^^
  4 |
  5 | /**
  6 |  * The hero's motion, and the only motion left on the page that is not driven by a

The export setStyle was not found in module [project]/components/motion/dom.ts [app-client] (ecmascript).
Did you mean to import setStyles?
All exports of the module are statically known (It doesn't have dynamic exports). So it's known statically that the requested export doesn't exist.

Import traces:
  Client Component Browser:
    ./components/motion/hero.ts [Client Component Browser]
    ./components/motion/hero-scope.tsx [Client Component Browser]
    ./components/motion/hero-scope.tsx [Server Component]
    ./app/[locale]/page.tsx [Server Component]

  Client Component SSR:
    ./components/motion/hero.ts [Client Component SSR]
    ./components/motion/hero-scope.tsx [Client Component SSR]
    ./components/motion/hero-scope.tsx [Server Component]
    ./app/[locale]/page.tsx [Server Component] @ http://localhost:3000/_next/static/chunks/node_modules_next_dist_0u_w_5s._.js:1945
[   21479ms] [ERROR] ./components/motion/hero.ts:3:1
Export setStyle doesn't exist in target module
  1 | import { animate, stagger } from "motion"
  2 | import { DUR, EASE, ms } from "./tokens"
> 3 | import { setStyle, clearStyle } from "./dom"
    | ^^^^^^^^^^^^^^^^^^^^^^^^^^^^^^^^^^^^^^^^^^^^
  4 |
  5 | /**
  6 |  * The hero's motion, and the only motion left on the page that is not driven by a

The export setStyle was not found in module [project]/components/motion/dom.ts [app-ssr] (ecmascript).
Did you mean to import setStyles?
All exports of the module are statically known (It doesn't have dynamic exports). So it's known statically that the requested export doesn't exist.

Import traces:
  Client Component Browser:
    ./components/motion/hero.ts [Client Component Browser]
    ./components/motion/hero-scope.tsx [Client Component Browser]
    ./components/motion/hero-scope.tsx [Server Component]
    ./app/[locale]/page.tsx [Server Component]

  Client Component SSR:
    ./components/motion/hero.ts [Client Component SSR]
    ./components/motion/hero-scope.tsx [Client Component SSR]
    ./components/motion/hero-scope.tsx [Server Component]
    ./app/[locale]/page.tsx [Server Component] @ http://localhost:3000/_next/static/chunks/node_modules_next_dist_0u_w_5s._.js:1945
[   21540ms] [ERROR] ./components/motion/hero.ts:3:1
Export clearStyle doesn't exist in target module
  1 | import { animate, stagger } from "motion"
  2 | import { DUR, EASE, ms } from "./tokens"
> 3 | import { setStyle, clearStyle } from "./dom"
    | ^^^^^^^^^^^^^^^^^^^^^^^^^^^^^^^^^^^^^^^^^^^^
  4 |
  5 | /**
  6 |  * The hero's motion, and the only motion left on the page that is not driven by a

The export clearStyle was not found in module [project]/components/motion/dom.ts [app-client] (ecmascript).
Did you mean to import clearStyles?
All exports of the module are statically known (It doesn't have dynamic exports). So it's known statically that the requested export doesn't exist.

Import traces:
  Client Component Browser:
    ./components/motion/hero.ts [Client Component Browser]
    ./components/motion/hero-scope.tsx [Client Component Browser]
    ./components/motion/hero-scope.tsx [Server Component]
    ./app/[locale]/page.tsx [Server Component]

  Client Component SSR:
    ./components/motion/hero.ts [Client Component SSR]
    ./components/motion/hero-scope.tsx [Client Component SSR]
    ./components/motion/hero-scope.tsx [Server Component]
    ./app/[locale]/page.tsx [Server Component] @ http://localhost:3000/_next/static/chunks/node_modules_next_dist_0u_w_5s._.js:1945
[   21540ms] [ERROR] ./components/motion/hero.ts:3:1
Export clearStyle doesn't exist in target module
  1 | import { animate, stagger } from "motion"
  2 | import { DUR, EASE, ms } from "./tokens"
> 3 | import { setStyle, clearStyle } from "./dom"
    | ^^^^^^^^^^^^^^^^^^^^^^^^^^^^^^^^^^^^^^^^^^^^
  4 |
  5 | /**
  6 |  * The hero's motion, and the only motion left on the page that is not driven by a

The export clearStyle was not found in module [project]/components/motion/dom.ts [app-ssr] (ecmascript).
Did you mean to import clearStyles?
All exports of the module are statically known (It doesn't have dynamic exports). So it's known statically that the requested export doesn't exist.

Import traces:
  Client Component Browser:
    ./components/motion/hero.ts [Client Component Browser]
    ./components/motion/hero-scope.tsx [Client Component Browser]
    ./components/motion/hero-scope.tsx [Server Component]
    ./app/[locale]/page.tsx [Server Component]

  Client Component SSR:
    ./components/motion/hero.ts [Client Component SSR]
    ./components/motion/hero-scope.tsx [Client Component SSR]
    ./components/motion/hero-scope.tsx [Server Component]
    ./app/[locale]/page.tsx [Server Component] @ http://localhost:3000/_next/static/chunks/node_modules_next_dist_0u_w_5s._.js:1945
[   21540ms] [ERROR] ./components/motion/hero.ts:3:1
Export setStyle doesn't exist in target module
  1 | import { animate, stagger } from "motion"
  2 | import { DUR, EASE, ms } from "./tokens"
> 3 | import { setStyle, clearStyle } from "./dom"
    | ^^^^^^^^^^^^^^^^^^^^^^^^^^^^^^^^^^^^^^^^^^^^
  4 |
  5 | /**
  6 |  * The hero's motion, and the only motion left on the page that is not driven by a

The export setStyle was not found in module [project]/components/motion/dom.ts [app-client] (ecmascript).
Did you mean to import setStyles?
All exports of the module are statically known (It doesn't have dynamic exports). So it's known statically that the requested export doesn't exist.

Import traces:
  Client Component Browser:
    ./components/motion/hero.ts [Client Component Browser]
    ./components/motion/hero-scope.tsx [Client Component Browser]
    ./components/motion/hero-scope.tsx [Server Component]
    ./app/[locale]/page.tsx [Server Component]

  Client Component SSR:
    ./components/motion/hero.ts [Client Component SSR]
    ./components/motion/hero-scope.tsx [Client Component SSR]
    ./components/motion/hero-scope.tsx [Server Component]
    ./app/[locale]/page.tsx [Server Component] @ http://localhost:3000/_next/static/chunks/node_modules_next_dist_0u_w_5s._.js:1945
[   21540ms] [ERROR] ./components/motion/hero.ts:3:1
Export setStyle doesn't exist in target module
  1 | import { animate, stagger } from "motion"
  2 | import { DUR, EASE, ms } from "./tokens"
> 3 | import { setStyle, clearStyle } from "./dom"
    | ^^^^^^^^^^^^^^^^^^^^^^^^^^^^^^^^^^^^^^^^^^^^
  4 |
  5 | /**
  6 |  * The hero's motion, and the only motion left on the page that is not driven by a

The export setStyle was not found in module [project]/components/motion/dom.ts [app-ssr] (ecmascript).
Did you mean to import setStyles?
All exports of the module are statically known (It doesn't have dynamic exports). So it's known statically that the requested export doesn't exist.

Import traces:
  Client Component Browser:
    ./components/motion/hero.ts [Client Component Browser]
    ./components/motion/hero-scope.tsx [Client Component Browser]
    ./components/motion/hero-scope.tsx [Server Component]
    ./app/[locale]/page.tsx [Server Component]

  Client Component SSR:
    ./components/motion/hero.ts [Client Component SSR]
    ./components/motion/hero-scope.tsx [Client Component SSR]
    ./components/motion/hero-scope.tsx [Server Component]
    ./app/[locale]/page.tsx [Server Component] @ http://localhost:3000/_next/static/chunks/node_modules_next_dist_0u_w_5s._.js:1945
[   21601ms] [ERROR] ./components/motion/hero.ts:3:1
Export clearStyle doesn't exist in target module
  1 | import { animate, stagger } from "motion"
  2 | import { DUR, EASE, ms } from "./tokens"
> 3 | import { setStyle, clearStyle } from "./dom"
    | ^^^^^^^^^^^^^^^^^^^^^^^^^^^^^^^^^^^^^^^^^^^^
  4 |
  5 | /**
  6 |  * The hero's motion, and the only motion left on the page that is not driven by a

The export clearStyle was not found in module [project]/components/motion/dom.ts [app-client] (ecmascript).
Did you mean to import clearStyles?
All exports of the module are statically known (It doesn't have dynamic exports). So it's known statically that the requested export doesn't exist.

Import traces:
  Client Component Browser:
    ./components/motion/hero.ts [Client Component Browser]
    ./components/motion/hero-scope.tsx [Client Component Browser]
    ./components/motion/hero-scope.tsx [Server Component]
    ./app/[locale]/page.tsx [Server Component]

  Client Component SSR:
    ./components/motion/hero.ts [Client Component SSR]
    ./components/motion/hero-scope.tsx [Client Component SSR]
    ./components/motion/hero-scope.tsx [Server Component]
    ./app/[locale]/page.tsx [Server Component] @ http://localhost:3000/_next/static/chunks/node_modules_next_dist_0u_w_5s._.js:1945
[   21601ms] [ERROR] ./components/motion/hero.ts:3:1
Export clearStyle doesn't exist in target module
  1 | import { animate, stagger } from "motion"
  2 | import { DUR, EASE, ms } from "./tokens"
> 3 | import { setStyle, clearStyle } from "./dom"
    | ^^^^^^^^^^^^^^^^^^^^^^^^^^^^^^^^^^^^^^^^^^^^
  4 |
  5 | /**
  6 |  * The hero's motion, and the only motion left on the page that is not driven by a

The export clearStyle was not found in module [project]/components/motion/dom.ts [app-ssr] (ecmascript).
Did you mean to import clearStyles?
All exports of the module are statically known (It doesn't have dynamic exports). So it's known statically that the requested export doesn't exist.

Import traces:
  Client Component Browser:
    ./components/motion/hero.ts [Client Component Browser]
    ./components/motion/hero-scope.tsx [Client Component Browser]
    ./components/motion/hero-scope.tsx [Server Component]
    ./app/[locale]/page.tsx [Server Component]

  Client Component SSR:
    ./components/motion/hero.ts [Client Component SSR]
    ./components/motion/hero-scope.tsx [Client Component SSR]
    ./components/motion/hero-scope.tsx [Server Component]
    ./app/[locale]/page.tsx [Server Component] @ http://localhost:3000/_next/static/chunks/node_modules_next_dist_0u_w_5s._.js:1945
[   21601ms] [ERROR] ./components/motion/hero.ts:3:1
Export setStyle doesn't exist in target module
  1 | import { animate, stagger } from "motion"
  2 | import { DUR, EASE, ms } from "./tokens"
> 3 | import { setStyle, clearStyle } from "./dom"
    | ^^^^^^^^^^^^^^^^^^^^^^^^^^^^^^^^^^^^^^^^^^^^
  4 |
  5 | /**
  6 |  * The hero's motion, and the only motion left on the page that is not driven by a

The export setStyle was not found in module [project]/components/motion/dom.ts [app-client] (ecmascript).
Did you mean to import setStyles?
All exports of the module are statically known (It doesn't have dynamic exports). So it's known statically that the requested export doesn't exist.

Import traces:
  Client Component Browser:
    ./components/motion/hero.ts [Client Component Browser]
    ./components/motion/hero-scope.tsx [Client Component Browser]
    ./components/motion/hero-scope.tsx [Server Component]
    ./app/[locale]/page.tsx [Server Component]

  Client Component SSR:
    ./components/motion/hero.ts [Client Component SSR]
    ./components/motion/hero-scope.tsx [Client Component SSR]
    ./components/motion/hero-scope.tsx [Server Component]
    ./app/[locale]/page.tsx [Server Component] @ http://localhost:3000/_next/static/chunks/node_modules_next_dist_0u_w_5s._.js:1945
[   21601ms] [ERROR] ./components/motion/hero.ts:3:1
Export setStyle doesn't exist in target module
  1 | import { animate, stagger } from "motion"
  2 | import { DUR, EASE, ms } from "./tokens"
> 3 | import { setStyle, clearStyle } from "./dom"
    | ^^^^^^^^^^^^^^^^^^^^^^^^^^^^^^^^^^^^^^^^^^^^
  4 |
  5 | /**
  6 |  * The hero's motion, and the only motion left on the page that is not driven by a

The export setStyle was not found in module [project]/components/motion/dom.ts [app-ssr] (ecmascript).
Did you mean to import setStyles?
All exports of the module are statically known (It doesn't have dynamic exports). So it's known statically that the requested export doesn't exist.

Import traces:
  Client Component Browser:
    ./components/motion/hero.ts [Client Component Browser]
    ./components/motion/hero-scope.tsx [Client Component Browser]
    ./components/motion/hero-scope.tsx [Server Component]
    ./app/[locale]/page.tsx [Server Component]

  Client Component SSR:
    ./components/motion/hero.ts [Client Component SSR]
    ./components/motion/hero-scope.tsx [Client Component SSR]
    ./components/motion/hero-scope.tsx [Server Component]
    ./app/[locale]/page.tsx [Server Component] @ http://localhost:3000/_next/static/chunks/node_modules_next_dist_0u_w_5s._.js:1945
[   21662ms] [ERROR] ./components/motion/hero.ts:3:1
Export clearStyle doesn't exist in target module
  1 | import { animate, stagger } from "motion"
  2 | import { DUR, EASE, ms } from "./tokens"
> 3 | import { setStyle, clearStyle } from "./dom"
    | ^^^^^^^^^^^^^^^^^^^^^^^^^^^^^^^^^^^^^^^^^^^^
  4 |
  5 | /**
  6 |  * The hero's motion, and the only motion left on the page that is not driven by a

The export clearStyle was not found in module [project]/components/motion/dom.ts [app-client] (ecmascript).
Did you mean to import clearStyles?
All exports of the module are statically known (It doesn't have dynamic exports). So it's known statically that the requested export doesn't exist.

Import traces:
  Client Component Browser:
    ./components/motion/hero.ts [Client Component Browser]
    ./components/motion/hero-scope.tsx [Client Component Browser]
    ./components/motion/hero-scope.tsx [Server Component]
    ./app/[locale]/page.tsx [Server Component]

  Client Component SSR:
    ./components/motion/hero.ts [Client Component SSR]
    ./components/motion/hero-scope.tsx [Client Component SSR]
    ./components/motion/hero-scope.tsx [Server Component]
    ./app/[locale]/page.tsx [Server Component] @ http://localhost:3000/_next/static/chunks/node_modules_next_dist_0u_w_5s._.js:1945
[   21662ms] [ERROR] ./components/motion/hero.ts:3:1
Export clearStyle doesn't exist in target module
  1 | import { animate, stagger } from "motion"
  2 | import { DUR, EASE, ms } from "./tokens"
> 3 | import { setStyle, clearStyle } from "./dom"
    | ^^^^^^^^^^^^^^^^^^^^^^^^^^^^^^^^^^^^^^^^^^^^
  4 |
  5 | /**
  6 |  * The hero's motion, and the only motion left on the page that is not driven by a

The export clearStyle was not found in module [project]/components/motion/dom.ts [app-ssr] (ecmascript).
Did you mean to import clearStyles?
All exports of the module are statically known (It doesn't have dynamic exports). So it's known statically that the requested export doesn't exist.

Import traces:
  Client Component Browser:
    ./components/motion/hero.ts [Client Component Browser]
    ./components/motion/hero-scope.tsx [Client Component Browser]
    ./components/motion/hero-scope.tsx [Server Component]
    ./app/[locale]/page.tsx [Server Component]

  Client Component SSR:
    ./components/motion/hero.ts [Client Component SSR]
    ./components/motion/hero-scope.tsx [Client Component SSR]
    ./components/motion/hero-scope.tsx [Server Component]
    ./app/[locale]/page.tsx [Server Component] @ http://localhost:3000/_next/static/chunks/node_modules_next_dist_0u_w_5s._.js:1945
[   21662ms] [ERROR] ./components/motion/hero.ts:3:1
Export setStyle doesn't exist in target module
  1 | import { animate, stagger } from "motion"
  2 | import { DUR, EASE, ms } from "./tokens"
> 3 | import { setStyle, clearStyle } from "./dom"
    | ^^^^^^^^^^^^^^^^^^^^^^^^^^^^^^^^^^^^^^^^^^^^
  4 |
  5 | /**
  6 |  * The hero's motion, and the only motion left on the page that is not driven by a

The export setStyle was not found in module [project]/components/motion/dom.ts [app-client] (ecmascript).
Did you mean to import setStyles?
All exports of the module are statically known (It doesn't have dynamic exports). So it's known statically that the requested export doesn't exist.

Import traces:
  Client Component Browser:
    ./components/motion/hero.ts [Client Component Browser]
    ./components/motion/hero-scope.tsx [Client Component Browser]
    ./components/motion/hero-scope.tsx [Server Component]
    ./app/[locale]/page.tsx [Server Component]

  Client Component SSR:
    ./components/motion/hero.ts [Client Component SSR]
    ./components/motion/hero-scope.tsx [Client Component SSR]
    ./components/motion/hero-scope.tsx [Server Component]
    ./app/[locale]/page.tsx [Server Component] @ http://localhost:3000/_next/static/chunks/node_modules_next_dist_0u_w_5s._.js:1945
[   21662ms] [ERROR] ./components/motion/hero.ts:3:1
Export setStyle doesn't exist in target module
  1 | import { animate, stagger } from "motion"
  2 | import { DUR, EASE, ms } from "./tokens"
> 3 | import { setStyle, clearStyle } from "./dom"
    | ^^^^^^^^^^^^^^^^^^^^^^^^^^^^^^^^^^^^^^^^^^^^
  4 |
  5 | /**
  6 |  * The hero's motion, and the only motion left on the page that is not driven by a

The export setStyle was not found in module [project]/components/motion/dom.ts [app-ssr] (ecmascript).
Did you mean to import setStyles?
All exports of the module are statically known (It doesn't have dynamic exports). So it's known statically that the requested export doesn't exist.

Import traces:
  Client Component Browser:
    ./components/motion/hero.ts [Client Component Browser]
    ./components/motion/hero-scope.tsx [Client Component Browser]
    ./components/motion/hero-scope.tsx [Server Component]
    ./app/[locale]/page.tsx [Server Component]

  Client Component SSR:
    ./components/motion/hero.ts [Client Component SSR]
    ./components/motion/hero-scope.tsx [Client Component SSR]
    ./components/motion/hero-scope.tsx [Server Component]
    ./app/[locale]/page.tsx [Server Component] @ http://localhost:3000/_next/static/chunks/node_modules_next_dist_0u_w_5s._.js:1945
[   21724ms] [ERROR] ./components/motion/hero.ts:3:1
Export clearStyle doesn't exist in target module
  1 | import { animate, stagger } from "motion"
  2 | import { DUR, EASE, ms } from "./tokens"
> 3 | import { setStyle, clearStyle } from "./dom"
    | ^^^^^^^^^^^^^^^^^^^^^^^^^^^^^^^^^^^^^^^^^^^^
  4 |
  5 | /**
  6 |  * The hero's motion, and the only motion left on the page that is not driven by a

The export clearStyle was not found in module [project]/components/motion/dom.ts [app-client] (ecmascript).
Did you mean to import clearStyles?
All exports of the module are statically known (It doesn't have dynamic exports). So it's known statically that the requested export doesn't exist.

Import traces:
  Client Component Browser:
    ./components/motion/hero.ts [Client Component Browser]
    ./components/motion/hero-scope.tsx [Client Component Browser]
    ./components/motion/hero-scope.tsx [Server Component]
    ./app/[locale]/page.tsx [Server Component]

  Client Component SSR:
    ./components/motion/hero.ts [Client Component SSR]
    ./components/motion/hero-scope.tsx [Client Component SSR]
    ./components/motion/hero-scope.tsx [Server Component]
    ./app/[locale]/page.tsx [Server Component] @ http://localhost:3000/_next/static/chunks/node_modules_next_dist_0u_w_5s._.js:1945
[   21724ms] [ERROR] ./components/motion/hero.ts:3:1
Export clearStyle doesn't exist in target module
  1 | import { animate, stagger } from "motion"
  2 | import { DUR, EASE, ms } from "./tokens"
> 3 | import { setStyle, clearStyle } from "./dom"
    | ^^^^^^^^^^^^^^^^^^^^^^^^^^^^^^^^^^^^^^^^^^^^
  4 |
  5 | /**
  6 |  * The hero's motion, and the only motion left on the page that is not driven by a

The export clearStyle was not found in module [project]/components/motion/dom.ts [app-ssr] (ecmascript).
Did you mean to import clearStyles?
All exports of the module are statically known (It doesn't have dynamic exports). So it's known statically that the requested export doesn't exist.

Import traces:
  Client Component Browser:
    ./components/motion/hero.ts [Client Component Browser]
    ./components/motion/hero-scope.tsx [Client Component Browser]
    ./components/motion/hero-scope.tsx [Server Component]
    ./app/[locale]/page.tsx [Server Component]

  Client Component SSR:
    ./components/motion/hero.ts [Client Component SSR]
    ./components/motion/hero-scope.tsx [Client Component SSR]
    ./components/motion/hero-scope.tsx [Server Component]
    ./app/[locale]/page.tsx [Server Component] @ http://localhost:3000/_next/static/chunks/node_modules_next_dist_0u_w_5s._.js:1945
[   21724ms] [ERROR] ./components/motion/hero.ts:3:1
Export setStyle doesn't exist in target module
  1 | import { animate, stagger } from "motion"
  2 | import { DUR, EASE, ms } from "./tokens"
> 3 | import { setStyle, clearStyle } from "./dom"
    | ^^^^^^^^^^^^^^^^^^^^^^^^^^^^^^^^^^^^^^^^^^^^
  4 |
  5 | /**
  6 |  * The hero's motion, and the only motion left on the page that is not driven by a

The export setStyle was not found in module [project]/components/motion/dom.ts [app-client] (ecmascript).
Did you mean to import setStyles?
All exports of the module are statically known (It doesn't have dynamic exports). So it's known statically that the requested export doesn't exist.

Import traces:
  Client Component Browser:
    ./components/motion/hero.ts [Client Component Browser]
    ./components/motion/hero-scope.tsx [Client Component Browser]
    ./components/motion/hero-scope.tsx [Server Component]
    ./app/[locale]/page.tsx [Server Component]

  Client Component SSR:
    ./components/motion/hero.ts [Client Component SSR]
    ./components/motion/hero-scope.tsx [Client Component SSR]
    ./components/motion/hero-scope.tsx [Server Component]
    ./app/[locale]/page.tsx [Server Component] @ http://localhost:3000/_next/static/chunks/node_modules_next_dist_0u_w_5s._.js:1945
[   21725ms] [ERROR] ./components/motion/hero.ts:3:1
Export setStyle doesn't exist in target module
  1 | import { animate, stagger } from "motion"
  2 | import { DUR, EASE, ms } from "./tokens"
> 3 | import { setStyle, clearStyle } from "./dom"
    | ^^^^^^^^^^^^^^^^^^^^^^^^^^^^^^^^^^^^^^^^^^^^
  4 |
  5 | /**
  6 |  * The hero's motion, and the only motion left on the page that is not driven by a

The export setStyle was not found in module [project]/components/motion/dom.ts [app-ssr] (ecmascript).
Did you mean to import setStyles?
All exports of the module are statically known (It doesn't have dynamic exports). So it's known statically that the requested export doesn't exist.

Import traces:
  Client Component Browser:
    ./components/motion/hero.ts [Client Component Browser]
    ./components/motion/hero-scope.tsx [Client Component Browser]
    ./components/motion/hero-scope.tsx [Server Component]
    ./app/[locale]/page.tsx [Server Component]

  Client Component SSR:
    ./components/motion/hero.ts [Client Component SSR]
    ./components/motion/hero-scope.tsx [Client Component SSR]
    ./components/motion/hero-scope.tsx [Server Component]
    ./app/[locale]/page.tsx [Server Component] @ http://localhost:3000/_next/static/chunks/node_modules_next_dist_0u_w_5s._.js:1945
[   21787ms] [ERROR] ./components/motion/hero.ts:3:1
Export clearStyle doesn't exist in target module
  1 | import { animate, stagger } from "motion"
  2 | import { DUR, EASE, ms } from "./tokens"
> 3 | import { setStyle, clearStyle } from "./dom"
    | ^^^^^^^^^^^^^^^^^^^^^^^^^^^^^^^^^^^^^^^^^^^^
  4 |
  5 | /**
  6 |  * The hero's motion, and the only motion left on the page that is not driven by a

The export clearStyle was not found in module [project]/components/motion/dom.ts [app-client] (ecmascript).
Did you mean to import clearStyles?
All exports of the module are statically known (It doesn't have dynamic exports). So it's known statically that the requested export doesn't exist.

Import traces:
  Client Component Browser:
    ./components/motion/hero.ts [Client Component Browser]
    ./components/motion/hero-scope.tsx [Client Component Browser]
    ./components/motion/hero-scope.tsx [Server Component]
    ./app/[locale]/page.tsx [Server Component]

  Client Component SSR:
    ./components/motion/hero.ts [Client Component SSR]
    ./components/motion/hero-scope.tsx [Client Component SSR]
    ./components/motion/hero-scope.tsx [Server Component]
    ./app/[locale]/page.tsx [Server Component] @ http://localhost:3000/_next/static/chunks/node_modules_next_dist_0u_w_5s._.js:1945
[   21787ms] [ERROR] ./components/motion/hero.ts:3:1
Export clearStyle doesn't exist in target module
  1 | import { animate, stagger } from "motion"
  2 | import { DUR, EASE, ms } from "./tokens"
> 3 | import { setStyle, clearStyle } from "./dom"
    | ^^^^^^^^^^^^^^^^^^^^^^^^^^^^^^^^^^^^^^^^^^^^
  4 |
  5 | /**
  6 |  * The hero's motion, and the only motion left on the page that is not driven by a

The export clearStyle was not found in module [project]/components/motion/dom.ts [app-ssr] (ecmascript).
Did you mean to import clearStyles?
All exports of the module are statically known (It doesn't have dynamic exports). So it's known statically that the requested export doesn't exist.

Import traces:
  Client Component Browser:
    ./components/motion/hero.ts [Client Component Browser]
    ./components/motion/hero-scope.tsx [Client Component Browser]
    ./components/motion/hero-scope.tsx [Server Component]
    ./app/[locale]/page.tsx [Server Component]

  Client Component SSR:
    ./components/motion/hero.ts [Client Component SSR]
    ./components/motion/hero-scope.tsx [Client Component SSR]
    ./components/motion/hero-scope.tsx [Server Component]
    ./app/[locale]/page.tsx [Server Component] @ http://localhost:3000/_next/static/chunks/node_modules_next_dist_0u_w_5s._.js:1945
[   21788ms] [ERROR] ./components/motion/hero.ts:3:1
Export setStyle doesn't exist in target module
  1 | import { animate, stagger } from "motion"
  2 | import { DUR, EASE, ms } from "./tokens"
> 3 | import { setStyle, clearStyle } from "./dom"
    | ^^^^^^^^^^^^^^^^^^^^^^^^^^^^^^^^^^^^^^^^^^^^
  4 |
  5 | /**
  6 |  * The hero's motion, and the only motion left on the page that is not driven by a

The export setStyle was not found in module [project]/components/motion/dom.ts [app-client] (ecmascript).
Did you mean to import setStyles?
All exports of the module are statically known (It doesn't have dynamic exports). So it's known statically that the requested export doesn't exist.

Import traces:
  Client Component Browser:
    ./components/motion/hero.ts [Client Component Browser]
    ./components/motion/hero-scope.tsx [Client Component Browser]
    ./components/motion/hero-scope.tsx [Server Component]
    ./app/[locale]/page.tsx [Server Component]

  Client Component SSR:
    ./components/motion/hero.ts [Client Component SSR]
    ./components/motion/hero-scope.tsx [Client Component SSR]
    ./components/motion/hero-scope.tsx [Server Component]
    ./app/[locale]/page.tsx [Server Component] @ http://localhost:3000/_next/static/chunks/node_modules_next_dist_0u_w_5s._.js:1945
[   21788ms] [ERROR] ./components/motion/hero.ts:3:1
Export setStyle doesn't exist in target module
  1 | import { animate, stagger } from "motion"
  2 | import { DUR, EASE, ms } from "./tokens"
> 3 | import { setStyle, clearStyle } from "./dom"
    | ^^^^^^^^^^^^^^^^^^^^^^^^^^^^^^^^^^^^^^^^^^^^
  4 |
  5 | /**
  6 |  * The hero's motion, and the only motion left on the page that is not driven by a

The export setStyle was not found in module [project]/components/motion/dom.ts [app-ssr] (ecmascript).
Did you mean to import setStyles?
All exports of the module are statically known (It doesn't have dynamic exports). So it's known statically that the requested export doesn't exist.

Import traces:
  Client Component Browser:
    ./components/motion/hero.ts [Client Component Browser]
    ./components/motion/hero-scope.tsx [Client Component Browser]
    ./components/motion/hero-scope.tsx [Server Component]
    ./app/[locale]/page.tsx [Server Component]

  Client Component SSR:
    ./components/motion/hero.ts [Client Component SSR]
    ./components/motion/hero-scope.tsx [Client Component SSR]
    ./components/motion/hero-scope.tsx [Server Component]
    ./app/[locale]/page.tsx [Server Component] @ http://localhost:3000/_next/static/chunks/node_modules_next_dist_0u_w_5s._.js:1945
[   21849ms] [ERROR] ./components/motion/hero.ts:3:1
Export clearStyle doesn't exist in target module
  1 | import { animate, stagger } from "motion"
  2 | import { DUR, EASE, ms } from "./tokens"
> 3 | import { setStyle, clearStyle } from "./dom"
    | ^^^^^^^^^^^^^^^^^^^^^^^^^^^^^^^^^^^^^^^^^^^^
  4 |
  5 | /**
  6 |  * The hero's motion, and the only motion left on the page that is not driven by a

The export clearStyle was not found in module [project]/components/motion/dom.ts [app-client] (ecmascript).
Did you mean to import clearStyles?
All exports of the module are statically known (It doesn't have dynamic exports). So it's known statically that the requested export doesn't exist.

Import traces:
  Client Component Browser:
    ./components/motion/hero.ts [Client Component Browser]
    ./components/motion/hero-scope.tsx [Client Component Browser]
    ./components/motion/hero-scope.tsx [Server Component]
    ./app/[locale]/page.tsx [Server Component]

  Client Component SSR:
    ./components/motion/hero.ts [Client Component SSR]
    ./components/motion/hero-scope.tsx [Client Component SSR]
    ./components/motion/hero-scope.tsx [Server Component]
    ./app/[locale]/page.tsx [Server Component] @ http://localhost:3000/_next/static/chunks/node_modules_next_dist_0u_w_5s._.js:1945
[   21849ms] [ERROR] ./components/motion/hero.ts:3:1
Export clearStyle doesn't exist in target module
  1 | import { animate, stagger } from "motion"
  2 | import { DUR, EASE, ms } from "./tokens"
> 3 | import { setStyle, clearStyle } from "./dom"
    | ^^^^^^^^^^^^^^^^^^^^^^^^^^^^^^^^^^^^^^^^^^^^
  4 |
  5 | /**
  6 |  * The hero's motion, and the only motion left on the page that is not driven by a

The export clearStyle was not found in module [project]/components/motion/dom.ts [app-ssr] (ecmascript).
Did you mean to import clearStyles?
All exports of the module are statically known (It doesn't have dynamic exports). So it's known statically that the requested export doesn't exist.

Import traces:
  Client Component Browser:
    ./components/motion/hero.ts [Client Component Browser]
    ./components/motion/hero-scope.tsx [Client Component Browser]
    ./components/motion/hero-scope.tsx [Server Component]
    ./app/[locale]/page.tsx [Server Component]

  Client Component SSR:
    ./components/motion/hero.ts [Client Component SSR]
    ./components/motion/hero-scope.tsx [Client Component SSR]
    ./components/motion/hero-scope.tsx [Server Component]
    ./app/[locale]/page.tsx [Server Component] @ http://localhost:3000/_next/static/chunks/node_modules_next_dist_0u_w_5s._.js:1945
[   21849ms] [ERROR] ./components/motion/hero.ts:3:1
Export setStyle doesn't exist in target module
  1 | import { animate, stagger } from "motion"
  2 | import { DUR, EASE, ms } from "./tokens"
> 3 | import { setStyle, clearStyle } from "./dom"
    | ^^^^^^^^^^^^^^^^^^^^^^^^^^^^^^^^^^^^^^^^^^^^
  4 |
  5 | /**
  6 |  * The hero's motion, and the only motion left on the page that is not driven by a

The export setStyle was not found in module [project]/components/motion/dom.ts [app-client] (ecmascript).
Did you mean to import setStyles?
All exports of the module are statically known (It doesn't have dynamic exports). So it's known statically that the requested export doesn't exist.

Import traces:
  Client Component Browser:
    ./components/motion/hero.ts [Client Component Browser]
    ./components/motion/hero-scope.tsx [Client Component Browser]
    ./components/motion/hero-scope.tsx [Server Component]
    ./app/[locale]/page.tsx [Server Component]

  Client Component SSR:
    ./components/motion/hero.ts [Client Component SSR]
    ./components/motion/hero-scope.tsx [Client Component SSR]
    ./components/motion/hero-scope.tsx [Server Component]
    ./app/[locale]/page.tsx [Server Component] @ http://localhost:3000/_next/static/chunks/node_modules_next_dist_0u_w_5s._.js:1945
[   21849ms] [ERROR] ./components/motion/hero.ts:3:1
Export setStyle doesn't exist in target module
  1 | import { animate, stagger } from "motion"
  2 | import { DUR, EASE, ms } from "./tokens"
> 3 | import { setStyle, clearStyle } from "./dom"
    | ^^^^^^^^^^^^^^^^^^^^^^^^^^^^^^^^^^^^^^^^^^^^
  4 |
  5 | /**
  6 |  * The hero's motion, and the only motion left on the page that is not driven by a

The export setStyle was not found in module [project]/components/motion/dom.ts [app-ssr] (ecmascript).
Did you mean to import setStyles?
All exports of the module are statically known (It doesn't have dynamic exports). So it's known statically that the requested export doesn't exist.

Import traces:
  Client Component Browser:
    ./components/motion/hero.ts [Client Component Browser]
    ./components/motion/hero-scope.tsx [Client Component Browser]
    ./components/motion/hero-scope.tsx [Server Component]
    ./app/[locale]/page.tsx [Server Component]

  Client Component SSR:
    ./components/motion/hero.ts [Client Component SSR]
    ./components/motion/hero-scope.tsx [Client Component SSR]
    ./components/motion/hero-scope.tsx [Server Component]
    ./app/[locale]/page.tsx [Server Component] @ http://localhost:3000/_next/static/chunks/node_modules_next_dist_0u_w_5s._.js:1945
[   21912ms] [ERROR] ./components/motion/hero.ts:3:1
Export clearStyle doesn't exist in target module
  1 | import { animate, stagger } from "motion"
  2 | import { DUR, EASE, ms } from "./tokens"
> 3 | import { setStyle, clearStyle } from "./dom"
    | ^^^^^^^^^^^^^^^^^^^^^^^^^^^^^^^^^^^^^^^^^^^^
  4 |
  5 | /**
  6 |  * The hero's motion, and the only motion left on the page that is not driven by a

The export clearStyle was not found in module [project]/components/motion/dom.ts [app-client] (ecmascript).
Did you mean to import clearStyles?
All exports of the module are statically known (It doesn't have dynamic exports). So it's known statically that the requested export doesn't exist.

Import traces:
  Client Component Browser:
    ./components/motion/hero.ts [Client Component Browser]
    ./components/motion/hero-scope.tsx [Client Component Browser]
    ./components/motion/hero-scope.tsx [Server Component]
    ./app/[locale]/page.tsx [Server Component]

  Client Component SSR:
    ./components/motion/hero.ts [Client Component SSR]
    ./components/motion/hero-scope.tsx [Client Component SSR]
    ./components/motion/hero-scope.tsx [Server Component]
    ./app/[locale]/page.tsx [Server Component] @ http://localhost:3000/_next/static/chunks/node_modules_next_dist_0u_w_5s._.js:1945
[   21912ms] [ERROR] ./components/motion/hero.ts:3:1
Export clearStyle doesn't exist in target module
  1 | import { animate, stagger } from "motion"
  2 | import { DUR, EASE, ms } from "./tokens"
> 3 | import { setStyle, clearStyle } from "./dom"
    | ^^^^^^^^^^^^^^^^^^^^^^^^^^^^^^^^^^^^^^^^^^^^
  4 |
  5 | /**
  6 |  * The hero's motion, and the only motion left on the page that is not driven by a

The export clearStyle was not found in module [project]/components/motion/dom.ts [app-ssr] (ecmascript).
Did you mean to import clearStyles?
All exports of the module are statically known (It doesn't have dynamic exports). So it's known statically that the requested export doesn't exist.

Import traces:
  Client Component Browser:
    ./components/motion/hero.ts [Client Component Browser]
    ./components/motion/hero-scope.tsx [Client Component Browser]
    ./components/motion/hero-scope.tsx [Server Component]
    ./app/[locale]/page.tsx [Server Component]

  Client Component SSR:
    ./components/motion/hero.ts [Client Component SSR]
    ./components/motion/hero-scope.tsx [Client Component SSR]
    ./components/motion/hero-scope.tsx [Server Component]
    ./app/[locale]/page.tsx [Server Component] @ http://localhost:3000/_next/static/chunks/node_modules_next_dist_0u_w_5s._.js:1945
[   21912ms] [ERROR] ./components/motion/hero.ts:3:1
Export setStyle doesn't exist in target module
  1 | import { animate, stagger } from "motion"
  2 | import { DUR, EASE, ms } from "./tokens"
> 3 | import { setStyle, clearStyle } from "./dom"
    | ^^^^^^^^^^^^^^^^^^^^^^^^^^^^^^^^^^^^^^^^^^^^
  4 |
  5 | /**
  6 |  * The hero's motion, and the only motion left on the page that is not driven by a

The export setStyle was not found in module [project]/components/motion/dom.ts [app-client] (ecmascript).
Did you mean to import setStyles?
All exports of the module are statically known (It doesn't have dynamic exports). So it's known statically that the requested export doesn't exist.

Import traces:
  Client Component Browser:
    ./components/motion/hero.ts [Client Component Browser]
    ./components/motion/hero-scope.tsx [Client Component Browser]
    ./components/motion/hero-scope.tsx [Server Component]
    ./app/[locale]/page.tsx [Server Component]

  Client Component SSR:
    ./components/motion/hero.ts [Client Component SSR]
    ./components/motion/hero-scope.tsx [Client Component SSR]
    ./components/motion/hero-scope.tsx [Server Component]
    ./app/[locale]/page.tsx [Server Component] @ http://localhost:3000/_next/static/chunks/node_modules_next_dist_0u_w_5s._.js:1945
[   21913ms] [ERROR] ./components/motion/hero.ts:3:1
Export setStyle doesn't exist in target module
  1 | import { animate, stagger } from "motion"
  2 | import { DUR, EASE, ms } from "./tokens"
> 3 | import { setStyle, clearStyle } from "./dom"
    | ^^^^^^^^^^^^^^^^^^^^^^^^^^^^^^^^^^^^^^^^^^^^
  4 |
  5 | /**
  6 |  * The hero's motion, and the only motion left on the page that is not driven by a

The export setStyle was not found in module [project]/components/motion/dom.ts [app-ssr] (ecmascript).
Did you mean to import setStyles?
All exports of the module are statically known (It doesn't have dynamic exports). So it's known statically that the requested export doesn't exist.

Import traces:
  Client Component Browser:
    ./components/motion/hero.ts [Client Component Browser]
    ./components/motion/hero-scope.tsx [Client Component Browser]
    ./components/motion/hero-scope.tsx [Server Component]
    ./app/[locale]/page.tsx [Server Component]

  Client Component SSR:
    ./components/motion/hero.ts [Client Component SSR]
    ./components/motion/hero-scope.tsx [Client Component SSR]
    ./components/motion/hero-scope.tsx [Server Component]
    ./app/[locale]/page.tsx [Server Component] @ http://localhost:3000/_next/static/chunks/node_modules_next_dist_0u_w_5s._.js:1945
[   21976ms] [ERROR] ./components/motion/hero.ts:3:1
Export clearStyle doesn't exist in target module
  1 | import { animate, stagger } from "motion"
  2 | import { DUR, EASE, ms } from "./tokens"
> 3 | import { setStyle, clearStyle } from "./dom"
    | ^^^^^^^^^^^^^^^^^^^^^^^^^^^^^^^^^^^^^^^^^^^^
  4 |
  5 | /**
  6 |  * The hero's motion, and the only motion left on the page that is not driven by a

The export clearStyle was not found in module [project]/components/motion/dom.ts [app-client] (ecmascript).
Did you mean to import clearStyles?
All exports of the module are statically known (It doesn't have dynamic exports). So it's known statically that the requested export doesn't exist.

Import traces:
  Client Component Browser:
    ./components/motion/hero.ts [Client Component Browser]
    ./components/motion/hero-scope.tsx [Client Component Browser]
    ./components/motion/hero-scope.tsx [Server Component]
    ./app/[locale]/page.tsx [Server Component]

  Client Component SSR:
    ./components/motion/hero.ts [Client Component SSR]
    ./components/motion/hero-scope.tsx [Client Component SSR]
    ./components/motion/hero-scope.tsx [Server Component]
    ./app/[locale]/page.tsx [Server Component] @ http://localhost:3000/_next/static/chunks/node_modules_next_dist_0u_w_5s._.js:1945
[   21976ms] [ERROR] ./components/motion/hero.ts:3:1
Export clearStyle doesn't exist in target module
  1 | import { animate, stagger } from "motion"
  2 | import { DUR, EASE, ms } from "./tokens"
> 3 | import { setStyle, clearStyle } from "./dom"
    | ^^^^^^^^^^^^^^^^^^^^^^^^^^^^^^^^^^^^^^^^^^^^
  4 |
  5 | /**
  6 |  * The hero's motion, and the only motion left on the page that is not driven by a

The export clearStyle was not found in module [project]/components/motion/dom.ts [app-ssr] (ecmascript).
Did you mean to import clearStyles?
All exports of the module are statically known (It doesn't have dynamic exports). So it's known statically that the requested export doesn't exist.

Import traces:
  Client Component Browser:
    ./components/motion/hero.ts [Client Component Browser]
    ./components/motion/hero-scope.tsx [Client Component Browser]
    ./components/motion/hero-scope.tsx [Server Component]
    ./app/[locale]/page.tsx [Server Component]

  Client Component SSR:
    ./components/motion/hero.ts [Client Component SSR]
    ./components/motion/hero-scope.tsx [Client Component SSR]
    ./components/motion/hero-scope.tsx [Server Component]
    ./app/[locale]/page.tsx [Server Component] @ http://localhost:3000/_next/static/chunks/node_modules_next_dist_0u_w_5s._.js:1945
[   21976ms] [ERROR] ./components/motion/hero.ts:3:1
Export setStyle doesn't exist in target module
  1 | import { animate, stagger } from "motion"
  2 | import { DUR, EASE, ms } from "./tokens"
> 3 | import { setStyle, clearStyle } from "./dom"
    | ^^^^^^^^^^^^^^^^^^^^^^^^^^^^^^^^^^^^^^^^^^^^
  4 |
  5 | /**
  6 |  * The hero's motion, and the only motion left on the page that is not driven by a

The export setStyle was not found in module [project]/components/motion/dom.ts [app-client] (ecmascript).
Did you mean to import setStyles?
All exports of the module are statically known (It doesn't have dynamic exports). So it's known statically that the requested export doesn't exist.

Import traces:
  Client Component Browser:
    ./components/motion/hero.ts [Client Component Browser]
    ./components/motion/hero-scope.tsx [Client Component Browser]
    ./components/motion/hero-scope.tsx [Server Component]
    ./app/[locale]/page.tsx [Server Component]

  Client Component SSR:
    ./components/motion/hero.ts [Client Component SSR]
    ./components/motion/hero-scope.tsx [Client Component SSR]
    ./components/motion/hero-scope.tsx [Server Component]
    ./app/[locale]/page.tsx [Server Component] @ http://localhost:3000/_next/static/chunks/node_modules_next_dist_0u_w_5s._.js:1945
[   21976ms] [ERROR] ./components/motion/hero.ts:3:1
Export setStyle doesn't exist in target module
  1 | import { animate, stagger } from "motion"
  2 | import { DUR, EASE, ms } from "./tokens"
> 3 | import { setStyle, clearStyle } from "./dom"
    | ^^^^^^^^^^^^^^^^^^^^^^^^^^^^^^^^^^^^^^^^^^^^
  4 |
  5 | /**
  6 |  * The hero's motion, and the only motion left on the page that is not driven by a

The export setStyle was not found in module [project]/components/motion/dom.ts [app-ssr] (ecmascript).
Did you mean to import setStyles?
All exports of the module are statically known (It doesn't have dynamic exports). So it's known statically that the requested export doesn't exist.

Import traces:
  Client Component Browser:
    ./components/motion/hero.ts [Client Component Browser]
    ./components/motion/hero-scope.tsx [Client Component Browser]
    ./components/motion/hero-scope.tsx [Server Component]
    ./app/[locale]/page.tsx [Server Component]

  Client Component SSR:
    ./components/motion/hero.ts [Client Component SSR]
    ./components/motion/hero-scope.tsx [Client Component SSR]
    ./components/motion/hero-scope.tsx [Server Component]
    ./app/[locale]/page.tsx [Server Component] @ http://localhost:3000/_next/static/chunks/node_modules_next_dist_0u_w_5s._.js:1945
[   22039ms] [ERROR] ./components/motion/hero.ts:3:1
Export clearStyle doesn't exist in target module
  1 | import { animate, stagger } from "motion"
  2 | import { DUR, EASE, ms } from "./tokens"
> 3 | import { setStyle, clearStyle } from "./dom"
    | ^^^^^^^^^^^^^^^^^^^^^^^^^^^^^^^^^^^^^^^^^^^^
  4 |
  5 | /**
  6 |  * The hero's motion, and the only motion left on the page that is not driven by a

The export clearStyle was not found in module [project]/components/motion/dom.ts [app-client] (ecmascript).
Did you mean to import clearStyles?
All exports of the module are statically known (It doesn't have dynamic exports). So it's known statically that the requested export doesn't exist.

Import traces:
  Client Component Browser:
    ./components/motion/hero.ts [Client Component Browser]
    ./components/motion/hero-scope.tsx [Client Component Browser]
    ./components/motion/hero-scope.tsx [Server Component]
    ./app/[locale]/page.tsx [Server Component]

  Client Component SSR:
    ./components/motion/hero.ts [Client Component SSR]
    ./components/motion/hero-scope.tsx [Client Component SSR]
    ./components/motion/hero-scope.tsx [Server Component]
    ./app/[locale]/page.tsx [Server Component] @ http://localhost:3000/_next/static/chunks/node_modules_next_dist_0u_w_5s._.js:1945
[   22039ms] [ERROR] ./components/motion/hero.ts:3:1
Export clearStyle doesn't exist in target module
  1 | import { animate, stagger } from "motion"
  2 | import { DUR, EASE, ms } from "./tokens"
> 3 | import { setStyle, clearStyle } from "./dom"
    | ^^^^^^^^^^^^^^^^^^^^^^^^^^^^^^^^^^^^^^^^^^^^
  4 |
  5 | /**
  6 |  * The hero's motion, and the only motion left on the page that is not driven by a

The export clearStyle was not found in module [project]/components/motion/dom.ts [app-ssr] (ecmascript).
Did you mean to import clearStyles?
All exports of the module are statically known (It doesn't have dynamic exports). So it's known statically that the requested export doesn't exist.

Import traces:
  Client Component Browser:
    ./components/motion/hero.ts [Client Component Browser]
    ./components/motion/hero-scope.tsx [Client Component Browser]
    ./components/motion/hero-scope.tsx [Server Component]
    ./app/[locale]/page.tsx [Server Component]

  Client Component SSR:
    ./components/motion/hero.ts [Client Component SSR]
    ./components/motion/hero-scope.tsx [Client Component SSR]
    ./components/motion/hero-scope.tsx [Server Component]
    ./app/[locale]/page.tsx [Server Component] @ http://localhost:3000/_next/static/chunks/node_modules_next_dist_0u_w_5s._.js:1945
[   22039ms] [ERROR] ./components/motion/hero.ts:3:1
Export setStyle doesn't exist in target module
  1 | import { animate, stagger } from "motion"
  2 | import { DUR, EASE, ms } from "./tokens"
> 3 | import { setStyle, clearStyle } from "./dom"
    | ^^^^^^^^^^^^^^^^^^^^^^^^^^^^^^^^^^^^^^^^^^^^
  4 |
  5 | /**
  6 |  * The hero's motion, and the only motion left on the page that is not driven by a

The export setStyle was not found in module [project]/components/motion/dom.ts [app-client] (ecmascript).
Did you mean to import setStyles?
All exports of the module are statically known (It doesn't have dynamic exports). So it's known statically that the requested export doesn't exist.

Import traces:
  Client Component Browser:
    ./components/motion/hero.ts [Client Component Browser]
    ./components/motion/hero-scope.tsx [Client Component Browser]
    ./components/motion/hero-scope.tsx [Server Component]
    ./app/[locale]/page.tsx [Server Component]

  Client Component SSR:
    ./components/motion/hero.ts [Client Component SSR]
    ./components/motion/hero-scope.tsx [Client Component SSR]
    ./components/motion/hero-scope.tsx [Server Component]
    ./app/[locale]/page.tsx [Server Component] @ http://localhost:3000/_next/static/chunks/node_modules_next_dist_0u_w_5s._.js:1945
[   22039ms] [ERROR] ./components/motion/hero.ts:3:1
Export setStyle doesn't exist in target module
  1 | import { animate, stagger } from "motion"
  2 | import { DUR, EASE, ms } from "./tokens"
> 3 | import { setStyle, clearStyle } from "./dom"
    | ^^^^^^^^^^^^^^^^^^^^^^^^^^^^^^^^^^^^^^^^^^^^
  4 |
  5 | /**
  6 |  * The hero's motion, and the only motion left on the page that is not driven by a

The export setStyle was not found in module [project]/components/motion/dom.ts [app-ssr] (ecmascript).
Did you mean to import setStyles?
All exports of the module are statically known (It doesn't have dynamic exports). So it's known statically that the requested export doesn't exist.

Import traces:
  Client Component Browser:
    ./components/motion/hero.ts [Client Component Browser]
    ./components/motion/hero-scope.tsx [Client Component Browser]
    ./components/motion/hero-scope.tsx [Server Component]
    ./app/[locale]/page.tsx [Server Component]

  Client Component SSR:
    ./components/motion/hero.ts [Client Component SSR]
    ./components/motion/hero-scope.tsx [Client Component SSR]
    ./components/motion/hero-scope.tsx [Server Component]
    ./app/[locale]/page.tsx [Server Component] @ http://localhost:3000/_next/static/chunks/node_modules_next_dist_0u_w_5s._.js:1945
[   22101ms] [ERROR] ./components/motion/hero.ts:3:1
Export clearStyle doesn't exist in target module
  1 | import { animate, stagger } from "motion"
  2 | import { DUR, EASE, ms } from "./tokens"
> 3 | import { setStyle, clearStyle } from "./dom"
    | ^^^^^^^^^^^^^^^^^^^^^^^^^^^^^^^^^^^^^^^^^^^^
  4 |
  5 | /**
  6 |  * The hero's motion, and the only motion left on the page that is not driven by a

The export clearStyle was not found in module [project]/components/motion/dom.ts [app-client] (ecmascript).
Did you mean to import clearStyles?
All exports of the module are statically known (It doesn't have dynamic exports). So it's known statically that the requested export doesn't exist.

Import traces:
  Client Component Browser:
    ./components/motion/hero.ts [Client Component Browser]
    ./components/motion/hero-scope.tsx [Client Component Browser]
    ./components/motion/hero-scope.tsx [Server Component]
    ./app/[locale]/page.tsx [Server Component]

  Client Component SSR:
    ./components/motion/hero.ts [Client Component SSR]
    ./components/motion/hero-scope.tsx [Client Component SSR]
    ./components/motion/hero-scope.tsx [Server Component]
    ./app/[locale]/page.tsx [Server Component] @ http://localhost:3000/_next/static/chunks/node_modules_next_dist_0u_w_5s._.js:1945
[   22101ms] [ERROR] ./components/motion/hero.ts:3:1
Export clearStyle doesn't exist in target module
  1 | import { animate, stagger } from "motion"
  2 | import { DUR, EASE, ms } from "./tokens"
> 3 | import { setStyle, clearStyle } from "./dom"
    | ^^^^^^^^^^^^^^^^^^^^^^^^^^^^^^^^^^^^^^^^^^^^
  4 |
  5 | /**
  6 |  * The hero's motion, and the only motion left on the page that is not driven by a

The export clearStyle was not found in module [project]/components/motion/dom.ts [app-ssr] (ecmascript).
Did you mean to import clearStyles?
All exports of the module are statically known (It doesn't have dynamic exports). So it's known statically that the requested export doesn't exist.

Import traces:
  Client Component Browser:
    ./components/motion/hero.ts [Client Component Browser]
    ./components/motion/hero-scope.tsx [Client Component Browser]
    ./components/motion/hero-scope.tsx [Server Component]
    ./app/[locale]/page.tsx [Server Component]

  Client Component SSR:
    ./components/motion/hero.ts [Client Component SSR]
    ./components/motion/hero-scope.tsx [Client Component SSR]
    ./components/motion/hero-scope.tsx [Server Component]
    ./app/[locale]/page.tsx [Server Component] @ http://localhost:3000/_next/static/chunks/node_modules_next_dist_0u_w_5s._.js:1945
[   22101ms] [ERROR] ./components/motion/hero.ts:3:1
Export setStyle doesn't exist in target module
  1 | import { animate, stagger } from "motion"
  2 | import { DUR, EASE, ms } from "./tokens"
> 3 | import { setStyle, clearStyle } from "./dom"
    | ^^^^^^^^^^^^^^^^^^^^^^^^^^^^^^^^^^^^^^^^^^^^
  4 |
  5 | /**
  6 |  * The hero's motion, and the only motion left on the page that is not driven by a

The export setStyle was not found in module [project]/components/motion/dom.ts [app-client] (ecmascript).
Did you mean to import setStyles?
All exports of the module are statically known (It doesn't have dynamic exports). So it's known statically that the requested export doesn't exist.

Import traces:
  Client Component Browser:
    ./components/motion/hero.ts [Client Component Browser]
    ./components/motion/hero-scope.tsx [Client Component Browser]
    ./components/motion/hero-scope.tsx [Server Component]
    ./app/[locale]/page.tsx [Server Component]

  Client Component SSR:
    ./components/motion/hero.ts [Client Component SSR]
    ./components/motion/hero-scope.tsx [Client Component SSR]
    ./components/motion/hero-scope.tsx [Server Component]
    ./app/[locale]/page.tsx [Server Component] @ http://localhost:3000/_next/static/chunks/node_modules_next_dist_0u_w_5s._.js:1945
[   22101ms] [ERROR] ./components/motion/hero.ts:3:1
Export setStyle doesn't exist in target module
  1 | import { animate, stagger } from "motion"
  2 | import { DUR, EASE, ms } from "./tokens"
> 3 | import { setStyle, clearStyle } from "./dom"
    | ^^^^^^^^^^^^^^^^^^^^^^^^^^^^^^^^^^^^^^^^^^^^
  4 |
  5 | /**
  6 |  * The hero's motion, and the only motion left on the page that is not driven by a

The export setStyle was not found in module [project]/components/motion/dom.ts [app-ssr] (ecmascript).
Did you mean to import setStyles?
All exports of the module are statically known (It doesn't have dynamic exports). So it's known statically that the requested export doesn't exist.

Import traces:
  Client Component Browser:
    ./components/motion/hero.ts [Client Component Browser]
    ./components/motion/hero-scope.tsx [Client Component Browser]
    ./components/motion/hero-scope.tsx [Server Component]
    ./app/[locale]/page.tsx [Server Component]

  Client Component SSR:
    ./components/motion/hero.ts [Client Component SSR]
    ./components/motion/hero-scope.tsx [Client Component SSR]
    ./components/motion/hero-scope.tsx [Server Component]
    ./app/[locale]/page.tsx [Server Component] @ http://localhost:3000/_next/static/chunks/node_modules_next_dist_0u_w_5s._.js:1945
[   22163ms] [ERROR] ./components/motion/hero.ts:3:1
Export clearStyle doesn't exist in target module
  1 | import { animate, stagger } from "motion"
  2 | import { DUR, EASE, ms } from "./tokens"
> 3 | import { setStyle, clearStyle } from "./dom"
    | ^^^^^^^^^^^^^^^^^^^^^^^^^^^^^^^^^^^^^^^^^^^^
  4 |
  5 | /**
  6 |  * The hero's motion, and the only motion left on the page that is not driven by a

The export clearStyle was not found in module [project]/components/motion/dom.ts [app-client] (ecmascript).
Did you mean to import clearStyles?
All exports of the module are statically known (It doesn't have dynamic exports). So it's known statically that the requested export doesn't exist.

Import traces:
  Client Component Browser:
    ./components/motion/hero.ts [Client Component Browser]
    ./components/motion/hero-scope.tsx [Client Component Browser]
    ./components/motion/hero-scope.tsx [Server Component]
    ./app/[locale]/page.tsx [Server Component]

  Client Component SSR:
    ./components/motion/hero.ts [Client Component SSR]
    ./components/motion/hero-scope.tsx [Client Component SSR]
    ./components/motion/hero-scope.tsx [Server Component]
    ./app/[locale]/page.tsx [Server Component] @ http://localhost:3000/_next/static/chunks/node_modules_next_dist_0u_w_5s._.js:1945
[   22163ms] [ERROR] ./components/motion/hero.ts:3:1
Export clearStyle doesn't exist in target module
  1 | import { animate, stagger } from "motion"
  2 | import { DUR, EASE, ms } from "./tokens"
> 3 | import { setStyle, clearStyle } from "./dom"
    | ^^^^^^^^^^^^^^^^^^^^^^^^^^^^^^^^^^^^^^^^^^^^
  4 |
  5 | /**
  6 |  * The hero's motion, and the only motion left on the page that is not driven by a

The export clearStyle was not found in module [project]/components/motion/dom.ts [app-ssr] (ecmascript).
Did you mean to import clearStyles?
All exports of the module are statically known (It doesn't have dynamic exports). So it's known statically that the requested export doesn't exist.

Import traces:
  Client Component Browser:
    ./components/motion/hero.ts [Client Component Browser]
    ./components/motion/hero-scope.tsx [Client Component Browser]
    ./components/motion/hero-scope.tsx [Server Component]
    ./app/[locale]/page.tsx [Server Component]

  Client Component SSR:
    ./components/motion/hero.ts [Client Component SSR]
    ./components/motion/hero-scope.tsx [Client Component SSR]
    ./components/motion/hero-scope.tsx [Server Component]
    ./app/[locale]/page.tsx [Server Component] @ http://localhost:3000/_next/static/chunks/node_modules_next_dist_0u_w_5s._.js:1945
[   22163ms] [ERROR] ./components/motion/hero.ts:3:1
Export setStyle doesn't exist in target module
  1 | import { animate, stagger } from "motion"
  2 | import { DUR, EASE, ms } from "./tokens"
> 3 | import { setStyle, clearStyle } from "./dom"
    | ^^^^^^^^^^^^^^^^^^^^^^^^^^^^^^^^^^^^^^^^^^^^
  4 |
  5 | /**
  6 |  * The hero's motion, and the only motion left on the page that is not driven by a

The export setStyle was not found in module [project]/components/motion/dom.ts [app-client] (ecmascript).
Did you mean to import setStyles?
All exports of the module are statically known (It doesn't have dynamic exports). So it's known statically that the requested export doesn't exist.

Import traces:
  Client Component Browser:
    ./components/motion/hero.ts [Client Component Browser]
    ./components/motion/hero-scope.tsx [Client Component Browser]
    ./components/motion/hero-scope.tsx [Server Component]
    ./app/[locale]/page.tsx [Server Component]

  Client Component SSR:
    ./components/motion/hero.ts [Client Component SSR]
    ./components/motion/hero-scope.tsx [Client Component SSR]
    ./components/motion/hero-scope.tsx [Server Component]
    ./app/[locale]/page.tsx [Server Component] @ http://localhost:3000/_next/static/chunks/node_modules_next_dist_0u_w_5s._.js:1945
[   22163ms] [ERROR] ./components/motion/hero.ts:3:1
Export setStyle doesn't exist in target module
  1 | import { animate, stagger } from "motion"
  2 | import { DUR, EASE, ms } from "./tokens"
> 3 | import { setStyle, clearStyle } from "./dom"
    | ^^^^^^^^^^^^^^^^^^^^^^^^^^^^^^^^^^^^^^^^^^^^
  4 |
  5 | /**
  6 |  * The hero's motion, and the only motion left on the page that is not driven by a

The export setStyle was not found in module [project]/components/motion/dom.ts [app-ssr] (ecmascript).
Did you mean to import setStyles?
All exports of the module are statically known (It doesn't have dynamic exports). So it's known statically that the requested export doesn't exist.

Import traces:
  Client Component Browser:
    ./components/motion/hero.ts [Client Component Browser]
    ./components/motion/hero-scope.tsx [Client Component Browser]
    ./components/motion/hero-scope.tsx [Server Component]
    ./app/[locale]/page.tsx [Server Component]

  Client Component SSR:
    ./components/motion/hero.ts [Client Component SSR]
    ./components/motion/hero-scope.tsx [Client Component SSR]
    ./components/motion/hero-scope.tsx [Server Component]
    ./app/[locale]/page.tsx [Server Component] @ http://localhost:3000/_next/static/chunks/node_modules_next_dist_0u_w_5s._.js:1945
[   22225ms] [ERROR] ./components/motion/hero.ts:3:1
Export clearStyle doesn't exist in target module
  1 | import { animate, stagger } from "motion"
  2 | import { DUR, EASE, ms } from "./tokens"
> 3 | import { setStyle, clearStyle } from "./dom"
    | ^^^^^^^^^^^^^^^^^^^^^^^^^^^^^^^^^^^^^^^^^^^^
  4 |
  5 | /**
  6 |  * The hero's motion, and the only motion left on the page that is not driven by a

The export clearStyle was not found in module [project]/components/motion/dom.ts [app-client] (ecmascript).
Did you mean to import clearStyles?
All exports of the module are statically known (It doesn't have dynamic exports). So it's known statically that the requested export doesn't exist.

Import traces:
  Client Component Browser:
    ./components/motion/hero.ts [Client Component Browser]
    ./components/motion/hero-scope.tsx [Client Component Browser]
    ./components/motion/hero-scope.tsx [Server Component]
    ./app/[locale]/page.tsx [Server Component]

  Client Component SSR:
    ./components/motion/hero.ts [Client Component SSR]
    ./components/motion/hero-scope.tsx [Client Component SSR]
    ./components/motion/hero-scope.tsx [Server Component]
    ./app/[locale]/page.tsx [Server Component] @ http://localhost:3000/_next/static/chunks/node_modules_next_dist_0u_w_5s._.js:1945
[   22225ms] [ERROR] ./components/motion/hero.ts:3:1
Export clearStyle doesn't exist in target module
  1 | import { animate, stagger } from "motion"
  2 | import { DUR, EASE, ms } from "./tokens"
> 3 | import { setStyle, clearStyle } from "./dom"
    | ^^^^^^^^^^^^^^^^^^^^^^^^^^^^^^^^^^^^^^^^^^^^
  4 |
  5 | /**
  6 |  * The hero's motion, and the only motion left on the page that is not driven by a

The export clearStyle was not found in module [project]/components/motion/dom.ts [app-ssr] (ecmascript).
Did you mean to import clearStyles?
All exports of the module are statically known (It doesn't have dynamic exports). So it's known statically that the requested export doesn't exist.

Import traces:
  Client Component Browser:
    ./components/motion/hero.ts [Client Component Browser]
    ./components/motion/hero-scope.tsx [Client Component Browser]
    ./components/motion/hero-scope.tsx [Server Component]
    ./app/[locale]/page.tsx [Server Component]

  Client Component SSR:
    ./components/motion/hero.ts [Client Component SSR]
    ./components/motion/hero-scope.tsx [Client Component SSR]
    ./components/motion/hero-scope.tsx [Server Component]
    ./app/[locale]/page.tsx [Server Component] @ http://localhost:3000/_next/static/chunks/node_modules_next_dist_0u_w_5s._.js:1945
[   22225ms] [ERROR] ./components/motion/hero.ts:3:1
Export setStyle doesn't exist in target module
  1 | import { animate, stagger } from "motion"
  2 | import { DUR, EASE, ms } from "./tokens"
> 3 | import { setStyle, clearStyle } from "./dom"
    | ^^^^^^^^^^^^^^^^^^^^^^^^^^^^^^^^^^^^^^^^^^^^
  4 |
  5 | /**
  6 |  * The hero's motion, and the only motion left on the page that is not driven by a

The export setStyle was not found in module [project]/components/motion/dom.ts [app-client] (ecmascript).
Did you mean to import setStyles?
All exports of the module are statically known (It doesn't have dynamic exports). So it's known statically that the requested export doesn't exist.

Import traces:
  Client Component Browser:
    ./components/motion/hero.ts [Client Component Browser]
    ./components/motion/hero-scope.tsx [Client Component Browser]
    ./components/motion/hero-scope.tsx [Server Component]
    ./app/[locale]/page.tsx [Server Component]

  Client Component SSR:
    ./components/motion/hero.ts [Client Component SSR]
    ./components/motion/hero-scope.tsx [Client Component SSR]
    ./components/motion/hero-scope.tsx [Server Component]
    ./app/[locale]/page.tsx [Server Component] @ http://localhost:3000/_next/static/chunks/node_modules_next_dist_0u_w_5s._.js:1945
[   22225ms] [ERROR] ./components/motion/hero.ts:3:1
Export setStyle doesn't exist in target module
  1 | import { animate, stagger } from "motion"
  2 | import { DUR, EASE, ms } from "./tokens"
> 3 | import { setStyle, clearStyle } from "./dom"
    | ^^^^^^^^^^^^^^^^^^^^^^^^^^^^^^^^^^^^^^^^^^^^
  4 |
  5 | /**
  6 |  * The hero's motion, and the only motion left on the page that is not driven by a

The export setStyle was not found in module [project]/components/motion/dom.ts [app-ssr] (ecmascript).
Did you mean to import setStyles?
All exports of the module are statically known (It doesn't have dynamic exports). So it's known statically that the requested export doesn't exist.

Import traces:
  Client Component Browser:
    ./components/motion/hero.ts [Client Component Browser]
    ./components/motion/hero-scope.tsx [Client Component Browser]
    ./components/motion/hero-scope.tsx [Server Component]
    ./app/[locale]/page.tsx [Server Component]

  Client Component SSR:
    ./components/motion/hero.ts [Client Component SSR]
    ./components/motion/hero-scope.tsx [Client Component SSR]
    ./components/motion/hero-scope.tsx [Server Component]
    ./app/[locale]/page.tsx [Server Component] @ http://localhost:3000/_next/static/chunks/node_modules_next_dist_0u_w_5s._.js:1945
[   22288ms] [ERROR] ./components/motion/hero.ts:3:1
Export clearStyle doesn't exist in target module
  1 | import { animate, stagger } from "motion"
  2 | import { DUR, EASE, ms } from "./tokens"
> 3 | import { setStyle, clearStyle } from "./dom"
    | ^^^^^^^^^^^^^^^^^^^^^^^^^^^^^^^^^^^^^^^^^^^^
  4 |
  5 | /**
  6 |  * The hero's motion, and the only motion left on the page that is not driven by a

The export clearStyle was not found in module [project]/components/motion/dom.ts [app-client] (ecmascript).
Did you mean to import clearStyles?
All exports of the module are statically known (It doesn't have dynamic exports). So it's known statically that the requested export doesn't exist.

Import traces:
  Client Component Browser:
    ./components/motion/hero.ts [Client Component Browser]
    ./components/motion/hero-scope.tsx [Client Component Browser]
    ./components/motion/hero-scope.tsx [Server Component]
    ./app/[locale]/page.tsx [Server Component]

  Client Component SSR:
    ./components/motion/hero.ts [Client Component SSR]
    ./components/motion/hero-scope.tsx [Client Component SSR]
    ./components/motion/hero-scope.tsx [Server Component]
    ./app/[locale]/page.tsx [Server Component] @ http://localhost:3000/_next/static/chunks/node_modules_next_dist_0u_w_5s._.js:1945
[   22288ms] [ERROR] ./components/motion/hero.ts:3:1
Export clearStyle doesn't exist in target module
  1 | import { animate, stagger } from "motion"
  2 | import { DUR, EASE, ms } from "./tokens"
> 3 | import { setStyle, clearStyle } from "./dom"
    | ^^^^^^^^^^^^^^^^^^^^^^^^^^^^^^^^^^^^^^^^^^^^
  4 |
  5 | /**
  6 |  * The hero's motion, and the only motion left on the page that is not driven by a

The export clearStyle was not found in module [project]/components/motion/dom.ts [app-ssr] (ecmascript).
Did you mean to import clearStyles?
All exports of the module are statically known (It doesn't have dynamic exports). So it's known statically that the requested export doesn't exist.

Import traces:
  Client Component Browser:
    ./components/motion/hero.ts [Client Component Browser]
    ./components/motion/hero-scope.tsx [Client Component Browser]
    ./components/motion/hero-scope.tsx [Server Component]
    ./app/[locale]/page.tsx [Server Component]

  Client Component SSR:
    ./components/motion/hero.ts [Client Component SSR]
    ./components/motion/hero-scope.tsx [Client Component SSR]
    ./components/motion/hero-scope.tsx [Server Component]
    ./app/[locale]/page.tsx [Server Component] @ http://localhost:3000/_next/static/chunks/node_modules_next_dist_0u_w_5s._.js:1945
[   22288ms] [ERROR] ./components/motion/hero.ts:3:1
Export setStyle doesn't exist in target module
  1 | import { animate, stagger } from "motion"
  2 | import { DUR, EASE, ms } from "./tokens"
> 3 | import { setStyle, clearStyle } from "./dom"
    | ^^^^^^^^^^^^^^^^^^^^^^^^^^^^^^^^^^^^^^^^^^^^
  4 |
  5 | /**
  6 |  * The hero's motion, and the only motion left on the page that is not driven by a

The export setStyle was not found in module [project]/components/motion/dom.ts [app-client] (ecmascript).
Did you mean to import setStyles?
All exports of the module are statically known (It doesn't have dynamic exports). So it's known statically that the requested export doesn't exist.

Import traces:
  Client Component Browser:
    ./components/motion/hero.ts [Client Component Browser]
    ./components/motion/hero-scope.tsx [Client Component Browser]
    ./components/motion/hero-scope.tsx [Server Component]
    ./app/[locale]/page.tsx [Server Component]

  Client Component SSR:
    ./components/motion/hero.ts [Client Component SSR]
    ./components/motion/hero-scope.tsx [Client Component SSR]
    ./components/motion/hero-scope.tsx [Server Component]
    ./app/[locale]/page.tsx [Server Component] @ http://localhost:3000/_next/static/chunks/node_modules_next_dist_0u_w_5s._.js:1945
[   22288ms] [ERROR] ./components/motion/hero.ts:3:1
Export setStyle doesn't exist in target module
  1 | import { animate, stagger } from "motion"
  2 | import { DUR, EASE, ms } from "./tokens"
> 3 | import { setStyle, clearStyle } from "./dom"
    | ^^^^^^^^^^^^^^^^^^^^^^^^^^^^^^^^^^^^^^^^^^^^
  4 |
  5 | /**
  6 |  * The hero's motion, and the only motion left on the page that is not driven by a

The export setStyle was not found in module [project]/components/motion/dom.ts [app-ssr] (ecmascript).
Did you mean to import setStyles?
All exports of the module are statically known (It doesn't have dynamic exports). So it's known statically that the requested export doesn't exist.

Import traces:
  Client Component Browser:
    ./components/motion/hero.ts [Client Component Browser]
    ./components/motion/hero-scope.tsx [Client Component Browser]
    ./components/motion/hero-scope.tsx [Server Component]
    ./app/[locale]/page.tsx [Server Component]

  Client Component SSR:
    ./components/motion/hero.ts [Client Component SSR]
    ./components/motion/hero-scope.tsx [Client Component SSR]
    ./components/motion/hero-scope.tsx [Server Component]
    ./app/[locale]/page.tsx [Server Component] @ http://localhost:3000/_next/static/chunks/node_modules_next_dist_0u_w_5s._.js:1945
[   22349ms] [ERROR] ./components/motion/hero.ts:3:1
Export clearStyle doesn't exist in target module
  1 | import { animate, stagger } from "motion"
  2 | import { DUR, EASE, ms } from "./tokens"
> 3 | import { setStyle, clearStyle } from "./dom"
    | ^^^^^^^^^^^^^^^^^^^^^^^^^^^^^^^^^^^^^^^^^^^^
  4 |
  5 | /**
  6 |  * The hero's motion, and the only motion left on the page that is not driven by a

The export clearStyle was not found in module [project]/components/motion/dom.ts [app-client] (ecmascript).
Did you mean to import clearStyles?
All exports of the module are statically known (It doesn't have dynamic exports). So it's known statically that the requested export doesn't exist.

Import traces:
  Client Component Browser:
    ./components/motion/hero.ts [Client Component Browser]
    ./components/motion/hero-scope.tsx [Client Component Browser]
    ./components/motion/hero-scope.tsx [Server Component]
    ./app/[locale]/page.tsx [Server Component]

  Client Component SSR:
    ./components/motion/hero.ts [Client Component SSR]
    ./components/motion/hero-scope.tsx [Client Component SSR]
    ./components/motion/hero-scope.tsx [Server Component]
    ./app/[locale]/page.tsx [Server Component] @ http://localhost:3000/_next/static/chunks/node_modules_next_dist_0u_w_5s._.js:1945
[   22349ms] [ERROR] ./components/motion/hero.ts:3:1
Export clearStyle doesn't exist in target module
  1 | import { animate, stagger } from "motion"
  2 | import { DUR, EASE, ms } from "./tokens"
> 3 | import { setStyle, clearStyle } from "./dom"
    | ^^^^^^^^^^^^^^^^^^^^^^^^^^^^^^^^^^^^^^^^^^^^
  4 |
  5 | /**
  6 |  * The hero's motion, and the only motion left on the page that is not driven by a

The export clearStyle was not found in module [project]/components/motion/dom.ts [app-ssr] (ecmascript).
Did you mean to import clearStyles?
All exports of the module are statically known (It doesn't have dynamic exports). So it's known statically that the requested export doesn't exist.

Import traces:
  Client Component Browser:
    ./components/motion/hero.ts [Client Component Browser]
    ./components/motion/hero-scope.tsx [Client Component Browser]
    ./components/motion/hero-scope.tsx [Server Component]
    ./app/[locale]/page.tsx [Server Component]

  Client Component SSR:
    ./components/motion/hero.ts [Client Component SSR]
    ./components/motion/hero-scope.tsx [Client Component SSR]
    ./components/motion/hero-scope.tsx [Server Component]
    ./app/[locale]/page.tsx [Server Component] @ http://localhost:3000/_next/static/chunks/node_modules_next_dist_0u_w_5s._.js:1945
[   22349ms] [ERROR] ./components/motion/hero.ts:3:1
Export setStyle doesn't exist in target module
  1 | import { animate, stagger } from "motion"
  2 | import { DUR, EASE, ms } from "./tokens"
> 3 | import { setStyle, clearStyle } from "./dom"
    | ^^^^^^^^^^^^^^^^^^^^^^^^^^^^^^^^^^^^^^^^^^^^
  4 |
  5 | /**
  6 |  * The hero's motion, and the only motion left on the page that is not driven by a

The export setStyle was not found in module [project]/components/motion/dom.ts [app-client] (ecmascript).
Did you mean to import setStyles?
All exports of the module are statically known (It doesn't have dynamic exports). So it's known statically that the requested export doesn't exist.

Import traces:
  Client Component Browser:
    ./components/motion/hero.ts [Client Component Browser]
    ./components/motion/hero-scope.tsx [Client Component Browser]
    ./components/motion/hero-scope.tsx [Server Component]
    ./app/[locale]/page.tsx [Server Component]

  Client Component SSR:
    ./components/motion/hero.ts [Client Component SSR]
    ./components/motion/hero-scope.tsx [Client Component SSR]
    ./components/motion/hero-scope.tsx [Server Component]
    ./app/[locale]/page.tsx [Server Component] @ http://localhost:3000/_next/static/chunks/node_modules_next_dist_0u_w_5s._.js:1945
[   22349ms] [ERROR] ./components/motion/hero.ts:3:1
Export setStyle doesn't exist in target module
  1 | import { animate, stagger } from "motion"
  2 | import { DUR, EASE, ms } from "./tokens"
> 3 | import { setStyle, clearStyle } from "./dom"
    | ^^^^^^^^^^^^^^^^^^^^^^^^^^^^^^^^^^^^^^^^^^^^
  4 |
  5 | /**
  6 |  * The hero's motion, and the only motion left on the page that is not driven by a

The export setStyle was not found in module [project]/components/motion/dom.ts [app-ssr] (ecmascript).
Did you mean to import setStyles?
All exports of the module are statically known (It doesn't have dynamic exports). So it's known statically that the requested export doesn't exist.

Import traces:
  Client Component Browser:
    ./components/motion/hero.ts [Client Component Browser]
    ./components/motion/hero-scope.tsx [Client Component Browser]
    ./components/motion/hero-scope.tsx [Server Component]
    ./app/[locale]/page.tsx [Server Component]

  Client Component SSR:
    ./components/motion/hero.ts [Client Component SSR]
    ./components/motion/hero-scope.tsx [Client Component SSR]
    ./components/motion/hero-scope.tsx [Server Component]
    ./app/[locale]/page.tsx [Server Component] @ http://localhost:3000/_next/static/chunks/node_modules_next_dist_0u_w_5s._.js:1945
[   22411ms] [ERROR] ./components/motion/hero.ts:3:1
Export clearStyle doesn't exist in target module
  1 | import { animate, stagger } from "motion"
  2 | import { DUR, EASE, ms } from "./tokens"
> 3 | import { setStyle, clearStyle } from "./dom"
    | ^^^^^^^^^^^^^^^^^^^^^^^^^^^^^^^^^^^^^^^^^^^^
  4 |
  5 | /**
  6 |  * The hero's motion, and the only motion left on the page that is not driven by a

The export clearStyle was not found in module [project]/components/motion/dom.ts [app-client] (ecmascript).
Did you mean to import clearStyles?
All exports of the module are statically known (It doesn't have dynamic exports). So it's known statically that the requested export doesn't exist.

Import traces:
  Client Component Browser:
    ./components/motion/hero.ts [Client Component Browser]
    ./components/motion/hero-scope.tsx [Client Component Browser]
    ./components/motion/hero-scope.tsx [Server Component]
    ./app/[locale]/page.tsx [Server Component]

  Client Component SSR:
    ./components/motion/hero.ts [Client Component SSR]
    ./components/motion/hero-scope.tsx [Client Component SSR]
    ./components/motion/hero-scope.tsx [Server Component]
    ./app/[locale]/page.tsx [Server Component] @ http://localhost:3000/_next/static/chunks/node_modules_next_dist_0u_w_5s._.js:1945
[   22411ms] [ERROR] ./components/motion/hero.ts:3:1
Export clearStyle doesn't exist in target module
  1 | import { animate, stagger } from "motion"
  2 | import { DUR, EASE, ms } from "./tokens"
> 3 | import { setStyle, clearStyle } from "./dom"
    | ^^^^^^^^^^^^^^^^^^^^^^^^^^^^^^^^^^^^^^^^^^^^
  4 |
  5 | /**
  6 |  * The hero's motion, and the only motion left on the page that is not driven by a

The export clearStyle was not found in module [project]/components/motion/dom.ts [app-ssr] (ecmascript).
Did you mean to import clearStyles?
All exports of the module are statically known (It doesn't have dynamic exports). So it's known statically that the requested export doesn't exist.

Import traces:
  Client Component Browser:
    ./components/motion/hero.ts [Client Component Browser]
    ./components/motion/hero-scope.tsx [Client Component Browser]
    ./components/motion/hero-scope.tsx [Server Component]
    ./app/[locale]/page.tsx [Server Component]

  Client Component SSR:
    ./components/motion/hero.ts [Client Component SSR]
    ./components/motion/hero-scope.tsx [Client Component SSR]
    ./components/motion/hero-scope.tsx [Server Component]
    ./app/[locale]/page.tsx [Server Component] @ http://localhost:3000/_next/static/chunks/node_modules_next_dist_0u_w_5s._.js:1945
[   22412ms] [ERROR] ./components/motion/hero.ts:3:1
Export setStyle doesn't exist in target module
  1 | import { animate, stagger } from "motion"
  2 | import { DUR, EASE, ms } from "./tokens"
> 3 | import { setStyle, clearStyle } from "./dom"
    | ^^^^^^^^^^^^^^^^^^^^^^^^^^^^^^^^^^^^^^^^^^^^
  4 |
  5 | /**
  6 |  * The hero's motion, and the only motion left on the page that is not driven by a

The export setStyle was not found in module [project]/components/motion/dom.ts [app-client] (ecmascript).
Did you mean to import setStyles?
All exports of the module are statically known (It doesn't have dynamic exports). So it's known statically that the requested export doesn't exist.

Import traces:
  Client Component Browser:
    ./components/motion/hero.ts [Client Component Browser]
    ./components/motion/hero-scope.tsx [Client Component Browser]
    ./components/motion/hero-scope.tsx [Server Component]
    ./app/[locale]/page.tsx [Server Component]

  Client Component SSR:
    ./components/motion/hero.ts [Client Component SSR]
    ./components/motion/hero-scope.tsx [Client Component SSR]
    ./components/motion/hero-scope.tsx [Server Component]
    ./app/[locale]/page.tsx [Server Component] @ http://localhost:3000/_next/static/chunks/node_modules_next_dist_0u_w_5s._.js:1945
[   22412ms] [ERROR] ./components/motion/hero.ts:3:1
Export setStyle doesn't exist in target module
  1 | import { animate, stagger } from "motion"
  2 | import { DUR, EASE, ms } from "./tokens"
> 3 | import { setStyle, clearStyle } from "./dom"
    | ^^^^^^^^^^^^^^^^^^^^^^^^^^^^^^^^^^^^^^^^^^^^
  4 |
  5 | /**
  6 |  * The hero's motion, and the only motion left on the page that is not driven by a

The export setStyle was not found in module [project]/components/motion/dom.ts [app-ssr] (ecmascript).
Did you mean to import setStyles?
All exports of the module are statically known (It doesn't have dynamic exports). So it's known statically that the requested export doesn't exist.

Import traces:
  Client Component Browser:
    ./components/motion/hero.ts [Client Component Browser]
    ./components/motion/hero-scope.tsx [Client Component Browser]
    ./components/motion/hero-scope.tsx [Server Component]
    ./app/[locale]/page.tsx [Server Component]

  Client Component SSR:
    ./components/motion/hero.ts [Client Component SSR]
    ./components/motion/hero-scope.tsx [Client Component SSR]
    ./components/motion/hero-scope.tsx [Server Component]
    ./app/[locale]/page.tsx [Server Component] @ http://localhost:3000/_next/static/chunks/node_modules_next_dist_0u_w_5s._.js:1945
[   22474ms] [ERROR] ./components/motion/hero.ts:3:1
Export clearStyle doesn't exist in target module
  1 | import { animate, stagger } from "motion"
  2 | import { DUR, EASE, ms } from "./tokens"
> 3 | import { setStyle, clearStyle } from "./dom"
    | ^^^^^^^^^^^^^^^^^^^^^^^^^^^^^^^^^^^^^^^^^^^^
  4 |
  5 | /**
  6 |  * The hero's motion, and the only motion left on the page that is not driven by a

The export clearStyle was not found in module [project]/components/motion/dom.ts [app-client] (ecmascript).
Did you mean to import clearStyles?
All exports of the module are statically known (It doesn't have dynamic exports). So it's known statically that the requested export doesn't exist.

Import traces:
  Client Component Browser:
    ./components/motion/hero.ts [Client Component Browser]
    ./components/motion/hero-scope.tsx [Client Component Browser]
    ./components/motion/hero-scope.tsx [Server Component]
    ./app/[locale]/page.tsx [Server Component]

  Client Component SSR:
    ./components/motion/hero.ts [Client Component SSR]
    ./components/motion/hero-scope.tsx [Client Component SSR]
    ./components/motion/hero-scope.tsx [Server Component]
    ./app/[locale]/page.tsx [Server Component] @ http://localhost:3000/_next/static/chunks/node_modules_next_dist_0u_w_5s._.js:1945
[   22475ms] [ERROR] ./components/motion/hero.ts:3:1
Export clearStyle doesn't exist in target module
  1 | import { animate, stagger } from "motion"
  2 | import { DUR, EASE, ms } from "./tokens"
> 3 | import { setStyle, clearStyle } from "./dom"
    | ^^^^^^^^^^^^^^^^^^^^^^^^^^^^^^^^^^^^^^^^^^^^
  4 |
  5 | /**
  6 |  * The hero's motion, and the only motion left on the page that is not driven by a

The export clearStyle was not found in module [project]/components/motion/dom.ts [app-ssr] (ecmascript).
Did you mean to import clearStyles?
All exports of the module are statically known (It doesn't have dynamic exports). So it's known statically that the requested export doesn't exist.

Import traces:
  Client Component Browser:
    ./components/motion/hero.ts [Client Component Browser]
    ./components/motion/hero-scope.tsx [Client Component Browser]
    ./components/motion/hero-scope.tsx [Server Component]
    ./app/[locale]/page.tsx [Server Component]

  Client Component SSR:
    ./components/motion/hero.ts [Client Component SSR]
    ./components/motion/hero-scope.tsx [Client Component SSR]
    ./components/motion/hero-scope.tsx [Server Component]
    ./app/[locale]/page.tsx [Server Component] @ http://localhost:3000/_next/static/chunks/node_modules_next_dist_0u_w_5s._.js:1945
[   22475ms] [ERROR] ./components/motion/hero.ts:3:1
Export setStyle doesn't exist in target module
  1 | import { animate, stagger } from "motion"
  2 | import { DUR, EASE, ms } from "./tokens"
> 3 | import { setStyle, clearStyle } from "./dom"
    | ^^^^^^^^^^^^^^^^^^^^^^^^^^^^^^^^^^^^^^^^^^^^
  4 |
  5 | /**
  6 |  * The hero's motion, and the only motion left on the page that is not driven by a

The export setStyle was not found in module [project]/components/motion/dom.ts [app-client] (ecmascript).
Did you mean to import setStyles?
All exports of the module are statically known (It doesn't have dynamic exports). So it's known statically that the requested export doesn't exist.

Import traces:
  Client Component Browser:
    ./components/motion/hero.ts [Client Component Browser]
    ./components/motion/hero-scope.tsx [Client Component Browser]
    ./components/motion/hero-scope.tsx [Server Component]
    ./app/[locale]/page.tsx [Server Component]

  Client Component SSR:
    ./components/motion/hero.ts [Client Component SSR]
    ./components/motion/hero-scope.tsx [Client Component SSR]
    ./components/motion/hero-scope.tsx [Server Component]
    ./app/[locale]/page.tsx [Server Component] @ http://localhost:3000/_next/static/chunks/node_modules_next_dist_0u_w_5s._.js:1945
[   22475ms] [ERROR] ./components/motion/hero.ts:3:1
Export setStyle doesn't exist in target module
  1 | import { animate, stagger } from "motion"
  2 | import { DUR, EASE, ms } from "./tokens"
> 3 | import { setStyle, clearStyle } from "./dom"
    | ^^^^^^^^^^^^^^^^^^^^^^^^^^^^^^^^^^^^^^^^^^^^
  4 |
  5 | /**
  6 |  * The hero's motion, and the only motion left on the page that is not driven by a

The export setStyle was not found in module [project]/components/motion/dom.ts [app-ssr] (ecmascript).
Did you mean to import setStyles?
All exports of the module are statically known (It doesn't have dynamic exports). So it's known statically that the requested export doesn't exist.

Import traces:
  Client Component Browser:
    ./components/motion/hero.ts [Client Component Browser]
    ./components/motion/hero-scope.tsx [Client Component Browser]
    ./components/motion/hero-scope.tsx [Server Component]
    ./app/[locale]/page.tsx [Server Component]

  Client Component SSR:
    ./components/motion/hero.ts [Client Component SSR]
    ./components/motion/hero-scope.tsx [Client Component SSR]
    ./components/motion/hero-scope.tsx [Server Component]
    ./app/[locale]/page.tsx [Server Component] @ http://localhost:3000/_next/static/chunks/node_modules_next_dist_0u_w_5s._.js:1945
[   22536ms] [ERROR] ./components/motion/hero.ts:3:1
Export clearStyle doesn't exist in target module
  1 | import { animate, stagger } from "motion"
  2 | import { DUR, EASE, ms } from "./tokens"
> 3 | import { setStyle, clearStyle } from "./dom"
    | ^^^^^^^^^^^^^^^^^^^^^^^^^^^^^^^^^^^^^^^^^^^^
  4 |
  5 | /**
  6 |  * The hero's motion, and the only motion left on the page that is not driven by a

The export clearStyle was not found in module [project]/components/motion/dom.ts [app-client] (ecmascript).
Did you mean to import clearStyles?
All exports of the module are statically known (It doesn't have dynamic exports). So it's known statically that the requested export doesn't exist.

Import traces:
  Client Component Browser:
    ./components/motion/hero.ts [Client Component Browser]
    ./components/motion/hero-scope.tsx [Client Component Browser]
    ./components/motion/hero-scope.tsx [Server Component]
    ./app/[locale]/page.tsx [Server Component]

  Client Component SSR:
    ./components/motion/hero.ts [Client Component SSR]
    ./components/motion/hero-scope.tsx [Client Component SSR]
    ./components/motion/hero-scope.tsx [Server Component]
    ./app/[locale]/page.tsx [Server Component] @ http://localhost:3000/_next/static/chunks/node_modules_next_dist_0u_w_5s._.js:1945
[   22537ms] [ERROR] ./components/motion/hero.ts:3:1
Export clearStyle doesn't exist in target module
  1 | import { animate, stagger } from "motion"
  2 | import { DUR, EASE, ms } from "./tokens"
> 3 | import { setStyle, clearStyle } from "./dom"
    | ^^^^^^^^^^^^^^^^^^^^^^^^^^^^^^^^^^^^^^^^^^^^
  4 |
  5 | /**
  6 |  * The hero's motion, and the only motion left on the page that is not driven by a

The export clearStyle was not found in module [project]/components/motion/dom.ts [app-ssr] (ecmascript).
Did you mean to import clearStyles?
All exports of the module are statically known (It doesn't have dynamic exports). So it's known statically that the requested export doesn't exist.

Import traces:
  Client Component Browser:
    ./components/motion/hero.ts [Client Component Browser]
    ./components/motion/hero-scope.tsx [Client Component Browser]
    ./components/motion/hero-scope.tsx [Server Component]
    ./app/[locale]/page.tsx [Server Component]

  Client Component SSR:
    ./components/motion/hero.ts [Client Component SSR]
    ./components/motion/hero-scope.tsx [Client Component SSR]
    ./components/motion/hero-scope.tsx [Server Component]
    ./app/[locale]/page.tsx [Server Component] @ http://localhost:3000/_next/static/chunks/node_modules_next_dist_0u_w_5s._.js:1945
[   22537ms] [ERROR] ./components/motion/hero.ts:3:1
Export setStyle doesn't exist in target module
  1 | import { animate, stagger } from "motion"
  2 | import { DUR, EASE, ms } from "./tokens"
> 3 | import { setStyle, clearStyle } from "./dom"
    | ^^^^^^^^^^^^^^^^^^^^^^^^^^^^^^^^^^^^^^^^^^^^
  4 |
  5 | /**
  6 |  * The hero's motion, and the only motion left on the page that is not driven by a

The export setStyle was not found in module [project]/components/motion/dom.ts [app-client] (ecmascript).
Did you mean to import setStyles?
All exports of the module are statically known (It doesn't have dynamic exports). So it's known statically that the requested export doesn't exist.

Import traces:
  Client Component Browser:
    ./components/motion/hero.ts [Client Component Browser]
    ./components/motion/hero-scope.tsx [Client Component Browser]
    ./components/motion/hero-scope.tsx [Server Component]
    ./app/[locale]/page.tsx [Server Component]

  Client Component SSR:
    ./components/motion/hero.ts [Client Component SSR]
    ./components/motion/hero-scope.tsx [Client Component SSR]
    ./components/motion/hero-scope.tsx [Server Component]
    ./app/[locale]/page.tsx [Server Component] @ http://localhost:3000/_next/static/chunks/node_modules_next_dist_0u_w_5s._.js:1945
[   22537ms] [ERROR] ./components/motion/hero.ts:3:1
Export setStyle doesn't exist in target module
  1 | import { animate, stagger } from "motion"
  2 | import { DUR, EASE, ms } from "./tokens"
> 3 | import { setStyle, clearStyle } from "./dom"
    | ^^^^^^^^^^^^^^^^^^^^^^^^^^^^^^^^^^^^^^^^^^^^
  4 |
  5 | /**
  6 |  * The hero's motion, and the only motion left on the page that is not driven by a

The export setStyle was not found in module [project]/components/motion/dom.ts [app-ssr] (ecmascript).
Did you mean to import setStyles?
All exports of the module are statically known (It doesn't have dynamic exports). So it's known statically that the requested export doesn't exist.

Import traces:
  Client Component Browser:
    ./components/motion/hero.ts [Client Component Browser]
    ./components/motion/hero-scope.tsx [Client Component Browser]
    ./components/motion/hero-scope.tsx [Server Component]
    ./app/[locale]/page.tsx [Server Component]

  Client Component SSR:
    ./components/motion/hero.ts [Client Component SSR]
    ./components/motion/hero-scope.tsx [Client Component SSR]
    ./components/motion/hero-scope.tsx [Server Component]
    ./app/[locale]/page.tsx [Server Component] @ http://localhost:3000/_next/static/chunks/node_modules_next_dist_0u_w_5s._.js:1945
[   22596ms] [ERROR] ./components/motion/hero.ts:3:1
Export clearStyle doesn't exist in target module
  1 | import { animate, stagger } from "motion"
  2 | import { DUR, EASE, ms } from "./tokens"
> 3 | import { setStyle, clearStyle } from "./dom"
    | ^^^^^^^^^^^^^^^^^^^^^^^^^^^^^^^^^^^^^^^^^^^^
  4 |
  5 | /**
  6 |  * The hero's motion, and the only motion left on the page that is not driven by a

The export clearStyle was not found in module [project]/components/motion/dom.ts [app-client] (ecmascript).
Did you mean to import clearStyles?
All exports of the module are statically known (It doesn't have dynamic exports). So it's known statically that the requested export doesn't exist.

Import traces:
  Client Component Browser:
    ./components/motion/hero.ts [Client Component Browser]
    ./components/motion/hero-scope.tsx [Client Component Browser]
    ./components/motion/hero-scope.tsx [Server Component]
    ./app/[locale]/page.tsx [Server Component]

  Client Component SSR:
    ./components/motion/hero.ts [Client Component SSR]
    ./components/motion/hero-scope.tsx [Client Component SSR]
    ./components/motion/hero-scope.tsx [Server Component]
    ./app/[locale]/page.tsx [Server Component] @ http://localhost:3000/_next/static/chunks/node_modules_next_dist_0u_w_5s._.js:1945
[   22597ms] [ERROR] ./components/motion/hero.ts:3:1
Export clearStyle doesn't exist in target module
  1 | import { animate, stagger } from "motion"
  2 | import { DUR, EASE, ms } from "./tokens"
> 3 | import { setStyle, clearStyle } from "./dom"
    | ^^^^^^^^^^^^^^^^^^^^^^^^^^^^^^^^^^^^^^^^^^^^
  4 |
  5 | /**
  6 |  * The hero's motion, and the only motion left on the page that is not driven by a

The export clearStyle was not found in module [project]/components/motion/dom.ts [app-ssr] (ecmascript).
Did you mean to import clearStyles?
All exports of the module are statically known (It doesn't have dynamic exports). So it's known statically that the requested export doesn't exist.

Import traces:
  Client Component Browser:
    ./components/motion/hero.ts [Client Component Browser]
    ./components/motion/hero-scope.tsx [Client Component Browser]
    ./components/motion/hero-scope.tsx [Server Component]
    ./app/[locale]/page.tsx [Server Component]

  Client Component SSR:
    ./components/motion/hero.ts [Client Component SSR]
    ./components/motion/hero-scope.tsx [Client Component SSR]
    ./components/motion/hero-scope.tsx [Server Component]
    ./app/[locale]/page.tsx [Server Component] @ http://localhost:3000/_next/static/chunks/node_modules_next_dist_0u_w_5s._.js:1945
[   22597ms] [ERROR] ./components/motion/hero.ts:3:1
Export setStyle doesn't exist in target module
  1 | import { animate, stagger } from "motion"
  2 | import { DUR, EASE, ms } from "./tokens"
> 3 | import { setStyle, clearStyle } from "./dom"
    | ^^^^^^^^^^^^^^^^^^^^^^^^^^^^^^^^^^^^^^^^^^^^
  4 |
  5 | /**
  6 |  * The hero's motion, and the only motion left on the page that is not driven by a

The export setStyle was not found in module [project]/components/motion/dom.ts [app-client] (ecmascript).
Did you mean to import setStyles?
All exports of the module are statically known (It doesn't have dynamic exports). So it's known statically that the requested export doesn't exist.

Import traces:
  Client Component Browser:
    ./components/motion/hero.ts [Client Component Browser]
    ./components/motion/hero-scope.tsx [Client Component Browser]
    ./components/motion/hero-scope.tsx [Server Component]
    ./app/[locale]/page.tsx [Server Component]

  Client Component SSR:
    ./components/motion/hero.ts [Client Component SSR]
    ./components/motion/hero-scope.tsx [Client Component SSR]
    ./components/motion/hero-scope.tsx [Server Component]
    ./app/[locale]/page.tsx [Server Component] @ http://localhost:3000/_next/static/chunks/node_modules_next_dist_0u_w_5s._.js:1945
[   22597ms] [ERROR] ./components/motion/hero.ts:3:1
Export setStyle doesn't exist in target module
  1 | import { animate, stagger } from "motion"
  2 | import { DUR, EASE, ms } from "./tokens"
> 3 | import { setStyle, clearStyle } from "./dom"
    | ^^^^^^^^^^^^^^^^^^^^^^^^^^^^^^^^^^^^^^^^^^^^
  4 |
  5 | /**
  6 |  * The hero's motion, and the only motion left on the page that is not driven by a

The export setStyle was not found in module [project]/components/motion/dom.ts [app-ssr] (ecmascript).
Did you mean to import setStyles?
All exports of the module are statically known (It doesn't have dynamic exports). So it's known statically that the requested export doesn't exist.

Import traces:
  Client Component Browser:
    ./components/motion/hero.ts [Client Component Browser]
    ./components/motion/hero-scope.tsx [Client Component Browser]
    ./components/motion/hero-scope.tsx [Server Component]
    ./app/[locale]/page.tsx [Server Component]

  Client Component SSR:
    ./components/motion/hero.ts [Client Component SSR]
    ./components/motion/hero-scope.tsx [Client Component SSR]
    ./components/motion/hero-scope.tsx [Server Component]
    ./app/[locale]/page.tsx [Server Component] @ http://localhost:3000/_next/static/chunks/node_modules_next_dist_0u_w_5s._.js:1945
[   22659ms] [ERROR] ./components/motion/hero.ts:3:1
Export clearStyle doesn't exist in target module
  1 | import { animate, stagger } from "motion"
  2 | import { DUR, EASE, ms } from "./tokens"
> 3 | import { setStyle, clearStyle } from "./dom"
    | ^^^^^^^^^^^^^^^^^^^^^^^^^^^^^^^^^^^^^^^^^^^^
  4 |
  5 | /**
  6 |  * The hero's motion, and the only motion left on the page that is not driven by a

The export clearStyle was not found in module [project]/components/motion/dom.ts [app-client] (ecmascript).
Did you mean to import clearStyles?
All exports of the module are statically known (It doesn't have dynamic exports). So it's known statically that the requested export doesn't exist.

Import traces:
  Client Component Browser:
    ./components/motion/hero.ts [Client Component Browser]
    ./components/motion/hero-scope.tsx [Client Component Browser]
    ./components/motion/hero-scope.tsx [Server Component]
    ./app/[locale]/page.tsx [Server Component]

  Client Component SSR:
    ./components/motion/hero.ts [Client Component SSR]
    ./components/motion/hero-scope.tsx [Client Component SSR]
    ./components/motion/hero-scope.tsx [Server Component]
    ./app/[locale]/page.tsx [Server Component] @ http://localhost:3000/_next/static/chunks/node_modules_next_dist_0u_w_5s._.js:1945
[   22659ms] [ERROR] ./components/motion/hero.ts:3:1
Export clearStyle doesn't exist in target module
  1 | import { animate, stagger } from "motion"
  2 | import { DUR, EASE, ms } from "./tokens"
> 3 | import { setStyle, clearStyle } from "./dom"
    | ^^^^^^^^^^^^^^^^^^^^^^^^^^^^^^^^^^^^^^^^^^^^
  4 |
  5 | /**
  6 |  * The hero's motion, and the only motion left on the page that is not driven by a

The export clearStyle was not found in module [project]/components/motion/dom.ts [app-ssr] (ecmascript).
Did you mean to import clearStyles?
All exports of the module are statically known (It doesn't have dynamic exports). So it's known statically that the requested export doesn't exist.

Import traces:
  Client Component Browser:
    ./components/motion/hero.ts [Client Component Browser]
    ./components/motion/hero-scope.tsx [Client Component Browser]
    ./components/motion/hero-scope.tsx [Server Component]
    ./app/[locale]/page.tsx [Server Component]

  Client Component SSR:
    ./components/motion/hero.ts [Client Component SSR]
    ./components/motion/hero-scope.tsx [Client Component SSR]
    ./components/motion/hero-scope.tsx [Server Component]
    ./app/[locale]/page.tsx [Server Component] @ http://localhost:3000/_next/static/chunks/node_modules_next_dist_0u_w_5s._.js:1945
[   22659ms] [ERROR] ./components/motion/hero.ts:3:1
Export setStyle doesn't exist in target module
  1 | import { animate, stagger } from "motion"
  2 | import { DUR, EASE, ms } from "./tokens"
> 3 | import { setStyle, clearStyle } from "./dom"
    | ^^^^^^^^^^^^^^^^^^^^^^^^^^^^^^^^^^^^^^^^^^^^
  4 |
  5 | /**
  6 |  * The hero's motion, and the only motion left on the page that is not driven by a

The export setStyle was not found in module [project]/components/motion/dom.ts [app-client] (ecmascript).
Did you mean to import setStyles?
All exports of the module are statically known (It doesn't have dynamic exports). So it's known statically that the requested export doesn't exist.

Import traces:
  Client Component Browser:
    ./components/motion/hero.ts [Client Component Browser]
    ./components/motion/hero-scope.tsx [Client Component Browser]
    ./components/motion/hero-scope.tsx [Server Component]
    ./app/[locale]/page.tsx [Server Component]

  Client Component SSR:
    ./components/motion/hero.ts [Client Component SSR]
    ./components/motion/hero-scope.tsx [Client Component SSR]
    ./components/motion/hero-scope.tsx [Server Component]
    ./app/[locale]/page.tsx [Server Component] @ http://localhost:3000/_next/static/chunks/node_modules_next_dist_0u_w_5s._.js:1945
[   22659ms] [ERROR] ./components/motion/hero.ts:3:1
Export setStyle doesn't exist in target module
  1 | import { animate, stagger } from "motion"
  2 | import { DUR, EASE, ms } from "./tokens"
> 3 | import { setStyle, clearStyle } from "./dom"
    | ^^^^^^^^^^^^^^^^^^^^^^^^^^^^^^^^^^^^^^^^^^^^
  4 |
  5 | /**
  6 |  * The hero's motion, and the only motion left on the page that is not driven by a

The export setStyle was not found in module [project]/components/motion/dom.ts [app-ssr] (ecmascript).
Did you mean to import setStyles?
All exports of the module are statically known (It doesn't have dynamic exports). So it's known statically that the requested export doesn't exist.

Import traces:
  Client Component Browser:
    ./components/motion/hero.ts [Client Component Browser]
    ./components/motion/hero-scope.tsx [Client Component Browser]
    ./components/motion/hero-scope.tsx [Server Component]
    ./app/[locale]/page.tsx [Server Component]

  Client Component SSR:
    ./components/motion/hero.ts [Client Component SSR]
    ./components/motion/hero-scope.tsx [Client Component SSR]
    ./components/motion/hero-scope.tsx [Server Component]
    ./app/[locale]/page.tsx [Server Component] @ http://localhost:3000/_next/static/chunks/node_modules_next_dist_0u_w_5s._.js:1945
[   22721ms] [ERROR] ./components/motion/hero.ts:3:1
Export clearStyle doesn't exist in target module
  1 | import { animate, stagger } from "motion"
  2 | import { DUR, EASE, ms } from "./tokens"
> 3 | import { setStyle, clearStyle } from "./dom"
    | ^^^^^^^^^^^^^^^^^^^^^^^^^^^^^^^^^^^^^^^^^^^^
  4 |
  5 | /**
  6 |  * The hero's motion, and the only motion left on the page that is not driven by a

The export clearStyle was not found in module [project]/components/motion/dom.ts [app-client] (ecmascript).
Did you mean to import clearStyles?
All exports of the module are statically known (It doesn't have dynamic exports). So it's known statically that the requested export doesn't exist.

Import traces:
  Client Component Browser:
    ./components/motion/hero.ts [Client Component Browser]
    ./components/motion/hero-scope.tsx [Client Component Browser]
    ./components/motion/hero-scope.tsx [Server Component]
    ./app/[locale]/page.tsx [Server Component]

  Client Component SSR:
    ./components/motion/hero.ts [Client Component SSR]
    ./components/motion/hero-scope.tsx [Client Component SSR]
    ./components/motion/hero-scope.tsx [Server Component]
    ./app/[locale]/page.tsx [Server Component] @ http://localhost:3000/_next/static/chunks/node_modules_next_dist_0u_w_5s._.js:1945
[   22721ms] [ERROR] ./components/motion/hero.ts:3:1
Export clearStyle doesn't exist in target module
  1 | import { animate, stagger } from "motion"
  2 | import { DUR, EASE, ms } from "./tokens"
> 3 | import { setStyle, clearStyle } from "./dom"
    | ^^^^^^^^^^^^^^^^^^^^^^^^^^^^^^^^^^^^^^^^^^^^
  4 |
  5 | /**
  6 |  * The hero's motion, and the only motion left on the page that is not driven by a

The export clearStyle was not found in module [project]/components/motion/dom.ts [app-ssr] (ecmascript).
Did you mean to import clearStyles?
All exports of the module are statically known (It doesn't have dynamic exports). So it's known statically that the requested export doesn't exist.

Import traces:
  Client Component Browser:
    ./components/motion/hero.ts [Client Component Browser]
    ./components/motion/hero-scope.tsx [Client Component Browser]
    ./components/motion/hero-scope.tsx [Server Component]
    ./app/[locale]/page.tsx [Server Component]

  Client Component SSR:
    ./components/motion/hero.ts [Client Component SSR]
    ./components/motion/hero-scope.tsx [Client Component SSR]
    ./components/motion/hero-scope.tsx [Server Component]
    ./app/[locale]/page.tsx [Server Component] @ http://localhost:3000/_next/static/chunks/node_modules_next_dist_0u_w_5s._.js:1945
[   22721ms] [ERROR] ./components/motion/hero.ts:3:1
Export setStyle doesn't exist in target module
  1 | import { animate, stagger } from "motion"
  2 | import { DUR, EASE, ms } from "./tokens"
> 3 | import { setStyle, clearStyle } from "./dom"
    | ^^^^^^^^^^^^^^^^^^^^^^^^^^^^^^^^^^^^^^^^^^^^
  4 |
  5 | /**
  6 |  * The hero's motion, and the only motion left on the page that is not driven by a

The export setStyle was not found in module [project]/components/motion/dom.ts [app-client] (ecmascript).
Did you mean to import setStyles?
All exports of the module are statically known (It doesn't have dynamic exports). So it's known statically that the requested export doesn't exist.

Import traces:
  Client Component Browser:
    ./components/motion/hero.ts [Client Component Browser]
    ./components/motion/hero-scope.tsx [Client Component Browser]
    ./components/motion/hero-scope.tsx [Server Component]
    ./app/[locale]/page.tsx [Server Component]

  Client Component SSR:
    ./components/motion/hero.ts [Client Component SSR]
    ./components/motion/hero-scope.tsx [Client Component SSR]
    ./components/motion/hero-scope.tsx [Server Component]
    ./app/[locale]/page.tsx [Server Component] @ http://localhost:3000/_next/static/chunks/node_modules_next_dist_0u_w_5s._.js:1945
[   22721ms] [ERROR] ./components/motion/hero.ts:3:1
Export setStyle doesn't exist in target module
  1 | import { animate, stagger } from "motion"
  2 | import { DUR, EASE, ms } from "./tokens"
> 3 | import { setStyle, clearStyle } from "./dom"
    | ^^^^^^^^^^^^^^^^^^^^^^^^^^^^^^^^^^^^^^^^^^^^
  4 |
  5 | /**
  6 |  * The hero's motion, and the only motion left on the page that is not driven by a

The export setStyle was not found in module [project]/components/motion/dom.ts [app-ssr] (ecmascript).
Did you mean to import setStyles?
All exports of the module are statically known (It doesn't have dynamic exports). So it's known statically that the requested export doesn't exist.

Import traces:
  Client Component Browser:
    ./components/motion/hero.ts [Client Component Browser]
    ./components/motion/hero-scope.tsx [Client Component Browser]
    ./components/motion/hero-scope.tsx [Server Component]
    ./app/[locale]/page.tsx [Server Component]

  Client Component SSR:
    ./components/motion/hero.ts [Client Component SSR]
    ./components/motion/hero-scope.tsx [Client Component SSR]
    ./components/motion/hero-scope.tsx [Server Component]
    ./app/[locale]/page.tsx [Server Component] @ http://localhost:3000/_next/static/chunks/node_modules_next_dist_0u_w_5s._.js:1945
[   22784ms] [ERROR] ./components/motion/hero.ts:3:1
Export clearStyle doesn't exist in target module
  1 | import { animate, stagger } from "motion"
  2 | import { DUR, EASE, ms } from "./tokens"
> 3 | import { setStyle, clearStyle } from "./dom"
    | ^^^^^^^^^^^^^^^^^^^^^^^^^^^^^^^^^^^^^^^^^^^^
  4 |
  5 | /**
  6 |  * The hero's motion, and the only motion left on the page that is not driven by a

The export clearStyle was not found in module [project]/components/motion/dom.ts [app-client] (ecmascript).
Did you mean to import clearStyles?
All exports of the module are statically known (It doesn't have dynamic exports). So it's known statically that the requested export doesn't exist.

Import traces:
  Client Component Browser:
    ./components/motion/hero.ts [Client Component Browser]
    ./components/motion/hero-scope.tsx [Client Component Browser]
    ./components/motion/hero-scope.tsx [Server Component]
    ./app/[locale]/page.tsx [Server Component]

  Client Component SSR:
    ./components/motion/hero.ts [Client Component SSR]
    ./components/motion/hero-scope.tsx [Client Component SSR]
    ./components/motion/hero-scope.tsx [Server Component]
    ./app/[locale]/page.tsx [Server Component] @ http://localhost:3000/_next/static/chunks/node_modules_next_dist_0u_w_5s._.js:1945
[   22784ms] [ERROR] ./components/motion/hero.ts:3:1
Export clearStyle doesn't exist in target module
  1 | import { animate, stagger } from "motion"
  2 | import { DUR, EASE, ms } from "./tokens"
> 3 | import { setStyle, clearStyle } from "./dom"
    | ^^^^^^^^^^^^^^^^^^^^^^^^^^^^^^^^^^^^^^^^^^^^
  4 |
  5 | /**
  6 |  * The hero's motion, and the only motion left on the page that is not driven by a

The export clearStyle was not found in module [project]/components/motion/dom.ts [app-ssr] (ecmascript).
Did you mean to import clearStyles?
All exports of the module are statically known (It doesn't have dynamic exports). So it's known statically that the requested export doesn't exist.

Import traces:
  Client Component Browser:
    ./components/motion/hero.ts [Client Component Browser]
    ./components/motion/hero-scope.tsx [Client Component Browser]
    ./components/motion/hero-scope.tsx [Server Component]
    ./app/[locale]/page.tsx [Server Component]

  Client Component SSR:
    ./components/motion/hero.ts [Client Component SSR]
    ./components/motion/hero-scope.tsx [Client Component SSR]
    ./components/motion/hero-scope.tsx [Server Component]
    ./app/[locale]/page.tsx [Server Component] @ http://localhost:3000/_next/static/chunks/node_modules_next_dist_0u_w_5s._.js:1945
[   22784ms] [ERROR] ./components/motion/hero.ts:3:1
Export setStyle doesn't exist in target module
  1 | import { animate, stagger } from "motion"
  2 | import { DUR, EASE, ms } from "./tokens"
> 3 | import { setStyle, clearStyle } from "./dom"
    | ^^^^^^^^^^^^^^^^^^^^^^^^^^^^^^^^^^^^^^^^^^^^
  4 |
  5 | /**
  6 |  * The hero's motion, and the only motion left on the page that is not driven by a

The export setStyle was not found in module [project]/components/motion/dom.ts [app-client] (ecmascript).
Did you mean to import setStyles?
All exports of the module are statically known (It doesn't have dynamic exports). So it's known statically that the requested export doesn't exist.

Import traces:
  Client Component Browser:
    ./components/motion/hero.ts [Client Component Browser]
    ./components/motion/hero-scope.tsx [Client Component Browser]
    ./components/motion/hero-scope.tsx [Server Component]
    ./app/[locale]/page.tsx [Server Component]

  Client Component SSR:
    ./components/motion/hero.ts [Client Component SSR]
    ./components/motion/hero-scope.tsx [Client Component SSR]
    ./components/motion/hero-scope.tsx [Server Component]
    ./app/[locale]/page.tsx [Server Component] @ http://localhost:3000/_next/static/chunks/node_modules_next_dist_0u_w_5s._.js:1945
[   22784ms] [ERROR] ./components/motion/hero.ts:3:1
Export setStyle doesn't exist in target module
  1 | import { animate, stagger } from "motion"
  2 | import { DUR, EASE, ms } from "./tokens"
> 3 | import { setStyle, clearStyle } from "./dom"
    | ^^^^^^^^^^^^^^^^^^^^^^^^^^^^^^^^^^^^^^^^^^^^
  4 |
  5 | /**
  6 |  * The hero's motion, and the only motion left on the page that is not driven by a

The export setStyle was not found in module [project]/components/motion/dom.ts [app-ssr] (ecmascript).
Did you mean to import setStyles?
All exports of the module are statically known (It doesn't have dynamic exports). So it's known statically that the requested export doesn't exist.

Import traces:
  Client Component Browser:
    ./components/motion/hero.ts [Client Component Browser]
    ./components/motion/hero-scope.tsx [Client Component Browser]
    ./components/motion/hero-scope.tsx [Server Component]
    ./app/[locale]/page.tsx [Server Component]

  Client Component SSR:
    ./components/motion/hero.ts [Client Component SSR]
    ./components/motion/hero-scope.tsx [Client Component SSR]
    ./components/motion/hero-scope.tsx [Server Component]
    ./app/[locale]/page.tsx [Server Component] @ http://localhost:3000/_next/static/chunks/node_modules_next_dist_0u_w_5s._.js:1945
[   22844ms] [ERROR] ./components/motion/hero.ts:3:1
Export clearStyle doesn't exist in target module
  1 | import { animate, stagger } from "motion"
  2 | import { DUR, EASE, ms } from "./tokens"
> 3 | import { setStyle, clearStyle } from "./dom"
    | ^^^^^^^^^^^^^^^^^^^^^^^^^^^^^^^^^^^^^^^^^^^^
  4 |
  5 | /**
  6 |  * The hero's motion, and the only motion left on the page that is not driven by a

The export clearStyle was not found in module [project]/components/motion/dom.ts [app-client] (ecmascript).
Did you mean to import clearStyles?
All exports of the module are statically known (It doesn't have dynamic exports). So it's known statically that the requested export doesn't exist.

Import traces:
  Client Component Browser:
    ./components/motion/hero.ts [Client Component Browser]
    ./components/motion/hero-scope.tsx [Client Component Browser]
    ./components/motion/hero-scope.tsx [Server Component]
    ./app/[locale]/page.tsx [Server Component]

  Client Component SSR:
    ./components/motion/hero.ts [Client Component SSR]
    ./components/motion/hero-scope.tsx [Client Component SSR]
    ./components/motion/hero-scope.tsx [Server Component]
    ./app/[locale]/page.tsx [Server Component] @ http://localhost:3000/_next/static/chunks/node_modules_next_dist_0u_w_5s._.js:1945
[   22844ms] [ERROR] ./components/motion/hero.ts:3:1
Export clearStyle doesn't exist in target module
  1 | import { animate, stagger } from "motion"
  2 | import { DUR, EASE, ms } from "./tokens"
> 3 | import { setStyle, clearStyle } from "./dom"
    | ^^^^^^^^^^^^^^^^^^^^^^^^^^^^^^^^^^^^^^^^^^^^
  4 |
  5 | /**
  6 |  * The hero's motion, and the only motion left on the page that is not driven by a

The export clearStyle was not found in module [project]/components/motion/dom.ts [app-ssr] (ecmascript).
Did you mean to import clearStyles?
All exports of the module are statically known (It doesn't have dynamic exports). So it's known statically that the requested export doesn't exist.

Import traces:
  Client Component Browser:
    ./components/motion/hero.ts [Client Component Browser]
    ./components/motion/hero-scope.tsx [Client Component Browser]
    ./components/motion/hero-scope.tsx [Server Component]
    ./app/[locale]/page.tsx [Server Component]

  Client Component SSR:
    ./components/motion/hero.ts [Client Component SSR]
    ./components/motion/hero-scope.tsx [Client Component SSR]
    ./components/motion/hero-scope.tsx [Server Component]
    ./app/[locale]/page.tsx [Server Component] @ http://localhost:3000/_next/static/chunks/node_modules_next_dist_0u_w_5s._.js:1945
[   22845ms] [ERROR] ./components/motion/hero.ts:3:1
Export setStyle doesn't exist in target module
  1 | import { animate, stagger } from "motion"
  2 | import { DUR, EASE, ms } from "./tokens"
> 3 | import { setStyle, clearStyle } from "./dom"
    | ^^^^^^^^^^^^^^^^^^^^^^^^^^^^^^^^^^^^^^^^^^^^
  4 |
  5 | /**
  6 |  * The hero's motion, and the only motion left on the page that is not driven by a

The export setStyle was not found in module [project]/components/motion/dom.ts [app-client] (ecmascript).
Did you mean to import setStyles?
All exports of the module are statically known (It doesn't have dynamic exports). So it's known statically that the requested export doesn't exist.

Import traces:
  Client Component Browser:
    ./components/motion/hero.ts [Client Component Browser]
    ./components/motion/hero-scope.tsx [Client Component Browser]
    ./components/motion/hero-scope.tsx [Server Component]
    ./app/[locale]/page.tsx [Server Component]

  Client Component SSR:
    ./components/motion/hero.ts [Client Component SSR]
    ./components/motion/hero-scope.tsx [Client Component SSR]
    ./components/motion/hero-scope.tsx [Server Component]
    ./app/[locale]/page.tsx [Server Component] @ http://localhost:3000/_next/static/chunks/node_modules_next_dist_0u_w_5s._.js:1945
[   22845ms] [ERROR] ./components/motion/hero.ts:3:1
Export setStyle doesn't exist in target module
  1 | import { animate, stagger } from "motion"
  2 | import { DUR, EASE, ms } from "./tokens"
> 3 | import { setStyle, clearStyle } from "./dom"
    | ^^^^^^^^^^^^^^^^^^^^^^^^^^^^^^^^^^^^^^^^^^^^
  4 |
  5 | /**
  6 |  * The hero's motion, and the only motion left on the page that is not driven by a

The export setStyle was not found in module [project]/components/motion/dom.ts [app-ssr] (ecmascript).
Did you mean to import setStyles?
All exports of the module are statically known (It doesn't have dynamic exports). So it's known statically that the requested export doesn't exist.

Import traces:
  Client Component Browser:
    ./components/motion/hero.ts [Client Component Browser]
    ./components/motion/hero-scope.tsx [Client Component Browser]
    ./components/motion/hero-scope.tsx [Server Component]
    ./app/[locale]/page.tsx [Server Component]

  Client Component SSR:
    ./components/motion/hero.ts [Client Component SSR]
    ./components/motion/hero-scope.tsx [Client Component SSR]
    ./components/motion/hero-scope.tsx [Server Component]
    ./app/[locale]/page.tsx [Server Component] @ http://localhost:3000/_next/static/chunks/node_modules_next_dist_0u_w_5s._.js:1945
[   22906ms] [ERROR] ./components/motion/hero.ts:3:1
Export clearStyle doesn't exist in target module
  1 | import { animate, stagger } from "motion"
  2 | import { DUR, EASE, ms } from "./tokens"
> 3 | import { setStyle, clearStyle } from "./dom"
    | ^^^^^^^^^^^^^^^^^^^^^^^^^^^^^^^^^^^^^^^^^^^^
  4 |
  5 | /**
  6 |  * The hero's motion, and the only motion left on the page that is not driven by a

The export clearStyle was not found in module [project]/components/motion/dom.ts [app-client] (ecmascript).
Did you mean to import clearStyles?
All exports of the module are statically known (It doesn't have dynamic exports). So it's known statically that the requested export doesn't exist.

Import traces:
  Client Component Browser:
    ./components/motion/hero.ts [Client Component Browser]
    ./components/motion/hero-scope.tsx [Client Component Browser]
    ./components/motion/hero-scope.tsx [Server Component]
    ./app/[locale]/page.tsx [Server Component]

  Client Component SSR:
    ./components/motion/hero.ts [Client Component SSR]
    ./components/motion/hero-scope.tsx [Client Component SSR]
    ./components/motion/hero-scope.tsx [Server Component]
    ./app/[locale]/page.tsx [Server Component] @ http://localhost:3000/_next/static/chunks/node_modules_next_dist_0u_w_5s._.js:1945
[   22907ms] [ERROR] ./components/motion/hero.ts:3:1
Export clearStyle doesn't exist in target module
  1 | import { animate, stagger } from "motion"
  2 | import { DUR, EASE, ms } from "./tokens"
> 3 | import { setStyle, clearStyle } from "./dom"
    | ^^^^^^^^^^^^^^^^^^^^^^^^^^^^^^^^^^^^^^^^^^^^
  4 |
  5 | /**
  6 |  * The hero's motion, and the only motion left on the page that is not driven by a

The export clearStyle was not found in module [project]/components/motion/dom.ts [app-ssr] (ecmascript).
Did you mean to import clearStyles?
All exports of the module are statically known (It doesn't have dynamic exports). So it's known statically that the requested export doesn't exist.

Import traces:
  Client Component Browser:
    ./components/motion/hero.ts [Client Component Browser]
    ./components/motion/hero-scope.tsx [Client Component Browser]
    ./components/motion/hero-scope.tsx [Server Component]
    ./app/[locale]/page.tsx [Server Component]

  Client Component SSR:
    ./components/motion/hero.ts [Client Component SSR]
    ./components/motion/hero-scope.tsx [Client Component SSR]
    ./components/motion/hero-scope.tsx [Server Component]
    ./app/[locale]/page.tsx [Server Component] @ http://localhost:3000/_next/static/chunks/node_modules_next_dist_0u_w_5s._.js:1945
[   22907ms] [ERROR] ./components/motion/hero.ts:3:1
Export setStyle doesn't exist in target module
  1 | import { animate, stagger } from "motion"
  2 | import { DUR, EASE, ms } from "./tokens"
> 3 | import { setStyle, clearStyle } from "./dom"
    | ^^^^^^^^^^^^^^^^^^^^^^^^^^^^^^^^^^^^^^^^^^^^
  4 |
  5 | /**
  6 |  * The hero's motion, and the only motion left on the page that is not driven by a

The export setStyle was not found in module [project]/components/motion/dom.ts [app-client] (ecmascript).
Did you mean to import setStyles?
All exports of the module are statically known (It doesn't have dynamic exports). So it's known statically that the requested export doesn't exist.

Import traces:
  Client Component Browser:
    ./components/motion/hero.ts [Client Component Browser]
    ./components/motion/hero-scope.tsx [Client Component Browser]
    ./components/motion/hero-scope.tsx [Server Component]
    ./app/[locale]/page.tsx [Server Component]

  Client Component SSR:
    ./components/motion/hero.ts [Client Component SSR]
    ./components/motion/hero-scope.tsx [Client Component SSR]
    ./components/motion/hero-scope.tsx [Server Component]
    ./app/[locale]/page.tsx [Server Component] @ http://localhost:3000/_next/static/chunks/node_modules_next_dist_0u_w_5s._.js:1945
[   22907ms] [ERROR] ./components/motion/hero.ts:3:1
Export setStyle doesn't exist in target module
  1 | import { animate, stagger } from "motion"
  2 | import { DUR, EASE, ms } from "./tokens"
> 3 | import { setStyle, clearStyle } from "./dom"
    | ^^^^^^^^^^^^^^^^^^^^^^^^^^^^^^^^^^^^^^^^^^^^
  4 |
  5 | /**
  6 |  * The hero's motion, and the only motion left on the page that is not driven by a

The export setStyle was not found in module [project]/components/motion/dom.ts [app-ssr] (ecmascript).
Did you mean to import setStyles?
All exports of the module are statically known (It doesn't have dynamic exports). So it's known statically that the requested export doesn't exist.

Import traces:
  Client Component Browser:
    ./components/motion/hero.ts [Client Component Browser]
    ./components/motion/hero-scope.tsx [Client Component Browser]
    ./components/motion/hero-scope.tsx [Server Component]
    ./app/[locale]/page.tsx [Server Component]

  Client Component SSR:
    ./components/motion/hero.ts [Client Component SSR]
    ./components/motion/hero-scope.tsx [Client Component SSR]
    ./components/motion/hero-scope.tsx [Server Component]
    ./app/[locale]/page.tsx [Server Component] @ http://localhost:3000/_next/static/chunks/node_modules_next_dist_0u_w_5s._.js:1945
[   22968ms] [ERROR] ./components/motion/hero.ts:3:1
Export clearStyle doesn't exist in target module
  1 | import { animate, stagger } from "motion"
  2 | import { DUR, EASE, ms } from "./tokens"
> 3 | import { setStyle, clearStyle } from "./dom"
    | ^^^^^^^^^^^^^^^^^^^^^^^^^^^^^^^^^^^^^^^^^^^^
  4 |
  5 | /**
  6 |  * The hero's motion, and the only motion left on the page that is not driven by a

The export clearStyle was not found in module [project]/components/motion/dom.ts [app-client] (ecmascript).
Did you mean to import clearStyles?
All exports of the module are statically known (It doesn't have dynamic exports). So it's known statically that the requested export doesn't exist.

Import traces:
  Client Component Browser:
    ./components/motion/hero.ts [Client Component Browser]
    ./components/motion/hero-scope.tsx [Client Component Browser]
    ./components/motion/hero-scope.tsx [Server Component]
    ./app/[locale]/page.tsx [Server Component]

  Client Component SSR:
    ./components/motion/hero.ts [Client Component SSR]
    ./components/motion/hero-scope.tsx [Client Component SSR]
    ./components/motion/hero-scope.tsx [Server Component]
    ./app/[locale]/page.tsx [Server Component] @ http://localhost:3000/_next/static/chunks/node_modules_next_dist_0u_w_5s._.js:1945
[   22968ms] [ERROR] ./components/motion/hero.ts:3:1
Export clearStyle doesn't exist in target module
  1 | import { animate, stagger } from "motion"
  2 | import { DUR, EASE, ms } from "./tokens"
> 3 | import { setStyle, clearStyle } from "./dom"
    | ^^^^^^^^^^^^^^^^^^^^^^^^^^^^^^^^^^^^^^^^^^^^
  4 |
  5 | /**
  6 |  * The hero's motion, and the only motion left on the page that is not driven by a

The export clearStyle was not found in module [project]/components/motion/dom.ts [app-ssr] (ecmascript).
Did you mean to import clearStyles?
All exports of the module are statically known (It doesn't have dynamic exports). So it's known statically that the requested export doesn't exist.

Import traces:
  Client Component Browser:
    ./components/motion/hero.ts [Client Component Browser]
    ./components/motion/hero-scope.tsx [Client Component Browser]
    ./components/motion/hero-scope.tsx [Server Component]
    ./app/[locale]/page.tsx [Server Component]

  Client Component SSR:
    ./components/motion/hero.ts [Client Component SSR]
    ./components/motion/hero-scope.tsx [Client Component SSR]
    ./components/motion/hero-scope.tsx [Server Component]
    ./app/[locale]/page.tsx [Server Component] @ http://localhost:3000/_next/static/chunks/node_modules_next_dist_0u_w_5s._.js:1945
[   22969ms] [ERROR] ./components/motion/hero.ts:3:1
Export setStyle doesn't exist in target module
  1 | import { animate, stagger } from "motion"
  2 | import { DUR, EASE, ms } from "./tokens"
> 3 | import { setStyle, clearStyle } from "./dom"
    | ^^^^^^^^^^^^^^^^^^^^^^^^^^^^^^^^^^^^^^^^^^^^
  4 |
  5 | /**
  6 |  * The hero's motion, and the only motion left on the page that is not driven by a

The export setStyle was not found in module [project]/components/motion/dom.ts [app-client] (ecmascript).
Did you mean to import setStyles?
All exports of the module are statically known (It doesn't have dynamic exports). So it's known statically that the requested export doesn't exist.

Import traces:
  Client Component Browser:
    ./components/motion/hero.ts [Client Component Browser]
    ./components/motion/hero-scope.tsx [Client Component Browser]
    ./components/motion/hero-scope.tsx [Server Component]
    ./app/[locale]/page.tsx [Server Component]

  Client Component SSR:
    ./components/motion/hero.ts [Client Component SSR]
    ./components/motion/hero-scope.tsx [Client Component SSR]
    ./components/motion/hero-scope.tsx [Server Component]
    ./app/[locale]/page.tsx [Server Component] @ http://localhost:3000/_next/static/chunks/node_modules_next_dist_0u_w_5s._.js:1945
[   22969ms] [ERROR] ./components/motion/hero.ts:3:1
Export setStyle doesn't exist in target module
  1 | import { animate, stagger } from "motion"
  2 | import { DUR, EASE, ms } from "./tokens"
> 3 | import { setStyle, clearStyle } from "./dom"
    | ^^^^^^^^^^^^^^^^^^^^^^^^^^^^^^^^^^^^^^^^^^^^
  4 |
  5 | /**
  6 |  * The hero's motion, and the only motion left on the page that is not driven by a

The export setStyle was not found in module [project]/components/motion/dom.ts [app-ssr] (ecmascript).
Did you mean to import setStyles?
All exports of the module are statically known (It doesn't have dynamic exports). So it's known statically that the requested export doesn't exist.

Import traces:
  Client Component Browser:
    ./components/motion/hero.ts [Client Component Browser]
    ./components/motion/hero-scope.tsx [Client Component Browser]
    ./components/motion/hero-scope.tsx [Server Component]
    ./app/[locale]/page.tsx [Server Component]

  Client Component SSR:
    ./components/motion/hero.ts [Client Component SSR]
    ./components/motion/hero-scope.tsx [Client Component SSR]
    ./components/motion/hero-scope.tsx [Server Component]
    ./app/[locale]/page.tsx [Server Component] @ http://localhost:3000/_next/static/chunks/node_modules_next_dist_0u_w_5s._.js:1945
[   23029ms] [ERROR] ./components/motion/hero.ts:3:1
Export clearStyle doesn't exist in target module
  1 | import { animate, stagger } from "motion"
  2 | import { DUR, EASE, ms } from "./tokens"
> 3 | import { setStyle, clearStyle } from "./dom"
    | ^^^^^^^^^^^^^^^^^^^^^^^^^^^^^^^^^^^^^^^^^^^^
  4 |
  5 | /**
  6 |  * The hero's motion, and the only motion left on the page that is not driven by a

The export clearStyle was not found in module [project]/components/motion/dom.ts [app-client] (ecmascript).
Did you mean to import clearStyles?
All exports of the module are statically known (It doesn't have dynamic exports). So it's known statically that the requested export doesn't exist.

Import traces:
  Client Component Browser:
    ./components/motion/hero.ts [Client Component Browser]
    ./components/motion/hero-scope.tsx [Client Component Browser]
    ./components/motion/hero-scope.tsx [Server Component]
    ./app/[locale]/page.tsx [Server Component]

  Client Component SSR:
    ./components/motion/hero.ts [Client Component SSR]
    ./components/motion/hero-scope.tsx [Client Component SSR]
    ./components/motion/hero-scope.tsx [Server Component]
    ./app/[locale]/page.tsx [Server Component] @ http://localhost:3000/_next/static/chunks/node_modules_next_dist_0u_w_5s._.js:1945
[   23029ms] [ERROR] ./components/motion/hero.ts:3:1
Export clearStyle doesn't exist in target module
  1 | import { animate, stagger } from "motion"
  2 | import { DUR, EASE, ms } from "./tokens"
> 3 | import { setStyle, clearStyle } from "./dom"
    | ^^^^^^^^^^^^^^^^^^^^^^^^^^^^^^^^^^^^^^^^^^^^
  4 |
  5 | /**
  6 |  * The hero's motion, and the only motion left on the page that is not driven by a

The export clearStyle was not found in module [project]/components/motion/dom.ts [app-ssr] (ecmascript).
Did you mean to import clearStyles?
All exports of the module are statically known (It doesn't have dynamic exports). So it's known statically that the requested export doesn't exist.

Import traces:
  Client Component Browser:
    ./components/motion/hero.ts [Client Component Browser]
    ./components/motion/hero-scope.tsx [Client Component Browser]
    ./components/motion/hero-scope.tsx [Server Component]
    ./app/[locale]/page.tsx [Server Component]

  Client Component SSR:
    ./components/motion/hero.ts [Client Component SSR]
    ./components/motion/hero-scope.tsx [Client Component SSR]
    ./components/motion/hero-scope.tsx [Server Component]
    ./app/[locale]/page.tsx [Server Component] @ http://localhost:3000/_next/static/chunks/node_modules_next_dist_0u_w_5s._.js:1945
[   23029ms] [ERROR] ./components/motion/hero.ts:3:1
Export setStyle doesn't exist in target module
  1 | import { animate, stagger } from "motion"
  2 | import { DUR, EASE, ms } from "./tokens"
> 3 | import { setStyle, clearStyle } from "./dom"
    | ^^^^^^^^^^^^^^^^^^^^^^^^^^^^^^^^^^^^^^^^^^^^
  4 |
  5 | /**
  6 |  * The hero's motion, and the only motion left on the page that is not driven by a

The export setStyle was not found in module [project]/components/motion/dom.ts [app-client] (ecmascript).
Did you mean to import setStyles?
All exports of the module are statically known (It doesn't have dynamic exports). So it's known statically that the requested export doesn't exist.

Import traces:
  Client Component Browser:
    ./components/motion/hero.ts [Client Component Browser]
    ./components/motion/hero-scope.tsx [Client Component Browser]
    ./components/motion/hero-scope.tsx [Server Component]
    ./app/[locale]/page.tsx [Server Component]

  Client Component SSR:
    ./components/motion/hero.ts [Client Component SSR]
    ./components/motion/hero-scope.tsx [Client Component SSR]
    ./components/motion/hero-scope.tsx [Server Component]
    ./app/[locale]/page.tsx [Server Component] @ http://localhost:3000/_next/static/chunks/node_modules_next_dist_0u_w_5s._.js:1945
[   23029ms] [ERROR] ./components/motion/hero.ts:3:1
Export setStyle doesn't exist in target module
  1 | import { animate, stagger } from "motion"
  2 | import { DUR, EASE, ms } from "./tokens"
> 3 | import { setStyle, clearStyle } from "./dom"
    | ^^^^^^^^^^^^^^^^^^^^^^^^^^^^^^^^^^^^^^^^^^^^
  4 |
  5 | /**
  6 |  * The hero's motion, and the only motion left on the page that is not driven by a

The export setStyle was not found in module [project]/components/motion/dom.ts [app-ssr] (ecmascript).
Did you mean to import setStyles?
All exports of the module are statically known (It doesn't have dynamic exports). So it's known statically that the requested export doesn't exist.

Import traces:
  Client Component Browser:
    ./components/motion/hero.ts [Client Component Browser]
    ./components/motion/hero-scope.tsx [Client Component Browser]
    ./components/motion/hero-scope.tsx [Server Component]
    ./app/[locale]/page.tsx [Server Component]

  Client Component SSR:
    ./components/motion/hero.ts [Client Component SSR]
    ./components/motion/hero-scope.tsx [Client Component SSR]
    ./components/motion/hero-scope.tsx [Server Component]
    ./app/[locale]/page.tsx [Server Component] @ http://localhost:3000/_next/static/chunks/node_modules_next_dist_0u_w_5s._.js:1945
[   23079ms] [ERROR] ./components/motion/hero.ts:3:1
Export clearStyle doesn't exist in target module
  1 | import { animate, stagger } from "motion"
  2 | import { DUR, EASE, ms } from "./tokens"
> 3 | import { setStyle, clearStyle } from "./dom"
    | ^^^^^^^^^^^^^^^^^^^^^^^^^^^^^^^^^^^^^^^^^^^^
  4 |
  5 | /**
  6 |  * The hero's motion, and the only motion left on the page that is not driven by a

The export clearStyle was not found in module [project]/components/motion/dom.ts [app-client] (ecmascript).
Did you mean to import clearStyles?
All exports of the module are statically known (It doesn't have dynamic exports). So it's known statically that the requested export doesn't exist.

Import traces:
  Client Component Browser:
    ./components/motion/hero.ts [Client Component Browser]
    ./components/motion/hero-scope.tsx [Client Component Browser]
    ./components/motion/hero-scope.tsx [Server Component]
    ./app/[locale]/page.tsx [Server Component]

  Client Component SSR:
    ./components/motion/hero.ts [Client Component SSR]
    ./components/motion/hero-scope.tsx [Client Component SSR]
    ./components/motion/hero-scope.tsx [Server Component]
    ./app/[locale]/page.tsx [Server Component] @ http://localhost:3000/_next/static/chunks/node_modules_next_dist_0u_w_5s._.js:1945
[   23079ms] [ERROR] ./components/motion/hero.ts:3:1
Export clearStyle doesn't exist in target module
  1 | import { animate, stagger } from "motion"
  2 | import { DUR, EASE, ms } from "./tokens"
> 3 | import { setStyle, clearStyle } from "./dom"
    | ^^^^^^^^^^^^^^^^^^^^^^^^^^^^^^^^^^^^^^^^^^^^
  4 |
  5 | /**
  6 |  * The hero's motion, and the only motion left on the page that is not driven by a

The export clearStyle was not found in module [project]/components/motion/dom.ts [app-ssr] (ecmascript).
Did you mean to import clearStyles?
All exports of the module are statically known (It doesn't have dynamic exports). So it's known statically that the requested export doesn't exist.

Import traces:
  Client Component Browser:
    ./components/motion/hero.ts [Client Component Browser]
    ./components/motion/hero-scope.tsx [Client Component Browser]
    ./components/motion/hero-scope.tsx [Server Component]
    ./app/[locale]/page.tsx [Server Component]

  Client Component SSR:
    ./components/motion/hero.ts [Client Component SSR]
    ./components/motion/hero-scope.tsx [Client Component SSR]
    ./components/motion/hero-scope.tsx [Server Component]
    ./app/[locale]/page.tsx [Server Component] @ http://localhost:3000/_next/static/chunks/node_modules_next_dist_0u_w_5s._.js:1945
[   23079ms] [ERROR] ./components/motion/hero.ts:3:1
Export setStyle doesn't exist in target module
  1 | import { animate, stagger } from "motion"
  2 | import { DUR, EASE, ms } from "./tokens"
> 3 | import { setStyle, clearStyle } from "./dom"
    | ^^^^^^^^^^^^^^^^^^^^^^^^^^^^^^^^^^^^^^^^^^^^
  4 |
  5 | /**
  6 |  * The hero's motion, and the only motion left on the page that is not driven by a

The export setStyle was not found in module [project]/components/motion/dom.ts [app-client] (ecmascript).
Did you mean to import setStyles?
All exports of the module are statically known (It doesn't have dynamic exports). So it's known statically that the requested export doesn't exist.

Import traces:
  Client Component Browser:
    ./components/motion/hero.ts [Client Component Browser]
    ./components/motion/hero-scope.tsx [Client Component Browser]
    ./components/motion/hero-scope.tsx [Server Component]
    ./app/[locale]/page.tsx [Server Component]

  Client Component SSR:
    ./components/motion/hero.ts [Client Component SSR]
    ./components/motion/hero-scope.tsx [Client Component SSR]
    ./components/motion/hero-scope.tsx [Server Component]
    ./app/[locale]/page.tsx [Server Component] @ http://localhost:3000/_next/static/chunks/node_modules_next_dist_0u_w_5s._.js:1945
[   23079ms] [ERROR] ./components/motion/hero.ts:3:1
Export setStyle doesn't exist in target module
  1 | import { animate, stagger } from "motion"
  2 | import { DUR, EASE, ms } from "./tokens"
> 3 | import { setStyle, clearStyle } from "./dom"
    | ^^^^^^^^^^^^^^^^^^^^^^^^^^^^^^^^^^^^^^^^^^^^
  4 |
  5 | /**
  6 |  * The hero's motion, and the only motion left on the page that is not driven by a

The export setStyle was not found in module [project]/components/motion/dom.ts [app-ssr] (ecmascript).
Did you mean to import setStyles?
All exports of the module are statically known (It doesn't have dynamic exports). So it's known statically that the requested export doesn't exist.

Import traces:
  Client Component Browser:
    ./components/motion/hero.ts [Client Component Browser]
    ./components/motion/hero-scope.tsx [Client Component Browser]
    ./components/motion/hero-scope.tsx [Server Component]
    ./app/[locale]/page.tsx [Server Component]

  Client Component SSR:
    ./components/motion/hero.ts [Client Component SSR]
    ./components/motion/hero-scope.tsx [Client Component SSR]
    ./components/motion/hero-scope.tsx [Server Component]
    ./app/[locale]/page.tsx [Server Component] @ http://localhost:3000/_next/static/chunks/node_modules_next_dist_0u_w_5s._.js:1945
[   23183ms] [LOG] [Fast Refresh] rebuilding @ http://localhost:3000/_next/static/chunks/node_modules_next_dist_0u_w_5s._.js:1226
[   23294ms] [ERROR] ./components/motion/hero.ts:3:1
Export clearStyle doesn't exist in target module
  1 | import { animate, stagger } from "motion"
  2 | import { DUR, EASE, ms } from "./tokens"
> 3 | import { setStyle, clearStyle } from "./dom"
    | ^^^^^^^^^^^^^^^^^^^^^^^^^^^^^^^^^^^^^^^^^^^^
  4 |
  5 | /**
  6 |  * The hero's motion, and the only motion left on the page that is not driven by a

The export clearStyle was not found in module [project]/components/motion/dom.ts [app-client] (ecmascript).
Did you mean to import clearStyles?
All exports of the module are statically known (It doesn't have dynamic exports). So it's known statically that the requested export doesn't exist.

Import traces:
  Client Component Browser:
    ./components/motion/hero.ts [Client Component Browser]
    ./components/motion/hero-scope.tsx [Client Component Browser]
    ./components/motion/hero-scope.tsx [Server Component]
    ./app/[locale]/page.tsx [Server Component]

  Client Component SSR:
    ./components/motion/hero.ts [Client Component SSR]
    ./components/motion/hero-scope.tsx [Client Component SSR]
    ./components/motion/hero-scope.tsx [Server Component]
    ./app/[locale]/page.tsx [Server Component] @ http://localhost:3000/_next/static/chunks/node_modules_next_dist_0u_w_5s._.js:1945
[   23294ms] [ERROR] ./components/motion/hero.ts:3:1
Export clearStyle doesn't exist in target module
  1 | import { animate, stagger } from "motion"
  2 | import { DUR, EASE, ms } from "./tokens"
> 3 | import { setStyle, clearStyle } from "./dom"
    | ^^^^^^^^^^^^^^^^^^^^^^^^^^^^^^^^^^^^^^^^^^^^
  4 |
  5 | /**
  6 |  * The hero's motion, and the only motion left on the page that is not driven by a

The export clearStyle was not found in module [project]/components/motion/dom.ts [app-ssr] (ecmascript).
Did you mean to import clearStyles?
All exports of the module are statically known (It doesn't have dynamic exports). So it's known statically that the requested export doesn't exist.

Import traces:
  Client Component Browser:
    ./components/motion/hero.ts [Client Component Browser]
    ./components/motion/hero-scope.tsx [Client Component Browser]
    ./components/motion/hero-scope.tsx [Server Component]
    ./app/[locale]/page.tsx [Server Component]

  Client Component SSR:
    ./components/motion/hero.ts [Client Component SSR]
    ./components/motion/hero-scope.tsx [Client Component SSR]
    ./components/motion/hero-scope.tsx [Server Component]
    ./app/[locale]/page.tsx [Server Component] @ http://localhost:3000/_next/static/chunks/node_modules_next_dist_0u_w_5s._.js:1945
[   23294ms] [ERROR] ./components/motion/hero.ts:3:1
Export setStyle doesn't exist in target module
  1 | import { animate, stagger } from "motion"
  2 | import { DUR, EASE, ms } from "./tokens"
> 3 | import { setStyle, clearStyle } from "./dom"
    | ^^^^^^^^^^^^^^^^^^^^^^^^^^^^^^^^^^^^^^^^^^^^
  4 |
  5 | /**
  6 |  * The hero's motion, and the only motion left on the page that is not driven by a

The export setStyle was not found in module [project]/components/motion/dom.ts [app-client] (ecmascript).
Did you mean to import setStyles?
All exports of the module are statically known (It doesn't have dynamic exports). So it's known statically that the requested export doesn't exist.

Import traces:
  Client Component Browser:
    ./components/motion/hero.ts [Client Component Browser]
    ./components/motion/hero-scope.tsx [Client Component Browser]
    ./components/motion/hero-scope.tsx [Server Component]
    ./app/[locale]/page.tsx [Server Component]

  Client Component SSR:
    ./components/motion/hero.ts [Client Component SSR]
    ./components/motion/hero-scope.tsx [Client Component SSR]
    ./components/motion/hero-scope.tsx [Server Component]
    ./app/[locale]/page.tsx [Server Component] @ http://localhost:3000/_next/static/chunks/node_modules_next_dist_0u_w_5s._.js:1945
[   23294ms] [ERROR] ./components/motion/hero.ts:3:1
Export setStyle doesn't exist in target module
  1 | import { animate, stagger } from "motion"
  2 | import { DUR, EASE, ms } from "./tokens"
> 3 | import { setStyle, clearStyle } from "./dom"
    | ^^^^^^^^^^^^^^^^^^^^^^^^^^^^^^^^^^^^^^^^^^^^
  4 |
  5 | /**
  6 |  * The hero's motion, and the only motion left on the page that is not driven by a

The export setStyle was not found in module [project]/components/motion/dom.ts [app-ssr] (ecmascript).
Did you mean to import setStyles?
All exports of the module are statically known (It doesn't have dynamic exports). So it's known statically that the requested export doesn't exist.

Import traces:
  Client Component Browser:
    ./components/motion/hero.ts [Client Component Browser]
    ./components/motion/hero-scope.tsx [Client Component Browser]
    ./components/motion/hero-scope.tsx [Server Component]
    ./app/[locale]/page.tsx [Server Component]

  Client Component SSR:
    ./components/motion/hero.ts [Client Component SSR]
    ./components/motion/hero-scope.tsx [Client Component SSR]
    ./components/motion/hero-scope.tsx [Server Component]
    ./app/[locale]/page.tsx [Server Component] @ http://localhost:3000/_next/static/chunks/node_modules_next_dist_0u_w_5s._.js:1945
[   23411ms] [ERROR] ./components/motion/hero.ts:3:1
Export clearStyle doesn't exist in target module
  1 | import { animate, stagger } from "motion"
  2 | import { DUR, EASE, ms } from "./tokens"
> 3 | import { setStyle, clearStyle } from "./dom"
    | ^^^^^^^^^^^^^^^^^^^^^^^^^^^^^^^^^^^^^^^^^^^^
  4 |
  5 | /**
  6 |  * The hero's motion, and the only motion left on the page that is not driven by a

The export clearStyle was not found in module [project]/components/motion/dom.ts [app-client] (ecmascript).
Did you mean to import clearStyles?
All exports of the module are statically known (It doesn't have dynamic exports). So it's known statically that the requested export doesn't exist.

Import traces:
  Client Component Browser:
    ./components/motion/hero.ts [Client Component Browser]
    ./components/motion/hero-scope.tsx [Client Component Browser]
    ./components/motion/hero-scope.tsx [Server Component]
    ./app/[locale]/page.tsx [Server Component]

  Client Component SSR:
    ./components/motion/hero.ts [Client Component SSR]
    ./components/motion/hero-scope.tsx [Client Component SSR]
    ./components/motion/hero-scope.tsx [Server Component]
    ./app/[locale]/page.tsx [Server Component] @ http://localhost:3000/_next/static/chunks/node_modules_next_dist_0u_w_5s._.js:1945
[   23411ms] [ERROR] ./components/motion/hero.ts:3:1
Export clearStyle doesn't exist in target module
  1 | import { animate, stagger } from "motion"
  2 | import { DUR, EASE, ms } from "./tokens"
> 3 | import { setStyle, clearStyle } from "./dom"
    | ^^^^^^^^^^^^^^^^^^^^^^^^^^^^^^^^^^^^^^^^^^^^
  4 |
  5 | /**
  6 |  * The hero's motion, and the only motion left on the page that is not driven by a

The export clearStyle was not found in module [project]/components/motion/dom.ts [app-ssr] (ecmascript).
Did you mean to import clearStyles?
All exports of the module are statically known (It doesn't have dynamic exports). So it's known statically that the requested export doesn't exist.

Import traces:
  Client Component Browser:
    ./components/motion/hero.ts [Client Component Browser]
    ./components/motion/hero-scope.tsx [Client Component Browser]
    ./components/motion/hero-scope.tsx [Server Component]
    ./app/[locale]/page.tsx [Server Component]

  Client Component SSR:
    ./components/motion/hero.ts [Client Component SSR]
    ./components/motion/hero-scope.tsx [Client Component SSR]
    ./components/motion/hero-scope.tsx [Server Component]
    ./app/[locale]/page.tsx [Server Component] @ http://localhost:3000/_next/static/chunks/node_modules_next_dist_0u_w_5s._.js:1945
[   23411ms] [ERROR] ./components/motion/hero.ts:3:1
Export setStyle doesn't exist in target module
  1 | import { animate, stagger } from "motion"
  2 | import { DUR, EASE, ms } from "./tokens"
> 3 | import { setStyle, clearStyle } from "./dom"
    | ^^^^^^^^^^^^^^^^^^^^^^^^^^^^^^^^^^^^^^^^^^^^
  4 |
  5 | /**
  6 |  * The hero's motion, and the only motion left on the page that is not driven by a

The export setStyle was not found in module [project]/components/motion/dom.ts [app-client] (ecmascript).
Did you mean to import setStyles?
All exports of the module are statically known (It doesn't have dynamic exports). So it's known statically that the requested export doesn't exist.

Import traces:
  Client Component Browser:
    ./components/motion/hero.ts [Client Component Browser]
    ./components/motion/hero-scope.tsx [Client Component Browser]
    ./components/motion/hero-scope.tsx [Server Component]
    ./app/[locale]/page.tsx [Server Component]

  Client Component SSR:
    ./components/motion/hero.ts [Client Component SSR]
    ./components/motion/hero-scope.tsx [Client Component SSR]
    ./components/motion/hero-scope.tsx [Server Component]
    ./app/[locale]/page.tsx [Server Component] @ http://localhost:3000/_next/static/chunks/node_modules_next_dist_0u_w_5s._.js:1945
[   23411ms] [ERROR] ./components/motion/hero.ts:3:1
Export setStyle doesn't exist in target module
  1 | import { animate, stagger } from "motion"
  2 | import { DUR, EASE, ms } from "./tokens"
> 3 | import { setStyle, clearStyle } from "./dom"
    | ^^^^^^^^^^^^^^^^^^^^^^^^^^^^^^^^^^^^^^^^^^^^
  4 |
  5 | /**
  6 |  * The hero's motion, and the only motion left on the page that is not driven by a

The export setStyle was not found in module [project]/components/motion/dom.ts [app-ssr] (ecmascript).
Did you mean to import setStyles?
All exports of the module are statically known (It doesn't have dynamic exports). So it's known statically that the requested export doesn't exist.

Import traces:
  Client Component Browser:
    ./components/motion/hero.ts [Client Component Browser]
    ./components/motion/hero-scope.tsx [Client Component Browser]
    ./components/motion/hero-scope.tsx [Server Component]
    ./app/[locale]/page.tsx [Server Component]

  Client Component SSR:
    ./components/motion/hero.ts [Client Component SSR]
    ./components/motion/hero-scope.tsx [Client Component SSR]
    ./components/motion/hero-scope.tsx [Server Component]
    ./app/[locale]/page.tsx [Server Component] @ http://localhost:3000/_next/static/chunks/node_modules_next_dist_0u_w_5s._.js:1945
[   23485ms] [ERROR] ./components/motion/hero.ts:3:1
Export clearStyle doesn't exist in target module
  1 | import { animate, stagger } from "motion"
  2 | import { DUR, EASE, ms } from "./tokens"
> 3 | import { setStyle, clearStyle } from "./dom"
    | ^^^^^^^^^^^^^^^^^^^^^^^^^^^^^^^^^^^^^^^^^^^^
  4 |
  5 | /**
  6 |  * The hero's motion, and the only motion left on the page that is not driven by a

The export clearStyle was not found in module [project]/components/motion/dom.ts [app-client] (ecmascript).
Did you mean to import clearStyles?
All exports of the module are statically known (It doesn't have dynamic exports). So it's known statically that the requested export doesn't exist.

Import traces:
  Client Component Browser:
    ./components/motion/hero.ts [Client Component Browser]
    ./components/motion/hero-scope.tsx [Client Component Browser]
    ./components/motion/hero-scope.tsx [Server Component]
    ./app/[locale]/page.tsx [Server Component]

  Client Component SSR:
    ./components/motion/hero.ts [Client Component SSR]
    ./components/motion/hero-scope.tsx [Client Component SSR]
    ./components/motion/hero-scope.tsx [Server Component]
    ./app/[locale]/page.tsx [Server Component] @ http://localhost:3000/_next/static/chunks/node_modules_next_dist_0u_w_5s._.js:1945
[   23486ms] [ERROR] ./components/motion/hero.ts:3:1
Export clearStyle doesn't exist in target module
  1 | import { animate, stagger } from "motion"
  2 | import { DUR, EASE, ms } from "./tokens"
> 3 | import { setStyle, clearStyle } from "./dom"
    | ^^^^^^^^^^^^^^^^^^^^^^^^^^^^^^^^^^^^^^^^^^^^
  4 |
  5 | /**
  6 |  * The hero's motion, and the only motion left on the page that is not driven by a

The export clearStyle was not found in module [project]/components/motion/dom.ts [app-ssr] (ecmascript).
Did you mean to import clearStyles?
All exports of the module are statically known (It doesn't have dynamic exports). So it's known statically that the requested export doesn't exist.

Import traces:
  Client Component Browser:
    ./components/motion/hero.ts [Client Component Browser]
    ./components/motion/hero-scope.tsx [Client Component Browser]
    ./components/motion/hero-scope.tsx [Server Component]
    ./app/[locale]/page.tsx [Server Component]

  Client Component SSR:
    ./components/motion/hero.ts [Client Component SSR]
    ./components/motion/hero-scope.tsx [Client Component SSR]
    ./components/motion/hero-scope.tsx [Server Component]
    ./app/[locale]/page.tsx [Server Component] @ http://localhost:3000/_next/static/chunks/node_modules_next_dist_0u_w_5s._.js:1945
[   23486ms] [ERROR] ./components/motion/hero.ts:3:1
Export setStyle doesn't exist in target module
  1 | import { animate, stagger } from "motion"
  2 | import { DUR, EASE, ms } from "./tokens"
> 3 | import { setStyle, clearStyle } from "./dom"
    | ^^^^^^^^^^^^^^^^^^^^^^^^^^^^^^^^^^^^^^^^^^^^
  4 |
  5 | /**
  6 |  * The hero's motion, and the only motion left on the page that is not driven by a

The export setStyle was not found in module [project]/components/motion/dom.ts [app-client] (ecmascript).
Did you mean to import setStyles?
All exports of the module are statically known (It doesn't have dynamic exports). So it's known statically that the requested export doesn't exist.

Import traces:
  Client Component Browser:
    ./components/motion/hero.ts [Client Component Browser]
    ./components/motion/hero-scope.tsx [Client Component Browser]
    ./components/motion/hero-scope.tsx [Server Component]
    ./app/[locale]/page.tsx [Server Component]

  Client Component SSR:
    ./components/motion/hero.ts [Client Component SSR]
    ./components/motion/hero-scope.tsx [Client Component SSR]
    ./components/motion/hero-scope.tsx [Server Component]
    ./app/[locale]/page.tsx [Server Component] @ http://localhost:3000/_next/static/chunks/node_modules_next_dist_0u_w_5s._.js:1945
[   23486ms] [ERROR] ./components/motion/hero.ts:3:1
Export setStyle doesn't exist in target module
  1 | import { animate, stagger } from "motion"
  2 | import { DUR, EASE, ms } from "./tokens"
> 3 | import { setStyle, clearStyle } from "./dom"
    | ^^^^^^^^^^^^^^^^^^^^^^^^^^^^^^^^^^^^^^^^^^^^
  4 |
  5 | /**
  6 |  * The hero's motion, and the only motion left on the page that is not driven by a

The export setStyle was not found in module [project]/components/motion/dom.ts [app-ssr] (ecmascript).
Did you mean to import setStyles?
All exports of the module are statically known (It doesn't have dynamic exports). So it's known statically that the requested export doesn't exist.

Import traces:
  Client Component Browser:
    ./components/motion/hero.ts [Client Component Browser]
    ./components/motion/hero-scope.tsx [Client Component Browser]
    ./components/motion/hero-scope.tsx [Server Component]
    ./app/[locale]/page.tsx [Server Component]

  Client Component SSR:
    ./components/motion/hero.ts [Client Component SSR]
    ./components/motion/hero-scope.tsx [Client Component SSR]
    ./components/motion/hero-scope.tsx [Server Component]
    ./app/[locale]/page.tsx [Server Component] @ http://localhost:3000/_next/static/chunks/node_modules_next_dist_0u_w_5s._.js:1945
[   23519ms] [ERROR] Failed to load resource: the server responded with a status of 500 (Internal Server Error) @ http://localhost:3000/:0
[   23561ms] [INFO] %cDownload the React DevTools for a better development experience: https://react.dev/link/react-devtools font-weight:bold @ http://localhost:3000/_next/static/chunks/node_modules_react-dom_cjs_react-dom-client_development_0z3nh7o.js:16702
[   23574ms] [ERROR] Refused to execute script from 'http://localhost:3000/_next/static/development/_clientMiddlewareManifest.js' because its MIME type ('application/json') is not executable, and strict MIME type checking is enabled. @ http://localhost:3000/:0
[   23586ms] Error: ./components/motion/hero.ts:3:1
Export clearStyle doesn't exist in target module
  1 | import { animate, stagger } from "motion"
  2 | import { DUR, EASE, ms } from "./tokens"
> 3 | import { setStyle, clearStyle } from "./dom"
    | ^^^^^^^^^^^^^^^^^^^^^^^^^^^^^^^^^^^^^^^^^^^^
  4 |
  5 | /**
  6 |  * The hero's motion, and the only motion left on the page that is not driven by a

The export clearStyle was not found in module [project]/components/motion/dom.ts [app-client] (ecmascript).
Did you mean to import clearStyles?
All exports of the module are statically known (It doesn't have dynamic exports). So it's known statically that the requested export doesn't exist.

Import traces:
  Client Component Browser:
    ./components/motion/hero.ts [Client Component Browser]
    ./components/motion/hero-scope.tsx [Client Component Browser]
    ./components/motion/hero-scope.tsx [Server Component]
    ./app/[locale]/page.tsx [Server Component]

  Client Component SSR:
    ./components/motion/hero.ts [Client Component SSR]
    ./components/motion/hero-scope.tsx [Client Component SSR]
    ./components/motion/hero-scope.tsx [Server Component]
    ./app/[locale]/page.tsx [Server Component]


    at <unknown> (Error: ./components/motion/hero.ts:3:1)
    at Object.getCompilationErrors (file://C:\Users\Ibra\Documents\GitHub\sana\node_modules\next\dist\server\dev\hot-reloader-turbopack.js:1186:59)
    at DevBundlerService.getCompilationError (file://C:\Users\Ibra\Documents\GitHub\sana\node_modules\next\dist\server\lib\dev-bundler-service.js:44:55)
    at DevServer.getCompilationError (file://C:\Users\Ibra\Documents\GitHub\sana\node_modules\next\dist\server\dev\next-dev-server.js:720:42)
    at DevServer.findPageComponents (file://C:\Users\Ibra\Documents\GitHub\sana\node_modules\next\dist\server\dev\next-dev-server.js:690:43)
    at async DevServer.renderErrorToResponseImpl (file://C:\Users\Ibra\Documents\GitHub\sana\node_modules\next\dist\server\base-server.js:1753:26)
[   23577ms] [LOG] [HMR] connected @ http://localhost:3000/_next/static/chunks/node_modules_next_dist_0u_w_5s._.js:1226
[   23578ms] [ERROR] ./components/motion/hero.ts:3:1
Export clearStyle doesn't exist in target module
  1 | import { animate, stagger } from "motion"
  2 | import { DUR, EASE, ms } from "./tokens"
> 3 | import { setStyle, clearStyle } from "./dom"
    | ^^^^^^^^^^^^^^^^^^^^^^^^^^^^^^^^^^^^^^^^^^^^
  4 |
  5 | /**
  6 |  * The hero's motion, and the only motion left on the page that is not driven by a

The export clearStyle was not found in module [project]/components/motion/dom.ts [app-client] (ecmascript).
Did you mean to import clearStyles?
All exports of the module are statically known (It doesn't have dynamic exports). So it's known statically that the requested export doesn't exist.

Import traces:
  Client Component Browser:
    ./components/motion/hero.ts [Client Component Browser]
    ./components/motion/hero-scope.tsx [Client Component Browser]
    ./components/motion/hero-scope.tsx [Server Component]
    ./app/[locale]/page.tsx [Server Component]

  Client Component SSR:
    ./components/motion/hero.ts [Client Component SSR]
    ./components/motion/hero-scope.tsx [Client Component SSR]
    ./components/motion/hero-scope.tsx [Server Component]
    ./app/[locale]/page.tsx [Server Component] @ http://localhost:3000/_next/static/chunks/node_modules_next_dist_0u_w_5s._.js:1945
[   23579ms] [ERROR] ./components/motion/hero.ts:3:1
Export clearStyle doesn't exist in target module
  1 | import { animate, stagger } from "motion"
  2 | import { DUR, EASE, ms } from "./tokens"
> 3 | import { setStyle, clearStyle } from "./dom"
    | ^^^^^^^^^^^^^^^^^^^^^^^^^^^^^^^^^^^^^^^^^^^^
  4 |
  5 | /**
  6 |  * The hero's motion, and the only motion left on the page that is not driven by a

The export clearStyle was not found in module [project]/components/motion/dom.ts [app-ssr] (ecmascript).
Did you mean to import clearStyles?
All exports of the module are statically known (It doesn't have dynamic exports). So it's known statically that the requested export doesn't exist.

Import traces:
  Client Component Browser:
    ./components/motion/hero.ts [Client Component Browser]
    ./components/motion/hero-scope.tsx [Client Component Browser]
    ./components/motion/hero-scope.tsx [Server Component]
    ./app/[locale]/page.tsx [Server Component]

  Client Component SSR:
    ./components/motion/hero.ts [Client Component SSR]
    ./components/motion/hero-scope.tsx [Client Component SSR]
    ./components/motion/hero-scope.tsx [Server Component]
    ./app/[locale]/page.tsx [Server Component] @ http://localhost:3000/_next/static/chunks/node_modules_next_dist_0u_w_5s._.js:1945
[   23579ms] [ERROR] ./components/motion/hero.ts:3:1
Export setStyle doesn't exist in target module
  1 | import { animate, stagger } from "motion"
  2 | import { DUR, EASE, ms } from "./tokens"
> 3 | import { setStyle, clearStyle } from "./dom"
    | ^^^^^^^^^^^^^^^^^^^^^^^^^^^^^^^^^^^^^^^^^^^^
  4 |
  5 | /**
  6 |  * The hero's motion, and the only motion left on the page that is not driven by a

The export setStyle was not found in module [project]/components/motion/dom.ts [app-client] (ecmascript).
Did you mean to import setStyles?
All exports of the module are statically known (It doesn't have dynamic exports). So it's known statically that the requested export doesn't exist.

Import traces:
  Client Component Browser:
    ./components/motion/hero.ts [Client Component Browser]
    ./components/motion/hero-scope.tsx [Client Component Browser]
    ./components/motion/hero-scope.tsx [Server Component]
    ./app/[locale]/page.tsx [Server Component]

  Client Component SSR:
    ./components/motion/hero.ts [Client Component SSR]
    ./components/motion/hero-scope.tsx [Client Component SSR]
    ./components/motion/hero-scope.tsx [Server Component]
    ./app/[locale]/page.tsx [Server Component] @ http://localhost:3000/_next/static/chunks/node_modules_next_dist_0u_w_5s._.js:1945
[   23579ms] [ERROR] ./components/motion/hero.ts:3:1
Export setStyle doesn't exist in target module
  1 | import { animate, stagger } from "motion"
  2 | import { DUR, EASE, ms } from "./tokens"
> 3 | import { setStyle, clearStyle } from "./dom"
    | ^^^^^^^^^^^^^^^^^^^^^^^^^^^^^^^^^^^^^^^^^^^^
  4 |
  5 | /**
  6 |  * The hero's motion, and the only motion left on the page that is not driven by a

The export setStyle was not found in module [project]/components/motion/dom.ts [app-ssr] (ecmascript).
Did you mean to import setStyles?
All exports of the module are statically known (It doesn't have dynamic exports). So it's known statically that the requested export doesn't exist.

Import traces:
  Client Component Browser:
    ./components/motion/hero.ts [Client Component Browser]
    ./components/motion/hero-scope.tsx [Client Component Browser]
    ./components/motion/hero-scope.tsx [Server Component]
    ./app/[locale]/page.tsx [Server Component]

  Client Component SSR:
    ./components/motion/hero.ts [Client Component SSR]
    ./components/motion/hero-scope.tsx [Client Component SSR]
    ./components/motion/hero-scope.tsx [Server Component]
    ./app/[locale]/page.tsx [Server Component] @ http://localhost:3000/_next/static/chunks/node_modules_next_dist_0u_w_5s._.js:1945
[   23596ms] [ERROR] ./components/motion/hero.ts:3:1
Export clearStyle doesn't exist in target module
  1 | import { animate, stagger } from "motion"
  2 | import { DUR, EASE, ms } from "./tokens"
> 3 | import { setStyle, clearStyle } from "./dom"
    | ^^^^^^^^^^^^^^^^^^^^^^^^^^^^^^^^^^^^^^^^^^^^
  4 |
  5 | /**
  6 |  * The hero's motion, and the only motion left on the page that is not driven by a

The export clearStyle was not found in module [project]/components/motion/dom.ts [app-client] (ecmascript).
Did you mean to import clearStyles?
All exports of the module are statically known (It doesn't have dynamic exports). So it's known statically that the requested export doesn't exist.

Import traces:
  Client Component Browser:
    ./components/motion/hero.ts [Client Component Browser]
    ./components/motion/hero-scope.tsx [Client Component Browser]
    ./components/motion/hero-scope.tsx [Server Component]
    ./app/[locale]/page.tsx [Server Component]

  Client Component SSR:
    ./components/motion/hero.ts [Client Component SSR]
    ./components/motion/hero-scope.tsx [Client Component SSR]
    ./components/motion/hero-scope.tsx [Server Component]
    ./app/[locale]/page.tsx [Server Component] @ http://localhost:3000/_next/static/chunks/node_modules_next_dist_0u_w_5s._.js:1945
[   23596ms] [ERROR] ./components/motion/hero.ts:3:1
Export clearStyle doesn't exist in target module
  1 | import { animate, stagger } from "motion"
  2 | import { DUR, EASE, ms } from "./tokens"
> 3 | import { setStyle, clearStyle } from "./dom"
    | ^^^^^^^^^^^^^^^^^^^^^^^^^^^^^^^^^^^^^^^^^^^^
  4 |
  5 | /**
  6 |  * The hero's motion, and the only motion left on the page that is not driven by a

The export clearStyle was not found in module [project]/components/motion/dom.ts [app-ssr] (ecmascript).
Did you mean to import clearStyles?
All exports of the module are statically known (It doesn't have dynamic exports). So it's known statically that the requested export doesn't exist.

Import traces:
  Client Component Browser:
    ./components/motion/hero.ts [Client Component Browser]
    ./components/motion/hero-scope.tsx [Client Component Browser]
    ./components/motion/hero-scope.tsx [Server Component]
    ./app/[locale]/page.tsx [Server Component]

  Client Component SSR:
    ./components/motion/hero.ts [Client Component SSR]
    ./components/motion/hero-scope.tsx [Client Component SSR]
    ./components/motion/hero-scope.tsx [Server Component]
    ./app/[locale]/page.tsx [Server Component] @ http://localhost:3000/_next/static/chunks/node_modules_next_dist_0u_w_5s._.js:1945
[   23596ms] [ERROR] ./components/motion/hero.ts:3:1
Export setStyle doesn't exist in target module
  1 | import { animate, stagger } from "motion"
  2 | import { DUR, EASE, ms } from "./tokens"
> 3 | import { setStyle, clearStyle } from "./dom"
    | ^^^^^^^^^^^^^^^^^^^^^^^^^^^^^^^^^^^^^^^^^^^^
  4 |
  5 | /**
  6 |  * The hero's motion, and the only motion left on the page that is not driven by a

The export setStyle was not found in module [project]/components/motion/dom.ts [app-client] (ecmascript).
Did you mean to import setStyles?
All exports of the module are statically known (It doesn't have dynamic exports). So it's known statically that the requested export doesn't exist.

Import traces:
  Client Component Browser:
    ./components/motion/hero.ts [Client Component Browser]
    ./components/motion/hero-scope.tsx [Client Component Browser]
    ./components/motion/hero-scope.tsx [Server Component]
    ./app/[locale]/page.tsx [Server Component]

  Client Component SSR:
    ./components/motion/hero.ts [Client Component SSR]
    ./components/motion/hero-scope.tsx [Client Component SSR]
    ./components/motion/hero-scope.tsx [Server Component]
    ./app/[locale]/page.tsx [Server Component] @ http://localhost:3000/_next/static/chunks/node_modules_next_dist_0u_w_5s._.js:1945
[   23596ms] [ERROR] ./components/motion/hero.ts:3:1
Export setStyle doesn't exist in target module
  1 | import { animate, stagger } from "motion"
  2 | import { DUR, EASE, ms } from "./tokens"
> 3 | import { setStyle, clearStyle } from "./dom"
    | ^^^^^^^^^^^^^^^^^^^^^^^^^^^^^^^^^^^^^^^^^^^^
  4 |
  5 | /**
  6 |  * The hero's motion, and the only motion left on the page that is not driven by a

The export setStyle was not found in module [project]/components/motion/dom.ts [app-ssr] (ecmascript).
Did you mean to import setStyles?
All exports of the module are statically known (It doesn't have dynamic exports). So it's known statically that the requested export doesn't exist.

Import traces:
  Client Component Browser:
    ./components/motion/hero.ts [Client Component Browser]
    ./components/motion/hero-scope.tsx [Client Component Browser]
    ./components/motion/hero-scope.tsx [Server Component]
    ./app/[locale]/page.tsx [Server Component]

  Client Component SSR:
    ./components/motion/hero.ts [Client Component SSR]
    ./components/motion/hero-scope.tsx [Client Component SSR]
    ./components/motion/hero-scope.tsx [Server Component]
    ./app/[locale]/page.tsx [Server Component] @ http://localhost:3000/_next/static/chunks/node_modules_next_dist_0u_w_5s._.js:1945
[   23613ms] [ERROR] Failed to load resource: the server responded with a status of 500 (Internal Server Error) @ http://localhost:3000/favicon.ico:0
[   23665ms] [ERROR] ./components/motion/hero.ts:3:1
Export clearStyle doesn't exist in target module
  1 | import { animate, stagger } from "motion"
  2 | import { DUR, EASE, ms } from "./tokens"
> 3 | import { setStyle, clearStyle } from "./dom"
    | ^^^^^^^^^^^^^^^^^^^^^^^^^^^^^^^^^^^^^^^^^^^^
  4 |
  5 | /**
  6 |  * The hero's motion, and the only motion left on the page that is not driven by a

The export clearStyle was not found in module [project]/components/motion/dom.ts [app-client] (ecmascript).
Did you mean to import clearStyles?
All exports of the module are statically known (It doesn't have dynamic exports). So it's known statically that the requested export doesn't exist.

Import traces:
  Client Component Browser:
    ./components/motion/hero.ts [Client Component Browser]
    ./components/motion/hero-scope.tsx [Client Component Browser]
    ./components/motion/hero-scope.tsx [Server Component]
    ./app/[locale]/page.tsx [Server Component]

  Client Component SSR:
    ./components/motion/hero.ts [Client Component SSR]
    ./components/motion/hero-scope.tsx [Client Component SSR]
    ./components/motion/hero-scope.tsx [Server Component]
    ./app/[locale]/page.tsx [Server Component] @ http://localhost:3000/_next/static/chunks/node_modules_next_dist_0u_w_5s._.js:1945
[   23665ms] [ERROR] ./components/motion/hero.ts:3:1
Export clearStyle doesn't exist in target module
  1 | import { animate, stagger } from "motion"
  2 | import { DUR, EASE, ms } from "./tokens"
> 3 | import { setStyle, clearStyle } from "./dom"
    | ^^^^^^^^^^^^^^^^^^^^^^^^^^^^^^^^^^^^^^^^^^^^
  4 |
  5 | /**
  6 |  * The hero's motion, and the only motion left on the page that is not driven by a

The export clearStyle was not found in module [project]/components/motion/dom.ts [app-ssr] (ecmascript).
Did you mean to import clearStyles?
All exports of the module are statically known (It doesn't have dynamic exports). So it's known statically that the requested export doesn't exist.

Import traces:
  Client Component Browser:
    ./components/motion/hero.ts [Client Component Browser]
    ./components/motion/hero-scope.tsx [Client Component Browser]
    ./components/motion/hero-scope.tsx [Server Component]
    ./app/[locale]/page.tsx [Server Component]

  Client Component SSR:
    ./components/motion/hero.ts [Client Component SSR]
    ./components/motion/hero-scope.tsx [Client Component SSR]
    ./components/motion/hero-scope.tsx [Server Component]
    ./app/[locale]/page.tsx [Server Component] @ http://localhost:3000/_next/static/chunks/node_modules_next_dist_0u_w_5s._.js:1945
[   23665ms] [ERROR] ./components/motion/hero.ts:3:1
Export setStyle doesn't exist in target module
  1 | import { animate, stagger } from "motion"
  2 | import { DUR, EASE, ms } from "./tokens"
> 3 | import { setStyle, clearStyle } from "./dom"
    | ^^^^^^^^^^^^^^^^^^^^^^^^^^^^^^^^^^^^^^^^^^^^
  4 |
  5 | /**
  6 |  * The hero's motion, and the only motion left on the page that is not driven by a

The export setStyle was not found in module [project]/components/motion/dom.ts [app-client] (ecmascript).
Did you mean to import setStyles?
All exports of the module are statically known (It doesn't have dynamic exports). So it's known statically that the requested export doesn't exist.

Import traces:
  Client Component Browser:
    ./components/motion/hero.ts [Client Component Browser]
    ./components/motion/hero-scope.tsx [Client Component Browser]
    ./components/motion/hero-scope.tsx [Server Component]
    ./app/[locale]/page.tsx [Server Component]

  Client Component SSR:
    ./components/motion/hero.ts [Client Component SSR]
    ./components/motion/hero-scope.tsx [Client Component SSR]
    ./components/motion/hero-scope.tsx [Server Component]
    ./app/[locale]/page.tsx [Server Component] @ http://localhost:3000/_next/static/chunks/node_modules_next_dist_0u_w_5s._.js:1945
[   23665ms] [ERROR] ./components/motion/hero.ts:3:1
Export setStyle doesn't exist in target module
  1 | import { animate, stagger } from "motion"
  2 | import { DUR, EASE, ms } from "./tokens"
> 3 | import { setStyle, clearStyle } from "./dom"
    | ^^^^^^^^^^^^^^^^^^^^^^^^^^^^^^^^^^^^^^^^^^^^
  4 |
  5 | /**
  6 |  * The hero's motion, and the only motion left on the page that is not driven by a

The export setStyle was not found in module [project]/components/motion/dom.ts [app-ssr] (ecmascript).
Did you mean to import setStyles?
All exports of the module are statically known (It doesn't have dynamic exports). So it's known statically that the requested export doesn't exist.

Import traces:
  Client Component Browser:
    ./components/motion/hero.ts [Client Component Browser]
    ./components/motion/hero-scope.tsx [Client Component Browser]
    ./components/motion/hero-scope.tsx [Server Component]
    ./app/[locale]/page.tsx [Server Component]

  Client Component SSR:
    ./components/motion/hero.ts [Client Component SSR]
    ./components/motion/hero-scope.tsx [Client Component SSR]
    ./components/motion/hero-scope.tsx [Server Component]
    ./app/[locale]/page.tsx [Server Component] @ http://localhost:3000/_next/static/chunks/node_modules_next_dist_0u_w_5s._.js:1945
[   23727ms] [ERROR] ./components/motion/hero.ts:3:1
Export clearStyle doesn't exist in target module
  1 | import { animate, stagger } from "motion"
  2 | import { DUR, EASE, ms } from "./tokens"
> 3 | import { setStyle, clearStyle } from "./dom"
    | ^^^^^^^^^^^^^^^^^^^^^^^^^^^^^^^^^^^^^^^^^^^^
  4 |
  5 | /**
  6 |  * The hero's motion, and the only motion left on the page that is not driven by a

The export clearStyle was not found in module [project]/components/motion/dom.ts [app-client] (ecmascript).
Did you mean to import clearStyles?
All exports of the module are statically known (It doesn't have dynamic exports). So it's known statically that the requested export doesn't exist.

Import traces:
  Client Component Browser:
    ./components/motion/hero.ts [Client Component Browser]
    ./components/motion/hero-scope.tsx [Client Component Browser]
    ./components/motion/hero-scope.tsx [Server Component]
    ./app/[locale]/page.tsx [Server Component]

  Client Component SSR:
    ./components/motion/hero.ts [Client Component SSR]
    ./components/motion/hero-scope.tsx [Client Component SSR]
    ./components/motion/hero-scope.tsx [Server Component]
    ./app/[locale]/page.tsx [Server Component] @ http://localhost:3000/_next/static/chunks/node_modules_next_dist_0u_w_5s._.js:1945
[   23727ms] [ERROR] ./components/motion/hero.ts:3:1
Export clearStyle doesn't exist in target module
  1 | import { animate, stagger } from "motion"
  2 | import { DUR, EASE, ms } from "./tokens"
> 3 | import { setStyle, clearStyle } from "./dom"
    | ^^^^^^^^^^^^^^^^^^^^^^^^^^^^^^^^^^^^^^^^^^^^
  4 |
  5 | /**
  6 |  * The hero's motion, and the only motion left on the page that is not driven by a

The export clearStyle was not found in module [project]/components/motion/dom.ts [app-ssr] (ecmascript).
Did you mean to import clearStyles?
All exports of the module are statically known (It doesn't have dynamic exports). So it's known statically that the requested export doesn't exist.

Import traces:
  Client Component Browser:
    ./components/motion/hero.ts [Client Component Browser]
    ./components/motion/hero-scope.tsx [Client Component Browser]
    ./components/motion/hero-scope.tsx [Server Component]
    ./app/[locale]/page.tsx [Server Component]

  Client Component SSR:
    ./components/motion/hero.ts [Client Component SSR]
    ./components/motion/hero-scope.tsx [Client Component SSR]
    ./components/motion/hero-scope.tsx [Server Component]
    ./app/[locale]/page.tsx [Server Component] @ http://localhost:3000/_next/static/chunks/node_modules_next_dist_0u_w_5s._.js:1945
[   23727ms] [ERROR] ./components/motion/hero.ts:3:1
Export setStyle doesn't exist in target module
  1 | import { animate, stagger } from "motion"
  2 | import { DUR, EASE, ms } from "./tokens"
> 3 | import { setStyle, clearStyle } from "./dom"
    | ^^^^^^^^^^^^^^^^^^^^^^^^^^^^^^^^^^^^^^^^^^^^
  4 |
  5 | /**
  6 |  * The hero's motion, and the only motion left on the page that is not driven by a

The export setStyle was not found in module [project]/components/motion/dom.ts [app-client] (ecmascript).
Did you mean to import setStyles?
All exports of the module are statically known (It doesn't have dynamic exports). So it's known statically that the requested export doesn't exist.

Import traces:
  Client Component Browser:
    ./components/motion/hero.ts [Client Component Browser]
    ./components/motion/hero-scope.tsx [Client Component Browser]
    ./components/motion/hero-scope.tsx [Server Component]
    ./app/[locale]/page.tsx [Server Component]

  Client Component SSR:
    ./components/motion/hero.ts [Client Component SSR]
    ./components/motion/hero-scope.tsx [Client Component SSR]
    ./components/motion/hero-scope.tsx [Server Component]
    ./app/[locale]/page.tsx [Server Component] @ http://localhost:3000/_next/static/chunks/node_modules_next_dist_0u_w_5s._.js:1945
[   23727ms] [ERROR] ./components/motion/hero.ts:3:1
Export setStyle doesn't exist in target module
  1 | import { animate, stagger } from "motion"
  2 | import { DUR, EASE, ms } from "./tokens"
> 3 | import { setStyle, clearStyle } from "./dom"
    | ^^^^^^^^^^^^^^^^^^^^^^^^^^^^^^^^^^^^^^^^^^^^
  4 |
  5 | /**
  6 |  * The hero's motion, and the only motion left on the page that is not driven by a

The export setStyle was not found in module [project]/components/motion/dom.ts [app-ssr] (ecmascript).
Did you mean to import setStyles?
All exports of the module are statically known (It doesn't have dynamic exports). So it's known statically that the requested export doesn't exist.

Import traces:
  Client Component Browser:
    ./components/motion/hero.ts [Client Component Browser]
    ./components/motion/hero-scope.tsx [Client Component Browser]
    ./components/motion/hero-scope.tsx [Server Component]
    ./app/[locale]/page.tsx [Server Component]

  Client Component SSR:
    ./components/motion/hero.ts [Client Component SSR]
    ./components/motion/hero-scope.tsx [Client Component SSR]
    ./components/motion/hero-scope.tsx [Server Component]
    ./app/[locale]/page.tsx [Server Component] @ http://localhost:3000/_next/static/chunks/node_modules_next_dist_0u_w_5s._.js:1945
[   23790ms] [ERROR] ./components/motion/hero.ts:3:1
Export clearStyle doesn't exist in target module
  1 | import { animate, stagger } from "motion"
  2 | import { DUR, EASE, ms } from "./tokens"
> 3 | import { setStyle, clearStyle } from "./dom"
    | ^^^^^^^^^^^^^^^^^^^^^^^^^^^^^^^^^^^^^^^^^^^^
  4 |
  5 | /**
  6 |  * The hero's motion, and the only motion left on the page that is not driven by a

The export clearStyle was not found in module [project]/components/motion/dom.ts [app-client] (ecmascript).
Did you mean to import clearStyles?
All exports of the module are statically known (It doesn't have dynamic exports). So it's known statically that the requested export doesn't exist.

Import traces:
  Client Component Browser:
    ./components/motion/hero.ts [Client Component Browser]
    ./components/motion/hero-scope.tsx [Client Component Browser]
    ./components/motion/hero-scope.tsx [Server Component]
    ./app/[locale]/page.tsx [Server Component]

  Client Component SSR:
    ./components/motion/hero.ts [Client Component SSR]
    ./components/motion/hero-scope.tsx [Client Component SSR]
    ./components/motion/hero-scope.tsx [Server Component]
    ./app/[locale]/page.tsx [Server Component] @ http://localhost:3000/_next/static/chunks/node_modules_next_dist_0u_w_5s._.js:1945
[   23790ms] [ERROR] ./components/motion/hero.ts:3:1
Export clearStyle doesn't exist in target module
  1 | import { animate, stagger } from "motion"
  2 | import { DUR, EASE, ms } from "./tokens"
> 3 | import { setStyle, clearStyle } from "./dom"
    | ^^^^^^^^^^^^^^^^^^^^^^^^^^^^^^^^^^^^^^^^^^^^
  4 |
  5 | /**
  6 |  * The hero's motion, and the only motion left on the page that is not driven by a

The export clearStyle was not found in module [project]/components/motion/dom.ts [app-ssr] (ecmascript).
Did you mean to import clearStyles?
All exports of the module are statically known (It doesn't have dynamic exports). So it's known statically that the requested export doesn't exist.

Import traces:
  Client Component Browser:
    ./components/motion/hero.ts [Client Component Browser]
    ./components/motion/hero-scope.tsx [Client Component Browser]
    ./components/motion/hero-scope.tsx [Server Component]
    ./app/[locale]/page.tsx [Server Component]

  Client Component SSR:
    ./components/motion/hero.ts [Client Component SSR]
    ./components/motion/hero-scope.tsx [Client Component SSR]
    ./components/motion/hero-scope.tsx [Server Component]
    ./app/[locale]/page.tsx [Server Component] @ http://localhost:3000/_next/static/chunks/node_modules_next_dist_0u_w_5s._.js:1945
[   23790ms] [ERROR] ./components/motion/hero.ts:3:1
Export setStyle doesn't exist in target module
  1 | import { animate, stagger } from "motion"
  2 | import { DUR, EASE, ms } from "./tokens"
> 3 | import { setStyle, clearStyle } from "./dom"
    | ^^^^^^^^^^^^^^^^^^^^^^^^^^^^^^^^^^^^^^^^^^^^
  4 |
  5 | /**
  6 |  * The hero's motion, and the only motion left on the page that is not driven by a

The export setStyle was not found in module [project]/components/motion/dom.ts [app-client] (ecmascript).
Did you mean to import setStyles?
All exports of the module are statically known (It doesn't have dynamic exports). So it's known statically that the requested export doesn't exist.

Import traces:
  Client Component Browser:
    ./components/motion/hero.ts [Client Component Browser]
    ./components/motion/hero-scope.tsx [Client Component Browser]
    ./components/motion/hero-scope.tsx [Server Component]
    ./app/[locale]/page.tsx [Server Component]

  Client Component SSR:
    ./components/motion/hero.ts [Client Component SSR]
    ./components/motion/hero-scope.tsx [Client Component SSR]
    ./components/motion/hero-scope.tsx [Server Component]
    ./app/[locale]/page.tsx [Server Component] @ http://localhost:3000/_next/static/chunks/node_modules_next_dist_0u_w_5s._.js:1945
[   23790ms] [ERROR] ./components/motion/hero.ts:3:1
Export setStyle doesn't exist in target module
  1 | import { animate, stagger } from "motion"
  2 | import { DUR, EASE, ms } from "./tokens"
> 3 | import { setStyle, clearStyle } from "./dom"
    | ^^^^^^^^^^^^^^^^^^^^^^^^^^^^^^^^^^^^^^^^^^^^
  4 |
  5 | /**
  6 |  * The hero's motion, and the only motion left on the page that is not driven by a

The export setStyle was not found in module [project]/components/motion/dom.ts [app-ssr] (ecmascript).
Did you mean to import setStyles?
All exports of the module are statically known (It doesn't have dynamic exports). So it's known statically that the requested export doesn't exist.

Import traces:
  Client Component Browser:
    ./components/motion/hero.ts [Client Component Browser]
    ./components/motion/hero-scope.tsx [Client Component Browser]
    ./components/motion/hero-scope.tsx [Server Component]
    ./app/[locale]/page.tsx [Server Component]

  Client Component SSR:
    ./components/motion/hero.ts [Client Component SSR]
    ./components/motion/hero-scope.tsx [Client Component SSR]
    ./components/motion/hero-scope.tsx [Server Component]
    ./app/[locale]/page.tsx [Server Component] @ http://localhost:3000/_next/static/chunks/node_modules_next_dist_0u_w_5s._.js:1945
[   23852ms] [ERROR] ./components/motion/hero.ts:3:1
Export clearStyle doesn't exist in target module
  1 | import { animate, stagger } from "motion"
  2 | import { DUR, EASE, ms } from "./tokens"
> 3 | import { setStyle, clearStyle } from "./dom"
    | ^^^^^^^^^^^^^^^^^^^^^^^^^^^^^^^^^^^^^^^^^^^^
  4 |
  5 | /**
  6 |  * The hero's motion, and the only motion left on the page that is not driven by a

The export clearStyle was not found in module [project]/components/motion/dom.ts [app-client] (ecmascript).
Did you mean to import clearStyles?
All exports of the module are statically known (It doesn't have dynamic exports). So it's known statically that the requested export doesn't exist.

Import traces:
  Client Component Browser:
    ./components/motion/hero.ts [Client Component Browser]
    ./components/motion/hero-scope.tsx [Client Component Browser]
    ./components/motion/hero-scope.tsx [Server Component]
    ./app/[locale]/page.tsx [Server Component]

  Client Component SSR:
    ./components/motion/hero.ts [Client Component SSR]
    ./components/motion/hero-scope.tsx [Client Component SSR]
    ./components/motion/hero-scope.tsx [Server Component]
    ./app/[locale]/page.tsx [Server Component] @ http://localhost:3000/_next/static/chunks/node_modules_next_dist_0u_w_5s._.js:1945
[   23852ms] [ERROR] ./components/motion/hero.ts:3:1
Export clearStyle doesn't exist in target module
  1 | import { animate, stagger } from "motion"
  2 | import { DUR, EASE, ms } from "./tokens"
> 3 | import { setStyle, clearStyle } from "./dom"
    | ^^^^^^^^^^^^^^^^^^^^^^^^^^^^^^^^^^^^^^^^^^^^
  4 |
  5 | /**
  6 |  * The hero's motion, and the only motion left on the page that is not driven by a

The export clearStyle was not found in module [project]/components/motion/dom.ts [app-ssr] (ecmascript).
Did you mean to import clearStyles?
All exports of the module are statically known (It doesn't have dynamic exports). So it's known statically that the requested export doesn't exist.

Import traces:
  Client Component Browser:
    ./components/motion/hero.ts [Client Component Browser]
    ./components/motion/hero-scope.tsx [Client Component Browser]
    ./components/motion/hero-scope.tsx [Server Component]
    ./app/[locale]/page.tsx [Server Component]

  Client Component SSR:
    ./components/motion/hero.ts [Client Component SSR]
    ./components/motion/hero-scope.tsx [Client Component SSR]
    ./components/motion/hero-scope.tsx [Server Component]
    ./app/[locale]/page.tsx [Server Component] @ http://localhost:3000/_next/static/chunks/node_modules_next_dist_0u_w_5s._.js:1945
[   23852ms] [ERROR] ./components/motion/hero.ts:3:1
Export setStyle doesn't exist in target module
  1 | import { animate, stagger } from "motion"
  2 | import { DUR, EASE, ms } from "./tokens"
> 3 | import { setStyle, clearStyle } from "./dom"
    | ^^^^^^^^^^^^^^^^^^^^^^^^^^^^^^^^^^^^^^^^^^^^
  4 |
  5 | /**
  6 |  * The hero's motion, and the only motion left on the page that is not driven by a

The export setStyle was not found in module [project]/components/motion/dom.ts [app-client] (ecmascript).
Did you mean to import setStyles?
All exports of the module are statically known (It doesn't have dynamic exports). So it's known statically that the requested export doesn't exist.

Import traces:
  Client Component Browser:
    ./components/motion/hero.ts [Client Component Browser]
    ./components/motion/hero-scope.tsx [Client Component Browser]
    ./components/motion/hero-scope.tsx [Server Component]
    ./app/[locale]/page.tsx [Server Component]

  Client Component SSR:
    ./components/motion/hero.ts [Client Component SSR]
    ./components/motion/hero-scope.tsx [Client Component SSR]
    ./components/motion/hero-scope.tsx [Server Component]
    ./app/[locale]/page.tsx [Server Component] @ http://localhost:3000/_next/static/chunks/node_modules_next_dist_0u_w_5s._.js:1945
[   23852ms] [ERROR] ./components/motion/hero.ts:3:1
Export setStyle doesn't exist in target module
  1 | import { animate, stagger } from "motion"
  2 | import { DUR, EASE, ms } from "./tokens"
> 3 | import { setStyle, clearStyle } from "./dom"
    | ^^^^^^^^^^^^^^^^^^^^^^^^^^^^^^^^^^^^^^^^^^^^
  4 |
  5 | /**
  6 |  * The hero's motion, and the only motion left on the page that is not driven by a

The export setStyle was not found in module [project]/components/motion/dom.ts [app-ssr] (ecmascript).
Did you mean to import setStyles?
All exports of the module are statically known (It doesn't have dynamic exports). So it's known statically that the requested export doesn't exist.

Import traces:
  Client Component Browser:
    ./components/motion/hero.ts [Client Component Browser]
    ./components/motion/hero-scope.tsx [Client Component Browser]
    ./components/motion/hero-scope.tsx [Server Component]
    ./app/[locale]/page.tsx [Server Component]

  Client Component SSR:
    ./components/motion/hero.ts [Client Component SSR]
    ./components/motion/hero-scope.tsx [Client Component SSR]
    ./components/motion/hero-scope.tsx [Server Component]
    ./app/[locale]/page.tsx [Server Component] @ http://localhost:3000/_next/static/chunks/node_modules_next_dist_0u_w_5s._.js:1945
[   23915ms] [ERROR] ./components/motion/hero.ts:3:1
Export clearStyle doesn't exist in target module
  1 | import { animate, stagger } from "motion"
  2 | import { DUR, EASE, ms } from "./tokens"
> 3 | import { setStyle, clearStyle } from "./dom"
    | ^^^^^^^^^^^^^^^^^^^^^^^^^^^^^^^^^^^^^^^^^^^^
  4 |
  5 | /**
  6 |  * The hero's motion, and the only motion left on the page that is not driven by a

The export clearStyle was not found in module [project]/components/motion/dom.ts [app-client] (ecmascript).
Did you mean to import clearStyles?
All exports of the module are statically known (It doesn't have dynamic exports). So it's known statically that the requested export doesn't exist.

Import traces:
  Client Component Browser:
    ./components/motion/hero.ts [Client Component Browser]
    ./components/motion/hero-scope.tsx [Client Component Browser]
    ./components/motion/hero-scope.tsx [Server Component]
    ./app/[locale]/page.tsx [Server Component]

  Client Component SSR:
    ./components/motion/hero.ts [Client Component SSR]
    ./components/motion/hero-scope.tsx [Client Component SSR]
    ./components/motion/hero-scope.tsx [Server Component]
    ./app/[locale]/page.tsx [Server Component] @ http://localhost:3000/_next/static/chunks/node_modules_next_dist_0u_w_5s._.js:1945
[   23915ms] [ERROR] ./components/motion/hero.ts:3:1
Export clearStyle doesn't exist in target module
  1 | import { animate, stagger } from "motion"
  2 | import { DUR, EASE, ms } from "./tokens"
> 3 | import { setStyle, clearStyle } from "./dom"
    | ^^^^^^^^^^^^^^^^^^^^^^^^^^^^^^^^^^^^^^^^^^^^
  4 |
  5 | /**
  6 |  * The hero's motion, and the only motion left on the page that is not driven by a

The export clearStyle was not found in module [project]/components/motion/dom.ts [app-ssr] (ecmascript).
Did you mean to import clearStyles?
All exports of the module are statically known (It doesn't have dynamic exports). So it's known statically that the requested export doesn't exist.

Import traces:
  Client Component Browser:
    ./components/motion/hero.ts [Client Component Browser]
    ./components/motion/hero-scope.tsx [Client Component Browser]
    ./components/motion/hero-scope.tsx [Server Component]
    ./app/[locale]/page.tsx [Server Component]

  Client Component SSR:
    ./components/motion/hero.ts [Client Component SSR]
    ./components/motion/hero-scope.tsx [Client Component SSR]
    ./components/motion/hero-scope.tsx [Server Component]
    ./app/[locale]/page.tsx [Server Component] @ http://localhost:3000/_next/static/chunks/node_modules_next_dist_0u_w_5s._.js:1945
[   23915ms] [ERROR] ./components/motion/hero.ts:3:1
Export setStyle doesn't exist in target module
  1 | import { animate, stagger } from "motion"
  2 | import { DUR, EASE, ms } from "./tokens"
> 3 | import { setStyle, clearStyle } from "./dom"
    | ^^^^^^^^^^^^^^^^^^^^^^^^^^^^^^^^^^^^^^^^^^^^
  4 |
  5 | /**
  6 |  * The hero's motion, and the only motion left on the page that is not driven by a

The export setStyle was not found in module [project]/components/motion/dom.ts [app-client] (ecmascript).
Did you mean to import setStyles?
All exports of the module are statically known (It doesn't have dynamic exports). So it's known statically that the requested export doesn't exist.

Import traces:
  Client Component Browser:
    ./components/motion/hero.ts [Client Component Browser]
    ./components/motion/hero-scope.tsx [Client Component Browser]
    ./components/motion/hero-scope.tsx [Server Component]
    ./app/[locale]/page.tsx [Server Component]

  Client Component SSR:
    ./components/motion/hero.ts [Client Component SSR]
    ./components/motion/hero-scope.tsx [Client Component SSR]
    ./components/motion/hero-scope.tsx [Server Component]
    ./app/[locale]/page.tsx [Server Component] @ http://localhost:3000/_next/static/chunks/node_modules_next_dist_0u_w_5s._.js:1945
[   23915ms] [ERROR] ./components/motion/hero.ts:3:1
Export setStyle doesn't exist in target module
  1 | import { animate, stagger } from "motion"
  2 | import { DUR, EASE, ms } from "./tokens"
> 3 | import { setStyle, clearStyle } from "./dom"
    | ^^^^^^^^^^^^^^^^^^^^^^^^^^^^^^^^^^^^^^^^^^^^
  4 |
  5 | /**
  6 |  * The hero's motion, and the only motion left on the page that is not driven by a

The export setStyle was not found in module [project]/components/motion/dom.ts [app-ssr] (ecmascript).
Did you mean to import setStyles?
All exports of the module are statically known (It doesn't have dynamic exports). So it's known statically that the requested export doesn't exist.

Import traces:
  Client Component Browser:
    ./components/motion/hero.ts [Client Component Browser]
    ./components/motion/hero-scope.tsx [Client Component Browser]
    ./components/motion/hero-scope.tsx [Server Component]
    ./app/[locale]/page.tsx [Server Component]

  Client Component SSR:
    ./components/motion/hero.ts [Client Component SSR]
    ./components/motion/hero-scope.tsx [Client Component SSR]
    ./components/motion/hero-scope.tsx [Server Component]
    ./app/[locale]/page.tsx [Server Component] @ http://localhost:3000/_next/static/chunks/node_modules_next_dist_0u_w_5s._.js:1945
[   23977ms] [ERROR] ./components/motion/hero.ts:3:1
Export clearStyle doesn't exist in target module
  1 | import { animate, stagger } from "motion"
  2 | import { DUR, EASE, ms } from "./tokens"
> 3 | import { setStyle, clearStyle } from "./dom"
    | ^^^^^^^^^^^^^^^^^^^^^^^^^^^^^^^^^^^^^^^^^^^^
  4 |
  5 | /**
  6 |  * The hero's motion, and the only motion left on the page that is not driven by a

The export clearStyle was not found in module [project]/components/motion/dom.ts [app-client] (ecmascript).
Did you mean to import clearStyles?
All exports of the module are statically known (It doesn't have dynamic exports). So it's known statically that the requested export doesn't exist.

Import traces:
  Client Component Browser:
    ./components/motion/hero.ts [Client Component Browser]
    ./components/motion/hero-scope.tsx [Client Component Browser]
    ./components/motion/hero-scope.tsx [Server Component]
    ./app/[locale]/page.tsx [Server Component]

  Client Component SSR:
    ./components/motion/hero.ts [Client Component SSR]
    ./components/motion/hero-scope.tsx [Client Component SSR]
    ./components/motion/hero-scope.tsx [Server Component]
    ./app/[locale]/page.tsx [Server Component] @ http://localhost:3000/_next/static/chunks/node_modules_next_dist_0u_w_5s._.js:1945
[   23977ms] [ERROR] ./components/motion/hero.ts:3:1
Export clearStyle doesn't exist in target module
  1 | import { animate, stagger } from "motion"
  2 | import { DUR, EASE, ms } from "./tokens"
> 3 | import { setStyle, clearStyle } from "./dom"
    | ^^^^^^^^^^^^^^^^^^^^^^^^^^^^^^^^^^^^^^^^^^^^
  4 |
  5 | /**
  6 |  * The hero's motion, and the only motion left on the page that is not driven by a

The export clearStyle was not found in module [project]/components/motion/dom.ts [app-ssr] (ecmascript).
Did you mean to import clearStyles?
All exports of the module are statically known (It doesn't have dynamic exports). So it's known statically that the requested export doesn't exist.

Import traces:
  Client Component Browser:
    ./components/motion/hero.ts [Client Component Browser]
    ./components/motion/hero-scope.tsx [Client Component Browser]
    ./components/motion/hero-scope.tsx [Server Component]
    ./app/[locale]/page.tsx [Server Component]

  Client Component SSR:
    ./components/motion/hero.ts [Client Component SSR]
    ./components/motion/hero-scope.tsx [Client Component SSR]
    ./components/motion/hero-scope.tsx [Server Component]
    ./app/[locale]/page.tsx [Server Component] @ http://localhost:3000/_next/static/chunks/node_modules_next_dist_0u_w_5s._.js:1945
[   23978ms] [ERROR] ./components/motion/hero.ts:3:1
Export setStyle doesn't exist in target module
  1 | import { animate, stagger } from "motion"
  2 | import { DUR, EASE, ms } from "./tokens"
> 3 | import { setStyle, clearStyle } from "./dom"
    | ^^^^^^^^^^^^^^^^^^^^^^^^^^^^^^^^^^^^^^^^^^^^
  4 |
  5 | /**
  6 |  * The hero's motion, and the only motion left on the page that is not driven by a

The export setStyle was not found in module [project]/components/motion/dom.ts [app-client] (ecmascript).
Did you mean to import setStyles?
All exports of the module are statically known (It doesn't have dynamic exports). So it's known statically that the requested export doesn't exist.

Import traces:
  Client Component Browser:
    ./components/motion/hero.ts [Client Component Browser]
    ./components/motion/hero-scope.tsx [Client Component Browser]
    ./components/motion/hero-scope.tsx [Server Component]
    ./app/[locale]/page.tsx [Server Component]

  Client Component SSR:
    ./components/motion/hero.ts [Client Component SSR]
    ./components/motion/hero-scope.tsx [Client Component SSR]
    ./components/motion/hero-scope.tsx [Server Component]
    ./app/[locale]/page.tsx [Server Component] @ http://localhost:3000/_next/static/chunks/node_modules_next_dist_0u_w_5s._.js:1945
[   23978ms] [ERROR] ./components/motion/hero.ts:3:1
Export setStyle doesn't exist in target module
  1 | import { animate, stagger } from "motion"
  2 | import { DUR, EASE, ms } from "./tokens"
> 3 | import { setStyle, clearStyle } from "./dom"
    | ^^^^^^^^^^^^^^^^^^^^^^^^^^^^^^^^^^^^^^^^^^^^
  4 |
  5 | /**
  6 |  * The hero's motion, and the only motion left on the page that is not driven by a

The export setStyle was not found in module [project]/components/motion/dom.ts [app-ssr] (ecmascript).
Did you mean to import setStyles?
All exports of the module are statically known (It doesn't have dynamic exports). So it's known statically that the requested export doesn't exist.

Import traces:
  Client Component Browser:
    ./components/motion/hero.ts [Client Component Browser]
    ./components/motion/hero-scope.tsx [Client Component Browser]
    ./components/motion/hero-scope.tsx [Server Component]
    ./app/[locale]/page.tsx [Server Component]

  Client Component SSR:
    ./components/motion/hero.ts [Client Component SSR]
    ./components/motion/hero-scope.tsx [Client Component SSR]
    ./components/motion/hero-scope.tsx [Server Component]
    ./app/[locale]/page.tsx [Server Component] @ http://localhost:3000/_next/static/chunks/node_modules_next_dist_0u_w_5s._.js:1945
[   24037ms] [ERROR] ./components/motion/hero.ts:3:1
Export clearStyle doesn't exist in target module
  1 | import { animate, stagger } from "motion"
  2 | import { DUR, EASE, ms } from "./tokens"
> 3 | import { setStyle, clearStyle } from "./dom"
    | ^^^^^^^^^^^^^^^^^^^^^^^^^^^^^^^^^^^^^^^^^^^^
  4 |
  5 | /**
  6 |  * The hero's motion, and the only motion left on the page that is not driven by a

The export clearStyle was not found in module [project]/components/motion/dom.ts [app-client] (ecmascript).
Did you mean to import clearStyles?
All exports of the module are statically known (It doesn't have dynamic exports). So it's known statically that the requested export doesn't exist.

Import traces:
  Client Component Browser:
    ./components/motion/hero.ts [Client Component Browser]
    ./components/motion/hero-scope.tsx [Client Component Browser]
    ./components/motion/hero-scope.tsx [Server Component]
    ./app/[locale]/page.tsx [Server Component]

  Client Component SSR:
    ./components/motion/hero.ts [Client Component SSR]
    ./components/motion/hero-scope.tsx [Client Component SSR]
    ./components/motion/hero-scope.tsx [Server Component]
    ./app/[locale]/page.tsx [Server Component] @ http://localhost:3000/_next/static/chunks/node_modules_next_dist_0u_w_5s._.js:1945
[   24037ms] [ERROR] ./components/motion/hero.ts:3:1
Export clearStyle doesn't exist in target module
  1 | import { animate, stagger } from "motion"
  2 | import { DUR, EASE, ms } from "./tokens"
> 3 | import { setStyle, clearStyle } from "./dom"
    | ^^^^^^^^^^^^^^^^^^^^^^^^^^^^^^^^^^^^^^^^^^^^
  4 |
  5 | /**
  6 |  * The hero's motion, and the only motion left on the page that is not driven by a

The export clearStyle was not found in module [project]/components/motion/dom.ts [app-ssr] (ecmascript).
Did you mean to import clearStyles?
All exports of the module are statically known (It doesn't have dynamic exports). So it's known statically that the requested export doesn't exist.

Import traces:
  Client Component Browser:
    ./components/motion/hero.ts [Client Component Browser]
    ./components/motion/hero-scope.tsx [Client Component Browser]
    ./components/motion/hero-scope.tsx [Server Component]
    ./app/[locale]/page.tsx [Server Component]

  Client Component SSR:
    ./components/motion/hero.ts [Client Component SSR]
    ./components/motion/hero-scope.tsx [Client Component SSR]
    ./components/motion/hero-scope.tsx [Server Component]
    ./app/[locale]/page.tsx [Server Component] @ http://localhost:3000/_next/static/chunks/node_modules_next_dist_0u_w_5s._.js:1945
[   24037ms] [ERROR] ./components/motion/hero.ts:3:1
Export setStyle doesn't exist in target module
  1 | import { animate, stagger } from "motion"
  2 | import { DUR, EASE, ms } from "./tokens"
> 3 | import { setStyle, clearStyle } from "./dom"
    | ^^^^^^^^^^^^^^^^^^^^^^^^^^^^^^^^^^^^^^^^^^^^
  4 |
  5 | /**
  6 |  * The hero's motion, and the only motion left on the page that is not driven by a

The export setStyle was not found in module [project]/components/motion/dom.ts [app-client] (ecmascript).
Did you mean to import setStyles?
All exports of the module are statically known (It doesn't have dynamic exports). So it's known statically that the requested export doesn't exist.

Import traces:
  Client Component Browser:
    ./components/motion/hero.ts [Client Component Browser]
    ./components/motion/hero-scope.tsx [Client Component Browser]
    ./components/motion/hero-scope.tsx [Server Component]
    ./app/[locale]/page.tsx [Server Component]

  Client Component SSR:
    ./components/motion/hero.ts [Client Component SSR]
    ./components/motion/hero-scope.tsx [Client Component SSR]
    ./components/motion/hero-scope.tsx [Server Component]
    ./app/[locale]/page.tsx [Server Component] @ http://localhost:3000/_next/static/chunks/node_modules_next_dist_0u_w_5s._.js:1945
[   24037ms] [ERROR] ./components/motion/hero.ts:3:1
Export setStyle doesn't exist in target module
  1 | import { animate, stagger } from "motion"
  2 | import { DUR, EASE, ms } from "./tokens"
> 3 | import { setStyle, clearStyle } from "./dom"
    | ^^^^^^^^^^^^^^^^^^^^^^^^^^^^^^^^^^^^^^^^^^^^
  4 |
  5 | /**
  6 |  * The hero's motion, and the only motion left on the page that is not driven by a

The export setStyle was not found in module [project]/components/motion/dom.ts [app-ssr] (ecmascript).
Did you mean to import setStyles?
All exports of the module are statically known (It doesn't have dynamic exports). So it's known statically that the requested export doesn't exist.

Import traces:
  Client Component Browser:
    ./components/motion/hero.ts [Client Component Browser]
    ./components/motion/hero-scope.tsx [Client Component Browser]
    ./components/motion/hero-scope.tsx [Server Component]
    ./app/[locale]/page.tsx [Server Component]

  Client Component SSR:
    ./components/motion/hero.ts [Client Component SSR]
    ./components/motion/hero-scope.tsx [Client Component SSR]
    ./components/motion/hero-scope.tsx [Server Component]
    ./app/[locale]/page.tsx [Server Component] @ http://localhost:3000/_next/static/chunks/node_modules_next_dist_0u_w_5s._.js:1945
[   24100ms] [ERROR] ./components/motion/hero.ts:3:1
Export clearStyle doesn't exist in target module
  1 | import { animate, stagger } from "motion"
  2 | import { DUR, EASE, ms } from "./tokens"
> 3 | import { setStyle, clearStyle } from "./dom"
    | ^^^^^^^^^^^^^^^^^^^^^^^^^^^^^^^^^^^^^^^^^^^^
  4 |
  5 | /**
  6 |  * The hero's motion, and the only motion left on the page that is not driven by a

The export clearStyle was not found in module [project]/components/motion/dom.ts [app-client] (ecmascript).
Did you mean to import clearStyles?
All exports of the module are statically known (It doesn't have dynamic exports). So it's known statically that the requested export doesn't exist.

Import traces:
  Client Component Browser:
    ./components/motion/hero.ts [Client Component Browser]
    ./components/motion/hero-scope.tsx [Client Component Browser]
    ./components/motion/hero-scope.tsx [Server Component]
    ./app/[locale]/page.tsx [Server Component]

  Client Component SSR:
    ./components/motion/hero.ts [Client Component SSR]
    ./components/motion/hero-scope.tsx [Client Component SSR]
    ./components/motion/hero-scope.tsx [Server Component]
    ./app/[locale]/page.tsx [Server Component] @ http://localhost:3000/_next/static/chunks/node_modules_next_dist_0u_w_5s._.js:1945
[   24100ms] [ERROR] ./components/motion/hero.ts:3:1
Export clearStyle doesn't exist in target module
  1 | import { animate, stagger } from "motion"
  2 | import { DUR, EASE, ms } from "./tokens"
> 3 | import { setStyle, clearStyle } from "./dom"
    | ^^^^^^^^^^^^^^^^^^^^^^^^^^^^^^^^^^^^^^^^^^^^
  4 |
  5 | /**
  6 |  * The hero's motion, and the only motion left on the page that is not driven by a

The export clearStyle was not found in module [project]/components/motion/dom.ts [app-ssr] (ecmascript).
Did you mean to import clearStyles?
All exports of the module are statically known (It doesn't have dynamic exports). So it's known statically that the requested export doesn't exist.

Import traces:
  Client Component Browser:
    ./components/motion/hero.ts [Client Component Browser]
    ./components/motion/hero-scope.tsx [Client Component Browser]
    ./components/motion/hero-scope.tsx [Server Component]
    ./app/[locale]/page.tsx [Server Component]

  Client Component SSR:
    ./components/motion/hero.ts [Client Component SSR]
    ./components/motion/hero-scope.tsx [Client Component SSR]
    ./components/motion/hero-scope.tsx [Server Component]
    ./app/[locale]/page.tsx [Server Component] @ http://localhost:3000/_next/static/chunks/node_modules_next_dist_0u_w_5s._.js:1945
[   24100ms] [ERROR] ./components/motion/hero.ts:3:1
Export setStyle doesn't exist in target module
  1 | import { animate, stagger } from "motion"
  2 | import { DUR, EASE, ms } from "./tokens"
> 3 | import { setStyle, clearStyle } from "./dom"
    | ^^^^^^^^^^^^^^^^^^^^^^^^^^^^^^^^^^^^^^^^^^^^
  4 |
  5 | /**
  6 |  * The hero's motion, and the only motion left on the page that is not driven by a

The export setStyle was not found in module [project]/components/motion/dom.ts [app-client] (ecmascript).
Did you mean to import setStyles?
All exports of the module are statically known (It doesn't have dynamic exports). So it's known statically that the requested export doesn't exist.

Import traces:
  Client Component Browser:
    ./components/motion/hero.ts [Client Component Browser]
    ./components/motion/hero-scope.tsx [Client Component Browser]
    ./components/motion/hero-scope.tsx [Server Component]
    ./app/[locale]/page.tsx [Server Component]

  Client Component SSR:
    ./components/motion/hero.ts [Client Component SSR]
    ./components/motion/hero-scope.tsx [Client Component SSR]
    ./components/motion/hero-scope.tsx [Server Component]
    ./app/[locale]/page.tsx [Server Component] @ http://localhost:3000/_next/static/chunks/node_modules_next_dist_0u_w_5s._.js:1945
[   24100ms] [ERROR] ./components/motion/hero.ts:3:1
Export setStyle doesn't exist in target module
  1 | import { animate, stagger } from "motion"
  2 | import { DUR, EASE, ms } from "./tokens"
> 3 | import { setStyle, clearStyle } from "./dom"
    | ^^^^^^^^^^^^^^^^^^^^^^^^^^^^^^^^^^^^^^^^^^^^
  4 |
  5 | /**
  6 |  * The hero's motion, and the only motion left on the page that is not driven by a

The export setStyle was not found in module [project]/components/motion/dom.ts [app-ssr] (ecmascript).
Did you mean to import setStyles?
All exports of the module are statically known (It doesn't have dynamic exports). So it's known statically that the requested export doesn't exist.

Import traces:
  Client Component Browser:
    ./components/motion/hero.ts [Client Component Browser]
    ./components/motion/hero-scope.tsx [Client Component Browser]
    ./components/motion/hero-scope.tsx [Server Component]
    ./app/[locale]/page.tsx [Server Component]

  Client Component SSR:
    ./components/motion/hero.ts [Client Component SSR]
    ./components/motion/hero-scope.tsx [Client Component SSR]
    ./components/motion/hero-scope.tsx [Server Component]
    ./app/[locale]/page.tsx [Server Component] @ http://localhost:3000/_next/static/chunks/node_modules_next_dist_0u_w_5s._.js:1945
[   24163ms] [ERROR] ./components/motion/hero.ts:3:1
Export clearStyle doesn't exist in target module
  1 | import { animate, stagger } from "motion"
  2 | import { DUR, EASE, ms } from "./tokens"
> 3 | import { setStyle, clearStyle } from "./dom"
    | ^^^^^^^^^^^^^^^^^^^^^^^^^^^^^^^^^^^^^^^^^^^^
  4 |
  5 | /**
  6 |  * The hero's motion, and the only motion left on the page that is not driven by a

The export clearStyle was not found in module [project]/components/motion/dom.ts [app-client] (ecmascript).
Did you mean to import clearStyles?
All exports of the module are statically known (It doesn't have dynamic exports). So it's known statically that the requested export doesn't exist.

Import traces:
  Client Component Browser:
    ./components/motion/hero.ts [Client Component Browser]
    ./components/motion/hero-scope.tsx [Client Component Browser]
    ./components/motion/hero-scope.tsx [Server Component]
    ./app/[locale]/page.tsx [Server Component]

  Client Component SSR:
    ./components/motion/hero.ts [Client Component SSR]
    ./components/motion/hero-scope.tsx [Client Component SSR]
    ./components/motion/hero-scope.tsx [Server Component]
    ./app/[locale]/page.tsx [Server Component] @ http://localhost:3000/_next/static/chunks/node_modules_next_dist_0u_w_5s._.js:1945
[   24163ms] [ERROR] ./components/motion/hero.ts:3:1
Export clearStyle doesn't exist in target module
  1 | import { animate, stagger } from "motion"
  2 | import { DUR, EASE, ms } from "./tokens"
> 3 | import { setStyle, clearStyle } from "./dom"
    | ^^^^^^^^^^^^^^^^^^^^^^^^^^^^^^^^^^^^^^^^^^^^
  4 |
  5 | /**
  6 |  * The hero's motion, and the only motion left on the page that is not driven by a

The export clearStyle was not found in module [project]/components/motion/dom.ts [app-ssr] (ecmascript).
Did you mean to import clearStyles?
All exports of the module are statically known (It doesn't have dynamic exports). So it's known statically that the requested export doesn't exist.

Import traces:
  Client Component Browser:
    ./components/motion/hero.ts [Client Component Browser]
    ./components/motion/hero-scope.tsx [Client Component Browser]
    ./components/motion/hero-scope.tsx [Server Component]
    ./app/[locale]/page.tsx [Server Component]

  Client Component SSR:
    ./components/motion/hero.ts [Client Component SSR]
    ./components/motion/hero-scope.tsx [Client Component SSR]
    ./components/motion/hero-scope.tsx [Server Component]
    ./app/[locale]/page.tsx [Server Component] @ http://localhost:3000/_next/static/chunks/node_modules_next_dist_0u_w_5s._.js:1945
[   24163ms] [ERROR] ./components/motion/hero.ts:3:1
Export setStyle doesn't exist in target module
  1 | import { animate, stagger } from "motion"
  2 | import { DUR, EASE, ms } from "./tokens"
> 3 | import { setStyle, clearStyle } from "./dom"
    | ^^^^^^^^^^^^^^^^^^^^^^^^^^^^^^^^^^^^^^^^^^^^
  4 |
  5 | /**
  6 |  * The hero's motion, and the only motion left on the page that is not driven by a

The export setStyle was not found in module [project]/components/motion/dom.ts [app-client] (ecmascript).
Did you mean to import setStyles?
All exports of the module are statically known (It doesn't have dynamic exports). So it's known statically that the requested export doesn't exist.

Import traces:
  Client Component Browser:
    ./components/motion/hero.ts [Client Component Browser]
    ./components/motion/hero-scope.tsx [Client Component Browser]
    ./components/motion/hero-scope.tsx [Server Component]
    ./app/[locale]/page.tsx [Server Component]

  Client Component SSR:
    ./components/motion/hero.ts [Client Component SSR]
    ./components/motion/hero-scope.tsx [Client Component SSR]
    ./components/motion/hero-scope.tsx [Server Component]
    ./app/[locale]/page.tsx [Server Component] @ http://localhost:3000/_next/static/chunks/node_modules_next_dist_0u_w_5s._.js:1945
[   24163ms] [ERROR] ./components/motion/hero.ts:3:1
Export setStyle doesn't exist in target module
  1 | import { animate, stagger } from "motion"
  2 | import { DUR, EASE, ms } from "./tokens"
> 3 | import { setStyle, clearStyle } from "./dom"
    | ^^^^^^^^^^^^^^^^^^^^^^^^^^^^^^^^^^^^^^^^^^^^
  4 |
  5 | /**
  6 |  * The hero's motion, and the only motion left on the page that is not driven by a

The export setStyle was not found in module [project]/components/motion/dom.ts [app-ssr] (ecmascript).
Did you mean to import setStyles?
All exports of the module are statically known (It doesn't have dynamic exports). So it's known statically that the requested export doesn't exist.

Import traces:
  Client Component Browser:
    ./components/motion/hero.ts [Client Component Browser]
    ./components/motion/hero-scope.tsx [Client Component Browser]
    ./components/motion/hero-scope.tsx [Server Component]
    ./app/[locale]/page.tsx [Server Component]

  Client Component SSR:
    ./components/motion/hero.ts [Client Component SSR]
    ./components/motion/hero-scope.tsx [Client Component SSR]
    ./components/motion/hero-scope.tsx [Server Component]
    ./app/[locale]/page.tsx [Server Component] @ http://localhost:3000/_next/static/chunks/node_modules_next_dist_0u_w_5s._.js:1945
[   24225ms] [ERROR] ./components/motion/hero.ts:3:1
Export clearStyle doesn't exist in target module
  1 | import { animate, stagger } from "motion"
  2 | import { DUR, EASE, ms } from "./tokens"
> 3 | import { setStyle, clearStyle } from "./dom"
    | ^^^^^^^^^^^^^^^^^^^^^^^^^^^^^^^^^^^^^^^^^^^^
  4 |
  5 | /**
  6 |  * The hero's motion, and the only motion left on the page that is not driven by a

The export clearStyle was not found in module [project]/components/motion/dom.ts [app-client] (ecmascript).
Did you mean to import clearStyles?
All exports of the module are statically known (It doesn't have dynamic exports). So it's known statically that the requested export doesn't exist.

Import traces:
  Client Component Browser:
    ./components/motion/hero.ts [Client Component Browser]
    ./components/motion/hero-scope.tsx [Client Component Browser]
    ./components/motion/hero-scope.tsx [Server Component]
    ./app/[locale]/page.tsx [Server Component]

  Client Component SSR:
    ./components/motion/hero.ts [Client Component SSR]
    ./components/motion/hero-scope.tsx [Client Component SSR]
    ./components/motion/hero-scope.tsx [Server Component]
    ./app/[locale]/page.tsx [Server Component] @ http://localhost:3000/_next/static/chunks/node_modules_next_dist_0u_w_5s._.js:1945
[   24225ms] [ERROR] ./components/motion/hero.ts:3:1
Export clearStyle doesn't exist in target module
  1 | import { animate, stagger } from "motion"
  2 | import { DUR, EASE, ms } from "./tokens"
> 3 | import { setStyle, clearStyle } from "./dom"
    | ^^^^^^^^^^^^^^^^^^^^^^^^^^^^^^^^^^^^^^^^^^^^
  4 |
  5 | /**
  6 |  * The hero's motion, and the only motion left on the page that is not driven by a

The export clearStyle was not found in module [project]/components/motion/dom.ts [app-ssr] (ecmascript).
Did you mean to import clearStyles?
All exports of the module are statically known (It doesn't have dynamic exports). So it's known statically that the requested export doesn't exist.

Import traces:
  Client Component Browser:
    ./components/motion/hero.ts [Client Component Browser]
    ./components/motion/hero-scope.tsx [Client Component Browser]
    ./components/motion/hero-scope.tsx [Server Component]
    ./app/[locale]/page.tsx [Server Component]

  Client Component SSR:
    ./components/motion/hero.ts [Client Component SSR]
    ./components/motion/hero-scope.tsx [Client Component SSR]
    ./components/motion/hero-scope.tsx [Server Component]
    ./app/[locale]/page.tsx [Server Component] @ http://localhost:3000/_next/static/chunks/node_modules_next_dist_0u_w_5s._.js:1945
[   24225ms] [ERROR] ./components/motion/hero.ts:3:1
Export setStyle doesn't exist in target module
  1 | import { animate, stagger } from "motion"
  2 | import { DUR, EASE, ms } from "./tokens"
> 3 | import { setStyle, clearStyle } from "./dom"
    | ^^^^^^^^^^^^^^^^^^^^^^^^^^^^^^^^^^^^^^^^^^^^
  4 |
  5 | /**
  6 |  * The hero's motion, and the only motion left on the page that is not driven by a

The export setStyle was not found in module [project]/components/motion/dom.ts [app-client] (ecmascript).
Did you mean to import setStyles?
All exports of the module are statically known (It doesn't have dynamic exports). So it's known statically that the requested export doesn't exist.

Import traces:
  Client Component Browser:
    ./components/motion/hero.ts [Client Component Browser]
    ./components/motion/hero-scope.tsx [Client Component Browser]
    ./components/motion/hero-scope.tsx [Server Component]
    ./app/[locale]/page.tsx [Server Component]

  Client Component SSR:
    ./components/motion/hero.ts [Client Component SSR]
    ./components/motion/hero-scope.tsx [Client Component SSR]
    ./components/motion/hero-scope.tsx [Server Component]
    ./app/[locale]/page.tsx [Server Component] @ http://localhost:3000/_next/static/chunks/node_modules_next_dist_0u_w_5s._.js:1945
[   24225ms] [ERROR] ./components/motion/hero.ts:3:1
Export setStyle doesn't exist in target module
  1 | import { animate, stagger } from "motion"
  2 | import { DUR, EASE, ms } from "./tokens"
> 3 | import { setStyle, clearStyle } from "./dom"
    | ^^^^^^^^^^^^^^^^^^^^^^^^^^^^^^^^^^^^^^^^^^^^
  4 |
  5 | /**
  6 |  * The hero's motion, and the only motion left on the page that is not driven by a

The export setStyle was not found in module [project]/components/motion/dom.ts [app-ssr] (ecmascript).
Did you mean to import setStyles?
All exports of the module are statically known (It doesn't have dynamic exports). So it's known statically that the requested export doesn't exist.

Import traces:
  Client Component Browser:
    ./components/motion/hero.ts [Client Component Browser]
    ./components/motion/hero-scope.tsx [Client Component Browser]
    ./components/motion/hero-scope.tsx [Server Component]
    ./app/[locale]/page.tsx [Server Component]

  Client Component SSR:
    ./components/motion/hero.ts [Client Component SSR]
    ./components/motion/hero-scope.tsx [Client Component SSR]
    ./components/motion/hero-scope.tsx [Server Component]
    ./app/[locale]/page.tsx [Server Component] @ http://localhost:3000/_next/static/chunks/node_modules_next_dist_0u_w_5s._.js:1945
[   24287ms] [ERROR] ./components/motion/hero.ts:3:1
Export clearStyle doesn't exist in target module
  1 | import { animate, stagger } from "motion"
  2 | import { DUR, EASE, ms } from "./tokens"
> 3 | import { setStyle, clearStyle } from "./dom"
    | ^^^^^^^^^^^^^^^^^^^^^^^^^^^^^^^^^^^^^^^^^^^^
  4 |
  5 | /**
  6 |  * The hero's motion, and the only motion left on the page that is not driven by a

The export clearStyle was not found in module [project]/components/motion/dom.ts [app-client] (ecmascript).
Did you mean to import clearStyles?
All exports of the module are statically known (It doesn't have dynamic exports). So it's known statically that the requested export doesn't exist.

Import traces:
  Client Component Browser:
    ./components/motion/hero.ts [Client Component Browser]
    ./components/motion/hero-scope.tsx [Client Component Browser]
    ./components/motion/hero-scope.tsx [Server Component]
    ./app/[locale]/page.tsx [Server Component]

  Client Component SSR:
    ./components/motion/hero.ts [Client Component SSR]
    ./components/motion/hero-scope.tsx [Client Component SSR]
    ./components/motion/hero-scope.tsx [Server Component]
    ./app/[locale]/page.tsx [Server Component] @ http://localhost:3000/_next/static/chunks/node_modules_next_dist_0u_w_5s._.js:1945
[   24287ms] [ERROR] ./components/motion/hero.ts:3:1
Export clearStyle doesn't exist in target module
  1 | import { animate, stagger } from "motion"
  2 | import { DUR, EASE, ms } from "./tokens"
> 3 | import { setStyle, clearStyle } from "./dom"
    | ^^^^^^^^^^^^^^^^^^^^^^^^^^^^^^^^^^^^^^^^^^^^
  4 |
  5 | /**
  6 |  * The hero's motion, and the only motion left on the page that is not driven by a

The export clearStyle was not found in module [project]/components/motion/dom.ts [app-ssr] (ecmascript).
Did you mean to import clearStyles?
All exports of the module are statically known (It doesn't have dynamic exports). So it's known statically that the requested export doesn't exist.

Import traces:
  Client Component Browser:
    ./components/motion/hero.ts [Client Component Browser]
    ./components/motion/hero-scope.tsx [Client Component Browser]
    ./components/motion/hero-scope.tsx [Server Component]
    ./app/[locale]/page.tsx [Server Component]

  Client Component SSR:
    ./components/motion/hero.ts [Client Component SSR]
    ./components/motion/hero-scope.tsx [Client Component SSR]
    ./components/motion/hero-scope.tsx [Server Component]
    ./app/[locale]/page.tsx [Server Component] @ http://localhost:3000/_next/static/chunks/node_modules_next_dist_0u_w_5s._.js:1945
[   24287ms] [ERROR] ./components/motion/hero.ts:3:1
Export setStyle doesn't exist in target module
  1 | import { animate, stagger } from "motion"
  2 | import { DUR, EASE, ms } from "./tokens"
> 3 | import { setStyle, clearStyle } from "./dom"
    | ^^^^^^^^^^^^^^^^^^^^^^^^^^^^^^^^^^^^^^^^^^^^
  4 |
  5 | /**
  6 |  * The hero's motion, and the only motion left on the page that is not driven by a

The export setStyle was not found in module [project]/components/motion/dom.ts [app-client] (ecmascript).
Did you mean to import setStyles?
All exports of the module are statically known (It doesn't have dynamic exports). So it's known statically that the requested export doesn't exist.

Import traces:
  Client Component Browser:
    ./components/motion/hero.ts [Client Component Browser]
    ./components/motion/hero-scope.tsx [Client Component Browser]
    ./components/motion/hero-scope.tsx [Server Component]
    ./app/[locale]/page.tsx [Server Component]

  Client Component SSR:
    ./components/motion/hero.ts [Client Component SSR]
    ./components/motion/hero-scope.tsx [Client Component SSR]
    ./components/motion/hero-scope.tsx [Server Component]
    ./app/[locale]/page.tsx [Server Component] @ http://localhost:3000/_next/static/chunks/node_modules_next_dist_0u_w_5s._.js:1945
[   24287ms] [ERROR] ./components/motion/hero.ts:3:1
Export setStyle doesn't exist in target module
  1 | import { animate, stagger } from "motion"
  2 | import { DUR, EASE, ms } from "./tokens"
> 3 | import { setStyle, clearStyle } from "./dom"
    | ^^^^^^^^^^^^^^^^^^^^^^^^^^^^^^^^^^^^^^^^^^^^
  4 |
  5 | /**
  6 |  * The hero's motion, and the only motion left on the page that is not driven by a

The export setStyle was not found in module [project]/components/motion/dom.ts [app-ssr] (ecmascript).
Did you mean to import setStyles?
All exports of the module are statically known (It doesn't have dynamic exports). So it's known statically that the requested export doesn't exist.

Import traces:
  Client Component Browser:
    ./components/motion/hero.ts [Client Component Browser]
    ./components/motion/hero-scope.tsx [Client Component Browser]
    ./components/motion/hero-scope.tsx [Server Component]
    ./app/[locale]/page.tsx [Server Component]

  Client Component SSR:
    ./components/motion/hero.ts [Client Component SSR]
    ./components/motion/hero-scope.tsx [Client Component SSR]
    ./components/motion/hero-scope.tsx [Server Component]
    ./app/[locale]/page.tsx [Server Component] @ http://localhost:3000/_next/static/chunks/node_modules_next_dist_0u_w_5s._.js:1945
[   24349ms] [ERROR] ./components/motion/hero.ts:3:1
Export clearStyle doesn't exist in target module
  1 | import { animate, stagger } from "motion"
  2 | import { DUR, EASE, ms } from "./tokens"
> 3 | import { setStyle, clearStyle } from "./dom"
    | ^^^^^^^^^^^^^^^^^^^^^^^^^^^^^^^^^^^^^^^^^^^^
  4 |
  5 | /**
  6 |  * The hero's motion, and the only motion left on the page that is not driven by a

The export clearStyle was not found in module [project]/components/motion/dom.ts [app-client] (ecmascript).
Did you mean to import clearStyles?
All exports of the module are statically known (It doesn't have dynamic exports). So it's known statically that the requested export doesn't exist.

Import traces:
  Client Component Browser:
    ./components/motion/hero.ts [Client Component Browser]
    ./components/motion/hero-scope.tsx [Client Component Browser]
    ./components/motion/hero-scope.tsx [Server Component]
    ./app/[locale]/page.tsx [Server Component]

  Client Component SSR:
    ./components/motion/hero.ts [Client Component SSR]
    ./components/motion/hero-scope.tsx [Client Component SSR]
    ./components/motion/hero-scope.tsx [Server Component]
    ./app/[locale]/page.tsx [Server Component] @ http://localhost:3000/_next/static/chunks/node_modules_next_dist_0u_w_5s._.js:1945
[   24349ms] [ERROR] ./components/motion/hero.ts:3:1
Export clearStyle doesn't exist in target module
  1 | import { animate, stagger } from "motion"
  2 | import { DUR, EASE, ms } from "./tokens"
> 3 | import { setStyle, clearStyle } from "./dom"
    | ^^^^^^^^^^^^^^^^^^^^^^^^^^^^^^^^^^^^^^^^^^^^
  4 |
  5 | /**
  6 |  * The hero's motion, and the only motion left on the page that is not driven by a

The export clearStyle was not found in module [project]/components/motion/dom.ts [app-ssr] (ecmascript).
Did you mean to import clearStyles?
All exports of the module are statically known (It doesn't have dynamic exports). So it's known statically that the requested export doesn't exist.

Import traces:
  Client Component Browser:
    ./components/motion/hero.ts [Client Component Browser]
    ./components/motion/hero-scope.tsx [Client Component Browser]
    ./components/motion/hero-scope.tsx [Server Component]
    ./app/[locale]/page.tsx [Server Component]

  Client Component SSR:
    ./components/motion/hero.ts [Client Component SSR]
    ./components/motion/hero-scope.tsx [Client Component SSR]
    ./components/motion/hero-scope.tsx [Server Component]
    ./app/[locale]/page.tsx [Server Component] @ http://localhost:3000/_next/static/chunks/node_modules_next_dist_0u_w_5s._.js:1945
[   24349ms] [ERROR] ./components/motion/hero.ts:3:1
Export setStyle doesn't exist in target module
  1 | import { animate, stagger } from "motion"
  2 | import { DUR, EASE, ms } from "./tokens"
> 3 | import { setStyle, clearStyle } from "./dom"
    | ^^^^^^^^^^^^^^^^^^^^^^^^^^^^^^^^^^^^^^^^^^^^
  4 |
  5 | /**
  6 |  * The hero's motion, and the only motion left on the page that is not driven by a

The export setStyle was not found in module [project]/components/motion/dom.ts [app-client] (ecmascript).
Did you mean to import setStyles?
All exports of the module are statically known (It doesn't have dynamic exports). So it's known statically that the requested export doesn't exist.

Import traces:
  Client Component Browser:
    ./components/motion/hero.ts [Client Component Browser]
    ./components/motion/hero-scope.tsx [Client Component Browser]
    ./components/motion/hero-scope.tsx [Server Component]
    ./app/[locale]/page.tsx [Server Component]

  Client Component SSR:
    ./components/motion/hero.ts [Client Component SSR]
    ./components/motion/hero-scope.tsx [Client Component SSR]
    ./components/motion/hero-scope.tsx [Server Component]
    ./app/[locale]/page.tsx [Server Component] @ http://localhost:3000/_next/static/chunks/node_modules_next_dist_0u_w_5s._.js:1945
[   24350ms] [ERROR] ./components/motion/hero.ts:3:1
Export setStyle doesn't exist in target module
  1 | import { animate, stagger } from "motion"
  2 | import { DUR, EASE, ms } from "./tokens"
> 3 | import { setStyle, clearStyle } from "./dom"
    | ^^^^^^^^^^^^^^^^^^^^^^^^^^^^^^^^^^^^^^^^^^^^
  4 |
  5 | /**
  6 |  * The hero's motion, and the only motion left on the page that is not driven by a

The export setStyle was not found in module [project]/components/motion/dom.ts [app-ssr] (ecmascript).
Did you mean to import setStyles?
All exports of the module are statically known (It doesn't have dynamic exports). So it's known statically that the requested export doesn't exist.

Import traces:
  Client Component Browser:
    ./components/motion/hero.ts [Client Component Browser]
    ./components/motion/hero-scope.tsx [Client Component Browser]
    ./components/motion/hero-scope.tsx [Server Component]
    ./app/[locale]/page.tsx [Server Component]

  Client Component SSR:
    ./components/motion/hero.ts [Client Component SSR]
    ./components/motion/hero-scope.tsx [Client Component SSR]
    ./components/motion/hero-scope.tsx [Server Component]
    ./app/[locale]/page.tsx [Server Component] @ http://localhost:3000/_next/static/chunks/node_modules_next_dist_0u_w_5s._.js:1945
[   24412ms] [ERROR] ./components/motion/hero.ts:3:1
Export clearStyle doesn't exist in target module
  1 | import { animate, stagger } from "motion"
  2 | import { DUR, EASE, ms } from "./tokens"
> 3 | import { setStyle, clearStyle } from "./dom"
    | ^^^^^^^^^^^^^^^^^^^^^^^^^^^^^^^^^^^^^^^^^^^^
  4 |
  5 | /**
  6 |  * The hero's motion, and the only motion left on the page that is not driven by a

The export clearStyle was not found in module [project]/components/motion/dom.ts [app-client] (ecmascript).
Did you mean to import clearStyles?
All exports of the module are statically known (It doesn't have dynamic exports). So it's known statically that the requested export doesn't exist.

Import traces:
  Client Component Browser:
    ./components/motion/hero.ts [Client Component Browser]
    ./components/motion/hero-scope.tsx [Client Component Browser]
    ./components/motion/hero-scope.tsx [Server Component]
    ./app/[locale]/page.tsx [Server Component]

  Client Component SSR:
    ./components/motion/hero.ts [Client Component SSR]
    ./components/motion/hero-scope.tsx [Client Component SSR]
    ./components/motion/hero-scope.tsx [Server Component]
    ./app/[locale]/page.tsx [Server Component] @ http://localhost:3000/_next/static/chunks/node_modules_next_dist_0u_w_5s._.js:1945
[   24412ms] [ERROR] ./components/motion/hero.ts:3:1
Export clearStyle doesn't exist in target module
  1 | import { animate, stagger } from "motion"
  2 | import { DUR, EASE, ms } from "./tokens"
> 3 | import { setStyle, clearStyle } from "./dom"
    | ^^^^^^^^^^^^^^^^^^^^^^^^^^^^^^^^^^^^^^^^^^^^
  4 |
  5 | /**
  6 |  * The hero's motion, and the only motion left on the page that is not driven by a

The export clearStyle was not found in module [project]/components/motion/dom.ts [app-ssr] (ecmascript).
Did you mean to import clearStyles?
All exports of the module are statically known (It doesn't have dynamic exports). So it's known statically that the requested export doesn't exist.

Import traces:
  Client Component Browser:
    ./components/motion/hero.ts [Client Component Browser]
    ./components/motion/hero-scope.tsx [Client Component Browser]
    ./components/motion/hero-scope.tsx [Server Component]
    ./app/[locale]/page.tsx [Server Component]

  Client Component SSR:
    ./components/motion/hero.ts [Client Component SSR]
    ./components/motion/hero-scope.tsx [Client Component SSR]
    ./components/motion/hero-scope.tsx [Server Component]
    ./app/[locale]/page.tsx [Server Component] @ http://localhost:3000/_next/static/chunks/node_modules_next_dist_0u_w_5s._.js:1945
[   24412ms] [ERROR] ./components/motion/hero.ts:3:1
Export setStyle doesn't exist in target module
  1 | import { animate, stagger } from "motion"
  2 | import { DUR, EASE, ms } from "./tokens"
> 3 | import { setStyle, clearStyle } from "./dom"
    | ^^^^^^^^^^^^^^^^^^^^^^^^^^^^^^^^^^^^^^^^^^^^
  4 |
  5 | /**
  6 |  * The hero's motion, and the only motion left on the page that is not driven by a

The export setStyle was not found in module [project]/components/motion/dom.ts [app-client] (ecmascript).
Did you mean to import setStyles?
All exports of the module are statically known (It doesn't have dynamic exports). So it's known statically that the requested export doesn't exist.

Import traces:
  Client Component Browser:
    ./components/motion/hero.ts [Client Component Browser]
    ./components/motion/hero-scope.tsx [Client Component Browser]
    ./components/motion/hero-scope.tsx [Server Component]
    ./app/[locale]/page.tsx [Server Component]

  Client Component SSR:
    ./components/motion/hero.ts [Client Component SSR]
    ./components/motion/hero-scope.tsx [Client Component SSR]
    ./components/motion/hero-scope.tsx [Server Component]
    ./app/[locale]/page.tsx [Server Component] @ http://localhost:3000/_next/static/chunks/node_modules_next_dist_0u_w_5s._.js:1945
[   24412ms] [ERROR] ./components/motion/hero.ts:3:1
Export setStyle doesn't exist in target module
  1 | import { animate, stagger } from "motion"
  2 | import { DUR, EASE, ms } from "./tokens"
> 3 | import { setStyle, clearStyle } from "./dom"
    | ^^^^^^^^^^^^^^^^^^^^^^^^^^^^^^^^^^^^^^^^^^^^
  4 |
  5 | /**
  6 |  * The hero's motion, and the only motion left on the page that is not driven by a

The export setStyle was not found in module [project]/components/motion/dom.ts [app-ssr] (ecmascript).
Did you mean to import setStyles?
All exports of the module are statically known (It doesn't have dynamic exports). So it's known statically that the requested export doesn't exist.

Import traces:
  Client Component Browser:
    ./components/motion/hero.ts [Client Component Browser]
    ./components/motion/hero-scope.tsx [Client Component Browser]
    ./components/motion/hero-scope.tsx [Server Component]
    ./app/[locale]/page.tsx [Server Component]

  Client Component SSR:
    ./components/motion/hero.ts [Client Component SSR]
    ./components/motion/hero-scope.tsx [Client Component SSR]
    ./components/motion/hero-scope.tsx [Server Component]
    ./app/[locale]/page.tsx [Server Component] @ http://localhost:3000/_next/static/chunks/node_modules_next_dist_0u_w_5s._.js:1945
[   24474ms] [ERROR] ./components/motion/hero.ts:3:1
Export clearStyle doesn't exist in target module
  1 | import { animate, stagger } from "motion"
  2 | import { DUR, EASE, ms } from "./tokens"
> 3 | import { setStyle, clearStyle } from "./dom"
    | ^^^^^^^^^^^^^^^^^^^^^^^^^^^^^^^^^^^^^^^^^^^^
  4 |
  5 | /**
  6 |  * The hero's motion, and the only motion left on the page that is not driven by a

The export clearStyle was not found in module [project]/components/motion/dom.ts [app-client] (ecmascript).
Did you mean to import clearStyles?
All exports of the module are statically known (It doesn't have dynamic exports). So it's known statically that the requested export doesn't exist.

Import traces:
  Client Component Browser:
    ./components/motion/hero.ts [Client Component Browser]
    ./components/motion/hero-scope.tsx [Client Component Browser]
    ./components/motion/hero-scope.tsx [Server Component]
    ./app/[locale]/page.tsx [Server Component]

  Client Component SSR:
    ./components/motion/hero.ts [Client Component SSR]
    ./components/motion/hero-scope.tsx [Client Component SSR]
    ./components/motion/hero-scope.tsx [Server Component]
    ./app/[locale]/page.tsx [Server Component] @ http://localhost:3000/_next/static/chunks/node_modules_next_dist_0u_w_5s._.js:1945
[   24474ms] [ERROR] ./components/motion/hero.ts:3:1
Export clearStyle doesn't exist in target module
  1 | import { animate, stagger } from "motion"
  2 | import { DUR, EASE, ms } from "./tokens"
> 3 | import { setStyle, clearStyle } from "./dom"
    | ^^^^^^^^^^^^^^^^^^^^^^^^^^^^^^^^^^^^^^^^^^^^
  4 |
  5 | /**
  6 |  * The hero's motion, and the only motion left on the page that is not driven by a

The export clearStyle was not found in module [project]/components/motion/dom.ts [app-ssr] (ecmascript).
Did you mean to import clearStyles?
All exports of the module are statically known (It doesn't have dynamic exports). So it's known statically that the requested export doesn't exist.

Import traces:
  Client Component Browser:
    ./components/motion/hero.ts [Client Component Browser]
    ./components/motion/hero-scope.tsx [Client Component Browser]
    ./components/motion/hero-scope.tsx [Server Component]
    ./app/[locale]/page.tsx [Server Component]

  Client Component SSR:
    ./components/motion/hero.ts [Client Component SSR]
    ./components/motion/hero-scope.tsx [Client Component SSR]
    ./components/motion/hero-scope.tsx [Server Component]
    ./app/[locale]/page.tsx [Server Component] @ http://localhost:3000/_next/static/chunks/node_modules_next_dist_0u_w_5s._.js:1945
[   24474ms] [ERROR] ./components/motion/hero.ts:3:1
Export setStyle doesn't exist in target module
  1 | import { animate, stagger } from "motion"
  2 | import { DUR, EASE, ms } from "./tokens"
> 3 | import { setStyle, clearStyle } from "./dom"
    | ^^^^^^^^^^^^^^^^^^^^^^^^^^^^^^^^^^^^^^^^^^^^
  4 |
  5 | /**
  6 |  * The hero's motion, and the only motion left on the page that is not driven by a

The export setStyle was not found in module [project]/components/motion/dom.ts [app-client] (ecmascript).
Did you mean to import setStyles?
All exports of the module are statically known (It doesn't have dynamic exports). So it's known statically that the requested export doesn't exist.

Import traces:
  Client Component Browser:
    ./components/motion/hero.ts [Client Component Browser]
    ./components/motion/hero-scope.tsx [Client Component Browser]
    ./components/motion/hero-scope.tsx [Server Component]
    ./app/[locale]/page.tsx [Server Component]

  Client Component SSR:
    ./components/motion/hero.ts [Client Component SSR]
    ./components/motion/hero-scope.tsx [Client Component SSR]
    ./components/motion/hero-scope.tsx [Server Component]
    ./app/[locale]/page.tsx [Server Component] @ http://localhost:3000/_next/static/chunks/node_modules_next_dist_0u_w_5s._.js:1945
[   24474ms] [ERROR] ./components/motion/hero.ts:3:1
Export setStyle doesn't exist in target module
  1 | import { animate, stagger } from "motion"
  2 | import { DUR, EASE, ms } from "./tokens"
> 3 | import { setStyle, clearStyle } from "./dom"
    | ^^^^^^^^^^^^^^^^^^^^^^^^^^^^^^^^^^^^^^^^^^^^
  4 |
  5 | /**
  6 |  * The hero's motion, and the only motion left on the page that is not driven by a

The export setStyle was not found in module [project]/components/motion/dom.ts [app-ssr] (ecmascript).
Did you mean to import setStyles?
All exports of the module are statically known (It doesn't have dynamic exports). So it's known statically that the requested export doesn't exist.

Import traces:
  Client Component Browser:
    ./components/motion/hero.ts [Client Component Browser]
    ./components/motion/hero-scope.tsx [Client Component Browser]
    ./components/motion/hero-scope.tsx [Server Component]
    ./app/[locale]/page.tsx [Server Component]

  Client Component SSR:
    ./components/motion/hero.ts [Client Component SSR]
    ./components/motion/hero-scope.tsx [Client Component SSR]
    ./components/motion/hero-scope.tsx [Server Component]
    ./app/[locale]/page.tsx [Server Component] @ http://localhost:3000/_next/static/chunks/node_modules_next_dist_0u_w_5s._.js:1945
[   24536ms] [ERROR] ./components/motion/hero.ts:3:1
Export clearStyle doesn't exist in target module
  1 | import { animate, stagger } from "motion"
  2 | import { DUR, EASE, ms } from "./tokens"
> 3 | import { setStyle, clearStyle } from "./dom"
    | ^^^^^^^^^^^^^^^^^^^^^^^^^^^^^^^^^^^^^^^^^^^^
  4 |
  5 | /**
  6 |  * The hero's motion, and the only motion left on the page that is not driven by a

The export clearStyle was not found in module [project]/components/motion/dom.ts [app-client] (ecmascript).
Did you mean to import clearStyles?
All exports of the module are statically known (It doesn't have dynamic exports). So it's known statically that the requested export doesn't exist.

Import traces:
  Client Component Browser:
    ./components/motion/hero.ts [Client Component Browser]
    ./components/motion/hero-scope.tsx [Client Component Browser]
    ./components/motion/hero-scope.tsx [Server Component]
    ./app/[locale]/page.tsx [Server Component]

  Client Component SSR:
    ./components/motion/hero.ts [Client Component SSR]
    ./components/motion/hero-scope.tsx [Client Component SSR]
    ./components/motion/hero-scope.tsx [Server Component]
    ./app/[locale]/page.tsx [Server Component] @ http://localhost:3000/_next/static/chunks/node_modules_next_dist_0u_w_5s._.js:1945
[   24536ms] [ERROR] ./components/motion/hero.ts:3:1
Export clearStyle doesn't exist in target module
  1 | import { animate, stagger } from "motion"
  2 | import { DUR, EASE, ms } from "./tokens"
> 3 | import { setStyle, clearStyle } from "./dom"
    | ^^^^^^^^^^^^^^^^^^^^^^^^^^^^^^^^^^^^^^^^^^^^
  4 |
  5 | /**
  6 |  * The hero's motion, and the only motion left on the page that is not driven by a

The export clearStyle was not found in module [project]/components/motion/dom.ts [app-ssr] (ecmascript).
Did you mean to import clearStyles?
All exports of the module are statically known (It doesn't have dynamic exports). So it's known statically that the requested export doesn't exist.

Import traces:
  Client Component Browser:
    ./components/motion/hero.ts [Client Component Browser]
    ./components/motion/hero-scope.tsx [Client Component Browser]
    ./components/motion/hero-scope.tsx [Server Component]
    ./app/[locale]/page.tsx [Server Component]

  Client Component SSR:
    ./components/motion/hero.ts [Client Component SSR]
    ./components/motion/hero-scope.tsx [Client Component SSR]
    ./components/motion/hero-scope.tsx [Server Component]
    ./app/[locale]/page.tsx [Server Component] @ http://localhost:3000/_next/static/chunks/node_modules_next_dist_0u_w_5s._.js:1945
[   24536ms] [ERROR] ./components/motion/hero.ts:3:1
Export setStyle doesn't exist in target module
  1 | import { animate, stagger } from "motion"
  2 | import { DUR, EASE, ms } from "./tokens"
> 3 | import { setStyle, clearStyle } from "./dom"
    | ^^^^^^^^^^^^^^^^^^^^^^^^^^^^^^^^^^^^^^^^^^^^
  4 |
  5 | /**
  6 |  * The hero's motion, and the only motion left on the page that is not driven by a

The export setStyle was not found in module [project]/components/motion/dom.ts [app-client] (ecmascript).
Did you mean to import setStyles?
All exports of the module are statically known (It doesn't have dynamic exports). So it's known statically that the requested export doesn't exist.

Import traces:
  Client Component Browser:
    ./components/motion/hero.ts [Client Component Browser]
    ./components/motion/hero-scope.tsx [Client Component Browser]
    ./components/motion/hero-scope.tsx [Server Component]
    ./app/[locale]/page.tsx [Server Component]

  Client Component SSR:
    ./components/motion/hero.ts [Client Component SSR]
    ./components/motion/hero-scope.tsx [Client Component SSR]
    ./components/motion/hero-scope.tsx [Server Component]
    ./app/[locale]/page.tsx [Server Component] @ http://localhost:3000/_next/static/chunks/node_modules_next_dist_0u_w_5s._.js:1945
[   24536ms] [ERROR] ./components/motion/hero.ts:3:1
Export setStyle doesn't exist in target module
  1 | import { animate, stagger } from "motion"
  2 | import { DUR, EASE, ms } from "./tokens"
> 3 | import { setStyle, clearStyle } from "./dom"
    | ^^^^^^^^^^^^^^^^^^^^^^^^^^^^^^^^^^^^^^^^^^^^
  4 |
  5 | /**
  6 |  * The hero's motion, and the only motion left on the page that is not driven by a

The export setStyle was not found in module [project]/components/motion/dom.ts [app-ssr] (ecmascript).
Did you mean to import setStyles?
All exports of the module are statically known (It doesn't have dynamic exports). So it's known statically that the requested export doesn't exist.

Import traces:
  Client Component Browser:
    ./components/motion/hero.ts [Client Component Browser]
    ./components/motion/hero-scope.tsx [Client Component Browser]
    ./components/motion/hero-scope.tsx [Server Component]
    ./app/[locale]/page.tsx [Server Component]

  Client Component SSR:
    ./components/motion/hero.ts [Client Component SSR]
    ./components/motion/hero-scope.tsx [Client Component SSR]
    ./components/motion/hero-scope.tsx [Server Component]
    ./app/[locale]/page.tsx [Server Component] @ http://localhost:3000/_next/static/chunks/node_modules_next_dist_0u_w_5s._.js:1945
[   24598ms] [ERROR] ./components/motion/hero.ts:3:1
Export clearStyle doesn't exist in target module
  1 | import { animate, stagger } from "motion"
  2 | import { DUR, EASE, ms } from "./tokens"
> 3 | import { setStyle, clearStyle } from "./dom"
    | ^^^^^^^^^^^^^^^^^^^^^^^^^^^^^^^^^^^^^^^^^^^^
  4 |
  5 | /**
  6 |  * The hero's motion, and the only motion left on the page that is not driven by a

The export clearStyle was not found in module [project]/components/motion/dom.ts [app-client] (ecmascript).
Did you mean to import clearStyles?
All exports of the module are statically known (It doesn't have dynamic exports). So it's known statically that the requested export doesn't exist.

Import traces:
  Client Component Browser:
    ./components/motion/hero.ts [Client Component Browser]
    ./components/motion/hero-scope.tsx [Client Component Browser]
    ./components/motion/hero-scope.tsx [Server Component]
    ./app/[locale]/page.tsx [Server Component]

  Client Component SSR:
    ./components/motion/hero.ts [Client Component SSR]
    ./components/motion/hero-scope.tsx [Client Component SSR]
    ./components/motion/hero-scope.tsx [Server Component]
    ./app/[locale]/page.tsx [Server Component] @ http://localhost:3000/_next/static/chunks/node_modules_next_dist_0u_w_5s._.js:1945
[   24598ms] [ERROR] ./components/motion/hero.ts:3:1
Export clearStyle doesn't exist in target module
  1 | import { animate, stagger } from "motion"
  2 | import { DUR, EASE, ms } from "./tokens"
> 3 | import { setStyle, clearStyle } from "./dom"
    | ^^^^^^^^^^^^^^^^^^^^^^^^^^^^^^^^^^^^^^^^^^^^
  4 |
  5 | /**
  6 |  * The hero's motion, and the only motion left on the page that is not driven by a

The export clearStyle was not found in module [project]/components/motion/dom.ts [app-ssr] (ecmascript).
Did you mean to import clearStyles?
All exports of the module are statically known (It doesn't have dynamic exports). So it's known statically that the requested export doesn't exist.

Import traces:
  Client Component Browser:
    ./components/motion/hero.ts [Client Component Browser]
    ./components/motion/hero-scope.tsx [Client Component Browser]
    ./components/motion/hero-scope.tsx [Server Component]
    ./app/[locale]/page.tsx [Server Component]

  Client Component SSR:
    ./components/motion/hero.ts [Client Component SSR]
    ./components/motion/hero-scope.tsx [Client Component SSR]
    ./components/motion/hero-scope.tsx [Server Component]
    ./app/[locale]/page.tsx [Server Component] @ http://localhost:3000/_next/static/chunks/node_modules_next_dist_0u_w_5s._.js:1945
[   24598ms] [ERROR] ./components/motion/hero.ts:3:1
Export setStyle doesn't exist in target module
  1 | import { animate, stagger } from "motion"
  2 | import { DUR, EASE, ms } from "./tokens"
> 3 | import { setStyle, clearStyle } from "./dom"
    | ^^^^^^^^^^^^^^^^^^^^^^^^^^^^^^^^^^^^^^^^^^^^
  4 |
  5 | /**
  6 |  * The hero's motion, and the only motion left on the page that is not driven by a

The export setStyle was not found in module [project]/components/motion/dom.ts [app-client] (ecmascript).
Did you mean to import setStyles?
All exports of the module are statically known (It doesn't have dynamic exports). So it's known statically that the requested export doesn't exist.

Import traces:
  Client Component Browser:
    ./components/motion/hero.ts [Client Component Browser]
    ./components/motion/hero-scope.tsx [Client Component Browser]
    ./components/motion/hero-scope.tsx [Server Component]
    ./app/[locale]/page.tsx [Server Component]

  Client Component SSR:
    ./components/motion/hero.ts [Client Component SSR]
    ./components/motion/hero-scope.tsx [Client Component SSR]
    ./components/motion/hero-scope.tsx [Server Component]
    ./app/[locale]/page.tsx [Server Component] @ http://localhost:3000/_next/static/chunks/node_modules_next_dist_0u_w_5s._.js:1945
[   24598ms] [ERROR] ./components/motion/hero.ts:3:1
Export setStyle doesn't exist in target module
  1 | import { animate, stagger } from "motion"
  2 | import { DUR, EASE, ms } from "./tokens"
> 3 | import { setStyle, clearStyle } from "./dom"
    | ^^^^^^^^^^^^^^^^^^^^^^^^^^^^^^^^^^^^^^^^^^^^
  4 |
  5 | /**
  6 |  * The hero's motion, and the only motion left on the page that is not driven by a

The export setStyle was not found in module [project]/components/motion/dom.ts [app-ssr] (ecmascript).
Did you mean to import setStyles?
All exports of the module are statically known (It doesn't have dynamic exports). So it's known statically that the requested export doesn't exist.

Import traces:
  Client Component Browser:
    ./components/motion/hero.ts [Client Component Browser]
    ./components/motion/hero-scope.tsx [Client Component Browser]
    ./components/motion/hero-scope.tsx [Server Component]
    ./app/[locale]/page.tsx [Server Component]

  Client Component SSR:
    ./components/motion/hero.ts [Client Component SSR]
    ./components/motion/hero-scope.tsx [Client Component SSR]
    ./components/motion/hero-scope.tsx [Server Component]
    ./app/[locale]/page.tsx [Server Component] @ http://localhost:3000/_next/static/chunks/node_modules_next_dist_0u_w_5s._.js:1945
[   24659ms] [ERROR] ./components/motion/hero.ts:3:1
Export clearStyle doesn't exist in target module
  1 | import { animate, stagger } from "motion"
  2 | import { DUR, EASE, ms } from "./tokens"
> 3 | import { setStyle, clearStyle } from "./dom"
    | ^^^^^^^^^^^^^^^^^^^^^^^^^^^^^^^^^^^^^^^^^^^^
  4 |
  5 | /**
  6 |  * The hero's motion, and the only motion left on the page that is not driven by a

The export clearStyle was not found in module [project]/components/motion/dom.ts [app-client] (ecmascript).
Did you mean to import clearStyles?
All exports of the module are statically known (It doesn't have dynamic exports). So it's known statically that the requested export doesn't exist.

Import traces:
  Client Component Browser:
    ./components/motion/hero.ts [Client Component Browser]
    ./components/motion/hero-scope.tsx [Client Component Browser]
    ./components/motion/hero-scope.tsx [Server Component]
    ./app/[locale]/page.tsx [Server Component]

  Client Component SSR:
    ./components/motion/hero.ts [Client Component SSR]
    ./components/motion/hero-scope.tsx [Client Component SSR]
    ./components/motion/hero-scope.tsx [Server Component]
    ./app/[locale]/page.tsx [Server Component] @ http://localhost:3000/_next/static/chunks/node_modules_next_dist_0u_w_5s._.js:1945
[   24659ms] [ERROR] ./components/motion/hero.ts:3:1
Export clearStyle doesn't exist in target module
  1 | import { animate, stagger } from "motion"
  2 | import { DUR, EASE, ms } from "./tokens"
> 3 | import { setStyle, clearStyle } from "./dom"
    | ^^^^^^^^^^^^^^^^^^^^^^^^^^^^^^^^^^^^^^^^^^^^
  4 |
  5 | /**
  6 |  * The hero's motion, and the only motion left on the page that is not driven by a

The export clearStyle was not found in module [project]/components/motion/dom.ts [app-ssr] (ecmascript).
Did you mean to import clearStyles?
All exports of the module are statically known (It doesn't have dynamic exports). So it's known statically that the requested export doesn't exist.

Import traces:
  Client Component Browser:
    ./components/motion/hero.ts [Client Component Browser]
    ./components/motion/hero-scope.tsx [Client Component Browser]
    ./components/motion/hero-scope.tsx [Server Component]
    ./app/[locale]/page.tsx [Server Component]

  Client Component SSR:
    ./components/motion/hero.ts [Client Component SSR]
    ./components/motion/hero-scope.tsx [Client Component SSR]
    ./components/motion/hero-scope.tsx [Server Component]
    ./app/[locale]/page.tsx [Server Component] @ http://localhost:3000/_next/static/chunks/node_modules_next_dist_0u_w_5s._.js:1945
[   24659ms] [ERROR] ./components/motion/hero.ts:3:1
Export setStyle doesn't exist in target module
  1 | import { animate, stagger } from "motion"
  2 | import { DUR, EASE, ms } from "./tokens"
> 3 | import { setStyle, clearStyle } from "./dom"
    | ^^^^^^^^^^^^^^^^^^^^^^^^^^^^^^^^^^^^^^^^^^^^
  4 |
  5 | /**
  6 |  * The hero's motion, and the only motion left on the page that is not driven by a

The export setStyle was not found in module [project]/components/motion/dom.ts [app-client] (ecmascript).
Did you mean to import setStyles?
All exports of the module are statically known (It doesn't have dynamic exports). So it's known statically that the requested export doesn't exist.

Import traces:
  Client Component Browser:
    ./components/motion/hero.ts [Client Component Browser]
    ./components/motion/hero-scope.tsx [Client Component Browser]
    ./components/motion/hero-scope.tsx [Server Component]
    ./app/[locale]/page.tsx [Server Component]

  Client Component SSR:
    ./components/motion/hero.ts [Client Component SSR]
    ./components/motion/hero-scope.tsx [Client Component SSR]
    ./components/motion/hero-scope.tsx [Server Component]
    ./app/[locale]/page.tsx [Server Component] @ http://localhost:3000/_next/static/chunks/node_modules_next_dist_0u_w_5s._.js:1945
[   24660ms] [ERROR] ./components/motion/hero.ts:3:1
Export setStyle doesn't exist in target module
  1 | import { animate, stagger } from "motion"
  2 | import { DUR, EASE, ms } from "./tokens"
> 3 | import { setStyle, clearStyle } from "./dom"
    | ^^^^^^^^^^^^^^^^^^^^^^^^^^^^^^^^^^^^^^^^^^^^
  4 |
  5 | /**
  6 |  * The hero's motion, and the only motion left on the page that is not driven by a

The export setStyle was not found in module [project]/components/motion/dom.ts [app-ssr] (ecmascript).
Did you mean to import setStyles?
All exports of the module are statically known (It doesn't have dynamic exports). So it's known statically that the requested export doesn't exist.

Import traces:
  Client Component Browser:
    ./components/motion/hero.ts [Client Component Browser]
    ./components/motion/hero-scope.tsx [Client Component Browser]
    ./components/motion/hero-scope.tsx [Server Component]
    ./app/[locale]/page.tsx [Server Component]

  Client Component SSR:
    ./components/motion/hero.ts [Client Component SSR]
    ./components/motion/hero-scope.tsx [Client Component SSR]
    ./components/motion/hero-scope.tsx [Server Component]
    ./app/[locale]/page.tsx [Server Component] @ http://localhost:3000/_next/static/chunks/node_modules_next_dist_0u_w_5s._.js:1945
[   24721ms] [ERROR] ./components/motion/hero.ts:3:1
Export clearStyle doesn't exist in target module
  1 | import { animate, stagger } from "motion"
  2 | import { DUR, EASE, ms } from "./tokens"
> 3 | import { setStyle, clearStyle } from "./dom"
    | ^^^^^^^^^^^^^^^^^^^^^^^^^^^^^^^^^^^^^^^^^^^^
  4 |
  5 | /**
  6 |  * The hero's motion, and the only motion left on the page that is not driven by a

The export clearStyle was not found in module [project]/components/motion/dom.ts [app-client] (ecmascript).
Did you mean to import clearStyles?
All exports of the module are statically known (It doesn't have dynamic exports). So it's known statically that the requested export doesn't exist.

Import traces:
  Client Component Browser:
    ./components/motion/hero.ts [Client Component Browser]
    ./components/motion/hero-scope.tsx [Client Component Browser]
    ./components/motion/hero-scope.tsx [Server Component]
    ./app/[locale]/page.tsx [Server Component]

  Client Component SSR:
    ./components/motion/hero.ts [Client Component SSR]
    ./components/motion/hero-scope.tsx [Client Component SSR]
    ./components/motion/hero-scope.tsx [Server Component]
    ./app/[locale]/page.tsx [Server Component] @ http://localhost:3000/_next/static/chunks/node_modules_next_dist_0u_w_5s._.js:1945
[   24721ms] [ERROR] ./components/motion/hero.ts:3:1
Export clearStyle doesn't exist in target module
  1 | import { animate, stagger } from "motion"
  2 | import { DUR, EASE, ms } from "./tokens"
> 3 | import { setStyle, clearStyle } from "./dom"
    | ^^^^^^^^^^^^^^^^^^^^^^^^^^^^^^^^^^^^^^^^^^^^
  4 |
  5 | /**
  6 |  * The hero's motion, and the only motion left on the page that is not driven by a

The export clearStyle was not found in module [project]/components/motion/dom.ts [app-ssr] (ecmascript).
Did you mean to import clearStyles?
All exports of the module are statically known (It doesn't have dynamic exports). So it's known statically that the requested export doesn't exist.

Import traces:
  Client Component Browser:
    ./components/motion/hero.ts [Client Component Browser]
    ./components/motion/hero-scope.tsx [Client Component Browser]
    ./components/motion/hero-scope.tsx [Server Component]
    ./app/[locale]/page.tsx [Server Component]

  Client Component SSR:
    ./components/motion/hero.ts [Client Component SSR]
    ./components/motion/hero-scope.tsx [Client Component SSR]
    ./components/motion/hero-scope.tsx [Server Component]
    ./app/[locale]/page.tsx [Server Component] @ http://localhost:3000/_next/static/chunks/node_modules_next_dist_0u_w_5s._.js:1945
[   24721ms] [ERROR] ./components/motion/hero.ts:3:1
Export setStyle doesn't exist in target module
  1 | import { animate, stagger } from "motion"
  2 | import { DUR, EASE, ms } from "./tokens"
> 3 | import { setStyle, clearStyle } from "./dom"
    | ^^^^^^^^^^^^^^^^^^^^^^^^^^^^^^^^^^^^^^^^^^^^
  4 |
  5 | /**
  6 |  * The hero's motion, and the only motion left on the page that is not driven by a

The export setStyle was not found in module [project]/components/motion/dom.ts [app-client] (ecmascript).
Did you mean to import setStyles?
All exports of the module are statically known (It doesn't have dynamic exports). So it's known statically that the requested export doesn't exist.

Import traces:
  Client Component Browser:
    ./components/motion/hero.ts [Client Component Browser]
    ./components/motion/hero-scope.tsx [Client Component Browser]
    ./components/motion/hero-scope.tsx [Server Component]
    ./app/[locale]/page.tsx [Server Component]

  Client Component SSR:
    ./components/motion/hero.ts [Client Component SSR]
    ./components/motion/hero-scope.tsx [Client Component SSR]
    ./components/motion/hero-scope.tsx [Server Component]
    ./app/[locale]/page.tsx [Server Component] @ http://localhost:3000/_next/static/chunks/node_modules_next_dist_0u_w_5s._.js:1945
[   24721ms] [ERROR] ./components/motion/hero.ts:3:1
Export setStyle doesn't exist in target module
  1 | import { animate, stagger } from "motion"
  2 | import { DUR, EASE, ms } from "./tokens"
> 3 | import { setStyle, clearStyle } from "./dom"
    | ^^^^^^^^^^^^^^^^^^^^^^^^^^^^^^^^^^^^^^^^^^^^
  4 |
  5 | /**
  6 |  * The hero's motion, and the only motion left on the page that is not driven by a

The export setStyle was not found in module [project]/components/motion/dom.ts [app-ssr] (ecmascript).
Did you mean to import setStyles?
All exports of the module are statically known (It doesn't have dynamic exports). So it's known statically that the requested export doesn't exist.

Import traces:
  Client Component Browser:
    ./components/motion/hero.ts [Client Component Browser]
    ./components/motion/hero-scope.tsx [Client Component Browser]
    ./components/motion/hero-scope.tsx [Server Component]
    ./app/[locale]/page.tsx [Server Component]

  Client Component SSR:
    ./components/motion/hero.ts [Client Component SSR]
    ./components/motion/hero-scope.tsx [Client Component SSR]
    ./components/motion/hero-scope.tsx [Server Component]
    ./app/[locale]/page.tsx [Server Component] @ http://localhost:3000/_next/static/chunks/node_modules_next_dist_0u_w_5s._.js:1945
[   24782ms] [ERROR] ./components/motion/hero.ts:3:1
Export clearStyle doesn't exist in target module
  1 | import { animate, stagger } from "motion"
  2 | import { DUR, EASE, ms } from "./tokens"
> 3 | import { setStyle, clearStyle } from "./dom"
    | ^^^^^^^^^^^^^^^^^^^^^^^^^^^^^^^^^^^^^^^^^^^^
  4 |
  5 | /**
  6 |  * The hero's motion, and the only motion left on the page that is not driven by a

The export clearStyle was not found in module [project]/components/motion/dom.ts [app-client] (ecmascript).
Did you mean to import clearStyles?
All exports of the module are statically known (It doesn't have dynamic exports). So it's known statically that the requested export doesn't exist.

Import traces:
  Client Component Browser:
    ./components/motion/hero.ts [Client Component Browser]
    ./components/motion/hero-scope.tsx [Client Component Browser]
    ./components/motion/hero-scope.tsx [Server Component]
    ./app/[locale]/page.tsx [Server Component]

  Client Component SSR:
    ./components/motion/hero.ts [Client Component SSR]
    ./components/motion/hero-scope.tsx [Client Component SSR]
    ./components/motion/hero-scope.tsx [Server Component]
    ./app/[locale]/page.tsx [Server Component] @ http://localhost:3000/_next/static/chunks/node_modules_next_dist_0u_w_5s._.js:1945
[   24782ms] [ERROR] ./components/motion/hero.ts:3:1
Export clearStyle doesn't exist in target module
  1 | import { animate, stagger } from "motion"
  2 | import { DUR, EASE, ms } from "./tokens"
> 3 | import { setStyle, clearStyle } from "./dom"
    | ^^^^^^^^^^^^^^^^^^^^^^^^^^^^^^^^^^^^^^^^^^^^
  4 |
  5 | /**
  6 |  * The hero's motion, and the only motion left on the page that is not driven by a

The export clearStyle was not found in module [project]/components/motion/dom.ts [app-ssr] (ecmascript).
Did you mean to import clearStyles?
All exports of the module are statically known (It doesn't have dynamic exports). So it's known statically that the requested export doesn't exist.

Import traces:
  Client Component Browser:
    ./components/motion/hero.ts [Client Component Browser]
    ./components/motion/hero-scope.tsx [Client Component Browser]
    ./components/motion/hero-scope.tsx [Server Component]
    ./app/[locale]/page.tsx [Server Component]

  Client Component SSR:
    ./components/motion/hero.ts [Client Component SSR]
    ./components/motion/hero-scope.tsx [Client Component SSR]
    ./components/motion/hero-scope.tsx [Server Component]
    ./app/[locale]/page.tsx [Server Component] @ http://localhost:3000/_next/static/chunks/node_modules_next_dist_0u_w_5s._.js:1945
[   24783ms] [ERROR] ./components/motion/hero.ts:3:1
Export setStyle doesn't exist in target module
  1 | import { animate, stagger } from "motion"
  2 | import { DUR, EASE, ms } from "./tokens"
> 3 | import { setStyle, clearStyle } from "./dom"
    | ^^^^^^^^^^^^^^^^^^^^^^^^^^^^^^^^^^^^^^^^^^^^
  4 |
  5 | /**
  6 |  * The hero's motion, and the only motion left on the page that is not driven by a

The export setStyle was not found in module [project]/components/motion/dom.ts [app-client] (ecmascript).
Did you mean to import setStyles?
All exports of the module are statically known (It doesn't have dynamic exports). So it's known statically that the requested export doesn't exist.

Import traces:
  Client Component Browser:
    ./components/motion/hero.ts [Client Component Browser]
    ./components/motion/hero-scope.tsx [Client Component Browser]
    ./components/motion/hero-scope.tsx [Server Component]
    ./app/[locale]/page.tsx [Server Component]

  Client Component SSR:
    ./components/motion/hero.ts [Client Component SSR]
    ./components/motion/hero-scope.tsx [Client Component SSR]
    ./components/motion/hero-scope.tsx [Server Component]
    ./app/[locale]/page.tsx [Server Component] @ http://localhost:3000/_next/static/chunks/node_modules_next_dist_0u_w_5s._.js:1945
[   24783ms] [ERROR] ./components/motion/hero.ts:3:1
Export setStyle doesn't exist in target module
  1 | import { animate, stagger } from "motion"
  2 | import { DUR, EASE, ms } from "./tokens"
> 3 | import { setStyle, clearStyle } from "./dom"
    | ^^^^^^^^^^^^^^^^^^^^^^^^^^^^^^^^^^^^^^^^^^^^
  4 |
  5 | /**
  6 |  * The hero's motion, and the only motion left on the page that is not driven by a

The export setStyle was not found in module [project]/components/motion/dom.ts [app-ssr] (ecmascript).
Did you mean to import setStyles?
All exports of the module are statically known (It doesn't have dynamic exports). So it's known statically that the requested export doesn't exist.

Import traces:
  Client Component Browser:
    ./components/motion/hero.ts [Client Component Browser]
    ./components/motion/hero-scope.tsx [Client Component Browser]
    ./components/motion/hero-scope.tsx [Server Component]
    ./app/[locale]/page.tsx [Server Component]

  Client Component SSR:
    ./components/motion/hero.ts [Client Component SSR]
    ./components/motion/hero-scope.tsx [Client Component SSR]
    ./components/motion/hero-scope.tsx [Server Component]
    ./app/[locale]/page.tsx [Server Component] @ http://localhost:3000/_next/static/chunks/node_modules_next_dist_0u_w_5s._.js:1945
[   24845ms] [ERROR] ./components/motion/hero.ts:3:1
Export clearStyle doesn't exist in target module
  1 | import { animate, stagger } from "motion"
  2 | import { DUR, EASE, ms } from "./tokens"
> 3 | import { setStyle, clearStyle } from "./dom"
    | ^^^^^^^^^^^^^^^^^^^^^^^^^^^^^^^^^^^^^^^^^^^^
  4 |
  5 | /**
  6 |  * The hero's motion, and the only motion left on the page that is not driven by a

The export clearStyle was not found in module [project]/components/motion/dom.ts [app-client] (ecmascript).
Did you mean to import clearStyles?
All exports of the module are statically known (It doesn't have dynamic exports). So it's known statically that the requested export doesn't exist.

Import traces:
  Client Component Browser:
    ./components/motion/hero.ts [Client Component Browser]
    ./components/motion/hero-scope.tsx [Client Component Browser]
    ./components/motion/hero-scope.tsx [Server Component]
    ./app/[locale]/page.tsx [Server Component]

  Client Component SSR:
    ./components/motion/hero.ts [Client Component SSR]
    ./components/motion/hero-scope.tsx [Client Component SSR]
    ./components/motion/hero-scope.tsx [Server Component]
    ./app/[locale]/page.tsx [Server Component] @ http://localhost:3000/_next/static/chunks/node_modules_next_dist_0u_w_5s._.js:1945
[   24845ms] [ERROR] ./components/motion/hero.ts:3:1
Export clearStyle doesn't exist in target module
  1 | import { animate, stagger } from "motion"
  2 | import { DUR, EASE, ms } from "./tokens"
> 3 | import { setStyle, clearStyle } from "./dom"
    | ^^^^^^^^^^^^^^^^^^^^^^^^^^^^^^^^^^^^^^^^^^^^
  4 |
  5 | /**
  6 |  * The hero's motion, and the only motion left on the page that is not driven by a

The export clearStyle was not found in module [project]/components/motion/dom.ts [app-ssr] (ecmascript).
Did you mean to import clearStyles?
All exports of the module are statically known (It doesn't have dynamic exports). So it's known statically that the requested export doesn't exist.

Import traces:
  Client Component Browser:
    ./components/motion/hero.ts [Client Component Browser]
    ./components/motion/hero-scope.tsx [Client Component Browser]
    ./components/motion/hero-scope.tsx [Server Component]
    ./app/[locale]/page.tsx [Server Component]

  Client Component SSR:
    ./components/motion/hero.ts [Client Component SSR]
    ./components/motion/hero-scope.tsx [Client Component SSR]
    ./components/motion/hero-scope.tsx [Server Component]
    ./app/[locale]/page.tsx [Server Component] @ http://localhost:3000/_next/static/chunks/node_modules_next_dist_0u_w_5s._.js:1945
[   24845ms] [ERROR] ./components/motion/hero.ts:3:1
Export setStyle doesn't exist in target module
  1 | import { animate, stagger } from "motion"
  2 | import { DUR, EASE, ms } from "./tokens"
> 3 | import { setStyle, clearStyle } from "./dom"
    | ^^^^^^^^^^^^^^^^^^^^^^^^^^^^^^^^^^^^^^^^^^^^
  4 |
  5 | /**
  6 |  * The hero's motion, and the only motion left on the page that is not driven by a

The export setStyle was not found in module [project]/components/motion/dom.ts [app-client] (ecmascript).
Did you mean to import setStyles?
All exports of the module are statically known (It doesn't have dynamic exports). So it's known statically that the requested export doesn't exist.

Import traces:
  Client Component Browser:
    ./components/motion/hero.ts [Client Component Browser]
    ./components/motion/hero-scope.tsx [Client Component Browser]
    ./components/motion/hero-scope.tsx [Server Component]
    ./app/[locale]/page.tsx [Server Component]

  Client Component SSR:
    ./components/motion/hero.ts [Client Component SSR]
    ./components/motion/hero-scope.tsx [Client Component SSR]
    ./components/motion/hero-scope.tsx [Server Component]
    ./app/[locale]/page.tsx [Server Component] @ http://localhost:3000/_next/static/chunks/node_modules_next_dist_0u_w_5s._.js:1945
[   24845ms] [ERROR] ./components/motion/hero.ts:3:1
Export setStyle doesn't exist in target module
  1 | import { animate, stagger } from "motion"
  2 | import { DUR, EASE, ms } from "./tokens"
> 3 | import { setStyle, clearStyle } from "./dom"
    | ^^^^^^^^^^^^^^^^^^^^^^^^^^^^^^^^^^^^^^^^^^^^
  4 |
  5 | /**
  6 |  * The hero's motion, and the only motion left on the page that is not driven by a

The export setStyle was not found in module [project]/components/motion/dom.ts [app-ssr] (ecmascript).
Did you mean to import setStyles?
All exports of the module are statically known (It doesn't have dynamic exports). So it's known statically that the requested export doesn't exist.

Import traces:
  Client Component Browser:
    ./components/motion/hero.ts [Client Component Browser]
    ./components/motion/hero-scope.tsx [Client Component Browser]
    ./components/motion/hero-scope.tsx [Server Component]
    ./app/[locale]/page.tsx [Server Component]

  Client Component SSR:
    ./components/motion/hero.ts [Client Component SSR]
    ./components/motion/hero-scope.tsx [Client Component SSR]
    ./components/motion/hero-scope.tsx [Server Component]
    ./app/[locale]/page.tsx [Server Component] @ http://localhost:3000/_next/static/chunks/node_modules_next_dist_0u_w_5s._.js:1945
[   24907ms] [ERROR] ./components/motion/hero.ts:3:1
Export clearStyle doesn't exist in target module
  1 | import { animate, stagger } from "motion"
  2 | import { DUR, EASE, ms } from "./tokens"
> 3 | import { setStyle, clearStyle } from "./dom"
    | ^^^^^^^^^^^^^^^^^^^^^^^^^^^^^^^^^^^^^^^^^^^^
  4 |
  5 | /**
  6 |  * The hero's motion, and the only motion left on the page that is not driven by a

The export clearStyle was not found in module [project]/components/motion/dom.ts [app-client] (ecmascript).
Did you mean to import clearStyles?
All exports of the module are statically known (It doesn't have dynamic exports). So it's known statically that the requested export doesn't exist.

Import traces:
  Client Component Browser:
    ./components/motion/hero.ts [Client Component Browser]
    ./components/motion/hero-scope.tsx [Client Component Browser]
    ./components/motion/hero-scope.tsx [Server Component]
    ./app/[locale]/page.tsx [Server Component]

  Client Component SSR:
    ./components/motion/hero.ts [Client Component SSR]
    ./components/motion/hero-scope.tsx [Client Component SSR]
    ./components/motion/hero-scope.tsx [Server Component]
    ./app/[locale]/page.tsx [Server Component] @ http://localhost:3000/_next/static/chunks/node_modules_next_dist_0u_w_5s._.js:1945
[   24907ms] [ERROR] ./components/motion/hero.ts:3:1
Export clearStyle doesn't exist in target module
  1 | import { animate, stagger } from "motion"
  2 | import { DUR, EASE, ms } from "./tokens"
> 3 | import { setStyle, clearStyle } from "./dom"
    | ^^^^^^^^^^^^^^^^^^^^^^^^^^^^^^^^^^^^^^^^^^^^
  4 |
  5 | /**
  6 |  * The hero's motion, and the only motion left on the page that is not driven by a

The export clearStyle was not found in module [project]/components/motion/dom.ts [app-ssr] (ecmascript).
Did you mean to import clearStyles?
All exports of the module are statically known (It doesn't have dynamic exports). So it's known statically that the requested export doesn't exist.

Import traces:
  Client Component Browser:
    ./components/motion/hero.ts [Client Component Browser]
    ./components/motion/hero-scope.tsx [Client Component Browser]
    ./components/motion/hero-scope.tsx [Server Component]
    ./app/[locale]/page.tsx [Server Component]

  Client Component SSR:
    ./components/motion/hero.ts [Client Component SSR]
    ./components/motion/hero-scope.tsx [Client Component SSR]
    ./components/motion/hero-scope.tsx [Server Component]
    ./app/[locale]/page.tsx [Server Component] @ http://localhost:3000/_next/static/chunks/node_modules_next_dist_0u_w_5s._.js:1945
[   24907ms] [ERROR] ./components/motion/hero.ts:3:1
Export setStyle doesn't exist in target module
  1 | import { animate, stagger } from "motion"
  2 | import { DUR, EASE, ms } from "./tokens"
> 3 | import { setStyle, clearStyle } from "./dom"
    | ^^^^^^^^^^^^^^^^^^^^^^^^^^^^^^^^^^^^^^^^^^^^
  4 |
  5 | /**
  6 |  * The hero's motion, and the only motion left on the page that is not driven by a

The export setStyle was not found in module [project]/components/motion/dom.ts [app-client] (ecmascript).
Did you mean to import setStyles?
All exports of the module are statically known (It doesn't have dynamic exports). So it's known statically that the requested export doesn't exist.

Import traces:
  Client Component Browser:
    ./components/motion/hero.ts [Client Component Browser]
    ./components/motion/hero-scope.tsx [Client Component Browser]
    ./components/motion/hero-scope.tsx [Server Component]
    ./app/[locale]/page.tsx [Server Component]

  Client Component SSR:
    ./components/motion/hero.ts [Client Component SSR]
    ./components/motion/hero-scope.tsx [Client Component SSR]
    ./components/motion/hero-scope.tsx [Server Component]
    ./app/[locale]/page.tsx [Server Component] @ http://localhost:3000/_next/static/chunks/node_modules_next_dist_0u_w_5s._.js:1945
[   24907ms] [ERROR] ./components/motion/hero.ts:3:1
Export setStyle doesn't exist in target module
  1 | import { animate, stagger } from "motion"
  2 | import { DUR, EASE, ms } from "./tokens"
> 3 | import { setStyle, clearStyle } from "./dom"
    | ^^^^^^^^^^^^^^^^^^^^^^^^^^^^^^^^^^^^^^^^^^^^
  4 |
  5 | /**
  6 |  * The hero's motion, and the only motion left on the page that is not driven by a

The export setStyle was not found in module [project]/components/motion/dom.ts [app-ssr] (ecmascript).
Did you mean to import setStyles?
All exports of the module are statically known (It doesn't have dynamic exports). So it's known statically that the requested export doesn't exist.

Import traces:
  Client Component Browser:
    ./components/motion/hero.ts [Client Component Browser]
    ./components/motion/hero-scope.tsx [Client Component Browser]
    ./components/motion/hero-scope.tsx [Server Component]
    ./app/[locale]/page.tsx [Server Component]

  Client Component SSR:
    ./components/motion/hero.ts [Client Component SSR]
    ./components/motion/hero-scope.tsx [Client Component SSR]
    ./components/motion/hero-scope.tsx [Server Component]
    ./app/[locale]/page.tsx [Server Component] @ http://localhost:3000/_next/static/chunks/node_modules_next_dist_0u_w_5s._.js:1945
[   24969ms] [ERROR] ./components/motion/hero.ts:3:1
Export clearStyle doesn't exist in target module
  1 | import { animate, stagger } from "motion"
  2 | import { DUR, EASE, ms } from "./tokens"
> 3 | import { setStyle, clearStyle } from "./dom"
    | ^^^^^^^^^^^^^^^^^^^^^^^^^^^^^^^^^^^^^^^^^^^^
  4 |
  5 | /**
  6 |  * The hero's motion, and the only motion left on the page that is not driven by a

The export clearStyle was not found in module [project]/components/motion/dom.ts [app-client] (ecmascript).
Did you mean to import clearStyles?
All exports of the module are statically known (It doesn't have dynamic exports). So it's known statically that the requested export doesn't exist.

Import traces:
  Client Component Browser:
    ./components/motion/hero.ts [Client Component Browser]
    ./components/motion/hero-scope.tsx [Client Component Browser]
    ./components/motion/hero-scope.tsx [Server Component]
    ./app/[locale]/page.tsx [Server Component]

  Client Component SSR:
    ./components/motion/hero.ts [Client Component SSR]
    ./components/motion/hero-scope.tsx [Client Component SSR]
    ./components/motion/hero-scope.tsx [Server Component]
    ./app/[locale]/page.tsx [Server Component] @ http://localhost:3000/_next/static/chunks/node_modules_next_dist_0u_w_5s._.js:1945
[   24969ms] [ERROR] ./components/motion/hero.ts:3:1
Export clearStyle doesn't exist in target module
  1 | import { animate, stagger } from "motion"
  2 | import { DUR, EASE, ms } from "./tokens"
> 3 | import { setStyle, clearStyle } from "./dom"
    | ^^^^^^^^^^^^^^^^^^^^^^^^^^^^^^^^^^^^^^^^^^^^
  4 |
  5 | /**
  6 |  * The hero's motion, and the only motion left on the page that is not driven by a

The export clearStyle was not found in module [project]/components/motion/dom.ts [app-ssr] (ecmascript).
Did you mean to import clearStyles?
All exports of the module are statically known (It doesn't have dynamic exports). So it's known statically that the requested export doesn't exist.

Import traces:
  Client Component Browser:
    ./components/motion/hero.ts [Client Component Browser]
    ./components/motion/hero-scope.tsx [Client Component Browser]
    ./components/motion/hero-scope.tsx [Server Component]
    ./app/[locale]/page.tsx [Server Component]

  Client Component SSR:
    ./components/motion/hero.ts [Client Component SSR]
    ./components/motion/hero-scope.tsx [Client Component SSR]
    ./components/motion/hero-scope.tsx [Server Component]
    ./app/[locale]/page.tsx [Server Component] @ http://localhost:3000/_next/static/chunks/node_modules_next_dist_0u_w_5s._.js:1945
[   24969ms] [ERROR] ./components/motion/hero.ts:3:1
Export setStyle doesn't exist in target module
  1 | import { animate, stagger } from "motion"
  2 | import { DUR, EASE, ms } from "./tokens"
> 3 | import { setStyle, clearStyle } from "./dom"
    | ^^^^^^^^^^^^^^^^^^^^^^^^^^^^^^^^^^^^^^^^^^^^
  4 |
  5 | /**
  6 |  * The hero's motion, and the only motion left on the page that is not driven by a

The export setStyle was not found in module [project]/components/motion/dom.ts [app-client] (ecmascript).
Did you mean to import setStyles?
All exports of the module are statically known (It doesn't have dynamic exports). So it's known statically that the requested export doesn't exist.

Import traces:
  Client Component Browser:
    ./components/motion/hero.ts [Client Component Browser]
    ./components/motion/hero-scope.tsx [Client Component Browser]
    ./components/motion/hero-scope.tsx [Server Component]
    ./app/[locale]/page.tsx [Server Component]

  Client Component SSR:
    ./components/motion/hero.ts [Client Component SSR]
    ./components/motion/hero-scope.tsx [Client Component SSR]
    ./components/motion/hero-scope.tsx [Server Component]
    ./app/[locale]/page.tsx [Server Component] @ http://localhost:3000/_next/static/chunks/node_modules_next_dist_0u_w_5s._.js:1945
[   24970ms] [ERROR] ./components/motion/hero.ts:3:1
Export setStyle doesn't exist in target module
  1 | import { animate, stagger } from "motion"
  2 | import { DUR, EASE, ms } from "./tokens"
> 3 | import { setStyle, clearStyle } from "./dom"
    | ^^^^^^^^^^^^^^^^^^^^^^^^^^^^^^^^^^^^^^^^^^^^
  4 |
  5 | /**
  6 |  * The hero's motion, and the only motion left on the page that is not driven by a

The export setStyle was not found in module [project]/components/motion/dom.ts [app-ssr] (ecmascript).
Did you mean to import setStyles?
All exports of the module are statically known (It doesn't have dynamic exports). So it's known statically that the requested export doesn't exist.

Import traces:
  Client Component Browser:
    ./components/motion/hero.ts [Client Component Browser]
    ./components/motion/hero-scope.tsx [Client Component Browser]
    ./components/motion/hero-scope.tsx [Server Component]
    ./app/[locale]/page.tsx [Server Component]

  Client Component SSR:
    ./components/motion/hero.ts [Client Component SSR]
    ./components/motion/hero-scope.tsx [Client Component SSR]
    ./components/motion/hero-scope.tsx [Server Component]
    ./app/[locale]/page.tsx [Server Component] @ http://localhost:3000/_next/static/chunks/node_modules_next_dist_0u_w_5s._.js:1945
[   25031ms] [ERROR] ./components/motion/hero.ts:3:1
Export clearStyle doesn't exist in target module
  1 | import { animate, stagger } from "motion"
  2 | import { DUR, EASE, ms } from "./tokens"
> 3 | import { setStyle, clearStyle } from "./dom"
    | ^^^^^^^^^^^^^^^^^^^^^^^^^^^^^^^^^^^^^^^^^^^^
  4 |
  5 | /**
  6 |  * The hero's motion, and the only motion left on the page that is not driven by a

The export clearStyle was not found in module [project]/components/motion/dom.ts [app-client] (ecmascript).
Did you mean to import clearStyles?
All exports of the module are statically known (It doesn't have dynamic exports). So it's known statically that the requested export doesn't exist.

Import traces:
  Client Component Browser:
    ./components/motion/hero.ts [Client Component Browser]
    ./components/motion/hero-scope.tsx [Client Component Browser]
    ./components/motion/hero-scope.tsx [Server Component]
    ./app/[locale]/page.tsx [Server Component]

  Client Component SSR:
    ./components/motion/hero.ts [Client Component SSR]
    ./components/motion/hero-scope.tsx [Client Component SSR]
    ./components/motion/hero-scope.tsx [Server Component]
    ./app/[locale]/page.tsx [Server Component] @ http://localhost:3000/_next/static/chunks/node_modules_next_dist_0u_w_5s._.js:1945
[   25031ms] [ERROR] ./components/motion/hero.ts:3:1
Export clearStyle doesn't exist in target module
  1 | import { animate, stagger } from "motion"
  2 | import { DUR, EASE, ms } from "./tokens"
> 3 | import { setStyle, clearStyle } from "./dom"
    | ^^^^^^^^^^^^^^^^^^^^^^^^^^^^^^^^^^^^^^^^^^^^
  4 |
  5 | /**
  6 |  * The hero's motion, and the only motion left on the page that is not driven by a

The export clearStyle was not found in module [project]/components/motion/dom.ts [app-ssr] (ecmascript).
Did you mean to import clearStyles?
All exports of the module are statically known (It doesn't have dynamic exports). So it's known statically that the requested export doesn't exist.

Import traces:
  Client Component Browser:
    ./components/motion/hero.ts [Client Component Browser]
    ./components/motion/hero-scope.tsx [Client Component Browser]
    ./components/motion/hero-scope.tsx [Server Component]
    ./app/[locale]/page.tsx [Server Component]

  Client Component SSR:
    ./components/motion/hero.ts [Client Component SSR]
    ./components/motion/hero-scope.tsx [Client Component SSR]
    ./components/motion/hero-scope.tsx [Server Component]
    ./app/[locale]/page.tsx [Server Component] @ http://localhost:3000/_next/static/chunks/node_modules_next_dist_0u_w_5s._.js:1945
[   25031ms] [ERROR] ./components/motion/hero.ts:3:1
Export setStyle doesn't exist in target module
  1 | import { animate, stagger } from "motion"
  2 | import { DUR, EASE, ms } from "./tokens"
> 3 | import { setStyle, clearStyle } from "./dom"
    | ^^^^^^^^^^^^^^^^^^^^^^^^^^^^^^^^^^^^^^^^^^^^
  4 |
  5 | /**
  6 |  * The hero's motion, and the only motion left on the page that is not driven by a

The export setStyle was not found in module [project]/components/motion/dom.ts [app-client] (ecmascript).
Did you mean to import setStyles?
All exports of the module are statically known (It doesn't have dynamic exports). So it's known statically that the requested export doesn't exist.

Import traces:
  Client Component Browser:
    ./components/motion/hero.ts [Client Component Browser]
    ./components/motion/hero-scope.tsx [Client Component Browser]
    ./components/motion/hero-scope.tsx [Server Component]
    ./app/[locale]/page.tsx [Server Component]

  Client Component SSR:
    ./components/motion/hero.ts [Client Component SSR]
    ./components/motion/hero-scope.tsx [Client Component SSR]
    ./components/motion/hero-scope.tsx [Server Component]
    ./app/[locale]/page.tsx [Server Component] @ http://localhost:3000/_next/static/chunks/node_modules_next_dist_0u_w_5s._.js:1945
[   25031ms] [ERROR] ./components/motion/hero.ts:3:1
Export setStyle doesn't exist in target module
  1 | import { animate, stagger } from "motion"
  2 | import { DUR, EASE, ms } from "./tokens"
> 3 | import { setStyle, clearStyle } from "./dom"
    | ^^^^^^^^^^^^^^^^^^^^^^^^^^^^^^^^^^^^^^^^^^^^
  4 |
  5 | /**
  6 |  * The hero's motion, and the only motion left on the page that is not driven by a

The export setStyle was not found in module [project]/components/motion/dom.ts [app-ssr] (ecmascript).
Did you mean to import setStyles?
All exports of the module are statically known (It doesn't have dynamic exports). So it's known statically that the requested export doesn't exist.

Import traces:
  Client Component Browser:
    ./components/motion/hero.ts [Client Component Browser]
    ./components/motion/hero-scope.tsx [Client Component Browser]
    ./components/motion/hero-scope.tsx [Server Component]
    ./app/[locale]/page.tsx [Server Component]

  Client Component SSR:
    ./components/motion/hero.ts [Client Component SSR]
    ./components/motion/hero-scope.tsx [Client Component SSR]
    ./components/motion/hero-scope.tsx [Server Component]
    ./app/[locale]/page.tsx [Server Component] @ http://localhost:3000/_next/static/chunks/node_modules_next_dist_0u_w_5s._.js:1945
[   25094ms] [ERROR] ./components/motion/hero.ts:3:1
Export clearStyle doesn't exist in target module
  1 | import { animate, stagger } from "motion"
  2 | import { DUR, EASE, ms } from "./tokens"
> 3 | import { setStyle, clearStyle } from "./dom"
    | ^^^^^^^^^^^^^^^^^^^^^^^^^^^^^^^^^^^^^^^^^^^^
  4 |
  5 | /**
  6 |  * The hero's motion, and the only motion left on the page that is not driven by a

The export clearStyle was not found in module [project]/components/motion/dom.ts [app-client] (ecmascript).
Did you mean to import clearStyles?
All exports of the module are statically known (It doesn't have dynamic exports). So it's known statically that the requested export doesn't exist.

Import traces:
  Client Component Browser:
    ./components/motion/hero.ts [Client Component Browser]
    ./components/motion/hero-scope.tsx [Client Component Browser]
    ./components/motion/hero-scope.tsx [Server Component]
    ./app/[locale]/page.tsx [Server Component]

  Client Component SSR:
    ./components/motion/hero.ts [Client Component SSR]
    ./components/motion/hero-scope.tsx [Client Component SSR]
    ./components/motion/hero-scope.tsx [Server Component]
    ./app/[locale]/page.tsx [Server Component] @ http://localhost:3000/_next/static/chunks/node_modules_next_dist_0u_w_5s._.js:1945
[   25094ms] [ERROR] ./components/motion/hero.ts:3:1
Export clearStyle doesn't exist in target module
  1 | import { animate, stagger } from "motion"
  2 | import { DUR, EASE, ms } from "./tokens"
> 3 | import { setStyle, clearStyle } from "./dom"
    | ^^^^^^^^^^^^^^^^^^^^^^^^^^^^^^^^^^^^^^^^^^^^
  4 |
  5 | /**
  6 |  * The hero's motion, and the only motion left on the page that is not driven by a

The export clearStyle was not found in module [project]/components/motion/dom.ts [app-ssr] (ecmascript).
Did you mean to import clearStyles?
All exports of the module are statically known (It doesn't have dynamic exports). So it's known statically that the requested export doesn't exist.

Import traces:
  Client Component Browser:
    ./components/motion/hero.ts [Client Component Browser]
    ./components/motion/hero-scope.tsx [Client Component Browser]
    ./components/motion/hero-scope.tsx [Server Component]
    ./app/[locale]/page.tsx [Server Component]

  Client Component SSR:
    ./components/motion/hero.ts [Client Component SSR]
    ./components/motion/hero-scope.tsx [Client Component SSR]
    ./components/motion/hero-scope.tsx [Server Component]
    ./app/[locale]/page.tsx [Server Component] @ http://localhost:3000/_next/static/chunks/node_modules_next_dist_0u_w_5s._.js:1945
[   25094ms] [ERROR] ./components/motion/hero.ts:3:1
Export setStyle doesn't exist in target module
  1 | import { animate, stagger } from "motion"
  2 | import { DUR, EASE, ms } from "./tokens"
> 3 | import { setStyle, clearStyle } from "./dom"
    | ^^^^^^^^^^^^^^^^^^^^^^^^^^^^^^^^^^^^^^^^^^^^
  4 |
  5 | /**
  6 |  * The hero's motion, and the only motion left on the page that is not driven by a

The export setStyle was not found in module [project]/components/motion/dom.ts [app-client] (ecmascript).
Did you mean to import setStyles?
All exports of the module are statically known (It doesn't have dynamic exports). So it's known statically that the requested export doesn't exist.

Import traces:
  Client Component Browser:
    ./components/motion/hero.ts [Client Component Browser]
    ./components/motion/hero-scope.tsx [Client Component Browser]
    ./components/motion/hero-scope.tsx [Server Component]
    ./app/[locale]/page.tsx [Server Component]

  Client Component SSR:
    ./components/motion/hero.ts [Client Component SSR]
    ./components/motion/hero-scope.tsx [Client Component SSR]
    ./components/motion/hero-scope.tsx [Server Component]
    ./app/[locale]/page.tsx [Server Component] @ http://localhost:3000/_next/static/chunks/node_modules_next_dist_0u_w_5s._.js:1945
[   25094ms] [ERROR] ./components/motion/hero.ts:3:1
Export setStyle doesn't exist in target module
  1 | import { animate, stagger } from "motion"
  2 | import { DUR, EASE, ms } from "./tokens"
> 3 | import { setStyle, clearStyle } from "./dom"
    | ^^^^^^^^^^^^^^^^^^^^^^^^^^^^^^^^^^^^^^^^^^^^
  4 |
  5 | /**
  6 |  * The hero's motion, and the only motion left on the page that is not driven by a

The export setStyle was not found in module [project]/components/motion/dom.ts [app-ssr] (ecmascript).
Did you mean to import setStyles?
All exports of the module are statically known (It doesn't have dynamic exports). So it's known statically that the requested export doesn't exist.

Import traces:
  Client Component Browser:
    ./components/motion/hero.ts [Client Component Browser]
    ./components/motion/hero-scope.tsx [Client Component Browser]
    ./components/motion/hero-scope.tsx [Server Component]
    ./app/[locale]/page.tsx [Server Component]

  Client Component SSR:
    ./components/motion/hero.ts [Client Component SSR]
    ./components/motion/hero-scope.tsx [Client Component SSR]
    ./components/motion/hero-scope.tsx [Server Component]
    ./app/[locale]/page.tsx [Server Component] @ http://localhost:3000/_next/static/chunks/node_modules_next_dist_0u_w_5s._.js:1945
[   25157ms] [ERROR] ./components/motion/hero.ts:3:1
Export clearStyle doesn't exist in target module
  1 | import { animate, stagger } from "motion"
  2 | import { DUR, EASE, ms } from "./tokens"
> 3 | import { setStyle, clearStyle } from "./dom"
    | ^^^^^^^^^^^^^^^^^^^^^^^^^^^^^^^^^^^^^^^^^^^^
  4 |
  5 | /**
  6 |  * The hero's motion, and the only motion left on the page that is not driven by a

The export clearStyle was not found in module [project]/components/motion/dom.ts [app-client] (ecmascript).
Did you mean to import clearStyles?
All exports of the module are statically known (It doesn't have dynamic exports). So it's known statically that the requested export doesn't exist.

Import traces:
  Client Component Browser:
    ./components/motion/hero.ts [Client Component Browser]
    ./components/motion/hero-scope.tsx [Client Component Browser]
    ./components/motion/hero-scope.tsx [Server Component]
    ./app/[locale]/page.tsx [Server Component]

  Client Component SSR:
    ./components/motion/hero.ts [Client Component SSR]
    ./components/motion/hero-scope.tsx [Client Component SSR]
    ./components/motion/hero-scope.tsx [Server Component]
    ./app/[locale]/page.tsx [Server Component] @ http://localhost:3000/_next/static/chunks/node_modules_next_dist_0u_w_5s._.js:1945
[   25157ms] [ERROR] ./components/motion/hero.ts:3:1
Export clearStyle doesn't exist in target module
  1 | import { animate, stagger } from "motion"
  2 | import { DUR, EASE, ms } from "./tokens"
> 3 | import { setStyle, clearStyle } from "./dom"
    | ^^^^^^^^^^^^^^^^^^^^^^^^^^^^^^^^^^^^^^^^^^^^
  4 |
  5 | /**
  6 |  * The hero's motion, and the only motion left on the page that is not driven by a

The export clearStyle was not found in module [project]/components/motion/dom.ts [app-ssr] (ecmascript).
Did you mean to import clearStyles?
All exports of the module are statically known (It doesn't have dynamic exports). So it's known statically that the requested export doesn't exist.

Import traces:
  Client Component Browser:
    ./components/motion/hero.ts [Client Component Browser]
    ./components/motion/hero-scope.tsx [Client Component Browser]
    ./components/motion/hero-scope.tsx [Server Component]
    ./app/[locale]/page.tsx [Server Component]

  Client Component SSR:
    ./components/motion/hero.ts [Client Component SSR]
    ./components/motion/hero-scope.tsx [Client Component SSR]
    ./components/motion/hero-scope.tsx [Server Component]
    ./app/[locale]/page.tsx [Server Component] @ http://localhost:3000/_next/static/chunks/node_modules_next_dist_0u_w_5s._.js:1945
[   25158ms] [ERROR] ./components/motion/hero.ts:3:1
Export setStyle doesn't exist in target module
  1 | import { animate, stagger } from "motion"
  2 | import { DUR, EASE, ms } from "./tokens"
> 3 | import { setStyle, clearStyle } from "./dom"
    | ^^^^^^^^^^^^^^^^^^^^^^^^^^^^^^^^^^^^^^^^^^^^
  4 |
  5 | /**
  6 |  * The hero's motion, and the only motion left on the page that is not driven by a

The export setStyle was not found in module [project]/components/motion/dom.ts [app-client] (ecmascript).
Did you mean to import setStyles?
All exports of the module are statically known (It doesn't have dynamic exports). So it's known statically that the requested export doesn't exist.

Import traces:
  Client Component Browser:
    ./components/motion/hero.ts [Client Component Browser]
    ./components/motion/hero-scope.tsx [Client Component Browser]
    ./components/motion/hero-scope.tsx [Server Component]
    ./app/[locale]/page.tsx [Server Component]

  Client Component SSR:
    ./components/motion/hero.ts [Client Component SSR]
    ./components/motion/hero-scope.tsx [Client Component SSR]
    ./components/motion/hero-scope.tsx [Server Component]
    ./app/[locale]/page.tsx [Server Component] @ http://localhost:3000/_next/static/chunks/node_modules_next_dist_0u_w_5s._.js:1945
[   25158ms] [ERROR] ./components/motion/hero.ts:3:1
Export setStyle doesn't exist in target module
  1 | import { animate, stagger } from "motion"
  2 | import { DUR, EASE, ms } from "./tokens"
> 3 | import { setStyle, clearStyle } from "./dom"
    | ^^^^^^^^^^^^^^^^^^^^^^^^^^^^^^^^^^^^^^^^^^^^
  4 |
  5 | /**
  6 |  * The hero's motion, and the only motion left on the page that is not driven by a

The export setStyle was not found in module [project]/components/motion/dom.ts [app-ssr] (ecmascript).
Did you mean to import setStyles?
All exports of the module are statically known (It doesn't have dynamic exports). So it's known statically that the requested export doesn't exist.

Import traces:
  Client Component Browser:
    ./components/motion/hero.ts [Client Component Browser]
    ./components/motion/hero-scope.tsx [Client Component Browser]
    ./components/motion/hero-scope.tsx [Server Component]
    ./app/[locale]/page.tsx [Server Component]

  Client Component SSR:
    ./components/motion/hero.ts [Client Component SSR]
    ./components/motion/hero-scope.tsx [Client Component SSR]
    ./components/motion/hero-scope.tsx [Server Component]
    ./app/[locale]/page.tsx [Server Component] @ http://localhost:3000/_next/static/chunks/node_modules_next_dist_0u_w_5s._.js:1945
[   25220ms] [ERROR] ./components/motion/hero.ts:3:1
Export clearStyle doesn't exist in target module
  1 | import { animate, stagger } from "motion"
  2 | import { DUR, EASE, ms } from "./tokens"
> 3 | import { setStyle, clearStyle } from "./dom"
    | ^^^^^^^^^^^^^^^^^^^^^^^^^^^^^^^^^^^^^^^^^^^^
  4 |
  5 | /**
  6 |  * The hero's motion, and the only motion left on the page that is not driven by a

The export clearStyle was not found in module [project]/components/motion/dom.ts [app-client] (ecmascript).
Did you mean to import clearStyles?
All exports of the module are statically known (It doesn't have dynamic exports). So it's known statically that the requested export doesn't exist.

Import traces:
  Client Component Browser:
    ./components/motion/hero.ts [Client Component Browser]
    ./components/motion/hero-scope.tsx [Client Component Browser]
    ./components/motion/hero-scope.tsx [Server Component]
    ./app/[locale]/page.tsx [Server Component]

  Client Component SSR:
    ./components/motion/hero.ts [Client Component SSR]
    ./components/motion/hero-scope.tsx [Client Component SSR]
    ./components/motion/hero-scope.tsx [Server Component]
    ./app/[locale]/page.tsx [Server Component] @ http://localhost:3000/_next/static/chunks/node_modules_next_dist_0u_w_5s._.js:1945
[   25220ms] [ERROR] ./components/motion/hero.ts:3:1
Export clearStyle doesn't exist in target module
  1 | import { animate, stagger } from "motion"
  2 | import { DUR, EASE, ms } from "./tokens"
> 3 | import { setStyle, clearStyle } from "./dom"
    | ^^^^^^^^^^^^^^^^^^^^^^^^^^^^^^^^^^^^^^^^^^^^
  4 |
  5 | /**
  6 |  * The hero's motion, and the only motion left on the page that is not driven by a

The export clearStyle was not found in module [project]/components/motion/dom.ts [app-ssr] (ecmascript).
Did you mean to import clearStyles?
All exports of the module are statically known (It doesn't have dynamic exports). So it's known statically that the requested export doesn't exist.

Import traces:
  Client Component Browser:
    ./components/motion/hero.ts [Client Component Browser]
    ./components/motion/hero-scope.tsx [Client Component Browser]
    ./components/motion/hero-scope.tsx [Server Component]
    ./app/[locale]/page.tsx [Server Component]

  Client Component SSR:
    ./components/motion/hero.ts [Client Component SSR]
    ./components/motion/hero-scope.tsx [Client Component SSR]
    ./components/motion/hero-scope.tsx [Server Component]
    ./app/[locale]/page.tsx [Server Component] @ http://localhost:3000/_next/static/chunks/node_modules_next_dist_0u_w_5s._.js:1945
[   25220ms] [ERROR] ./components/motion/hero.ts:3:1
Export setStyle doesn't exist in target module
  1 | import { animate, stagger } from "motion"
  2 | import { DUR, EASE, ms } from "./tokens"
> 3 | import { setStyle, clearStyle } from "./dom"
    | ^^^^^^^^^^^^^^^^^^^^^^^^^^^^^^^^^^^^^^^^^^^^
  4 |
  5 | /**
  6 |  * The hero's motion, and the only motion left on the page that is not driven by a

The export setStyle was not found in module [project]/components/motion/dom.ts [app-client] (ecmascript).
Did you mean to import setStyles?
All exports of the module are statically known (It doesn't have dynamic exports). So it's known statically that the requested export doesn't exist.

Import traces:
  Client Component Browser:
    ./components/motion/hero.ts [Client Component Browser]
    ./components/motion/hero-scope.tsx [Client Component Browser]
    ./components/motion/hero-scope.tsx [Server Component]
    ./app/[locale]/page.tsx [Server Component]

  Client Component SSR:
    ./components/motion/hero.ts [Client Component SSR]
    ./components/motion/hero-scope.tsx [Client Component SSR]
    ./components/motion/hero-scope.tsx [Server Component]
    ./app/[locale]/page.tsx [Server Component] @ http://localhost:3000/_next/static/chunks/node_modules_next_dist_0u_w_5s._.js:1945
[   25220ms] [ERROR] ./components/motion/hero.ts:3:1
Export setStyle doesn't exist in target module
  1 | import { animate, stagger } from "motion"
  2 | import { DUR, EASE, ms } from "./tokens"
> 3 | import { setStyle, clearStyle } from "./dom"
    | ^^^^^^^^^^^^^^^^^^^^^^^^^^^^^^^^^^^^^^^^^^^^
  4 |
  5 | /**
  6 |  * The hero's motion, and the only motion left on the page that is not driven by a

The export setStyle was not found in module [project]/components/motion/dom.ts [app-ssr] (ecmascript).
Did you mean to import setStyles?
All exports of the module are statically known (It doesn't have dynamic exports). So it's known statically that the requested export doesn't exist.

Import traces:
  Client Component Browser:
    ./components/motion/hero.ts [Client Component Browser]
    ./components/motion/hero-scope.tsx [Client Component Browser]
    ./components/motion/hero-scope.tsx [Server Component]
    ./app/[locale]/page.tsx [Server Component]

  Client Component SSR:
    ./components/motion/hero.ts [Client Component SSR]
    ./components/motion/hero-scope.tsx [Client Component SSR]
    ./components/motion/hero-scope.tsx [Server Component]
    ./app/[locale]/page.tsx [Server Component] @ http://localhost:3000/_next/static/chunks/node_modules_next_dist_0u_w_5s._.js:1945
[   25282ms] [ERROR] ./components/motion/hero.ts:3:1
Export clearStyle doesn't exist in target module
  1 | import { animate, stagger } from "motion"
  2 | import { DUR, EASE, ms } from "./tokens"
> 3 | import { setStyle, clearStyle } from "./dom"
    | ^^^^^^^^^^^^^^^^^^^^^^^^^^^^^^^^^^^^^^^^^^^^
  4 |
  5 | /**
  6 |  * The hero's motion, and the only motion left on the page that is not driven by a

The export clearStyle was not found in module [project]/components/motion/dom.ts [app-client] (ecmascript).
Did you mean to import clearStyles?
All exports of the module are statically known (It doesn't have dynamic exports). So it's known statically that the requested export doesn't exist.

Import traces:
  Client Component Browser:
    ./components/motion/hero.ts [Client Component Browser]
    ./components/motion/hero-scope.tsx [Client Component Browser]
    ./components/motion/hero-scope.tsx [Server Component]
    ./app/[locale]/page.tsx [Server Component]

  Client Component SSR:
    ./components/motion/hero.ts [Client Component SSR]
    ./components/motion/hero-scope.tsx [Client Component SSR]
    ./components/motion/hero-scope.tsx [Server Component]
    ./app/[locale]/page.tsx [Server Component] @ http://localhost:3000/_next/static/chunks/node_modules_next_dist_0u_w_5s._.js:1945
[   25282ms] [ERROR] ./components/motion/hero.ts:3:1
Export clearStyle doesn't exist in target module
  1 | import { animate, stagger } from "motion"
  2 | import { DUR, EASE, ms } from "./tokens"
> 3 | import { setStyle, clearStyle } from "./dom"
    | ^^^^^^^^^^^^^^^^^^^^^^^^^^^^^^^^^^^^^^^^^^^^
  4 |
  5 | /**
  6 |  * The hero's motion, and the only motion left on the page that is not driven by a

The export clearStyle was not found in module [project]/components/motion/dom.ts [app-ssr] (ecmascript).
Did you mean to import clearStyles?
All exports of the module are statically known (It doesn't have dynamic exports). So it's known statically that the requested export doesn't exist.

Import traces:
  Client Component Browser:
    ./components/motion/hero.ts [Client Component Browser]
    ./components/motion/hero-scope.tsx [Client Component Browser]
    ./components/motion/hero-scope.tsx [Server Component]
    ./app/[locale]/page.tsx [Server Component]

  Client Component SSR:
    ./components/motion/hero.ts [Client Component SSR]
    ./components/motion/hero-scope.tsx [Client Component SSR]
    ./components/motion/hero-scope.tsx [Server Component]
    ./app/[locale]/page.tsx [Server Component] @ http://localhost:3000/_next/static/chunks/node_modules_next_dist_0u_w_5s._.js:1945
[   25282ms] [ERROR] ./components/motion/hero.ts:3:1
Export setStyle doesn't exist in target module
  1 | import { animate, stagger } from "motion"
  2 | import { DUR, EASE, ms } from "./tokens"
> 3 | import { setStyle, clearStyle } from "./dom"
    | ^^^^^^^^^^^^^^^^^^^^^^^^^^^^^^^^^^^^^^^^^^^^
  4 |
  5 | /**
  6 |  * The hero's motion, and the only motion left on the page that is not driven by a

The export setStyle was not found in module [project]/components/motion/dom.ts [app-client] (ecmascript).
Did you mean to import setStyles?
All exports of the module are statically known (It doesn't have dynamic exports). So it's known statically that the requested export doesn't exist.

Import traces:
  Client Component Browser:
    ./components/motion/hero.ts [Client Component Browser]
    ./components/motion/hero-scope.tsx [Client Component Browser]
    ./components/motion/hero-scope.tsx [Server Component]
    ./app/[locale]/page.tsx [Server Component]

  Client Component SSR:
    ./components/motion/hero.ts [Client Component SSR]
    ./components/motion/hero-scope.tsx [Client Component SSR]
    ./components/motion/hero-scope.tsx [Server Component]
    ./app/[locale]/page.tsx [Server Component] @ http://localhost:3000/_next/static/chunks/node_modules_next_dist_0u_w_5s._.js:1945
[   25282ms] [ERROR] ./components/motion/hero.ts:3:1
Export setStyle doesn't exist in target module
  1 | import { animate, stagger } from "motion"
  2 | import { DUR, EASE, ms } from "./tokens"
> 3 | import { setStyle, clearStyle } from "./dom"
    | ^^^^^^^^^^^^^^^^^^^^^^^^^^^^^^^^^^^^^^^^^^^^
  4 |
  5 | /**
  6 |  * The hero's motion, and the only motion left on the page that is not driven by a

The export setStyle was not found in module [project]/components/motion/dom.ts [app-ssr] (ecmascript).
Did you mean to import setStyles?
All exports of the module are statically known (It doesn't have dynamic exports). So it's known statically that the requested export doesn't exist.

Import traces:
  Client Component Browser:
    ./components/motion/hero.ts [Client Component Browser]
    ./components/motion/hero-scope.tsx [Client Component Browser]
    ./components/motion/hero-scope.tsx [Server Component]
    ./app/[locale]/page.tsx [Server Component]

  Client Component SSR:
    ./components/motion/hero.ts [Client Component SSR]
    ./components/motion/hero-scope.tsx [Client Component SSR]
    ./components/motion/hero-scope.tsx [Server Component]
    ./app/[locale]/page.tsx [Server Component] @ http://localhost:3000/_next/static/chunks/node_modules_next_dist_0u_w_5s._.js:1945
[   25345ms] [ERROR] ./components/motion/hero.ts:3:1
Export clearStyle doesn't exist in target module
  1 | import { animate, stagger } from "motion"
  2 | import { DUR, EASE, ms } from "./tokens"
> 3 | import { setStyle, clearStyle } from "./dom"
    | ^^^^^^^^^^^^^^^^^^^^^^^^^^^^^^^^^^^^^^^^^^^^
  4 |
  5 | /**
  6 |  * The hero's motion, and the only motion left on the page that is not driven by a

The export clearStyle was not found in module [project]/components/motion/dom.ts [app-client] (ecmascript).
Did you mean to import clearStyles?
All exports of the module are statically known (It doesn't have dynamic exports). So it's known statically that the requested export doesn't exist.

Import traces:
  Client Component Browser:
    ./components/motion/hero.ts [Client Component Browser]
    ./components/motion/hero-scope.tsx [Client Component Browser]
    ./components/motion/hero-scope.tsx [Server Component]
    ./app/[locale]/page.tsx [Server Component]

  Client Component SSR:
    ./components/motion/hero.ts [Client Component SSR]
    ./components/motion/hero-scope.tsx [Client Component SSR]
    ./components/motion/hero-scope.tsx [Server Component]
    ./app/[locale]/page.tsx [Server Component] @ http://localhost:3000/_next/static/chunks/node_modules_next_dist_0u_w_5s._.js:1945
[   25345ms] [ERROR] ./components/motion/hero.ts:3:1
Export clearStyle doesn't exist in target module
  1 | import { animate, stagger } from "motion"
  2 | import { DUR, EASE, ms } from "./tokens"
> 3 | import { setStyle, clearStyle } from "./dom"
    | ^^^^^^^^^^^^^^^^^^^^^^^^^^^^^^^^^^^^^^^^^^^^
  4 |
  5 | /**
  6 |  * The hero's motion, and the only motion left on the page that is not driven by a

The export clearStyle was not found in module [project]/components/motion/dom.ts [app-ssr] (ecmascript).
Did you mean to import clearStyles?
All exports of the module are statically known (It doesn't have dynamic exports). So it's known statically that the requested export doesn't exist.

Import traces:
  Client Component Browser:
    ./components/motion/hero.ts [Client Component Browser]
    ./components/motion/hero-scope.tsx [Client Component Browser]
    ./components/motion/hero-scope.tsx [Server Component]
    ./app/[locale]/page.tsx [Server Component]

  Client Component SSR:
    ./components/motion/hero.ts [Client Component SSR]
    ./components/motion/hero-scope.tsx [Client Component SSR]
    ./components/motion/hero-scope.tsx [Server Component]
    ./app/[locale]/page.tsx [Server Component] @ http://localhost:3000/_next/static/chunks/node_modules_next_dist_0u_w_5s._.js:1945
[   25345ms] [ERROR] ./components/motion/hero.ts:3:1
Export setStyle doesn't exist in target module
  1 | import { animate, stagger } from "motion"
  2 | import { DUR, EASE, ms } from "./tokens"
> 3 | import { setStyle, clearStyle } from "./dom"
    | ^^^^^^^^^^^^^^^^^^^^^^^^^^^^^^^^^^^^^^^^^^^^
  4 |
  5 | /**
  6 |  * The hero's motion, and the only motion left on the page that is not driven by a

The export setStyle was not found in module [project]/components/motion/dom.ts [app-client] (ecmascript).
Did you mean to import setStyles?
All exports of the module are statically known (It doesn't have dynamic exports). So it's known statically that the requested export doesn't exist.

Import traces:
  Client Component Browser:
    ./components/motion/hero.ts [Client Component Browser]
    ./components/motion/hero-scope.tsx [Client Component Browser]
    ./components/motion/hero-scope.tsx [Server Component]
    ./app/[locale]/page.tsx [Server Component]

  Client Component SSR:
    ./components/motion/hero.ts [Client Component SSR]
    ./components/motion/hero-scope.tsx [Client Component SSR]
    ./components/motion/hero-scope.tsx [Server Component]
    ./app/[locale]/page.tsx [Server Component] @ http://localhost:3000/_next/static/chunks/node_modules_next_dist_0u_w_5s._.js:1945
[   25345ms] [ERROR] ./components/motion/hero.ts:3:1
Export setStyle doesn't exist in target module
  1 | import { animate, stagger } from "motion"
  2 | import { DUR, EASE, ms } from "./tokens"
> 3 | import { setStyle, clearStyle } from "./dom"
    | ^^^^^^^^^^^^^^^^^^^^^^^^^^^^^^^^^^^^^^^^^^^^
  4 |
  5 | /**
  6 |  * The hero's motion, and the only motion left on the page that is not driven by a

The export setStyle was not found in module [project]/components/motion/dom.ts [app-ssr] (ecmascript).
Did you mean to import setStyles?
All exports of the module are statically known (It doesn't have dynamic exports). So it's known statically that the requested export doesn't exist.

Import traces:
  Client Component Browser:
    ./components/motion/hero.ts [Client Component Browser]
    ./components/motion/hero-scope.tsx [Client Component Browser]
    ./components/motion/hero-scope.tsx [Server Component]
    ./app/[locale]/page.tsx [Server Component]

  Client Component SSR:
    ./components/motion/hero.ts [Client Component SSR]
    ./components/motion/hero-scope.tsx [Client Component SSR]
    ./components/motion/hero-scope.tsx [Server Component]
    ./app/[locale]/page.tsx [Server Component] @ http://localhost:3000/_next/static/chunks/node_modules_next_dist_0u_w_5s._.js:1945
[   25407ms] [ERROR] ./components/motion/hero.ts:3:1
Export clearStyle doesn't exist in target module
  1 | import { animate, stagger } from "motion"
  2 | import { DUR, EASE, ms } from "./tokens"
> 3 | import { setStyle, clearStyle } from "./dom"
    | ^^^^^^^^^^^^^^^^^^^^^^^^^^^^^^^^^^^^^^^^^^^^
  4 |
  5 | /**
  6 |  * The hero's motion, and the only motion left on the page that is not driven by a

The export clearStyle was not found in module [project]/components/motion/dom.ts [app-client] (ecmascript).
Did you mean to import clearStyles?
All exports of the module are statically known (It doesn't have dynamic exports). So it's known statically that the requested export doesn't exist.

Import traces:
  Client Component Browser:
    ./components/motion/hero.ts [Client Component Browser]
    ./components/motion/hero-scope.tsx [Client Component Browser]
    ./components/motion/hero-scope.tsx [Server Component]
    ./app/[locale]/page.tsx [Server Component]

  Client Component SSR:
    ./components/motion/hero.ts [Client Component SSR]
    ./components/motion/hero-scope.tsx [Client Component SSR]
    ./components/motion/hero-scope.tsx [Server Component]
    ./app/[locale]/page.tsx [Server Component] @ http://localhost:3000/_next/static/chunks/node_modules_next_dist_0u_w_5s._.js:1945
[   25407ms] [ERROR] ./components/motion/hero.ts:3:1
Export clearStyle doesn't exist in target module
  1 | import { animate, stagger } from "motion"
  2 | import { DUR, EASE, ms } from "./tokens"
> 3 | import { setStyle, clearStyle } from "./dom"
    | ^^^^^^^^^^^^^^^^^^^^^^^^^^^^^^^^^^^^^^^^^^^^
  4 |
  5 | /**
  6 |  * The hero's motion, and the only motion left on the page that is not driven by a

The export clearStyle was not found in module [project]/components/motion/dom.ts [app-ssr] (ecmascript).
Did you mean to import clearStyles?
All exports of the module are statically known (It doesn't have dynamic exports). So it's known statically that the requested export doesn't exist.

Import traces:
  Client Component Browser:
    ./components/motion/hero.ts [Client Component Browser]
    ./components/motion/hero-scope.tsx [Client Component Browser]
    ./components/motion/hero-scope.tsx [Server Component]
    ./app/[locale]/page.tsx [Server Component]

  Client Component SSR:
    ./components/motion/hero.ts [Client Component SSR]
    ./components/motion/hero-scope.tsx [Client Component SSR]
    ./components/motion/hero-scope.tsx [Server Component]
    ./app/[locale]/page.tsx [Server Component] @ http://localhost:3000/_next/static/chunks/node_modules_next_dist_0u_w_5s._.js:1945
[   25407ms] [ERROR] ./components/motion/hero.ts:3:1
Export setStyle doesn't exist in target module
  1 | import { animate, stagger } from "motion"
  2 | import { DUR, EASE, ms } from "./tokens"
> 3 | import { setStyle, clearStyle } from "./dom"
    | ^^^^^^^^^^^^^^^^^^^^^^^^^^^^^^^^^^^^^^^^^^^^
  4 |
  5 | /**
  6 |  * The hero's motion, and the only motion left on the page that is not driven by a

The export setStyle was not found in module [project]/components/motion/dom.ts [app-client] (ecmascript).
Did you mean to import setStyles?
All exports of the module are statically known (It doesn't have dynamic exports). So it's known statically that the requested export doesn't exist.

Import traces:
  Client Component Browser:
    ./components/motion/hero.ts [Client Component Browser]
    ./components/motion/hero-scope.tsx [Client Component Browser]
    ./components/motion/hero-scope.tsx [Server Component]
    ./app/[locale]/page.tsx [Server Component]

  Client Component SSR:
    ./components/motion/hero.ts [Client Component SSR]
    ./components/motion/hero-scope.tsx [Client Component SSR]
    ./components/motion/hero-scope.tsx [Server Component]
    ./app/[locale]/page.tsx [Server Component] @ http://localhost:3000/_next/static/chunks/node_modules_next_dist_0u_w_5s._.js:1945
[   25407ms] [ERROR] ./components/motion/hero.ts:3:1
Export setStyle doesn't exist in target module
  1 | import { animate, stagger } from "motion"
  2 | import { DUR, EASE, ms } from "./tokens"
> 3 | import { setStyle, clearStyle } from "./dom"
    | ^^^^^^^^^^^^^^^^^^^^^^^^^^^^^^^^^^^^^^^^^^^^
  4 |
  5 | /**
  6 |  * The hero's motion, and the only motion left on the page that is not driven by a

The export setStyle was not found in module [project]/components/motion/dom.ts [app-ssr] (ecmascript).
Did you mean to import setStyles?
All exports of the module are statically known (It doesn't have dynamic exports). So it's known statically that the requested export doesn't exist.

Import traces:
  Client Component Browser:
    ./components/motion/hero.ts [Client Component Browser]
    ./components/motion/hero-scope.tsx [Client Component Browser]
    ./components/motion/hero-scope.tsx [Server Component]
    ./app/[locale]/page.tsx [Server Component]

  Client Component SSR:
    ./components/motion/hero.ts [Client Component SSR]
    ./components/motion/hero-scope.tsx [Client Component SSR]
    ./components/motion/hero-scope.tsx [Server Component]
    ./app/[locale]/page.tsx [Server Component] @ http://localhost:3000/_next/static/chunks/node_modules_next_dist_0u_w_5s._.js:1945
[   25469ms] [ERROR] ./components/motion/hero.ts:3:1
Export clearStyle doesn't exist in target module
  1 | import { animate, stagger } from "motion"
  2 | import { DUR, EASE, ms } from "./tokens"
> 3 | import { setStyle, clearStyle } from "./dom"
    | ^^^^^^^^^^^^^^^^^^^^^^^^^^^^^^^^^^^^^^^^^^^^
  4 |
  5 | /**
  6 |  * The hero's motion, and the only motion left on the page that is not driven by a

The export clearStyle was not found in module [project]/components/motion/dom.ts [app-client] (ecmascript).
Did you mean to import clearStyles?
All exports of the module are statically known (It doesn't have dynamic exports). So it's known statically that the requested export doesn't exist.

Import traces:
  Client Component Browser:
    ./components/motion/hero.ts [Client Component Browser]
    ./components/motion/hero-scope.tsx [Client Component Browser]
    ./components/motion/hero-scope.tsx [Server Component]
    ./app/[locale]/page.tsx [Server Component]

  Client Component SSR:
    ./components/motion/hero.ts [Client Component SSR]
    ./components/motion/hero-scope.tsx [Client Component SSR]
    ./components/motion/hero-scope.tsx [Server Component]
    ./app/[locale]/page.tsx [Server Component] @ http://localhost:3000/_next/static/chunks/node_modules_next_dist_0u_w_5s._.js:1945
[   25469ms] [ERROR] ./components/motion/hero.ts:3:1
Export clearStyle doesn't exist in target module
  1 | import { animate, stagger } from "motion"
  2 | import { DUR, EASE, ms } from "./tokens"
> 3 | import { setStyle, clearStyle } from "./dom"
    | ^^^^^^^^^^^^^^^^^^^^^^^^^^^^^^^^^^^^^^^^^^^^
  4 |
  5 | /**
  6 |  * The hero's motion, and the only motion left on the page that is not driven by a

The export clearStyle was not found in module [project]/components/motion/dom.ts [app-ssr] (ecmascript).
Did you mean to import clearStyles?
All exports of the module are statically known (It doesn't have dynamic exports). So it's known statically that the requested export doesn't exist.

Import traces:
  Client Component Browser:
    ./components/motion/hero.ts [Client Component Browser]
    ./components/motion/hero-scope.tsx [Client Component Browser]
    ./components/motion/hero-scope.tsx [Server Component]
    ./app/[locale]/page.tsx [Server Component]

  Client Component SSR:
    ./components/motion/hero.ts [Client Component SSR]
    ./components/motion/hero-scope.tsx [Client Component SSR]
    ./components/motion/hero-scope.tsx [Server Component]
    ./app/[locale]/page.tsx [Server Component] @ http://localhost:3000/_next/static/chunks/node_modules_next_dist_0u_w_5s._.js:1945
[   25469ms] [ERROR] ./components/motion/hero.ts:3:1
Export setStyle doesn't exist in target module
  1 | import { animate, stagger } from "motion"
  2 | import { DUR, EASE, ms } from "./tokens"
> 3 | import { setStyle, clearStyle } from "./dom"
    | ^^^^^^^^^^^^^^^^^^^^^^^^^^^^^^^^^^^^^^^^^^^^
  4 |
  5 | /**
  6 |  * The hero's motion, and the only motion left on the page that is not driven by a

The export setStyle was not found in module [project]/components/motion/dom.ts [app-client] (ecmascript).
Did you mean to import setStyles?
All exports of the module are statically known (It doesn't have dynamic exports). So it's known statically that the requested export doesn't exist.

Import traces:
  Client Component Browser:
    ./components/motion/hero.ts [Client Component Browser]
    ./components/motion/hero-scope.tsx [Client Component Browser]
    ./components/motion/hero-scope.tsx [Server Component]
    ./app/[locale]/page.tsx [Server Component]

  Client Component SSR:
    ./components/motion/hero.ts [Client Component SSR]
    ./components/motion/hero-scope.tsx [Client Component SSR]
    ./components/motion/hero-scope.tsx [Server Component]
    ./app/[locale]/page.tsx [Server Component] @ http://localhost:3000/_next/static/chunks/node_modules_next_dist_0u_w_5s._.js:1945
[   25469ms] [ERROR] ./components/motion/hero.ts:3:1
Export setStyle doesn't exist in target module
  1 | import { animate, stagger } from "motion"
  2 | import { DUR, EASE, ms } from "./tokens"
> 3 | import { setStyle, clearStyle } from "./dom"
    | ^^^^^^^^^^^^^^^^^^^^^^^^^^^^^^^^^^^^^^^^^^^^
  4 |
  5 | /**
  6 |  * The hero's motion, and the only motion left on the page that is not driven by a

The export setStyle was not found in module [project]/components/motion/dom.ts [app-ssr] (ecmascript).
Did you mean to import setStyles?
All exports of the module are statically known (It doesn't have dynamic exports). So it's known statically that the requested export doesn't exist.

Import traces:
  Client Component Browser:
    ./components/motion/hero.ts [Client Component Browser]
    ./components/motion/hero-scope.tsx [Client Component Browser]
    ./components/motion/hero-scope.tsx [Server Component]
    ./app/[locale]/page.tsx [Server Component]

  Client Component SSR:
    ./components/motion/hero.ts [Client Component SSR]
    ./components/motion/hero-scope.tsx [Client Component SSR]
    ./components/motion/hero-scope.tsx [Server Component]
    ./app/[locale]/page.tsx [Server Component] @ http://localhost:3000/_next/static/chunks/node_modules_next_dist_0u_w_5s._.js:1945
[   25531ms] [ERROR] ./components/motion/hero.ts:3:1
Export clearStyle doesn't exist in target module
  1 | import { animate, stagger } from "motion"
  2 | import { DUR, EASE, ms } from "./tokens"
> 3 | import { setStyle, clearStyle } from "./dom"
    | ^^^^^^^^^^^^^^^^^^^^^^^^^^^^^^^^^^^^^^^^^^^^
  4 |
  5 | /**
  6 |  * The hero's motion, and the only motion left on the page that is not driven by a

The export clearStyle was not found in module [project]/components/motion/dom.ts [app-client] (ecmascript).
Did you mean to import clearStyles?
All exports of the module are statically known (It doesn't have dynamic exports). So it's known statically that the requested export doesn't exist.

Import traces:
  Client Component Browser:
    ./components/motion/hero.ts [Client Component Browser]
    ./components/motion/hero-scope.tsx [Client Component Browser]
    ./components/motion/hero-scope.tsx [Server Component]
    ./app/[locale]/page.tsx [Server Component]

  Client Component SSR:
    ./components/motion/hero.ts [Client Component SSR]
    ./components/motion/hero-scope.tsx [Client Component SSR]
    ./components/motion/hero-scope.tsx [Server Component]
    ./app/[locale]/page.tsx [Server Component] @ http://localhost:3000/_next/static/chunks/node_modules_next_dist_0u_w_5s._.js:1945
[   25531ms] [ERROR] ./components/motion/hero.ts:3:1
Export clearStyle doesn't exist in target module
  1 | import { animate, stagger } from "motion"
  2 | import { DUR, EASE, ms } from "./tokens"
> 3 | import { setStyle, clearStyle } from "./dom"
    | ^^^^^^^^^^^^^^^^^^^^^^^^^^^^^^^^^^^^^^^^^^^^
  4 |
  5 | /**
  6 |  * The hero's motion, and the only motion left on the page that is not driven by a

The export clearStyle was not found in module [project]/components/motion/dom.ts [app-ssr] (ecmascript).
Did you mean to import clearStyles?
All exports of the module are statically known (It doesn't have dynamic exports). So it's known statically that the requested export doesn't exist.

Import traces:
  Client Component Browser:
    ./components/motion/hero.ts [Client Component Browser]
    ./components/motion/hero-scope.tsx [Client Component Browser]
    ./components/motion/hero-scope.tsx [Server Component]
    ./app/[locale]/page.tsx [Server Component]

  Client Component SSR:
    ./components/motion/hero.ts [Client Component SSR]
    ./components/motion/hero-scope.tsx [Client Component SSR]
    ./components/motion/hero-scope.tsx [Server Component]
    ./app/[locale]/page.tsx [Server Component] @ http://localhost:3000/_next/static/chunks/node_modules_next_dist_0u_w_5s._.js:1945
[   25531ms] [ERROR] ./components/motion/hero.ts:3:1
Export setStyle doesn't exist in target module
  1 | import { animate, stagger } from "motion"
  2 | import { DUR, EASE, ms } from "./tokens"
> 3 | import { setStyle, clearStyle } from "./dom"
    | ^^^^^^^^^^^^^^^^^^^^^^^^^^^^^^^^^^^^^^^^^^^^
  4 |
  5 | /**
  6 |  * The hero's motion, and the only motion left on the page that is not driven by a

The export setStyle was not found in module [project]/components/motion/dom.ts [app-client] (ecmascript).
Did you mean to import setStyles?
All exports of the module are statically known (It doesn't have dynamic exports). So it's known statically that the requested export doesn't exist.

Import traces:
  Client Component Browser:
    ./components/motion/hero.ts [Client Component Browser]
    ./components/motion/hero-scope.tsx [Client Component Browser]
    ./components/motion/hero-scope.tsx [Server Component]
    ./app/[locale]/page.tsx [Server Component]

  Client Component SSR:
    ./components/motion/hero.ts [Client Component SSR]
    ./components/motion/hero-scope.tsx [Client Component SSR]
    ./components/motion/hero-scope.tsx [Server Component]
    ./app/[locale]/page.tsx [Server Component] @ http://localhost:3000/_next/static/chunks/node_modules_next_dist_0u_w_5s._.js:1945
[   25531ms] [ERROR] ./components/motion/hero.ts:3:1
Export setStyle doesn't exist in target module
  1 | import { animate, stagger } from "motion"
  2 | import { DUR, EASE, ms } from "./tokens"
> 3 | import { setStyle, clearStyle } from "./dom"
    | ^^^^^^^^^^^^^^^^^^^^^^^^^^^^^^^^^^^^^^^^^^^^
  4 |
  5 | /**
  6 |  * The hero's motion, and the only motion left on the page that is not driven by a

The export setStyle was not found in module [project]/components/motion/dom.ts [app-ssr] (ecmascript).
Did you mean to import setStyles?
All exports of the module are statically known (It doesn't have dynamic exports). So it's known statically that the requested export doesn't exist.

Import traces:
  Client Component Browser:
    ./components/motion/hero.ts [Client Component Browser]
    ./components/motion/hero-scope.tsx [Client Component Browser]
    ./components/motion/hero-scope.tsx [Server Component]
    ./app/[locale]/page.tsx [Server Component]

  Client Component SSR:
    ./components/motion/hero.ts [Client Component SSR]
    ./components/motion/hero-scope.tsx [Client Component SSR]
    ./components/motion/hero-scope.tsx [Server Component]
    ./app/[locale]/page.tsx [Server Component] @ http://localhost:3000/_next/static/chunks/node_modules_next_dist_0u_w_5s._.js:1945
[   25593ms] [ERROR] ./components/motion/hero.ts:3:1
Export clearStyle doesn't exist in target module
  1 | import { animate, stagger } from "motion"
  2 | import { DUR, EASE, ms } from "./tokens"
> 3 | import { setStyle, clearStyle } from "./dom"
    | ^^^^^^^^^^^^^^^^^^^^^^^^^^^^^^^^^^^^^^^^^^^^
  4 |
  5 | /**
  6 |  * The hero's motion, and the only motion left on the page that is not driven by a

The export clearStyle was not found in module [project]/components/motion/dom.ts [app-client] (ecmascript).
Did you mean to import clearStyles?
All exports of the module are statically known (It doesn't have dynamic exports). So it's known statically that the requested export doesn't exist.

Import traces:
  Client Component Browser:
    ./components/motion/hero.ts [Client Component Browser]
    ./components/motion/hero-scope.tsx [Client Component Browser]
    ./components/motion/hero-scope.tsx [Server Component]
    ./app/[locale]/page.tsx [Server Component]

  Client Component SSR:
    ./components/motion/hero.ts [Client Component SSR]
    ./components/motion/hero-scope.tsx [Client Component SSR]
    ./components/motion/hero-scope.tsx [Server Component]
    ./app/[locale]/page.tsx [Server Component] @ http://localhost:3000/_next/static/chunks/node_modules_next_dist_0u_w_5s._.js:1945
[   25593ms] [ERROR] ./components/motion/hero.ts:3:1
Export clearStyle doesn't exist in target module
  1 | import { animate, stagger } from "motion"
  2 | import { DUR, EASE, ms } from "./tokens"
> 3 | import { setStyle, clearStyle } from "./dom"
    | ^^^^^^^^^^^^^^^^^^^^^^^^^^^^^^^^^^^^^^^^^^^^
  4 |
  5 | /**
  6 |  * The hero's motion, and the only motion left on the page that is not driven by a

The export clearStyle was not found in module [project]/components/motion/dom.ts [app-ssr] (ecmascript).
Did you mean to import clearStyles?
All exports of the module are statically known (It doesn't have dynamic exports). So it's known statically that the requested export doesn't exist.

Import traces:
  Client Component Browser:
    ./components/motion/hero.ts [Client Component Browser]
    ./components/motion/hero-scope.tsx [Client Component Browser]
    ./components/motion/hero-scope.tsx [Server Component]
    ./app/[locale]/page.tsx [Server Component]

  Client Component SSR:
    ./components/motion/hero.ts [Client Component SSR]
    ./components/motion/hero-scope.tsx [Client Component SSR]
    ./components/motion/hero-scope.tsx [Server Component]
    ./app/[locale]/page.tsx [Server Component] @ http://localhost:3000/_next/static/chunks/node_modules_next_dist_0u_w_5s._.js:1945
[   25593ms] [ERROR] ./components/motion/hero.ts:3:1
Export setStyle doesn't exist in target module
  1 | import { animate, stagger } from "motion"
  2 | import { DUR, EASE, ms } from "./tokens"
> 3 | import { setStyle, clearStyle } from "./dom"
    | ^^^^^^^^^^^^^^^^^^^^^^^^^^^^^^^^^^^^^^^^^^^^
  4 |
  5 | /**
  6 |  * The hero's motion, and the only motion left on the page that is not driven by a

The export setStyle was not found in module [project]/components/motion/dom.ts [app-client] (ecmascript).
Did you mean to import setStyles?
All exports of the module are statically known (It doesn't have dynamic exports). So it's known statically that the requested export doesn't exist.

Import traces:
  Client Component Browser:
    ./components/motion/hero.ts [Client Component Browser]
    ./components/motion/hero-scope.tsx [Client Component Browser]
    ./components/motion/hero-scope.tsx [Server Component]
    ./app/[locale]/page.tsx [Server Component]

  Client Component SSR:
    ./components/motion/hero.ts [Client Component SSR]
    ./components/motion/hero-scope.tsx [Client Component SSR]
    ./components/motion/hero-scope.tsx [Server Component]
    ./app/[locale]/page.tsx [Server Component] @ http://localhost:3000/_next/static/chunks/node_modules_next_dist_0u_w_5s._.js:1945
[   25593ms] [ERROR] ./components/motion/hero.ts:3:1
Export setStyle doesn't exist in target module
  1 | import { animate, stagger } from "motion"
  2 | import { DUR, EASE, ms } from "./tokens"
> 3 | import { setStyle, clearStyle } from "./dom"
    | ^^^^^^^^^^^^^^^^^^^^^^^^^^^^^^^^^^^^^^^^^^^^
  4 |
  5 | /**
  6 |  * The hero's motion, and the only motion left on the page that is not driven by a

The export setStyle was not found in module [project]/components/motion/dom.ts [app-ssr] (ecmascript).
Did you mean to import setStyles?
All exports of the module are statically known (It doesn't have dynamic exports). So it's known statically that the requested export doesn't exist.

Import traces:
  Client Component Browser:
    ./components/motion/hero.ts [Client Component Browser]
    ./components/motion/hero-scope.tsx [Client Component Browser]
    ./components/motion/hero-scope.tsx [Server Component]
    ./app/[locale]/page.tsx [Server Component]

  Client Component SSR:
    ./components/motion/hero.ts [Client Component SSR]
    ./components/motion/hero-scope.tsx [Client Component SSR]
    ./components/motion/hero-scope.tsx [Server Component]
    ./app/[locale]/page.tsx [Server Component] @ http://localhost:3000/_next/static/chunks/node_modules_next_dist_0u_w_5s._.js:1945
[   25654ms] [ERROR] ./components/motion/hero.ts:3:1
Export clearStyle doesn't exist in target module
  1 | import { animate, stagger } from "motion"
  2 | import { DUR, EASE, ms } from "./tokens"
> 3 | import { setStyle, clearStyle } from "./dom"
    | ^^^^^^^^^^^^^^^^^^^^^^^^^^^^^^^^^^^^^^^^^^^^
  4 |
  5 | /**
  6 |  * The hero's motion, and the only motion left on the page that is not driven by a

The export clearStyle was not found in module [project]/components/motion/dom.ts [app-client] (ecmascript).
Did you mean to import clearStyles?
All exports of the module are statically known (It doesn't have dynamic exports). So it's known statically that the requested export doesn't exist.

Import traces:
  Client Component Browser:
    ./components/motion/hero.ts [Client Component Browser]
    ./components/motion/hero-scope.tsx [Client Component Browser]
    ./components/motion/hero-scope.tsx [Server Component]
    ./app/[locale]/page.tsx [Server Component]

  Client Component SSR:
    ./components/motion/hero.ts [Client Component SSR]
    ./components/motion/hero-scope.tsx [Client Component SSR]
    ./components/motion/hero-scope.tsx [Server Component]
    ./app/[locale]/page.tsx [Server Component] @ http://localhost:3000/_next/static/chunks/node_modules_next_dist_0u_w_5s._.js:1945
[   25654ms] [ERROR] ./components/motion/hero.ts:3:1
Export clearStyle doesn't exist in target module
  1 | import { animate, stagger } from "motion"
  2 | import { DUR, EASE, ms } from "./tokens"
> 3 | import { setStyle, clearStyle } from "./dom"
    | ^^^^^^^^^^^^^^^^^^^^^^^^^^^^^^^^^^^^^^^^^^^^
  4 |
  5 | /**
  6 |  * The hero's motion, and the only motion left on the page that is not driven by a

The export clearStyle was not found in module [project]/components/motion/dom.ts [app-ssr] (ecmascript).
Did you mean to import clearStyles?
All exports of the module are statically known (It doesn't have dynamic exports). So it's known statically that the requested export doesn't exist.

Import traces:
  Client Component Browser:
    ./components/motion/hero.ts [Client Component Browser]
    ./components/motion/hero-scope.tsx [Client Component Browser]
    ./components/motion/hero-scope.tsx [Server Component]
    ./app/[locale]/page.tsx [Server Component]

  Client Component SSR:
    ./components/motion/hero.ts [Client Component SSR]
    ./components/motion/hero-scope.tsx [Client Component SSR]
    ./components/motion/hero-scope.tsx [Server Component]
    ./app/[locale]/page.tsx [Server Component] @ http://localhost:3000/_next/static/chunks/node_modules_next_dist_0u_w_5s._.js:1945
[   25655ms] [ERROR] ./components/motion/hero.ts:3:1
Export setStyle doesn't exist in target module
  1 | import { animate, stagger } from "motion"
  2 | import { DUR, EASE, ms } from "./tokens"
> 3 | import { setStyle, clearStyle } from "./dom"
    | ^^^^^^^^^^^^^^^^^^^^^^^^^^^^^^^^^^^^^^^^^^^^
  4 |
  5 | /**
  6 |  * The hero's motion, and the only motion left on the page that is not driven by a

The export setStyle was not found in module [project]/components/motion/dom.ts [app-client] (ecmascript).
Did you mean to import setStyles?
All exports of the module are statically known (It doesn't have dynamic exports). So it's known statically that the requested export doesn't exist.

Import traces:
  Client Component Browser:
    ./components/motion/hero.ts [Client Component Browser]
    ./components/motion/hero-scope.tsx [Client Component Browser]
    ./components/motion/hero-scope.tsx [Server Component]
    ./app/[locale]/page.tsx [Server Component]

  Client Component SSR:
    ./components/motion/hero.ts [Client Component SSR]
    ./components/motion/hero-scope.tsx [Client Component SSR]
    ./components/motion/hero-scope.tsx [Server Component]
    ./app/[locale]/page.tsx [Server Component] @ http://localhost:3000/_next/static/chunks/node_modules_next_dist_0u_w_5s._.js:1945
[   25655ms] [ERROR] ./components/motion/hero.ts:3:1
Export setStyle doesn't exist in target module
  1 | import { animate, stagger } from "motion"
  2 | import { DUR, EASE, ms } from "./tokens"
> 3 | import { setStyle, clearStyle } from "./dom"
    | ^^^^^^^^^^^^^^^^^^^^^^^^^^^^^^^^^^^^^^^^^^^^
  4 |
  5 | /**
  6 |  * The hero's motion, and the only motion left on the page that is not driven by a

The export setStyle was not found in module [project]/components/motion/dom.ts [app-ssr] (ecmascript).
Did you mean to import setStyles?
All exports of the module are statically known (It doesn't have dynamic exports). So it's known statically that the requested export doesn't exist.

Import traces:
  Client Component Browser:
    ./components/motion/hero.ts [Client Component Browser]
    ./components/motion/hero-scope.tsx [Client Component Browser]
    ./components/motion/hero-scope.tsx [Server Component]
    ./app/[locale]/page.tsx [Server Component]

  Client Component SSR:
    ./components/motion/hero.ts [Client Component SSR]
    ./components/motion/hero-scope.tsx [Client Component SSR]
    ./components/motion/hero-scope.tsx [Server Component]
    ./app/[locale]/page.tsx [Server Component] @ http://localhost:3000/_next/static/chunks/node_modules_next_dist_0u_w_5s._.js:1945
[   25716ms] [ERROR] ./components/motion/hero.ts:3:1
Export clearStyle doesn't exist in target module
  1 | import { animate, stagger } from "motion"
  2 | import { DUR, EASE, ms } from "./tokens"
> 3 | import { setStyle, clearStyle } from "./dom"
    | ^^^^^^^^^^^^^^^^^^^^^^^^^^^^^^^^^^^^^^^^^^^^
  4 |
  5 | /**
  6 |  * The hero's motion, and the only motion left on the page that is not driven by a

The export clearStyle was not found in module [project]/components/motion/dom.ts [app-client] (ecmascript).
Did you mean to import clearStyles?
All exports of the module are statically known (It doesn't have dynamic exports). So it's known statically that the requested export doesn't exist.

Import traces:
  Client Component Browser:
    ./components/motion/hero.ts [Client Component Browser]
    ./components/motion/hero-scope.tsx [Client Component Browser]
    ./components/motion/hero-scope.tsx [Server Component]
    ./app/[locale]/page.tsx [Server Component]

  Client Component SSR:
    ./components/motion/hero.ts [Client Component SSR]
    ./components/motion/hero-scope.tsx [Client Component SSR]
    ./components/motion/hero-scope.tsx [Server Component]
    ./app/[locale]/page.tsx [Server Component] @ http://localhost:3000/_next/static/chunks/node_modules_next_dist_0u_w_5s._.js:1945
[   25716ms] [ERROR] ./components/motion/hero.ts:3:1
Export clearStyle doesn't exist in target module
  1 | import { animate, stagger } from "motion"
  2 | import { DUR, EASE, ms } from "./tokens"
> 3 | import { setStyle, clearStyle } from "./dom"
    | ^^^^^^^^^^^^^^^^^^^^^^^^^^^^^^^^^^^^^^^^^^^^
  4 |
  5 | /**
  6 |  * The hero's motion, and the only motion left on the page that is not driven by a

The export clearStyle was not found in module [project]/components/motion/dom.ts [app-ssr] (ecmascript).
Did you mean to import clearStyles?
All exports of the module are statically known (It doesn't have dynamic exports). So it's known statically that the requested export doesn't exist.

Import traces:
  Client Component Browser:
    ./components/motion/hero.ts [Client Component Browser]
    ./components/motion/hero-scope.tsx [Client Component Browser]
    ./components/motion/hero-scope.tsx [Server Component]
    ./app/[locale]/page.tsx [Server Component]

  Client Component SSR:
    ./components/motion/hero.ts [Client Component SSR]
    ./components/motion/hero-scope.tsx [Client Component SSR]
    ./components/motion/hero-scope.tsx [Server Component]
    ./app/[locale]/page.tsx [Server Component] @ http://localhost:3000/_next/static/chunks/node_modules_next_dist_0u_w_5s._.js:1945
[   25716ms] [ERROR] ./components/motion/hero.ts:3:1
Export setStyle doesn't exist in target module
  1 | import { animate, stagger } from "motion"
  2 | import { DUR, EASE, ms } from "./tokens"
> 3 | import { setStyle, clearStyle } from "./dom"
    | ^^^^^^^^^^^^^^^^^^^^^^^^^^^^^^^^^^^^^^^^^^^^
  4 |
  5 | /**
  6 |  * The hero's motion, and the only motion left on the page that is not driven by a

The export setStyle was not found in module [project]/components/motion/dom.ts [app-client] (ecmascript).
Did you mean to import setStyles?
All exports of the module are statically known (It doesn't have dynamic exports). So it's known statically that the requested export doesn't exist.

Import traces:
  Client Component Browser:
    ./components/motion/hero.ts [Client Component Browser]
    ./components/motion/hero-scope.tsx [Client Component Browser]
    ./components/motion/hero-scope.tsx [Server Component]
    ./app/[locale]/page.tsx [Server Component]

  Client Component SSR:
    ./components/motion/hero.ts [Client Component SSR]
    ./components/motion/hero-scope.tsx [Client Component SSR]
    ./components/motion/hero-scope.tsx [Server Component]
    ./app/[locale]/page.tsx [Server Component] @ http://localhost:3000/_next/static/chunks/node_modules_next_dist_0u_w_5s._.js:1945
[   25717ms] [ERROR] ./components/motion/hero.ts:3:1
Export setStyle doesn't exist in target module
  1 | import { animate, stagger } from "motion"
  2 | import { DUR, EASE, ms } from "./tokens"
> 3 | import { setStyle, clearStyle } from "./dom"
    | ^^^^^^^^^^^^^^^^^^^^^^^^^^^^^^^^^^^^^^^^^^^^
  4 |
  5 | /**
  6 |  * The hero's motion, and the only motion left on the page that is not driven by a

The export setStyle was not found in module [project]/components/motion/dom.ts [app-ssr] (ecmascript).
Did you mean to import setStyles?
All exports of the module are statically known (It doesn't have dynamic exports). So it's known statically that the requested export doesn't exist.

Import traces:
  Client Component Browser:
    ./components/motion/hero.ts [Client Component Browser]
    ./components/motion/hero-scope.tsx [Client Component Browser]
    ./components/motion/hero-scope.tsx [Server Component]
    ./app/[locale]/page.tsx [Server Component]

  Client Component SSR:
    ./components/motion/hero.ts [Client Component SSR]
    ./components/motion/hero-scope.tsx [Client Component SSR]
    ./components/motion/hero-scope.tsx [Server Component]
    ./app/[locale]/page.tsx [Server Component] @ http://localhost:3000/_next/static/chunks/node_modules_next_dist_0u_w_5s._.js:1945
[   25780ms] [ERROR] ./components/motion/hero.ts:3:1
Export clearStyle doesn't exist in target module
  1 | import { animate, stagger } from "motion"
  2 | import { DUR, EASE, ms } from "./tokens"
> 3 | import { setStyle, clearStyle } from "./dom"
    | ^^^^^^^^^^^^^^^^^^^^^^^^^^^^^^^^^^^^^^^^^^^^
  4 |
  5 | /**
  6 |  * The hero's motion, and the only motion left on the page that is not driven by a

The export clearStyle was not found in module [project]/components/motion/dom.ts [app-client] (ecmascript).
Did you mean to import clearStyles?
All exports of the module are statically known (It doesn't have dynamic exports). So it's known statically that the requested export doesn't exist.

Import traces:
  Client Component Browser:
    ./components/motion/hero.ts [Client Component Browser]
    ./components/motion/hero-scope.tsx [Client Component Browser]
    ./components/motion/hero-scope.tsx [Server Component]
    ./app/[locale]/page.tsx [Server Component]

  Client Component SSR:
    ./components/motion/hero.ts [Client Component SSR]
    ./components/motion/hero-scope.tsx [Client Component SSR]
    ./components/motion/hero-scope.tsx [Server Component]
    ./app/[locale]/page.tsx [Server Component] @ http://localhost:3000/_next/static/chunks/node_modules_next_dist_0u_w_5s._.js:1945
[   25780ms] [ERROR] ./components/motion/hero.ts:3:1
Export clearStyle doesn't exist in target module
  1 | import { animate, stagger } from "motion"
  2 | import { DUR, EASE, ms } from "./tokens"
> 3 | import { setStyle, clearStyle } from "./dom"
    | ^^^^^^^^^^^^^^^^^^^^^^^^^^^^^^^^^^^^^^^^^^^^
  4 |
  5 | /**
  6 |  * The hero's motion, and the only motion left on the page that is not driven by a

The export clearStyle was not found in module [project]/components/motion/dom.ts [app-ssr] (ecmascript).
Did you mean to import clearStyles?
All exports of the module are statically known (It doesn't have dynamic exports). So it's known statically that the requested export doesn't exist.

Import traces:
  Client Component Browser:
    ./components/motion/hero.ts [Client Component Browser]
    ./components/motion/hero-scope.tsx [Client Component Browser]
    ./components/motion/hero-scope.tsx [Server Component]
    ./app/[locale]/page.tsx [Server Component]

  Client Component SSR:
    ./components/motion/hero.ts [Client Component SSR]
    ./components/motion/hero-scope.tsx [Client Component SSR]
    ./components/motion/hero-scope.tsx [Server Component]
    ./app/[locale]/page.tsx [Server Component] @ http://localhost:3000/_next/static/chunks/node_modules_next_dist_0u_w_5s._.js:1945
[   25780ms] [ERROR] ./components/motion/hero.ts:3:1
Export setStyle doesn't exist in target module
  1 | import { animate, stagger } from "motion"
  2 | import { DUR, EASE, ms } from "./tokens"
> 3 | import { setStyle, clearStyle } from "./dom"
    | ^^^^^^^^^^^^^^^^^^^^^^^^^^^^^^^^^^^^^^^^^^^^
  4 |
  5 | /**
  6 |  * The hero's motion, and the only motion left on the page that is not driven by a

The export setStyle was not found in module [project]/components/motion/dom.ts [app-client] (ecmascript).
Did you mean to import setStyles?
All exports of the module are statically known (It doesn't have dynamic exports). So it's known statically that the requested export doesn't exist.

Import traces:
  Client Component Browser:
    ./components/motion/hero.ts [Client Component Browser]
    ./components/motion/hero-scope.tsx [Client Component Browser]
    ./components/motion/hero-scope.tsx [Server Component]
    ./app/[locale]/page.tsx [Server Component]

  Client Component SSR:
    ./components/motion/hero.ts [Client Component SSR]
    ./components/motion/hero-scope.tsx [Client Component SSR]
    ./components/motion/hero-scope.tsx [Server Component]
    ./app/[locale]/page.tsx [Server Component] @ http://localhost:3000/_next/static/chunks/node_modules_next_dist_0u_w_5s._.js:1945
[   25780ms] [ERROR] ./components/motion/hero.ts:3:1
Export setStyle doesn't exist in target module
  1 | import { animate, stagger } from "motion"
  2 | import { DUR, EASE, ms } from "./tokens"
> 3 | import { setStyle, clearStyle } from "./dom"
    | ^^^^^^^^^^^^^^^^^^^^^^^^^^^^^^^^^^^^^^^^^^^^
  4 |
  5 | /**
  6 |  * The hero's motion, and the only motion left on the page that is not driven by a

The export setStyle was not found in module [project]/components/motion/dom.ts [app-ssr] (ecmascript).
Did you mean to import setStyles?
All exports of the module are statically known (It doesn't have dynamic exports). So it's known statically that the requested export doesn't exist.

Import traces:
  Client Component Browser:
    ./components/motion/hero.ts [Client Component Browser]
    ./components/motion/hero-scope.tsx [Client Component Browser]
    ./components/motion/hero-scope.tsx [Server Component]
    ./app/[locale]/page.tsx [Server Component]

  Client Component SSR:
    ./components/motion/hero.ts [Client Component SSR]
    ./components/motion/hero-scope.tsx [Client Component SSR]
    ./components/motion/hero-scope.tsx [Server Component]
    ./app/[locale]/page.tsx [Server Component] @ http://localhost:3000/_next/static/chunks/node_modules_next_dist_0u_w_5s._.js:1945
[   25841ms] [ERROR] ./components/motion/hero.ts:3:1
Export clearStyle doesn't exist in target module
  1 | import { animate, stagger } from "motion"
  2 | import { DUR, EASE, ms } from "./tokens"
> 3 | import { setStyle, clearStyle } from "./dom"
    | ^^^^^^^^^^^^^^^^^^^^^^^^^^^^^^^^^^^^^^^^^^^^
  4 |
  5 | /**
  6 |  * The hero's motion, and the only motion left on the page that is not driven by a

The export clearStyle was not found in module [project]/components/motion/dom.ts [app-client] (ecmascript).
Did you mean to import clearStyles?
All exports of the module are statically known (It doesn't have dynamic exports). So it's known statically that the requested export doesn't exist.

Import traces:
  Client Component Browser:
    ./components/motion/hero.ts [Client Component Browser]
    ./components/motion/hero-scope.tsx [Client Component Browser]
    ./components/motion/hero-scope.tsx [Server Component]
    ./app/[locale]/page.tsx [Server Component]

  Client Component SSR:
    ./components/motion/hero.ts [Client Component SSR]
    ./components/motion/hero-scope.tsx [Client Component SSR]
    ./components/motion/hero-scope.tsx [Server Component]
    ./app/[locale]/page.tsx [Server Component] @ http://localhost:3000/_next/static/chunks/node_modules_next_dist_0u_w_5s._.js:1945
[   25841ms] [ERROR] ./components/motion/hero.ts:3:1
Export clearStyle doesn't exist in target module
  1 | import { animate, stagger } from "motion"
  2 | import { DUR, EASE, ms } from "./tokens"
> 3 | import { setStyle, clearStyle } from "./dom"
    | ^^^^^^^^^^^^^^^^^^^^^^^^^^^^^^^^^^^^^^^^^^^^
  4 |
  5 | /**
  6 |  * The hero's motion, and the only motion left on the page that is not driven by a

The export clearStyle was not found in module [project]/components/motion/dom.ts [app-ssr] (ecmascript).
Did you mean to import clearStyles?
All exports of the module are statically known (It doesn't have dynamic exports). So it's known statically that the requested export doesn't exist.

Import traces:
  Client Component Browser:
    ./components/motion/hero.ts [Client Component Browser]
    ./components/motion/hero-scope.tsx [Client Component Browser]
    ./components/motion/hero-scope.tsx [Server Component]
    ./app/[locale]/page.tsx [Server Component]

  Client Component SSR:
    ./components/motion/hero.ts [Client Component SSR]
    ./components/motion/hero-scope.tsx [Client Component SSR]
    ./components/motion/hero-scope.tsx [Server Component]
    ./app/[locale]/page.tsx [Server Component] @ http://localhost:3000/_next/static/chunks/node_modules_next_dist_0u_w_5s._.js:1945
[   25841ms] [ERROR] ./components/motion/hero.ts:3:1
Export setStyle doesn't exist in target module
  1 | import { animate, stagger } from "motion"
  2 | import { DUR, EASE, ms } from "./tokens"
> 3 | import { setStyle, clearStyle } from "./dom"
    | ^^^^^^^^^^^^^^^^^^^^^^^^^^^^^^^^^^^^^^^^^^^^
  4 |
  5 | /**
  6 |  * The hero's motion, and the only motion left on the page that is not driven by a

The export setStyle was not found in module [project]/components/motion/dom.ts [app-client] (ecmascript).
Did you mean to import setStyles?
All exports of the module are statically known (It doesn't have dynamic exports). So it's known statically that the requested export doesn't exist.

Import traces:
  Client Component Browser:
    ./components/motion/hero.ts [Client Component Browser]
    ./components/motion/hero-scope.tsx [Client Component Browser]
    ./components/motion/hero-scope.tsx [Server Component]
    ./app/[locale]/page.tsx [Server Component]

  Client Component SSR:
    ./components/motion/hero.ts [Client Component SSR]
    ./components/motion/hero-scope.tsx [Client Component SSR]
    ./components/motion/hero-scope.tsx [Server Component]
    ./app/[locale]/page.tsx [Server Component] @ http://localhost:3000/_next/static/chunks/node_modules_next_dist_0u_w_5s._.js:1945
[   25841ms] [ERROR] ./components/motion/hero.ts:3:1
Export setStyle doesn't exist in target module
  1 | import { animate, stagger } from "motion"
  2 | import { DUR, EASE, ms } from "./tokens"
> 3 | import { setStyle, clearStyle } from "./dom"
    | ^^^^^^^^^^^^^^^^^^^^^^^^^^^^^^^^^^^^^^^^^^^^
  4 |
  5 | /**
  6 |  * The hero's motion, and the only motion left on the page that is not driven by a

The export setStyle was not found in module [project]/components/motion/dom.ts [app-ssr] (ecmascript).
Did you mean to import setStyles?
All exports of the module are statically known (It doesn't have dynamic exports). So it's known statically that the requested export doesn't exist.

Import traces:
  Client Component Browser:
    ./components/motion/hero.ts [Client Component Browser]
    ./components/motion/hero-scope.tsx [Client Component Browser]
    ./components/motion/hero-scope.tsx [Server Component]
    ./app/[locale]/page.tsx [Server Component]

  Client Component SSR:
    ./components/motion/hero.ts [Client Component SSR]
    ./components/motion/hero-scope.tsx [Client Component SSR]
    ./components/motion/hero-scope.tsx [Server Component]
    ./app/[locale]/page.tsx [Server Component] @ http://localhost:3000/_next/static/chunks/node_modules_next_dist_0u_w_5s._.js:1945
[   25904ms] [ERROR] ./components/motion/hero.ts:3:1
Export clearStyle doesn't exist in target module
  1 | import { animate, stagger } from "motion"
  2 | import { DUR, EASE, ms } from "./tokens"
> 3 | import { setStyle, clearStyle } from "./dom"
    | ^^^^^^^^^^^^^^^^^^^^^^^^^^^^^^^^^^^^^^^^^^^^
  4 |
  5 | /**
  6 |  * The hero's motion, and the only motion left on the page that is not driven by a

The export clearStyle was not found in module [project]/components/motion/dom.ts [app-client] (ecmascript).
Did you mean to import clearStyles?
All exports of the module are statically known (It doesn't have dynamic exports). So it's known statically that the requested export doesn't exist.

Import traces:
  Client Component Browser:
    ./components/motion/hero.ts [Client Component Browser]
    ./components/motion/hero-scope.tsx [Client Component Browser]
    ./components/motion/hero-scope.tsx [Server Component]
    ./app/[locale]/page.tsx [Server Component]

  Client Component SSR:
    ./components/motion/hero.ts [Client Component SSR]
    ./components/motion/hero-scope.tsx [Client Component SSR]
    ./components/motion/hero-scope.tsx [Server Component]
    ./app/[locale]/page.tsx [Server Component] @ http://localhost:3000/_next/static/chunks/node_modules_next_dist_0u_w_5s._.js:1945
[   25904ms] [ERROR] ./components/motion/hero.ts:3:1
Export clearStyle doesn't exist in target module
  1 | import { animate, stagger } from "motion"
  2 | import { DUR, EASE, ms } from "./tokens"
> 3 | import { setStyle, clearStyle } from "./dom"
    | ^^^^^^^^^^^^^^^^^^^^^^^^^^^^^^^^^^^^^^^^^^^^
  4 |
  5 | /**
  6 |  * The hero's motion, and the only motion left on the page that is not driven by a

The export clearStyle was not found in module [project]/components/motion/dom.ts [app-ssr] (ecmascript).
Did you mean to import clearStyles?
All exports of the module are statically known (It doesn't have dynamic exports). So it's known statically that the requested export doesn't exist.

Import traces:
  Client Component Browser:
    ./components/motion/hero.ts [Client Component Browser]
    ./components/motion/hero-scope.tsx [Client Component Browser]
    ./components/motion/hero-scope.tsx [Server Component]
    ./app/[locale]/page.tsx [Server Component]

  Client Component SSR:
    ./components/motion/hero.ts [Client Component SSR]
    ./components/motion/hero-scope.tsx [Client Component SSR]
    ./components/motion/hero-scope.tsx [Server Component]
    ./app/[locale]/page.tsx [Server Component] @ http://localhost:3000/_next/static/chunks/node_modules_next_dist_0u_w_5s._.js:1945
[   25905ms] [ERROR] ./components/motion/hero.ts:3:1
Export setStyle doesn't exist in target module
  1 | import { animate, stagger } from "motion"
  2 | import { DUR, EASE, ms } from "./tokens"
> 3 | import { setStyle, clearStyle } from "./dom"
    | ^^^^^^^^^^^^^^^^^^^^^^^^^^^^^^^^^^^^^^^^^^^^
  4 |
  5 | /**
  6 |  * The hero's motion, and the only motion left on the page that is not driven by a

The export setStyle was not found in module [project]/components/motion/dom.ts [app-client] (ecmascript).
Did you mean to import setStyles?
All exports of the module are statically known (It doesn't have dynamic exports). So it's known statically that the requested export doesn't exist.

Import traces:
  Client Component Browser:
    ./components/motion/hero.ts [Client Component Browser]
    ./components/motion/hero-scope.tsx [Client Component Browser]
    ./components/motion/hero-scope.tsx [Server Component]
    ./app/[locale]/page.tsx [Server Component]

  Client Component SSR:
    ./components/motion/hero.ts [Client Component SSR]
    ./components/motion/hero-scope.tsx [Client Component SSR]
    ./components/motion/hero-scope.tsx [Server Component]
    ./app/[locale]/page.tsx [Server Component] @ http://localhost:3000/_next/static/chunks/node_modules_next_dist_0u_w_5s._.js:1945
[   25905ms] [ERROR] ./components/motion/hero.ts:3:1
Export setStyle doesn't exist in target module
  1 | import { animate, stagger } from "motion"
  2 | import { DUR, EASE, ms } from "./tokens"
> 3 | import { setStyle, clearStyle } from "./dom"
    | ^^^^^^^^^^^^^^^^^^^^^^^^^^^^^^^^^^^^^^^^^^^^
  4 |
  5 | /**
  6 |  * The hero's motion, and the only motion left on the page that is not driven by a

The export setStyle was not found in module [project]/components/motion/dom.ts [app-ssr] (ecmascript).
Did you mean to import setStyles?
All exports of the module are statically known (It doesn't have dynamic exports). So it's known statically that the requested export doesn't exist.

Import traces:
  Client Component Browser:
    ./components/motion/hero.ts [Client Component Browser]
    ./components/motion/hero-scope.tsx [Client Component Browser]
    ./components/motion/hero-scope.tsx [Server Component]
    ./app/[locale]/page.tsx [Server Component]

  Client Component SSR:
    ./components/motion/hero.ts [Client Component SSR]
    ./components/motion/hero-scope.tsx [Client Component SSR]
    ./components/motion/hero-scope.tsx [Server Component]
    ./app/[locale]/page.tsx [Server Component] @ http://localhost:3000/_next/static/chunks/node_modules_next_dist_0u_w_5s._.js:1945
[   25965ms] [ERROR] ./components/motion/hero.ts:3:1
Export clearStyle doesn't exist in target module
  1 | import { animate, stagger } from "motion"
  2 | import { DUR, EASE, ms } from "./tokens"
> 3 | import { setStyle, clearStyle } from "./dom"
    | ^^^^^^^^^^^^^^^^^^^^^^^^^^^^^^^^^^^^^^^^^^^^
  4 |
  5 | /**
  6 |  * The hero's motion, and the only motion left on the page that is not driven by a

The export clearStyle was not found in module [project]/components/motion/dom.ts [app-client] (ecmascript).
Did you mean to import clearStyles?
All exports of the module are statically known (It doesn't have dynamic exports). So it's known statically that the requested export doesn't exist.

Import traces:
  Client Component Browser:
    ./components/motion/hero.ts [Client Component Browser]
    ./components/motion/hero-scope.tsx [Client Component Browser]
    ./components/motion/hero-scope.tsx [Server Component]
    ./app/[locale]/page.tsx [Server Component]

  Client Component SSR:
    ./components/motion/hero.ts [Client Component SSR]
    ./components/motion/hero-scope.tsx [Client Component SSR]
    ./components/motion/hero-scope.tsx [Server Component]
    ./app/[locale]/page.tsx [Server Component] @ http://localhost:3000/_next/static/chunks/node_modules_next_dist_0u_w_5s._.js:1945
[   25966ms] [ERROR] ./components/motion/hero.ts:3:1
Export clearStyle doesn't exist in target module
  1 | import { animate, stagger } from "motion"
  2 | import { DUR, EASE, ms } from "./tokens"
> 3 | import { setStyle, clearStyle } from "./dom"
    | ^^^^^^^^^^^^^^^^^^^^^^^^^^^^^^^^^^^^^^^^^^^^
  4 |
  5 | /**
  6 |  * The hero's motion, and the only motion left on the page that is not driven by a

The export clearStyle was not found in module [project]/components/motion/dom.ts [app-ssr] (ecmascript).
Did you mean to import clearStyles?
All exports of the module are statically known (It doesn't have dynamic exports). So it's known statically that the requested export doesn't exist.

Import traces:
  Client Component Browser:
    ./components/motion/hero.ts [Client Component Browser]
    ./components/motion/hero-scope.tsx [Client Component Browser]
    ./components/motion/hero-scope.tsx [Server Component]
    ./app/[locale]/page.tsx [Server Component]

  Client Component SSR:
    ./components/motion/hero.ts [Client Component SSR]
    ./components/motion/hero-scope.tsx [Client Component SSR]
    ./components/motion/hero-scope.tsx [Server Component]
    ./app/[locale]/page.tsx [Server Component] @ http://localhost:3000/_next/static/chunks/node_modules_next_dist_0u_w_5s._.js:1945
[   25966ms] [ERROR] ./components/motion/hero.ts:3:1
Export setStyle doesn't exist in target module
  1 | import { animate, stagger } from "motion"
  2 | import { DUR, EASE, ms } from "./tokens"
> 3 | import { setStyle, clearStyle } from "./dom"
    | ^^^^^^^^^^^^^^^^^^^^^^^^^^^^^^^^^^^^^^^^^^^^
  4 |
  5 | /**
  6 |  * The hero's motion, and the only motion left on the page that is not driven by a

The export setStyle was not found in module [project]/components/motion/dom.ts [app-client] (ecmascript).
Did you mean to import setStyles?
All exports of the module are statically known (It doesn't have dynamic exports). So it's known statically that the requested export doesn't exist.

Import traces:
  Client Component Browser:
    ./components/motion/hero.ts [Client Component Browser]
    ./components/motion/hero-scope.tsx [Client Component Browser]
    ./components/motion/hero-scope.tsx [Server Component]
    ./app/[locale]/page.tsx [Server Component]

  Client Component SSR:
    ./components/motion/hero.ts [Client Component SSR]
    ./components/motion/hero-scope.tsx [Client Component SSR]
    ./components/motion/hero-scope.tsx [Server Component]
    ./app/[locale]/page.tsx [Server Component] @ http://localhost:3000/_next/static/chunks/node_modules_next_dist_0u_w_5s._.js:1945
[   25966ms] [ERROR] ./components/motion/hero.ts:3:1
Export setStyle doesn't exist in target module
  1 | import { animate, stagger } from "motion"
  2 | import { DUR, EASE, ms } from "./tokens"
> 3 | import { setStyle, clearStyle } from "./dom"
    | ^^^^^^^^^^^^^^^^^^^^^^^^^^^^^^^^^^^^^^^^^^^^
  4 |
  5 | /**
  6 |  * The hero's motion, and the only motion left on the page that is not driven by a

The export setStyle was not found in module [project]/components/motion/dom.ts [app-ssr] (ecmascript).
Did you mean to import setStyles?
All exports of the module are statically known (It doesn't have dynamic exports). So it's known statically that the requested export doesn't exist.

Import traces:
  Client Component Browser:
    ./components/motion/hero.ts [Client Component Browser]
    ./components/motion/hero-scope.tsx [Client Component Browser]
    ./components/motion/hero-scope.tsx [Server Component]
    ./app/[locale]/page.tsx [Server Component]

  Client Component SSR:
    ./components/motion/hero.ts [Client Component SSR]
    ./components/motion/hero-scope.tsx [Client Component SSR]
    ./components/motion/hero-scope.tsx [Server Component]
    ./app/[locale]/page.tsx [Server Component] @ http://localhost:3000/_next/static/chunks/node_modules_next_dist_0u_w_5s._.js:1945
[   26026ms] [ERROR] ./components/motion/hero.ts:3:1
Export clearStyle doesn't exist in target module
  1 | import { animate, stagger } from "motion"
  2 | import { DUR, EASE, ms } from "./tokens"
> 3 | import { setStyle, clearStyle } from "./dom"
    | ^^^^^^^^^^^^^^^^^^^^^^^^^^^^^^^^^^^^^^^^^^^^
  4 |
  5 | /**
  6 |  * The hero's motion, and the only motion left on the page that is not driven by a

The export clearStyle was not found in module [project]/components/motion/dom.ts [app-client] (ecmascript).
Did you mean to import clearStyles?
All exports of the module are statically known (It doesn't have dynamic exports). So it's known statically that the requested export doesn't exist.

Import traces:
  Client Component Browser:
    ./components/motion/hero.ts [Client Component Browser]
    ./components/motion/hero-scope.tsx [Client Component Browser]
    ./components/motion/hero-scope.tsx [Server Component]
    ./app/[locale]/page.tsx [Server Component]

  Client Component SSR:
    ./components/motion/hero.ts [Client Component SSR]
    ./components/motion/hero-scope.tsx [Client Component SSR]
    ./components/motion/hero-scope.tsx [Server Component]
    ./app/[locale]/page.tsx [Server Component] @ http://localhost:3000/_next/static/chunks/node_modules_next_dist_0u_w_5s._.js:1945
[   26027ms] [ERROR] ./components/motion/hero.ts:3:1
Export clearStyle doesn't exist in target module
  1 | import { animate, stagger } from "motion"
  2 | import { DUR, EASE, ms } from "./tokens"
> 3 | import { setStyle, clearStyle } from "./dom"
    | ^^^^^^^^^^^^^^^^^^^^^^^^^^^^^^^^^^^^^^^^^^^^
  4 |
  5 | /**
  6 |  * The hero's motion, and the only motion left on the page that is not driven by a

The export clearStyle was not found in module [project]/components/motion/dom.ts [app-ssr] (ecmascript).
Did you mean to import clearStyles?
All exports of the module are statically known (It doesn't have dynamic exports). So it's known statically that the requested export doesn't exist.

Import traces:
  Client Component Browser:
    ./components/motion/hero.ts [Client Component Browser]
    ./components/motion/hero-scope.tsx [Client Component Browser]
    ./components/motion/hero-scope.tsx [Server Component]
    ./app/[locale]/page.tsx [Server Component]

  Client Component SSR:
    ./components/motion/hero.ts [Client Component SSR]
    ./components/motion/hero-scope.tsx [Client Component SSR]
    ./components/motion/hero-scope.tsx [Server Component]
    ./app/[locale]/page.tsx [Server Component] @ http://localhost:3000/_next/static/chunks/node_modules_next_dist_0u_w_5s._.js:1945
[   26027ms] [ERROR] ./components/motion/hero.ts:3:1
Export setStyle doesn't exist in target module
  1 | import { animate, stagger } from "motion"
  2 | import { DUR, EASE, ms } from "./tokens"
> 3 | import { setStyle, clearStyle } from "./dom"
    | ^^^^^^^^^^^^^^^^^^^^^^^^^^^^^^^^^^^^^^^^^^^^
  4 |
  5 | /**
  6 |  * The hero's motion, and the only motion left on the page that is not driven by a

The export setStyle was not found in module [project]/components/motion/dom.ts [app-client] (ecmascript).
Did you mean to import setStyles?
All exports of the module are statically known (It doesn't have dynamic exports). So it's known statically that the requested export doesn't exist.

Import traces:
  Client Component Browser:
    ./components/motion/hero.ts [Client Component Browser]
    ./components/motion/hero-scope.tsx [Client Component Browser]
    ./components/motion/hero-scope.tsx [Server Component]
    ./app/[locale]/page.tsx [Server Component]

  Client Component SSR:
    ./components/motion/hero.ts [Client Component SSR]
    ./components/motion/hero-scope.tsx [Client Component SSR]
    ./components/motion/hero-scope.tsx [Server Component]
    ./app/[locale]/page.tsx [Server Component] @ http://localhost:3000/_next/static/chunks/node_modules_next_dist_0u_w_5s._.js:1945
[   26027ms] [ERROR] ./components/motion/hero.ts:3:1
Export setStyle doesn't exist in target module
  1 | import { animate, stagger } from "motion"
  2 | import { DUR, EASE, ms } from "./tokens"
> 3 | import { setStyle, clearStyle } from "./dom"
    | ^^^^^^^^^^^^^^^^^^^^^^^^^^^^^^^^^^^^^^^^^^^^
  4 |
  5 | /**
  6 |  * The hero's motion, and the only motion left on the page that is not driven by a

The export setStyle was not found in module [project]/components/motion/dom.ts [app-ssr] (ecmascript).
Did you mean to import setStyles?
All exports of the module are statically known (It doesn't have dynamic exports). So it's known statically that the requested export doesn't exist.

Import traces:
  Client Component Browser:
    ./components/motion/hero.ts [Client Component Browser]
    ./components/motion/hero-scope.tsx [Client Component Browser]
    ./components/motion/hero-scope.tsx [Server Component]
    ./app/[locale]/page.tsx [Server Component]

  Client Component SSR:
    ./components/motion/hero.ts [Client Component SSR]
    ./components/motion/hero-scope.tsx [Client Component SSR]
    ./components/motion/hero-scope.tsx [Server Component]
    ./app/[locale]/page.tsx [Server Component] @ http://localhost:3000/_next/static/chunks/node_modules_next_dist_0u_w_5s._.js:1945
[   26088ms] [ERROR] ./components/motion/hero.ts:3:1
Export clearStyle doesn't exist in target module
  1 | import { animate, stagger } from "motion"
  2 | import { DUR, EASE, ms } from "./tokens"
> 3 | import { setStyle, clearStyle } from "./dom"
    | ^^^^^^^^^^^^^^^^^^^^^^^^^^^^^^^^^^^^^^^^^^^^
  4 |
  5 | /**
  6 |  * The hero's motion, and the only motion left on the page that is not driven by a

The export clearStyle was not found in module [project]/components/motion/dom.ts [app-client] (ecmascript).
Did you mean to import clearStyles?
All exports of the module are statically known (It doesn't have dynamic exports). So it's known statically that the requested export doesn't exist.

Import traces:
  Client Component Browser:
    ./components/motion/hero.ts [Client Component Browser]
    ./components/motion/hero-scope.tsx [Client Component Browser]
    ./components/motion/hero-scope.tsx [Server Component]
    ./app/[locale]/page.tsx [Server Component]

  Client Component SSR:
    ./components/motion/hero.ts [Client Component SSR]
    ./components/motion/hero-scope.tsx [Client Component SSR]
    ./components/motion/hero-scope.tsx [Server Component]
    ./app/[locale]/page.tsx [Server Component] @ http://localhost:3000/_next/static/chunks/node_modules_next_dist_0u_w_5s._.js:1945
[   26088ms] [ERROR] ./components/motion/hero.ts:3:1
Export clearStyle doesn't exist in target module
  1 | import { animate, stagger } from "motion"
  2 | import { DUR, EASE, ms } from "./tokens"
> 3 | import { setStyle, clearStyle } from "./dom"
    | ^^^^^^^^^^^^^^^^^^^^^^^^^^^^^^^^^^^^^^^^^^^^
  4 |
  5 | /**
  6 |  * The hero's motion, and the only motion left on the page that is not driven by a

The export clearStyle was not found in module [project]/components/motion/dom.ts [app-ssr] (ecmascript).
Did you mean to import clearStyles?
All exports of the module are statically known (It doesn't have dynamic exports). So it's known statically that the requested export doesn't exist.

Import traces:
  Client Component Browser:
    ./components/motion/hero.ts [Client Component Browser]
    ./components/motion/hero-scope.tsx [Client Component Browser]
    ./components/motion/hero-scope.tsx [Server Component]
    ./app/[locale]/page.tsx [Server Component]

  Client Component SSR:
    ./components/motion/hero.ts [Client Component SSR]
    ./components/motion/hero-scope.tsx [Client Component SSR]
    ./components/motion/hero-scope.tsx [Server Component]
    ./app/[locale]/page.tsx [Server Component] @ http://localhost:3000/_next/static/chunks/node_modules_next_dist_0u_w_5s._.js:1945
[   26088ms] [ERROR] ./components/motion/hero.ts:3:1
Export setStyle doesn't exist in target module
  1 | import { animate, stagger } from "motion"
  2 | import { DUR, EASE, ms } from "./tokens"
> 3 | import { setStyle, clearStyle } from "./dom"
    | ^^^^^^^^^^^^^^^^^^^^^^^^^^^^^^^^^^^^^^^^^^^^
  4 |
  5 | /**
  6 |  * The hero's motion, and the only motion left on the page that is not driven by a

The export setStyle was not found in module [project]/components/motion/dom.ts [app-client] (ecmascript).
Did you mean to import setStyles?
All exports of the module are statically known (It doesn't have dynamic exports). So it's known statically that the requested export doesn't exist.

Import traces:
  Client Component Browser:
    ./components/motion/hero.ts [Client Component Browser]
    ./components/motion/hero-scope.tsx [Client Component Browser]
    ./components/motion/hero-scope.tsx [Server Component]
    ./app/[locale]/page.tsx [Server Component]

  Client Component SSR:
    ./components/motion/hero.ts [Client Component SSR]
    ./components/motion/hero-scope.tsx [Client Component SSR]
    ./components/motion/hero-scope.tsx [Server Component]
    ./app/[locale]/page.tsx [Server Component] @ http://localhost:3000/_next/static/chunks/node_modules_next_dist_0u_w_5s._.js:1945
[   26088ms] [ERROR] ./components/motion/hero.ts:3:1
Export setStyle doesn't exist in target module
  1 | import { animate, stagger } from "motion"
  2 | import { DUR, EASE, ms } from "./tokens"
> 3 | import { setStyle, clearStyle } from "./dom"
    | ^^^^^^^^^^^^^^^^^^^^^^^^^^^^^^^^^^^^^^^^^^^^
  4 |
  5 | /**
  6 |  * The hero's motion, and the only motion left on the page that is not driven by a

The export setStyle was not found in module [project]/components/motion/dom.ts [app-ssr] (ecmascript).
Did you mean to import setStyles?
All exports of the module are statically known (It doesn't have dynamic exports). So it's known statically that the requested export doesn't exist.

Import traces:
  Client Component Browser:
    ./components/motion/hero.ts [Client Component Browser]
    ./components/motion/hero-scope.tsx [Client Component Browser]
    ./components/motion/hero-scope.tsx [Server Component]
    ./app/[locale]/page.tsx [Server Component]

  Client Component SSR:
    ./components/motion/hero.ts [Client Component SSR]
    ./components/motion/hero-scope.tsx [Client Component SSR]
    ./components/motion/hero-scope.tsx [Server Component]
    ./app/[locale]/page.tsx [Server Component] @ http://localhost:3000/_next/static/chunks/node_modules_next_dist_0u_w_5s._.js:1945
[   26150ms] [ERROR] ./components/motion/hero.ts:3:1
Export clearStyle doesn't exist in target module
  1 | import { animate, stagger } from "motion"
  2 | import { DUR, EASE, ms } from "./tokens"
> 3 | import { setStyle, clearStyle } from "./dom"
    | ^^^^^^^^^^^^^^^^^^^^^^^^^^^^^^^^^^^^^^^^^^^^
  4 |
  5 | /**
  6 |  * The hero's motion, and the only motion left on the page that is not driven by a

The export clearStyle was not found in module [project]/components/motion/dom.ts [app-client] (ecmascript).
Did you mean to import clearStyles?
All exports of the module are statically known (It doesn't have dynamic exports). So it's known statically that the requested export doesn't exist.

Import traces:
  Client Component Browser:
    ./components/motion/hero.ts [Client Component Browser]
    ./components/motion/hero-scope.tsx [Client Component Browser]
    ./components/motion/hero-scope.tsx [Server Component]
    ./app/[locale]/page.tsx [Server Component]

  Client Component SSR:
    ./components/motion/hero.ts [Client Component SSR]
    ./components/motion/hero-scope.tsx [Client Component SSR]
    ./components/motion/hero-scope.tsx [Server Component]
    ./app/[locale]/page.tsx [Server Component] @ http://localhost:3000/_next/static/chunks/node_modules_next_dist_0u_w_5s._.js:1945
[   26150ms] [ERROR] ./components/motion/hero.ts:3:1
Export clearStyle doesn't exist in target module
  1 | import { animate, stagger } from "motion"
  2 | import { DUR, EASE, ms } from "./tokens"
> 3 | import { setStyle, clearStyle } from "./dom"
    | ^^^^^^^^^^^^^^^^^^^^^^^^^^^^^^^^^^^^^^^^^^^^
  4 |
  5 | /**
  6 |  * The hero's motion, and the only motion left on the page that is not driven by a

The export clearStyle was not found in module [project]/components/motion/dom.ts [app-ssr] (ecmascript).
Did you mean to import clearStyles?
All exports of the module are statically known (It doesn't have dynamic exports). So it's known statically that the requested export doesn't exist.

Import traces:
  Client Component Browser:
    ./components/motion/hero.ts [Client Component Browser]
    ./components/motion/hero-scope.tsx [Client Component Browser]
    ./components/motion/hero-scope.tsx [Server Component]
    ./app/[locale]/page.tsx [Server Component]

  Client Component SSR:
    ./components/motion/hero.ts [Client Component SSR]
    ./components/motion/hero-scope.tsx [Client Component SSR]
    ./components/motion/hero-scope.tsx [Server Component]
    ./app/[locale]/page.tsx [Server Component] @ http://localhost:3000/_next/static/chunks/node_modules_next_dist_0u_w_5s._.js:1945
[   26150ms] [ERROR] ./components/motion/hero.ts:3:1
Export setStyle doesn't exist in target module
  1 | import { animate, stagger } from "motion"
  2 | import { DUR, EASE, ms } from "./tokens"
> 3 | import { setStyle, clearStyle } from "./dom"
    | ^^^^^^^^^^^^^^^^^^^^^^^^^^^^^^^^^^^^^^^^^^^^
  4 |
  5 | /**
  6 |  * The hero's motion, and the only motion left on the page that is not driven by a

The export setStyle was not found in module [project]/components/motion/dom.ts [app-client] (ecmascript).
Did you mean to import setStyles?
All exports of the module are statically known (It doesn't have dynamic exports). So it's known statically that the requested export doesn't exist.

Import traces:
  Client Component Browser:
    ./components/motion/hero.ts [Client Component Browser]
    ./components/motion/hero-scope.tsx [Client Component Browser]
    ./components/motion/hero-scope.tsx [Server Component]
    ./app/[locale]/page.tsx [Server Component]

  Client Component SSR:
    ./components/motion/hero.ts [Client Component SSR]
    ./components/motion/hero-scope.tsx [Client Component SSR]
    ./components/motion/hero-scope.tsx [Server Component]
    ./app/[locale]/page.tsx [Server Component] @ http://localhost:3000/_next/static/chunks/node_modules_next_dist_0u_w_5s._.js:1945
[   26150ms] [ERROR] ./components/motion/hero.ts:3:1
Export setStyle doesn't exist in target module
  1 | import { animate, stagger } from "motion"
  2 | import { DUR, EASE, ms } from "./tokens"
> 3 | import { setStyle, clearStyle } from "./dom"
    | ^^^^^^^^^^^^^^^^^^^^^^^^^^^^^^^^^^^^^^^^^^^^
  4 |
  5 | /**
  6 |  * The hero's motion, and the only motion left on the page that is not driven by a

The export setStyle was not found in module [project]/components/motion/dom.ts [app-ssr] (ecmascript).
Did you mean to import setStyles?
All exports of the module are statically known (It doesn't have dynamic exports). So it's known statically that the requested export doesn't exist.

Import traces:
  Client Component Browser:
    ./components/motion/hero.ts [Client Component Browser]
    ./components/motion/hero-scope.tsx [Client Component Browser]
    ./components/motion/hero-scope.tsx [Server Component]
    ./app/[locale]/page.tsx [Server Component]

  Client Component SSR:
    ./components/motion/hero.ts [Client Component SSR]
    ./components/motion/hero-scope.tsx [Client Component SSR]
    ./components/motion/hero-scope.tsx [Server Component]
    ./app/[locale]/page.tsx [Server Component] @ http://localhost:3000/_next/static/chunks/node_modules_next_dist_0u_w_5s._.js:1945
[   26212ms] [ERROR] ./components/motion/hero.ts:3:1
Export clearStyle doesn't exist in target module
  1 | import { animate, stagger } from "motion"
  2 | import { DUR, EASE, ms } from "./tokens"
> 3 | import { setStyle, clearStyle } from "./dom"
    | ^^^^^^^^^^^^^^^^^^^^^^^^^^^^^^^^^^^^^^^^^^^^
  4 |
  5 | /**
  6 |  * The hero's motion, and the only motion left on the page that is not driven by a

The export clearStyle was not found in module [project]/components/motion/dom.ts [app-client] (ecmascript).
Did you mean to import clearStyles?
All exports of the module are statically known (It doesn't have dynamic exports). So it's known statically that the requested export doesn't exist.

Import traces:
  Client Component Browser:
    ./components/motion/hero.ts [Client Component Browser]
    ./components/motion/hero-scope.tsx [Client Component Browser]
    ./components/motion/hero-scope.tsx [Server Component]
    ./app/[locale]/page.tsx [Server Component]

  Client Component SSR:
    ./components/motion/hero.ts [Client Component SSR]
    ./components/motion/hero-scope.tsx [Client Component SSR]
    ./components/motion/hero-scope.tsx [Server Component]
    ./app/[locale]/page.tsx [Server Component] @ http://localhost:3000/_next/static/chunks/node_modules_next_dist_0u_w_5s._.js:1945
[   26212ms] [ERROR] ./components/motion/hero.ts:3:1
Export clearStyle doesn't exist in target module
  1 | import { animate, stagger } from "motion"
  2 | import { DUR, EASE, ms } from "./tokens"
> 3 | import { setStyle, clearStyle } from "./dom"
    | ^^^^^^^^^^^^^^^^^^^^^^^^^^^^^^^^^^^^^^^^^^^^
  4 |
  5 | /**
  6 |  * The hero's motion, and the only motion left on the page that is not driven by a

The export clearStyle was not found in module [project]/components/motion/dom.ts [app-ssr] (ecmascript).
Did you mean to import clearStyles?
All exports of the module are statically known (It doesn't have dynamic exports). So it's known statically that the requested export doesn't exist.

Import traces:
  Client Component Browser:
    ./components/motion/hero.ts [Client Component Browser]
    ./components/motion/hero-scope.tsx [Client Component Browser]
    ./components/motion/hero-scope.tsx [Server Component]
    ./app/[locale]/page.tsx [Server Component]

  Client Component SSR:
    ./components/motion/hero.ts [Client Component SSR]
    ./components/motion/hero-scope.tsx [Client Component SSR]
    ./components/motion/hero-scope.tsx [Server Component]
    ./app/[locale]/page.tsx [Server Component] @ http://localhost:3000/_next/static/chunks/node_modules_next_dist_0u_w_5s._.js:1945
[   26213ms] [ERROR] ./components/motion/hero.ts:3:1
Export setStyle doesn't exist in target module
  1 | import { animate, stagger } from "motion"
  2 | import { DUR, EASE, ms } from "./tokens"
> 3 | import { setStyle, clearStyle } from "./dom"
    | ^^^^^^^^^^^^^^^^^^^^^^^^^^^^^^^^^^^^^^^^^^^^
  4 |
  5 | /**
  6 |  * The hero's motion, and the only motion left on the page that is not driven by a

The export setStyle was not found in module [project]/components/motion/dom.ts [app-client] (ecmascript).
Did you mean to import setStyles?
All exports of the module are statically known (It doesn't have dynamic exports). So it's known statically that the requested export doesn't exist.

Import traces:
  Client Component Browser:
    ./components/motion/hero.ts [Client Component Browser]
    ./components/motion/hero-scope.tsx [Client Component Browser]
    ./components/motion/hero-scope.tsx [Server Component]
    ./app/[locale]/page.tsx [Server Component]

  Client Component SSR:
    ./components/motion/hero.ts [Client Component SSR]
    ./components/motion/hero-scope.tsx [Client Component SSR]
    ./components/motion/hero-scope.tsx [Server Component]
    ./app/[locale]/page.tsx [Server Component] @ http://localhost:3000/_next/static/chunks/node_modules_next_dist_0u_w_5s._.js:1945
[   26213ms] [ERROR] ./components/motion/hero.ts:3:1
Export setStyle doesn't exist in target module
  1 | import { animate, stagger } from "motion"
  2 | import { DUR, EASE, ms } from "./tokens"
> 3 | import { setStyle, clearStyle } from "./dom"
    | ^^^^^^^^^^^^^^^^^^^^^^^^^^^^^^^^^^^^^^^^^^^^
  4 |
  5 | /**
  6 |  * The hero's motion, and the only motion left on the page that is not driven by a

The export setStyle was not found in module [project]/components/motion/dom.ts [app-ssr] (ecmascript).
Did you mean to import setStyles?
All exports of the module are statically known (It doesn't have dynamic exports). So it's known statically that the requested export doesn't exist.

Import traces:
  Client Component Browser:
    ./components/motion/hero.ts [Client Component Browser]
    ./components/motion/hero-scope.tsx [Client Component Browser]
    ./components/motion/hero-scope.tsx [Server Component]
    ./app/[locale]/page.tsx [Server Component]

  Client Component SSR:
    ./components/motion/hero.ts [Client Component SSR]
    ./components/motion/hero-scope.tsx [Client Component SSR]
    ./components/motion/hero-scope.tsx [Server Component]
    ./app/[locale]/page.tsx [Server Component] @ http://localhost:3000/_next/static/chunks/node_modules_next_dist_0u_w_5s._.js:1945
[   26276ms] [ERROR] ./components/motion/hero.ts:3:1
Export clearStyle doesn't exist in target module
  1 | import { animate, stagger } from "motion"
  2 | import { DUR, EASE, ms } from "./tokens"
> 3 | import { setStyle, clearStyle } from "./dom"
    | ^^^^^^^^^^^^^^^^^^^^^^^^^^^^^^^^^^^^^^^^^^^^
  4 |
  5 | /**
  6 |  * The hero's motion, and the only motion left on the page that is not driven by a

The export clearStyle was not found in module [project]/components/motion/dom.ts [app-client] (ecmascript).
Did you mean to import clearStyles?
All exports of the module are statically known (It doesn't have dynamic exports). So it's known statically that the requested export doesn't exist.

Import traces:
  Client Component Browser:
    ./components/motion/hero.ts [Client Component Browser]
    ./components/motion/hero-scope.tsx [Client Component Browser]
    ./components/motion/hero-scope.tsx [Server Component]
    ./app/[locale]/page.tsx [Server Component]

  Client Component SSR:
    ./components/motion/hero.ts [Client Component SSR]
    ./components/motion/hero-scope.tsx [Client Component SSR]
    ./components/motion/hero-scope.tsx [Server Component]
    ./app/[locale]/page.tsx [Server Component] @ http://localhost:3000/_next/static/chunks/node_modules_next_dist_0u_w_5s._.js:1945
[   26276ms] [ERROR] ./components/motion/hero.ts:3:1
Export clearStyle doesn't exist in target module
  1 | import { animate, stagger } from "motion"
  2 | import { DUR, EASE, ms } from "./tokens"
> 3 | import { setStyle, clearStyle } from "./dom"
    | ^^^^^^^^^^^^^^^^^^^^^^^^^^^^^^^^^^^^^^^^^^^^
  4 |
  5 | /**
  6 |  * The hero's motion, and the only motion left on the page that is not driven by a

The export clearStyle was not found in module [project]/components/motion/dom.ts [app-ssr] (ecmascript).
Did you mean to import clearStyles?
All exports of the module are statically known (It doesn't have dynamic exports). So it's known statically that the requested export doesn't exist.

Import traces:
  Client Component Browser:
    ./components/motion/hero.ts [Client Component Browser]
    ./components/motion/hero-scope.tsx [Client Component Browser]
    ./components/motion/hero-scope.tsx [Server Component]
    ./app/[locale]/page.tsx [Server Component]

  Client Component SSR:
    ./components/motion/hero.ts [Client Component SSR]
    ./components/motion/hero-scope.tsx [Client Component SSR]
    ./components/motion/hero-scope.tsx [Server Component]
    ./app/[locale]/page.tsx [Server Component] @ http://localhost:3000/_next/static/chunks/node_modules_next_dist_0u_w_5s._.js:1945
[   26276ms] [ERROR] ./components/motion/hero.ts:3:1
Export setStyle doesn't exist in target module
  1 | import { animate, stagger } from "motion"
  2 | import { DUR, EASE, ms } from "./tokens"
> 3 | import { setStyle, clearStyle } from "./dom"
    | ^^^^^^^^^^^^^^^^^^^^^^^^^^^^^^^^^^^^^^^^^^^^
  4 |
  5 | /**
  6 |  * The hero's motion, and the only motion left on the page that is not driven by a

The export setStyle was not found in module [project]/components/motion/dom.ts [app-client] (ecmascript).
Did you mean to import setStyles?
All exports of the module are statically known (It doesn't have dynamic exports). So it's known statically that the requested export doesn't exist.

Import traces:
  Client Component Browser:
    ./components/motion/hero.ts [Client Component Browser]
    ./components/motion/hero-scope.tsx [Client Component Browser]
    ./components/motion/hero-scope.tsx [Server Component]
    ./app/[locale]/page.tsx [Server Component]

  Client Component SSR:
    ./components/motion/hero.ts [Client Component SSR]
    ./components/motion/hero-scope.tsx [Client Component SSR]
    ./components/motion/hero-scope.tsx [Server Component]
    ./app/[locale]/page.tsx [Server Component] @ http://localhost:3000/_next/static/chunks/node_modules_next_dist_0u_w_5s._.js:1945
[   26276ms] [ERROR] ./components/motion/hero.ts:3:1
Export setStyle doesn't exist in target module
  1 | import { animate, stagger } from "motion"
  2 | import { DUR, EASE, ms } from "./tokens"
> 3 | import { setStyle, clearStyle } from "./dom"
    | ^^^^^^^^^^^^^^^^^^^^^^^^^^^^^^^^^^^^^^^^^^^^
  4 |
  5 | /**
  6 |  * The hero's motion, and the only motion left on the page that is not driven by a

The export setStyle was not found in module [project]/components/motion/dom.ts [app-ssr] (ecmascript).
Did you mean to import setStyles?
All exports of the module are statically known (It doesn't have dynamic exports). So it's known statically that the requested export doesn't exist.

Import traces:
  Client Component Browser:
    ./components/motion/hero.ts [Client Component Browser]
    ./components/motion/hero-scope.tsx [Client Component Browser]
    ./components/motion/hero-scope.tsx [Server Component]
    ./app/[locale]/page.tsx [Server Component]

  Client Component SSR:
    ./components/motion/hero.ts [Client Component SSR]
    ./components/motion/hero-scope.tsx [Client Component SSR]
    ./components/motion/hero-scope.tsx [Server Component]
    ./app/[locale]/page.tsx [Server Component] @ http://localhost:3000/_next/static/chunks/node_modules_next_dist_0u_w_5s._.js:1945
[   26338ms] [ERROR] ./components/motion/hero.ts:3:1
Export clearStyle doesn't exist in target module
  1 | import { animate, stagger } from "motion"
  2 | import { DUR, EASE, ms } from "./tokens"
> 3 | import { setStyle, clearStyle } from "./dom"
    | ^^^^^^^^^^^^^^^^^^^^^^^^^^^^^^^^^^^^^^^^^^^^
  4 |
  5 | /**
  6 |  * The hero's motion, and the only motion left on the page that is not driven by a

The export clearStyle was not found in module [project]/components/motion/dom.ts [app-client] (ecmascript).
Did you mean to import clearStyles?
All exports of the module are statically known (It doesn't have dynamic exports). So it's known statically that the requested export doesn't exist.

Import traces:
  Client Component Browser:
    ./components/motion/hero.ts [Client Component Browser]
    ./components/motion/hero-scope.tsx [Client Component Browser]
    ./components/motion/hero-scope.tsx [Server Component]
    ./app/[locale]/page.tsx [Server Component]

  Client Component SSR:
    ./components/motion/hero.ts [Client Component SSR]
    ./components/motion/hero-scope.tsx [Client Component SSR]
    ./components/motion/hero-scope.tsx [Server Component]
    ./app/[locale]/page.tsx [Server Component] @ http://localhost:3000/_next/static/chunks/node_modules_next_dist_0u_w_5s._.js:1945
[   26338ms] [ERROR] ./components/motion/hero.ts:3:1
Export clearStyle doesn't exist in target module
  1 | import { animate, stagger } from "motion"
  2 | import { DUR, EASE, ms } from "./tokens"
> 3 | import { setStyle, clearStyle } from "./dom"
    | ^^^^^^^^^^^^^^^^^^^^^^^^^^^^^^^^^^^^^^^^^^^^
  4 |
  5 | /**
  6 |  * The hero's motion, and the only motion left on the page that is not driven by a

The export clearStyle was not found in module [project]/components/motion/dom.ts [app-ssr] (ecmascript).
Did you mean to import clearStyles?
All exports of the module are statically known (It doesn't have dynamic exports). So it's known statically that the requested export doesn't exist.

Import traces:
  Client Component Browser:
    ./components/motion/hero.ts [Client Component Browser]
    ./components/motion/hero-scope.tsx [Client Component Browser]
    ./components/motion/hero-scope.tsx [Server Component]
    ./app/[locale]/page.tsx [Server Component]

  Client Component SSR:
    ./components/motion/hero.ts [Client Component SSR]
    ./components/motion/hero-scope.tsx [Client Component SSR]
    ./components/motion/hero-scope.tsx [Server Component]
    ./app/[locale]/page.tsx [Server Component] @ http://localhost:3000/_next/static/chunks/node_modules_next_dist_0u_w_5s._.js:1945
[   26338ms] [ERROR] ./components/motion/hero.ts:3:1
Export setStyle doesn't exist in target module
  1 | import { animate, stagger } from "motion"
  2 | import { DUR, EASE, ms } from "./tokens"
> 3 | import { setStyle, clearStyle } from "./dom"
    | ^^^^^^^^^^^^^^^^^^^^^^^^^^^^^^^^^^^^^^^^^^^^
  4 |
  5 | /**
  6 |  * The hero's motion, and the only motion left on the page that is not driven by a

The export setStyle was not found in module [project]/components/motion/dom.ts [app-client] (ecmascript).
Did you mean to import setStyles?
All exports of the module are statically known (It doesn't have dynamic exports). So it's known statically that the requested export doesn't exist.

Import traces:
  Client Component Browser:
    ./components/motion/hero.ts [Client Component Browser]
    ./components/motion/hero-scope.tsx [Client Component Browser]
    ./components/motion/hero-scope.tsx [Server Component]
    ./app/[locale]/page.tsx [Server Component]

  Client Component SSR:
    ./components/motion/hero.ts [Client Component SSR]
    ./components/motion/hero-scope.tsx [Client Component SSR]
    ./components/motion/hero-scope.tsx [Server Component]
    ./app/[locale]/page.tsx [Server Component] @ http://localhost:3000/_next/static/chunks/node_modules_next_dist_0u_w_5s._.js:1945
[   26338ms] [ERROR] ./components/motion/hero.ts:3:1
Export setStyle doesn't exist in target module
  1 | import { animate, stagger } from "motion"
  2 | import { DUR, EASE, ms } from "./tokens"
> 3 | import { setStyle, clearStyle } from "./dom"
    | ^^^^^^^^^^^^^^^^^^^^^^^^^^^^^^^^^^^^^^^^^^^^
  4 |
  5 | /**
  6 |  * The hero's motion, and the only motion left on the page that is not driven by a

The export setStyle was not found in module [project]/components/motion/dom.ts [app-ssr] (ecmascript).
Did you mean to import setStyles?
All exports of the module are statically known (It doesn't have dynamic exports). So it's known statically that the requested export doesn't exist.

Import traces:
  Client Component Browser:
    ./components/motion/hero.ts [Client Component Browser]
    ./components/motion/hero-scope.tsx [Client Component Browser]
    ./components/motion/hero-scope.tsx [Server Component]
    ./app/[locale]/page.tsx [Server Component]

  Client Component SSR:
    ./components/motion/hero.ts [Client Component SSR]
    ./components/motion/hero-scope.tsx [Client Component SSR]
    ./components/motion/hero-scope.tsx [Server Component]
    ./app/[locale]/page.tsx [Server Component] @ http://localhost:3000/_next/static/chunks/node_modules_next_dist_0u_w_5s._.js:1945
[   26400ms] [ERROR] ./components/motion/hero.ts:3:1
Export clearStyle doesn't exist in target module
  1 | import { animate, stagger } from "motion"
  2 | import { DUR, EASE, ms } from "./tokens"
> 3 | import { setStyle, clearStyle } from "./dom"
    | ^^^^^^^^^^^^^^^^^^^^^^^^^^^^^^^^^^^^^^^^^^^^
  4 |
  5 | /**
  6 |  * The hero's motion, and the only motion left on the page that is not driven by a

The export clearStyle was not found in module [project]/components/motion/dom.ts [app-client] (ecmascript).
Did you mean to import clearStyles?
All exports of the module are statically known (It doesn't have dynamic exports). So it's known statically that the requested export doesn't exist.

Import traces:
  Client Component Browser:
    ./components/motion/hero.ts [Client Component Browser]
    ./components/motion/hero-scope.tsx [Client Component Browser]
    ./components/motion/hero-scope.tsx [Server Component]
    ./app/[locale]/page.tsx [Server Component]

  Client Component SSR:
    ./components/motion/hero.ts [Client Component SSR]
    ./components/motion/hero-scope.tsx [Client Component SSR]
    ./components/motion/hero-scope.tsx [Server Component]
    ./app/[locale]/page.tsx [Server Component] @ http://localhost:3000/_next/static/chunks/node_modules_next_dist_0u_w_5s._.js:1945
[   26400ms] [ERROR] ./components/motion/hero.ts:3:1
Export clearStyle doesn't exist in target module
  1 | import { animate, stagger } from "motion"
  2 | import { DUR, EASE, ms } from "./tokens"
> 3 | import { setStyle, clearStyle } from "./dom"
    | ^^^^^^^^^^^^^^^^^^^^^^^^^^^^^^^^^^^^^^^^^^^^
  4 |
  5 | /**
  6 |  * The hero's motion, and the only motion left on the page that is not driven by a

The export clearStyle was not found in module [project]/components/motion/dom.ts [app-ssr] (ecmascript).
Did you mean to import clearStyles?
All exports of the module are statically known (It doesn't have dynamic exports). So it's known statically that the requested export doesn't exist.

Import traces:
  Client Component Browser:
    ./components/motion/hero.ts [Client Component Browser]
    ./components/motion/hero-scope.tsx [Client Component Browser]
    ./components/motion/hero-scope.tsx [Server Component]
    ./app/[locale]/page.tsx [Server Component]

  Client Component SSR:
    ./components/motion/hero.ts [Client Component SSR]
    ./components/motion/hero-scope.tsx [Client Component SSR]
    ./components/motion/hero-scope.tsx [Server Component]
    ./app/[locale]/page.tsx [Server Component] @ http://localhost:3000/_next/static/chunks/node_modules_next_dist_0u_w_5s._.js:1945
[   26400ms] [ERROR] ./components/motion/hero.ts:3:1
Export setStyle doesn't exist in target module
  1 | import { animate, stagger } from "motion"
  2 | import { DUR, EASE, ms } from "./tokens"
> 3 | import { setStyle, clearStyle } from "./dom"
    | ^^^^^^^^^^^^^^^^^^^^^^^^^^^^^^^^^^^^^^^^^^^^
  4 |
  5 | /**
  6 |  * The hero's motion, and the only motion left on the page that is not driven by a

The export setStyle was not found in module [project]/components/motion/dom.ts [app-client] (ecmascript).
Did you mean to import setStyles?
All exports of the module are statically known (It doesn't have dynamic exports). So it's known statically that the requested export doesn't exist.

Import traces:
  Client Component Browser:
    ./components/motion/hero.ts [Client Component Browser]
    ./components/motion/hero-scope.tsx [Client Component Browser]
    ./components/motion/hero-scope.tsx [Server Component]
    ./app/[locale]/page.tsx [Server Component]

  Client Component SSR:
    ./components/motion/hero.ts [Client Component SSR]
    ./components/motion/hero-scope.tsx [Client Component SSR]
    ./components/motion/hero-scope.tsx [Server Component]
    ./app/[locale]/page.tsx [Server Component] @ http://localhost:3000/_next/static/chunks/node_modules_next_dist_0u_w_5s._.js:1945
[   26400ms] [ERROR] ./components/motion/hero.ts:3:1
Export setStyle doesn't exist in target module
  1 | import { animate, stagger } from "motion"
  2 | import { DUR, EASE, ms } from "./tokens"
> 3 | import { setStyle, clearStyle } from "./dom"
    | ^^^^^^^^^^^^^^^^^^^^^^^^^^^^^^^^^^^^^^^^^^^^
  4 |
  5 | /**
  6 |  * The hero's motion, and the only motion left on the page that is not driven by a

The export setStyle was not found in module [project]/components/motion/dom.ts [app-ssr] (ecmascript).
Did you mean to import setStyles?
All exports of the module are statically known (It doesn't have dynamic exports). So it's known statically that the requested export doesn't exist.

Import traces:
  Client Component Browser:
    ./components/motion/hero.ts [Client Component Browser]
    ./components/motion/hero-scope.tsx [Client Component Browser]
    ./components/motion/hero-scope.tsx [Server Component]
    ./app/[locale]/page.tsx [Server Component]

  Client Component SSR:
    ./components/motion/hero.ts [Client Component SSR]
    ./components/motion/hero-scope.tsx [Client Component SSR]
    ./components/motion/hero-scope.tsx [Server Component]
    ./app/[locale]/page.tsx [Server Component] @ http://localhost:3000/_next/static/chunks/node_modules_next_dist_0u_w_5s._.js:1945
[   26462ms] [ERROR] ./components/motion/hero.ts:3:1
Export clearStyle doesn't exist in target module
  1 | import { animate, stagger } from "motion"
  2 | import { DUR, EASE, ms } from "./tokens"
> 3 | import { setStyle, clearStyle } from "./dom"
    | ^^^^^^^^^^^^^^^^^^^^^^^^^^^^^^^^^^^^^^^^^^^^
  4 |
  5 | /**
  6 |  * The hero's motion, and the only motion left on the page that is not driven by a

The export clearStyle was not found in module [project]/components/motion/dom.ts [app-client] (ecmascript).
Did you mean to import clearStyles?
All exports of the module are statically known (It doesn't have dynamic exports). So it's known statically that the requested export doesn't exist.

Import traces:
  Client Component Browser:
    ./components/motion/hero.ts [Client Component Browser]
    ./components/motion/hero-scope.tsx [Client Component Browser]
    ./components/motion/hero-scope.tsx [Server Component]
    ./app/[locale]/page.tsx [Server Component]

  Client Component SSR:
    ./components/motion/hero.ts [Client Component SSR]
    ./components/motion/hero-scope.tsx [Client Component SSR]
    ./components/motion/hero-scope.tsx [Server Component]
    ./app/[locale]/page.tsx [Server Component] @ http://localhost:3000/_next/static/chunks/node_modules_next_dist_0u_w_5s._.js:1945
[   26462ms] [ERROR] ./components/motion/hero.ts:3:1
Export clearStyle doesn't exist in target module
  1 | import { animate, stagger } from "motion"
  2 | import { DUR, EASE, ms } from "./tokens"
> 3 | import { setStyle, clearStyle } from "./dom"
    | ^^^^^^^^^^^^^^^^^^^^^^^^^^^^^^^^^^^^^^^^^^^^
  4 |
  5 | /**
  6 |  * The hero's motion, and the only motion left on the page that is not driven by a

The export clearStyle was not found in module [project]/components/motion/dom.ts [app-ssr] (ecmascript).
Did you mean to import clearStyles?
All exports of the module are statically known (It doesn't have dynamic exports). So it's known statically that the requested export doesn't exist.

Import traces:
  Client Component Browser:
    ./components/motion/hero.ts [Client Component Browser]
    ./components/motion/hero-scope.tsx [Client Component Browser]
    ./components/motion/hero-scope.tsx [Server Component]
    ./app/[locale]/page.tsx [Server Component]

  Client Component SSR:
    ./components/motion/hero.ts [Client Component SSR]
    ./components/motion/hero-scope.tsx [Client Component SSR]
    ./components/motion/hero-scope.tsx [Server Component]
    ./app/[locale]/page.tsx [Server Component] @ http://localhost:3000/_next/static/chunks/node_modules_next_dist_0u_w_5s._.js:1945
[   26462ms] [ERROR] ./components/motion/hero.ts:3:1
Export setStyle doesn't exist in target module
  1 | import { animate, stagger } from "motion"
  2 | import { DUR, EASE, ms } from "./tokens"
> 3 | import { setStyle, clearStyle } from "./dom"
    | ^^^^^^^^^^^^^^^^^^^^^^^^^^^^^^^^^^^^^^^^^^^^
  4 |
  5 | /**
  6 |  * The hero's motion, and the only motion left on the page that is not driven by a

The export setStyle was not found in module [project]/components/motion/dom.ts [app-client] (ecmascript).
Did you mean to import setStyles?
All exports of the module are statically known (It doesn't have dynamic exports). So it's known statically that the requested export doesn't exist.

Import traces:
  Client Component Browser:
    ./components/motion/hero.ts [Client Component Browser]
    ./components/motion/hero-scope.tsx [Client Component Browser]
    ./components/motion/hero-scope.tsx [Server Component]
    ./app/[locale]/page.tsx [Server Component]

  Client Component SSR:
    ./components/motion/hero.ts [Client Component SSR]
    ./components/motion/hero-scope.tsx [Client Component SSR]
    ./components/motion/hero-scope.tsx [Server Component]
    ./app/[locale]/page.tsx [Server Component] @ http://localhost:3000/_next/static/chunks/node_modules_next_dist_0u_w_5s._.js:1945
[   26462ms] [ERROR] ./components/motion/hero.ts:3:1
Export setStyle doesn't exist in target module
  1 | import { animate, stagger } from "motion"
  2 | import { DUR, EASE, ms } from "./tokens"
> 3 | import { setStyle, clearStyle } from "./dom"
    | ^^^^^^^^^^^^^^^^^^^^^^^^^^^^^^^^^^^^^^^^^^^^
  4 |
  5 | /**
  6 |  * The hero's motion, and the only motion left on the page that is not driven by a

The export setStyle was not found in module [project]/components/motion/dom.ts [app-ssr] (ecmascript).
Did you mean to import setStyles?
All exports of the module are statically known (It doesn't have dynamic exports). So it's known statically that the requested export doesn't exist.

Import traces:
  Client Component Browser:
    ./components/motion/hero.ts [Client Component Browser]
    ./components/motion/hero-scope.tsx [Client Component Browser]
    ./components/motion/hero-scope.tsx [Server Component]
    ./app/[locale]/page.tsx [Server Component]

  Client Component SSR:
    ./components/motion/hero.ts [Client Component SSR]
    ./components/motion/hero-scope.tsx [Client Component SSR]
    ./components/motion/hero-scope.tsx [Server Component]
    ./app/[locale]/page.tsx [Server Component] @ http://localhost:3000/_next/static/chunks/node_modules_next_dist_0u_w_5s._.js:1945
[   26523ms] [ERROR] ./components/motion/hero.ts:3:1
Export clearStyle doesn't exist in target module
  1 | import { animate, stagger } from "motion"
  2 | import { DUR, EASE, ms } from "./tokens"
> 3 | import { setStyle, clearStyle } from "./dom"
    | ^^^^^^^^^^^^^^^^^^^^^^^^^^^^^^^^^^^^^^^^^^^^
  4 |
  5 | /**
  6 |  * The hero's motion, and the only motion left on the page that is not driven by a

The export clearStyle was not found in module [project]/components/motion/dom.ts [app-client] (ecmascript).
Did you mean to import clearStyles?
All exports of the module are statically known (It doesn't have dynamic exports). So it's known statically that the requested export doesn't exist.

Import traces:
  Client Component Browser:
    ./components/motion/hero.ts [Client Component Browser]
    ./components/motion/hero-scope.tsx [Client Component Browser]
    ./components/motion/hero-scope.tsx [Server Component]
    ./app/[locale]/page.tsx [Server Component]

  Client Component SSR:
    ./components/motion/hero.ts [Client Component SSR]
    ./components/motion/hero-scope.tsx [Client Component SSR]
    ./components/motion/hero-scope.tsx [Server Component]
    ./app/[locale]/page.tsx [Server Component] @ http://localhost:3000/_next/static/chunks/node_modules_next_dist_0u_w_5s._.js:1945
[   26523ms] [ERROR] ./components/motion/hero.ts:3:1
Export clearStyle doesn't exist in target module
  1 | import { animate, stagger } from "motion"
  2 | import { DUR, EASE, ms } from "./tokens"
> 3 | import { setStyle, clearStyle } from "./dom"
    | ^^^^^^^^^^^^^^^^^^^^^^^^^^^^^^^^^^^^^^^^^^^^
  4 |
  5 | /**
  6 |  * The hero's motion, and the only motion left on the page that is not driven by a

The export clearStyle was not found in module [project]/components/motion/dom.ts [app-ssr] (ecmascript).
Did you mean to import clearStyles?
All exports of the module are statically known (It doesn't have dynamic exports). So it's known statically that the requested export doesn't exist.

Import traces:
  Client Component Browser:
    ./components/motion/hero.ts [Client Component Browser]
    ./components/motion/hero-scope.tsx [Client Component Browser]
    ./components/motion/hero-scope.tsx [Server Component]
    ./app/[locale]/page.tsx [Server Component]

  Client Component SSR:
    ./components/motion/hero.ts [Client Component SSR]
    ./components/motion/hero-scope.tsx [Client Component SSR]
    ./components/motion/hero-scope.tsx [Server Component]
    ./app/[locale]/page.tsx [Server Component] @ http://localhost:3000/_next/static/chunks/node_modules_next_dist_0u_w_5s._.js:1945
[   26523ms] [ERROR] ./components/motion/hero.ts:3:1
Export setStyle doesn't exist in target module
  1 | import { animate, stagger } from "motion"
  2 | import { DUR, EASE, ms } from "./tokens"
> 3 | import { setStyle, clearStyle } from "./dom"
    | ^^^^^^^^^^^^^^^^^^^^^^^^^^^^^^^^^^^^^^^^^^^^
  4 |
  5 | /**
  6 |  * The hero's motion, and the only motion left on the page that is not driven by a

The export setStyle was not found in module [project]/components/motion/dom.ts [app-client] (ecmascript).
Did you mean to import setStyles?
All exports of the module are statically known (It doesn't have dynamic exports). So it's known statically that the requested export doesn't exist.

Import traces:
  Client Component Browser:
    ./components/motion/hero.ts [Client Component Browser]
    ./components/motion/hero-scope.tsx [Client Component Browser]
    ./components/motion/hero-scope.tsx [Server Component]
    ./app/[locale]/page.tsx [Server Component]

  Client Component SSR:
    ./components/motion/hero.ts [Client Component SSR]
    ./components/motion/hero-scope.tsx [Client Component SSR]
    ./components/motion/hero-scope.tsx [Server Component]
    ./app/[locale]/page.tsx [Server Component] @ http://localhost:3000/_next/static/chunks/node_modules_next_dist_0u_w_5s._.js:1945
[   26523ms] [ERROR] ./components/motion/hero.ts:3:1
Export setStyle doesn't exist in target module
  1 | import { animate, stagger } from "motion"
  2 | import { DUR, EASE, ms } from "./tokens"
> 3 | import { setStyle, clearStyle } from "./dom"
    | ^^^^^^^^^^^^^^^^^^^^^^^^^^^^^^^^^^^^^^^^^^^^
  4 |
  5 | /**
  6 |  * The hero's motion, and the only motion left on the page that is not driven by a

The export setStyle was not found in module [project]/components/motion/dom.ts [app-ssr] (ecmascript).
Did you mean to import setStyles?
All exports of the module are statically known (It doesn't have dynamic exports). So it's known statically that the requested export doesn't exist.

Import traces:
  Client Component Browser:
    ./components/motion/hero.ts [Client Component Browser]
    ./components/motion/hero-scope.tsx [Client Component Browser]
    ./components/motion/hero-scope.tsx [Server Component]
    ./app/[locale]/page.tsx [Server Component]

  Client Component SSR:
    ./components/motion/hero.ts [Client Component SSR]
    ./components/motion/hero-scope.tsx [Client Component SSR]
    ./components/motion/hero-scope.tsx [Server Component]
    ./app/[locale]/page.tsx [Server Component] @ http://localhost:3000/_next/static/chunks/node_modules_next_dist_0u_w_5s._.js:1945
[   26585ms] [ERROR] ./components/motion/hero.ts:3:1
Export clearStyle doesn't exist in target module
  1 | import { animate, stagger } from "motion"
  2 | import { DUR, EASE, ms } from "./tokens"
> 3 | import { setStyle, clearStyle } from "./dom"
    | ^^^^^^^^^^^^^^^^^^^^^^^^^^^^^^^^^^^^^^^^^^^^
  4 |
  5 | /**
  6 |  * The hero's motion, and the only motion left on the page that is not driven by a

The export clearStyle was not found in module [project]/components/motion/dom.ts [app-client] (ecmascript).
Did you mean to import clearStyles?
All exports of the module are statically known (It doesn't have dynamic exports). So it's known statically that the requested export doesn't exist.

Import traces:
  Client Component Browser:
    ./components/motion/hero.ts [Client Component Browser]
    ./components/motion/hero-scope.tsx [Client Component Browser]
    ./components/motion/hero-scope.tsx [Server Component]
    ./app/[locale]/page.tsx [Server Component]

  Client Component SSR:
    ./components/motion/hero.ts [Client Component SSR]
    ./components/motion/hero-scope.tsx [Client Component SSR]
    ./components/motion/hero-scope.tsx [Server Component]
    ./app/[locale]/page.tsx [Server Component] @ http://localhost:3000/_next/static/chunks/node_modules_next_dist_0u_w_5s._.js:1945
[   26585ms] [ERROR] ./components/motion/hero.ts:3:1
Export clearStyle doesn't exist in target module
  1 | import { animate, stagger } from "motion"
  2 | import { DUR, EASE, ms } from "./tokens"
> 3 | import { setStyle, clearStyle } from "./dom"
    | ^^^^^^^^^^^^^^^^^^^^^^^^^^^^^^^^^^^^^^^^^^^^
  4 |
  5 | /**
  6 |  * The hero's motion, and the only motion left on the page that is not driven by a

The export clearStyle was not found in module [project]/components/motion/dom.ts [app-ssr] (ecmascript).
Did you mean to import clearStyles?
All exports of the module are statically known (It doesn't have dynamic exports). So it's known statically that the requested export doesn't exist.

Import traces:
  Client Component Browser:
    ./components/motion/hero.ts [Client Component Browser]
    ./components/motion/hero-scope.tsx [Client Component Browser]
    ./components/motion/hero-scope.tsx [Server Component]
    ./app/[locale]/page.tsx [Server Component]

  Client Component SSR:
    ./components/motion/hero.ts [Client Component SSR]
    ./components/motion/hero-scope.tsx [Client Component SSR]
    ./components/motion/hero-scope.tsx [Server Component]
    ./app/[locale]/page.tsx [Server Component] @ http://localhost:3000/_next/static/chunks/node_modules_next_dist_0u_w_5s._.js:1945
[   26585ms] [ERROR] ./components/motion/hero.ts:3:1
Export setStyle doesn't exist in target module
  1 | import { animate, stagger } from "motion"
  2 | import { DUR, EASE, ms } from "./tokens"
> 3 | import { setStyle, clearStyle } from "./dom"
    | ^^^^^^^^^^^^^^^^^^^^^^^^^^^^^^^^^^^^^^^^^^^^
  4 |
  5 | /**
  6 |  * The hero's motion, and the only motion left on the page that is not driven by a

The export setStyle was not found in module [project]/components/motion/dom.ts [app-client] (ecmascript).
Did you mean to import setStyles?
All exports of the module are statically known (It doesn't have dynamic exports). So it's known statically that the requested export doesn't exist.

Import traces:
  Client Component Browser:
    ./components/motion/hero.ts [Client Component Browser]
    ./components/motion/hero-scope.tsx [Client Component Browser]
    ./components/motion/hero-scope.tsx [Server Component]
    ./app/[locale]/page.tsx [Server Component]

  Client Component SSR:
    ./components/motion/hero.ts [Client Component SSR]
    ./components/motion/hero-scope.tsx [Client Component SSR]
    ./components/motion/hero-scope.tsx [Server Component]
    ./app/[locale]/page.tsx [Server Component] @ http://localhost:3000/_next/static/chunks/node_modules_next_dist_0u_w_5s._.js:1945
[   26585ms] [ERROR] ./components/motion/hero.ts:3:1
Export setStyle doesn't exist in target module
  1 | import { animate, stagger } from "motion"
  2 | import { DUR, EASE, ms } from "./tokens"
> 3 | import { setStyle, clearStyle } from "./dom"
    | ^^^^^^^^^^^^^^^^^^^^^^^^^^^^^^^^^^^^^^^^^^^^
  4 |
  5 | /**
  6 |  * The hero's motion, and the only motion left on the page that is not driven by a

The export setStyle was not found in module [project]/components/motion/dom.ts [app-ssr] (ecmascript).
Did you mean to import setStyles?
All exports of the module are statically known (It doesn't have dynamic exports). So it's known statically that the requested export doesn't exist.

Import traces:
  Client Component Browser:
    ./components/motion/hero.ts [Client Component Browser]
    ./components/motion/hero-scope.tsx [Client Component Browser]
    ./components/motion/hero-scope.tsx [Server Component]
    ./app/[locale]/page.tsx [Server Component]

  Client Component SSR:
    ./components/motion/hero.ts [Client Component SSR]
    ./components/motion/hero-scope.tsx [Client Component SSR]
    ./components/motion/hero-scope.tsx [Server Component]
    ./app/[locale]/page.tsx [Server Component] @ http://localhost:3000/_next/static/chunks/node_modules_next_dist_0u_w_5s._.js:1945
[   26646ms] [ERROR] ./components/motion/hero.ts:3:1
Export clearStyle doesn't exist in target module
  1 | import { animate, stagger } from "motion"
  2 | import { DUR, EASE, ms } from "./tokens"
> 3 | import { setStyle, clearStyle } from "./dom"
    | ^^^^^^^^^^^^^^^^^^^^^^^^^^^^^^^^^^^^^^^^^^^^
  4 |
  5 | /**
  6 |  * The hero's motion, and the only motion left on the page that is not driven by a

The export clearStyle was not found in module [project]/components/motion/dom.ts [app-client] (ecmascript).
Did you mean to import clearStyles?
All exports of the module are statically known (It doesn't have dynamic exports). So it's known statically that the requested export doesn't exist.

Import traces:
  Client Component Browser:
    ./components/motion/hero.ts [Client Component Browser]
    ./components/motion/hero-scope.tsx [Client Component Browser]
    ./components/motion/hero-scope.tsx [Server Component]
    ./app/[locale]/page.tsx [Server Component]

  Client Component SSR:
    ./components/motion/hero.ts [Client Component SSR]
    ./components/motion/hero-scope.tsx [Client Component SSR]
    ./components/motion/hero-scope.tsx [Server Component]
    ./app/[locale]/page.tsx [Server Component] @ http://localhost:3000/_next/static/chunks/node_modules_next_dist_0u_w_5s._.js:1945
[   26647ms] [ERROR] ./components/motion/hero.ts:3:1
Export clearStyle doesn't exist in target module
  1 | import { animate, stagger } from "motion"
  2 | import { DUR, EASE, ms } from "./tokens"
> 3 | import { setStyle, clearStyle } from "./dom"
    | ^^^^^^^^^^^^^^^^^^^^^^^^^^^^^^^^^^^^^^^^^^^^
  4 |
  5 | /**
  6 |  * The hero's motion, and the only motion left on the page that is not driven by a

The export clearStyle was not found in module [project]/components/motion/dom.ts [app-ssr] (ecmascript).
Did you mean to import clearStyles?
All exports of the module are statically known (It doesn't have dynamic exports). So it's known statically that the requested export doesn't exist.

Import traces:
  Client Component Browser:
    ./components/motion/hero.ts [Client Component Browser]
    ./components/motion/hero-scope.tsx [Client Component Browser]
    ./components/motion/hero-scope.tsx [Server Component]
    ./app/[locale]/page.tsx [Server Component]

  Client Component SSR:
    ./components/motion/hero.ts [Client Component SSR]
    ./components/motion/hero-scope.tsx [Client Component SSR]
    ./components/motion/hero-scope.tsx [Server Component]
    ./app/[locale]/page.tsx [Server Component] @ http://localhost:3000/_next/static/chunks/node_modules_next_dist_0u_w_5s._.js:1945
[   26647ms] [ERROR] ./components/motion/hero.ts:3:1
Export setStyle doesn't exist in target module
  1 | import { animate, stagger } from "motion"
  2 | import { DUR, EASE, ms } from "./tokens"
> 3 | import { setStyle, clearStyle } from "./dom"
    | ^^^^^^^^^^^^^^^^^^^^^^^^^^^^^^^^^^^^^^^^^^^^
  4 |
  5 | /**
  6 |  * The hero's motion, and the only motion left on the page that is not driven by a

The export setStyle was not found in module [project]/components/motion/dom.ts [app-client] (ecmascript).
Did you mean to import setStyles?
All exports of the module are statically known (It doesn't have dynamic exports). So it's known statically that the requested export doesn't exist.

Import traces:
  Client Component Browser:
    ./components/motion/hero.ts [Client Component Browser]
    ./components/motion/hero-scope.tsx [Client Component Browser]
    ./components/motion/hero-scope.tsx [Server Component]
    ./app/[locale]/page.tsx [Server Component]

  Client Component SSR:
    ./components/motion/hero.ts [Client Component SSR]
    ./components/motion/hero-scope.tsx [Client Component SSR]
    ./components/motion/hero-scope.tsx [Server Component]
    ./app/[locale]/page.tsx [Server Component] @ http://localhost:3000/_next/static/chunks/node_modules_next_dist_0u_w_5s._.js:1945
[   26647ms] [ERROR] ./components/motion/hero.ts:3:1
Export setStyle doesn't exist in target module
  1 | import { animate, stagger } from "motion"
  2 | import { DUR, EASE, ms } from "./tokens"
> 3 | import { setStyle, clearStyle } from "./dom"
    | ^^^^^^^^^^^^^^^^^^^^^^^^^^^^^^^^^^^^^^^^^^^^
  4 |
  5 | /**
  6 |  * The hero's motion, and the only motion left on the page that is not driven by a

The export setStyle was not found in module [project]/components/motion/dom.ts [app-ssr] (ecmascript).
Did you mean to import setStyles?
All exports of the module are statically known (It doesn't have dynamic exports). So it's known statically that the requested export doesn't exist.

Import traces:
  Client Component Browser:
    ./components/motion/hero.ts [Client Component Browser]
    ./components/motion/hero-scope.tsx [Client Component Browser]
    ./components/motion/hero-scope.tsx [Server Component]
    ./app/[locale]/page.tsx [Server Component]

  Client Component SSR:
    ./components/motion/hero.ts [Client Component SSR]
    ./components/motion/hero-scope.tsx [Client Component SSR]
    ./components/motion/hero-scope.tsx [Server Component]
    ./app/[locale]/page.tsx [Server Component] @ http://localhost:3000/_next/static/chunks/node_modules_next_dist_0u_w_5s._.js:1945
[   26710ms] [ERROR] ./components/motion/hero.ts:3:1
Export clearStyle doesn't exist in target module
  1 | import { animate, stagger } from "motion"
  2 | import { DUR, EASE, ms } from "./tokens"
> 3 | import { setStyle, clearStyle } from "./dom"
    | ^^^^^^^^^^^^^^^^^^^^^^^^^^^^^^^^^^^^^^^^^^^^
  4 |
  5 | /**
  6 |  * The hero's motion, and the only motion left on the page that is not driven by a

The export clearStyle was not found in module [project]/components/motion/dom.ts [app-client] (ecmascript).
Did you mean to import clearStyles?
All exports of the module are statically known (It doesn't have dynamic exports). So it's known statically that the requested export doesn't exist.

Import traces:
  Client Component Browser:
    ./components/motion/hero.ts [Client Component Browser]
    ./components/motion/hero-scope.tsx [Client Component Browser]
    ./components/motion/hero-scope.tsx [Server Component]
    ./app/[locale]/page.tsx [Server Component]

  Client Component SSR:
    ./components/motion/hero.ts [Client Component SSR]
    ./components/motion/hero-scope.tsx [Client Component SSR]
    ./components/motion/hero-scope.tsx [Server Component]
    ./app/[locale]/page.tsx [Server Component] @ http://localhost:3000/_next/static/chunks/node_modules_next_dist_0u_w_5s._.js:1945
[   26710ms] [ERROR] ./components/motion/hero.ts:3:1
Export clearStyle doesn't exist in target module
  1 | import { animate, stagger } from "motion"
  2 | import { DUR, EASE, ms } from "./tokens"
> 3 | import { setStyle, clearStyle } from "./dom"
    | ^^^^^^^^^^^^^^^^^^^^^^^^^^^^^^^^^^^^^^^^^^^^
  4 |
  5 | /**
  6 |  * The hero's motion, and the only motion left on the page that is not driven by a

The export clearStyle was not found in module [project]/components/motion/dom.ts [app-ssr] (ecmascript).
Did you mean to import clearStyles?
All exports of the module are statically known (It doesn't have dynamic exports). So it's known statically that the requested export doesn't exist.

Import traces:
  Client Component Browser:
    ./components/motion/hero.ts [Client Component Browser]
    ./components/motion/hero-scope.tsx [Client Component Browser]
    ./components/motion/hero-scope.tsx [Server Component]
    ./app/[locale]/page.tsx [Server Component]

  Client Component SSR:
    ./components/motion/hero.ts [Client Component SSR]
    ./components/motion/hero-scope.tsx [Client Component SSR]
    ./components/motion/hero-scope.tsx [Server Component]
    ./app/[locale]/page.tsx [Server Component] @ http://localhost:3000/_next/static/chunks/node_modules_next_dist_0u_w_5s._.js:1945
[   26710ms] [ERROR] ./components/motion/hero.ts:3:1
Export setStyle doesn't exist in target module
  1 | import { animate, stagger } from "motion"
  2 | import { DUR, EASE, ms } from "./tokens"
> 3 | import { setStyle, clearStyle } from "./dom"
    | ^^^^^^^^^^^^^^^^^^^^^^^^^^^^^^^^^^^^^^^^^^^^
  4 |
  5 | /**
  6 |  * The hero's motion, and the only motion left on the page that is not driven by a

The export setStyle was not found in module [project]/components/motion/dom.ts [app-client] (ecmascript).
Did you mean to import setStyles?
All exports of the module are statically known (It doesn't have dynamic exports). So it's known statically that the requested export doesn't exist.

Import traces:
  Client Component Browser:
    ./components/motion/hero.ts [Client Component Browser]
    ./components/motion/hero-scope.tsx [Client Component Browser]
    ./components/motion/hero-scope.tsx [Server Component]
    ./app/[locale]/page.tsx [Server Component]

  Client Component SSR:
    ./components/motion/hero.ts [Client Component SSR]
    ./components/motion/hero-scope.tsx [Client Component SSR]
    ./components/motion/hero-scope.tsx [Server Component]
    ./app/[locale]/page.tsx [Server Component] @ http://localhost:3000/_next/static/chunks/node_modules_next_dist_0u_w_5s._.js:1945
[   26710ms] [ERROR] ./components/motion/hero.ts:3:1
Export setStyle doesn't exist in target module
  1 | import { animate, stagger } from "motion"
  2 | import { DUR, EASE, ms } from "./tokens"
> 3 | import { setStyle, clearStyle } from "./dom"
    | ^^^^^^^^^^^^^^^^^^^^^^^^^^^^^^^^^^^^^^^^^^^^
  4 |
  5 | /**
  6 |  * The hero's motion, and the only motion left on the page that is not driven by a

The export setStyle was not found in module [project]/components/motion/dom.ts [app-ssr] (ecmascript).
Did you mean to import setStyles?
All exports of the module are statically known (It doesn't have dynamic exports). So it's known statically that the requested export doesn't exist.

Import traces:
  Client Component Browser:
    ./components/motion/hero.ts [Client Component Browser]
    ./components/motion/hero-scope.tsx [Client Component Browser]
    ./components/motion/hero-scope.tsx [Server Component]
    ./app/[locale]/page.tsx [Server Component]

  Client Component SSR:
    ./components/motion/hero.ts [Client Component SSR]
    ./components/motion/hero-scope.tsx [Client Component SSR]
    ./components/motion/hero-scope.tsx [Server Component]
    ./app/[locale]/page.tsx [Server Component] @ http://localhost:3000/_next/static/chunks/node_modules_next_dist_0u_w_5s._.js:1945
[   26772ms] [ERROR] ./components/motion/hero.ts:3:1
Export clearStyle doesn't exist in target module
  1 | import { animate, stagger } from "motion"
  2 | import { DUR, EASE, ms } from "./tokens"
> 3 | import { setStyle, clearStyle } from "./dom"
    | ^^^^^^^^^^^^^^^^^^^^^^^^^^^^^^^^^^^^^^^^^^^^
  4 |
  5 | /**
  6 |  * The hero's motion, and the only motion left on the page that is not driven by a

The export clearStyle was not found in module [project]/components/motion/dom.ts [app-client] (ecmascript).
Did you mean to import clearStyles?
All exports of the module are statically known (It doesn't have dynamic exports). So it's known statically that the requested export doesn't exist.

Import traces:
  Client Component Browser:
    ./components/motion/hero.ts [Client Component Browser]
    ./components/motion/hero-scope.tsx [Client Component Browser]
    ./components/motion/hero-scope.tsx [Server Component]
    ./app/[locale]/page.tsx [Server Component]

  Client Component SSR:
    ./components/motion/hero.ts [Client Component SSR]
    ./components/motion/hero-scope.tsx [Client Component SSR]
    ./components/motion/hero-scope.tsx [Server Component]
    ./app/[locale]/page.tsx [Server Component] @ http://localhost:3000/_next/static/chunks/node_modules_next_dist_0u_w_5s._.js:1945
[   26772ms] [ERROR] ./components/motion/hero.ts:3:1
Export clearStyle doesn't exist in target module
  1 | import { animate, stagger } from "motion"
  2 | import { DUR, EASE, ms } from "./tokens"
> 3 | import { setStyle, clearStyle } from "./dom"
    | ^^^^^^^^^^^^^^^^^^^^^^^^^^^^^^^^^^^^^^^^^^^^
  4 |
  5 | /**
  6 |  * The hero's motion, and the only motion left on the page that is not driven by a

The export clearStyle was not found in module [project]/components/motion/dom.ts [app-ssr] (ecmascript).
Did you mean to import clearStyles?
All exports of the module are statically known (It doesn't have dynamic exports). So it's known statically that the requested export doesn't exist.

Import traces:
  Client Component Browser:
    ./components/motion/hero.ts [Client Component Browser]
    ./components/motion/hero-scope.tsx [Client Component Browser]
    ./components/motion/hero-scope.tsx [Server Component]
    ./app/[locale]/page.tsx [Server Component]

  Client Component SSR:
    ./components/motion/hero.ts [Client Component SSR]
    ./components/motion/hero-scope.tsx [Client Component SSR]
    ./components/motion/hero-scope.tsx [Server Component]
    ./app/[locale]/page.tsx [Server Component] @ http://localhost:3000/_next/static/chunks/node_modules_next_dist_0u_w_5s._.js:1945
[   26772ms] [ERROR] ./components/motion/hero.ts:3:1
Export setStyle doesn't exist in target module
  1 | import { animate, stagger } from "motion"
  2 | import { DUR, EASE, ms } from "./tokens"
> 3 | import { setStyle, clearStyle } from "./dom"
    | ^^^^^^^^^^^^^^^^^^^^^^^^^^^^^^^^^^^^^^^^^^^^
  4 |
  5 | /**
  6 |  * The hero's motion, and the only motion left on the page that is not driven by a

The export setStyle was not found in module [project]/components/motion/dom.ts [app-client] (ecmascript).
Did you mean to import setStyles?
All exports of the module are statically known (It doesn't have dynamic exports). So it's known statically that the requested export doesn't exist.

Import traces:
  Client Component Browser:
    ./components/motion/hero.ts [Client Component Browser]
    ./components/motion/hero-scope.tsx [Client Component Browser]
    ./components/motion/hero-scope.tsx [Server Component]
    ./app/[locale]/page.tsx [Server Component]

  Client Component SSR:
    ./components/motion/hero.ts [Client Component SSR]
    ./components/motion/hero-scope.tsx [Client Component SSR]
    ./components/motion/hero-scope.tsx [Server Component]
    ./app/[locale]/page.tsx [Server Component] @ http://localhost:3000/_next/static/chunks/node_modules_next_dist_0u_w_5s._.js:1945
[   26772ms] [ERROR] ./components/motion/hero.ts:3:1
Export setStyle doesn't exist in target module
  1 | import { animate, stagger } from "motion"
  2 | import { DUR, EASE, ms } from "./tokens"
> 3 | import { setStyle, clearStyle } from "./dom"
    | ^^^^^^^^^^^^^^^^^^^^^^^^^^^^^^^^^^^^^^^^^^^^
  4 |
  5 | /**
  6 |  * The hero's motion, and the only motion left on the page that is not driven by a

The export setStyle was not found in module [project]/components/motion/dom.ts [app-ssr] (ecmascript).
Did you mean to import setStyles?
All exports of the module are statically known (It doesn't have dynamic exports). So it's known statically that the requested export doesn't exist.

Import traces:
  Client Component Browser:
    ./components/motion/hero.ts [Client Component Browser]
    ./components/motion/hero-scope.tsx [Client Component Browser]
    ./components/motion/hero-scope.tsx [Server Component]
    ./app/[locale]/page.tsx [Server Component]

  Client Component SSR:
    ./components/motion/hero.ts [Client Component SSR]
    ./components/motion/hero-scope.tsx [Client Component SSR]
    ./components/motion/hero-scope.tsx [Server Component]
    ./app/[locale]/page.tsx [Server Component] @ http://localhost:3000/_next/static/chunks/node_modules_next_dist_0u_w_5s._.js:1945
[   26834ms] [ERROR] ./components/motion/hero.ts:3:1
Export clearStyle doesn't exist in target module
  1 | import { animate, stagger } from "motion"
  2 | import { DUR, EASE, ms } from "./tokens"
> 3 | import { setStyle, clearStyle } from "./dom"
    | ^^^^^^^^^^^^^^^^^^^^^^^^^^^^^^^^^^^^^^^^^^^^
  4 |
  5 | /**
  6 |  * The hero's motion, and the only motion left on the page that is not driven by a

The export clearStyle was not found in module [project]/components/motion/dom.ts [app-client] (ecmascript).
Did you mean to import clearStyles?
All exports of the module are statically known (It doesn't have dynamic exports). So it's known statically that the requested export doesn't exist.

Import traces:
  Client Component Browser:
    ./components/motion/hero.ts [Client Component Browser]
    ./components/motion/hero-scope.tsx [Client Component Browser]
    ./components/motion/hero-scope.tsx [Server Component]
    ./app/[locale]/page.tsx [Server Component]

  Client Component SSR:
    ./components/motion/hero.ts [Client Component SSR]
    ./components/motion/hero-scope.tsx [Client Component SSR]
    ./components/motion/hero-scope.tsx [Server Component]
    ./app/[locale]/page.tsx [Server Component] @ http://localhost:3000/_next/static/chunks/node_modules_next_dist_0u_w_5s._.js:1945
[   26834ms] [ERROR] ./components/motion/hero.ts:3:1
Export clearStyle doesn't exist in target module
  1 | import { animate, stagger } from "motion"
  2 | import { DUR, EASE, ms } from "./tokens"
> 3 | import { setStyle, clearStyle } from "./dom"
    | ^^^^^^^^^^^^^^^^^^^^^^^^^^^^^^^^^^^^^^^^^^^^
  4 |
  5 | /**
  6 |  * The hero's motion, and the only motion left on the page that is not driven by a

The export clearStyle was not found in module [project]/components/motion/dom.ts [app-ssr] (ecmascript).
Did you mean to import clearStyles?
All exports of the module are statically known (It doesn't have dynamic exports). So it's known statically that the requested export doesn't exist.

Import traces:
  Client Component Browser:
    ./components/motion/hero.ts [Client Component Browser]
    ./components/motion/hero-scope.tsx [Client Component Browser]
    ./components/motion/hero-scope.tsx [Server Component]
    ./app/[locale]/page.tsx [Server Component]

  Client Component SSR:
    ./components/motion/hero.ts [Client Component SSR]
    ./components/motion/hero-scope.tsx [Client Component SSR]
    ./components/motion/hero-scope.tsx [Server Component]
    ./app/[locale]/page.tsx [Server Component] @ http://localhost:3000/_next/static/chunks/node_modules_next_dist_0u_w_5s._.js:1945
[   26834ms] [ERROR] ./components/motion/hero.ts:3:1
Export setStyle doesn't exist in target module
  1 | import { animate, stagger } from "motion"
  2 | import { DUR, EASE, ms } from "./tokens"
> 3 | import { setStyle, clearStyle } from "./dom"
    | ^^^^^^^^^^^^^^^^^^^^^^^^^^^^^^^^^^^^^^^^^^^^
  4 |
  5 | /**
  6 |  * The hero's motion, and the only motion left on the page that is not driven by a

The export setStyle was not found in module [project]/components/motion/dom.ts [app-client] (ecmascript).
Did you mean to import setStyles?
All exports of the module are statically known (It doesn't have dynamic exports). So it's known statically that the requested export doesn't exist.

Import traces:
  Client Component Browser:
    ./components/motion/hero.ts [Client Component Browser]
    ./components/motion/hero-scope.tsx [Client Component Browser]
    ./components/motion/hero-scope.tsx [Server Component]
    ./app/[locale]/page.tsx [Server Component]

  Client Component SSR:
    ./components/motion/hero.ts [Client Component SSR]
    ./components/motion/hero-scope.tsx [Client Component SSR]
    ./components/motion/hero-scope.tsx [Server Component]
    ./app/[locale]/page.tsx [Server Component] @ http://localhost:3000/_next/static/chunks/node_modules_next_dist_0u_w_5s._.js:1945
[   26834ms] [ERROR] ./components/motion/hero.ts:3:1
Export setStyle doesn't exist in target module
  1 | import { animate, stagger } from "motion"
  2 | import { DUR, EASE, ms } from "./tokens"
> 3 | import { setStyle, clearStyle } from "./dom"
    | ^^^^^^^^^^^^^^^^^^^^^^^^^^^^^^^^^^^^^^^^^^^^
  4 |
  5 | /**
  6 |  * The hero's motion, and the only motion left on the page that is not driven by a

The export setStyle was not found in module [project]/components/motion/dom.ts [app-ssr] (ecmascript).
Did you mean to import setStyles?
All exports of the module are statically known (It doesn't have dynamic exports). So it's known statically that the requested export doesn't exist.

Import traces:
  Client Component Browser:
    ./components/motion/hero.ts [Client Component Browser]
    ./components/motion/hero-scope.tsx [Client Component Browser]
    ./components/motion/hero-scope.tsx [Server Component]
    ./app/[locale]/page.tsx [Server Component]

  Client Component SSR:
    ./components/motion/hero.ts [Client Component SSR]
    ./components/motion/hero-scope.tsx [Client Component SSR]
    ./components/motion/hero-scope.tsx [Server Component]
    ./app/[locale]/page.tsx [Server Component] @ http://localhost:3000/_next/static/chunks/node_modules_next_dist_0u_w_5s._.js:1945
[   26896ms] [ERROR] ./components/motion/hero.ts:3:1
Export clearStyle doesn't exist in target module
  1 | import { animate, stagger } from "motion"
  2 | import { DUR, EASE, ms } from "./tokens"
> 3 | import { setStyle, clearStyle } from "./dom"
    | ^^^^^^^^^^^^^^^^^^^^^^^^^^^^^^^^^^^^^^^^^^^^
  4 |
  5 | /**
  6 |  * The hero's motion, and the only motion left on the page that is not driven by a

The export clearStyle was not found in module [project]/components/motion/dom.ts [app-client] (ecmascript).
Did you mean to import clearStyles?
All exports of the module are statically known (It doesn't have dynamic exports). So it's known statically that the requested export doesn't exist.

Import traces:
  Client Component Browser:
    ./components/motion/hero.ts [Client Component Browser]
    ./components/motion/hero-scope.tsx [Client Component Browser]
    ./components/motion/hero-scope.tsx [Server Component]
    ./app/[locale]/page.tsx [Server Component]

  Client Component SSR:
    ./components/motion/hero.ts [Client Component SSR]
    ./components/motion/hero-scope.tsx [Client Component SSR]
    ./components/motion/hero-scope.tsx [Server Component]
    ./app/[locale]/page.tsx [Server Component] @ http://localhost:3000/_next/static/chunks/node_modules_next_dist_0u_w_5s._.js:1945
[   26896ms] [ERROR] ./components/motion/hero.ts:3:1
Export clearStyle doesn't exist in target module
  1 | import { animate, stagger } from "motion"
  2 | import { DUR, EASE, ms } from "./tokens"
> 3 | import { setStyle, clearStyle } from "./dom"
    | ^^^^^^^^^^^^^^^^^^^^^^^^^^^^^^^^^^^^^^^^^^^^
  4 |
  5 | /**
  6 |  * The hero's motion, and the only motion left on the page that is not driven by a

The export clearStyle was not found in module [project]/components/motion/dom.ts [app-ssr] (ecmascript).
Did you mean to import clearStyles?
All exports of the module are statically known (It doesn't have dynamic exports). So it's known statically that the requested export doesn't exist.

Import traces:
  Client Component Browser:
    ./components/motion/hero.ts [Client Component Browser]
    ./components/motion/hero-scope.tsx [Client Component Browser]
    ./components/motion/hero-scope.tsx [Server Component]
    ./app/[locale]/page.tsx [Server Component]

  Client Component SSR:
    ./components/motion/hero.ts [Client Component SSR]
    ./components/motion/hero-scope.tsx [Client Component SSR]
    ./components/motion/hero-scope.tsx [Server Component]
    ./app/[locale]/page.tsx [Server Component] @ http://localhost:3000/_next/static/chunks/node_modules_next_dist_0u_w_5s._.js:1945
[   26896ms] [ERROR] ./components/motion/hero.ts:3:1
Export setStyle doesn't exist in target module
  1 | import { animate, stagger } from "motion"
  2 | import { DUR, EASE, ms } from "./tokens"
> 3 | import { setStyle, clearStyle } from "./dom"
    | ^^^^^^^^^^^^^^^^^^^^^^^^^^^^^^^^^^^^^^^^^^^^
  4 |
  5 | /**
  6 |  * The hero's motion, and the only motion left on the page that is not driven by a

The export setStyle was not found in module [project]/components/motion/dom.ts [app-client] (ecmascript).
Did you mean to import setStyles?
All exports of the module are statically known (It doesn't have dynamic exports). So it's known statically that the requested export doesn't exist.

Import traces:
  Client Component Browser:
    ./components/motion/hero.ts [Client Component Browser]
    ./components/motion/hero-scope.tsx [Client Component Browser]
    ./components/motion/hero-scope.tsx [Server Component]
    ./app/[locale]/page.tsx [Server Component]

  Client Component SSR:
    ./components/motion/hero.ts [Client Component SSR]
    ./components/motion/hero-scope.tsx [Client Component SSR]
    ./components/motion/hero-scope.tsx [Server Component]
    ./app/[locale]/page.tsx [Server Component] @ http://localhost:3000/_next/static/chunks/node_modules_next_dist_0u_w_5s._.js:1945
[   26896ms] [ERROR] ./components/motion/hero.ts:3:1
Export setStyle doesn't exist in target module
  1 | import { animate, stagger } from "motion"
  2 | import { DUR, EASE, ms } from "./tokens"
> 3 | import { setStyle, clearStyle } from "./dom"
    | ^^^^^^^^^^^^^^^^^^^^^^^^^^^^^^^^^^^^^^^^^^^^
  4 |
  5 | /**
  6 |  * The hero's motion, and the only motion left on the page that is not driven by a

The export setStyle was not found in module [project]/components/motion/dom.ts [app-ssr] (ecmascript).
Did you mean to import setStyles?
All exports of the module are statically known (It doesn't have dynamic exports). So it's known statically that the requested export doesn't exist.

Import traces:
  Client Component Browser:
    ./components/motion/hero.ts [Client Component Browser]
    ./components/motion/hero-scope.tsx [Client Component Browser]
    ./components/motion/hero-scope.tsx [Server Component]
    ./app/[locale]/page.tsx [Server Component]

  Client Component SSR:
    ./components/motion/hero.ts [Client Component SSR]
    ./components/motion/hero-scope.tsx [Client Component SSR]
    ./components/motion/hero-scope.tsx [Server Component]
    ./app/[locale]/page.tsx [Server Component] @ http://localhost:3000/_next/static/chunks/node_modules_next_dist_0u_w_5s._.js:1945
[   26958ms] [ERROR] ./components/motion/hero.ts:3:1
Export clearStyle doesn't exist in target module
  1 | import { animate, stagger } from "motion"
  2 | import { DUR, EASE, ms } from "./tokens"
> 3 | import { setStyle, clearStyle } from "./dom"
    | ^^^^^^^^^^^^^^^^^^^^^^^^^^^^^^^^^^^^^^^^^^^^
  4 |
  5 | /**
  6 |  * The hero's motion, and the only motion left on the page that is not driven by a

The export clearStyle was not found in module [project]/components/motion/dom.ts [app-client] (ecmascript).
Did you mean to import clearStyles?
All exports of the module are statically known (It doesn't have dynamic exports). So it's known statically that the requested export doesn't exist.

Import traces:
  Client Component Browser:
    ./components/motion/hero.ts [Client Component Browser]
    ./components/motion/hero-scope.tsx [Client Component Browser]
    ./components/motion/hero-scope.tsx [Server Component]
    ./app/[locale]/page.tsx [Server Component]

  Client Component SSR:
    ./components/motion/hero.ts [Client Component SSR]
    ./components/motion/hero-scope.tsx [Client Component SSR]
    ./components/motion/hero-scope.tsx [Server Component]
    ./app/[locale]/page.tsx [Server Component] @ http://localhost:3000/_next/static/chunks/node_modules_next_dist_0u_w_5s._.js:1945
[   26958ms] [ERROR] ./components/motion/hero.ts:3:1
Export clearStyle doesn't exist in target module
  1 | import { animate, stagger } from "motion"
  2 | import { DUR, EASE, ms } from "./tokens"
> 3 | import { setStyle, clearStyle } from "./dom"
    | ^^^^^^^^^^^^^^^^^^^^^^^^^^^^^^^^^^^^^^^^^^^^
  4 |
  5 | /**
  6 |  * The hero's motion, and the only motion left on the page that is not driven by a

The export clearStyle was not found in module [project]/components/motion/dom.ts [app-ssr] (ecmascript).
Did you mean to import clearStyles?
All exports of the module are statically known (It doesn't have dynamic exports). So it's known statically that the requested export doesn't exist.

Import traces:
  Client Component Browser:
    ./components/motion/hero.ts [Client Component Browser]
    ./components/motion/hero-scope.tsx [Client Component Browser]
    ./components/motion/hero-scope.tsx [Server Component]
    ./app/[locale]/page.tsx [Server Component]

  Client Component SSR:
    ./components/motion/hero.ts [Client Component SSR]
    ./components/motion/hero-scope.tsx [Client Component SSR]
    ./components/motion/hero-scope.tsx [Server Component]
    ./app/[locale]/page.tsx [Server Component] @ http://localhost:3000/_next/static/chunks/node_modules_next_dist_0u_w_5s._.js:1945
[   26958ms] [ERROR] ./components/motion/hero.ts:3:1
Export setStyle doesn't exist in target module
  1 | import { animate, stagger } from "motion"
  2 | import { DUR, EASE, ms } from "./tokens"
> 3 | import { setStyle, clearStyle } from "./dom"
    | ^^^^^^^^^^^^^^^^^^^^^^^^^^^^^^^^^^^^^^^^^^^^
  4 |
  5 | /**
  6 |  * The hero's motion, and the only motion left on the page that is not driven by a

The export setStyle was not found in module [project]/components/motion/dom.ts [app-client] (ecmascript).
Did you mean to import setStyles?
All exports of the module are statically known (It doesn't have dynamic exports). So it's known statically that the requested export doesn't exist.

Import traces:
  Client Component Browser:
    ./components/motion/hero.ts [Client Component Browser]
    ./components/motion/hero-scope.tsx [Client Component Browser]
    ./components/motion/hero-scope.tsx [Server Component]
    ./app/[locale]/page.tsx [Server Component]

  Client Component SSR:
    ./components/motion/hero.ts [Client Component SSR]
    ./components/motion/hero-scope.tsx [Client Component SSR]
    ./components/motion/hero-scope.tsx [Server Component]
    ./app/[locale]/page.tsx [Server Component] @ http://localhost:3000/_next/static/chunks/node_modules_next_dist_0u_w_5s._.js:1945
[   26958ms] [ERROR] ./components/motion/hero.ts:3:1
Export setStyle doesn't exist in target module
  1 | import { animate, stagger } from "motion"
  2 | import { DUR, EASE, ms } from "./tokens"
> 3 | import { setStyle, clearStyle } from "./dom"
    | ^^^^^^^^^^^^^^^^^^^^^^^^^^^^^^^^^^^^^^^^^^^^
  4 |
  5 | /**
  6 |  * The hero's motion, and the only motion left on the page that is not driven by a

The export setStyle was not found in module [project]/components/motion/dom.ts [app-ssr] (ecmascript).
Did you mean to import setStyles?
All exports of the module are statically known (It doesn't have dynamic exports). So it's known statically that the requested export doesn't exist.

Import traces:
  Client Component Browser:
    ./components/motion/hero.ts [Client Component Browser]
    ./components/motion/hero-scope.tsx [Client Component Browser]
    ./components/motion/hero-scope.tsx [Server Component]
    ./app/[locale]/page.tsx [Server Component]

  Client Component SSR:
    ./components/motion/hero.ts [Client Component SSR]
    ./components/motion/hero-scope.tsx [Client Component SSR]
    ./components/motion/hero-scope.tsx [Server Component]
    ./app/[locale]/page.tsx [Server Component] @ http://localhost:3000/_next/static/chunks/node_modules_next_dist_0u_w_5s._.js:1945
[   27019ms] [ERROR] ./components/motion/hero.ts:3:1
Export clearStyle doesn't exist in target module
  1 | import { animate, stagger } from "motion"
  2 | import { DUR, EASE, ms } from "./tokens"
> 3 | import { setStyle, clearStyle } from "./dom"
    | ^^^^^^^^^^^^^^^^^^^^^^^^^^^^^^^^^^^^^^^^^^^^
  4 |
  5 | /**
  6 |  * The hero's motion, and the only motion left on the page that is not driven by a

The export clearStyle was not found in module [project]/components/motion/dom.ts [app-client] (ecmascript).
Did you mean to import clearStyles?
All exports of the module are statically known (It doesn't have dynamic exports). So it's known statically that the requested export doesn't exist.

Import traces:
  Client Component Browser:
    ./components/motion/hero.ts [Client Component Browser]
    ./components/motion/hero-scope.tsx [Client Component Browser]
    ./components/motion/hero-scope.tsx [Server Component]
    ./app/[locale]/page.tsx [Server Component]

  Client Component SSR:
    ./components/motion/hero.ts [Client Component SSR]
    ./components/motion/hero-scope.tsx [Client Component SSR]
    ./components/motion/hero-scope.tsx [Server Component]
    ./app/[locale]/page.tsx [Server Component] @ http://localhost:3000/_next/static/chunks/node_modules_next_dist_0u_w_5s._.js:1945
[   27019ms] [ERROR] ./components/motion/hero.ts:3:1
Export clearStyle doesn't exist in target module
  1 | import { animate, stagger } from "motion"
  2 | import { DUR, EASE, ms } from "./tokens"
> 3 | import { setStyle, clearStyle } from "./dom"
    | ^^^^^^^^^^^^^^^^^^^^^^^^^^^^^^^^^^^^^^^^^^^^
  4 |
  5 | /**
  6 |  * The hero's motion, and the only motion left on the page that is not driven by a

The export clearStyle was not found in module [project]/components/motion/dom.ts [app-ssr] (ecmascript).
Did you mean to import clearStyles?
All exports of the module are statically known (It doesn't have dynamic exports). So it's known statically that the requested export doesn't exist.

Import traces:
  Client Component Browser:
    ./components/motion/hero.ts [Client Component Browser]
    ./components/motion/hero-scope.tsx [Client Component Browser]
    ./components/motion/hero-scope.tsx [Server Component]
    ./app/[locale]/page.tsx [Server Component]

  Client Component SSR:
    ./components/motion/hero.ts [Client Component SSR]
    ./components/motion/hero-scope.tsx [Client Component SSR]
    ./components/motion/hero-scope.tsx [Server Component]
    ./app/[locale]/page.tsx [Server Component] @ http://localhost:3000/_next/static/chunks/node_modules_next_dist_0u_w_5s._.js:1945
[   27019ms] [ERROR] ./components/motion/hero.ts:3:1
Export setStyle doesn't exist in target module
  1 | import { animate, stagger } from "motion"
  2 | import { DUR, EASE, ms } from "./tokens"
> 3 | import { setStyle, clearStyle } from "./dom"
    | ^^^^^^^^^^^^^^^^^^^^^^^^^^^^^^^^^^^^^^^^^^^^
  4 |
  5 | /**
  6 |  * The hero's motion, and the only motion left on the page that is not driven by a

The export setStyle was not found in module [project]/components/motion/dom.ts [app-client] (ecmascript).
Did you mean to import setStyles?
All exports of the module are statically known (It doesn't have dynamic exports). So it's known statically that the requested export doesn't exist.

Import traces:
  Client Component Browser:
    ./components/motion/hero.ts [Client Component Browser]
    ./components/motion/hero-scope.tsx [Client Component Browser]
    ./components/motion/hero-scope.tsx [Server Component]
    ./app/[locale]/page.tsx [Server Component]

  Client Component SSR:
    ./components/motion/hero.ts [Client Component SSR]
    ./components/motion/hero-scope.tsx [Client Component SSR]
    ./components/motion/hero-scope.tsx [Server Component]
    ./app/[locale]/page.tsx [Server Component] @ http://localhost:3000/_next/static/chunks/node_modules_next_dist_0u_w_5s._.js:1945
[   27019ms] [ERROR] ./components/motion/hero.ts:3:1
Export setStyle doesn't exist in target module
  1 | import { animate, stagger } from "motion"
  2 | import { DUR, EASE, ms } from "./tokens"
> 3 | import { setStyle, clearStyle } from "./dom"
    | ^^^^^^^^^^^^^^^^^^^^^^^^^^^^^^^^^^^^^^^^^^^^
  4 |
  5 | /**
  6 |  * The hero's motion, and the only motion left on the page that is not driven by a

The export setStyle was not found in module [project]/components/motion/dom.ts [app-ssr] (ecmascript).
Did you mean to import setStyles?
All exports of the module are statically known (It doesn't have dynamic exports). So it's known statically that the requested export doesn't exist.

Import traces:
  Client Component Browser:
    ./components/motion/hero.ts [Client Component Browser]
    ./components/motion/hero-scope.tsx [Client Component Browser]
    ./components/motion/hero-scope.tsx [Server Component]
    ./app/[locale]/page.tsx [Server Component]

  Client Component SSR:
    ./components/motion/hero.ts [Client Component SSR]
    ./components/motion/hero-scope.tsx [Client Component SSR]
    ./components/motion/hero-scope.tsx [Server Component]
    ./app/[locale]/page.tsx [Server Component] @ http://localhost:3000/_next/static/chunks/node_modules_next_dist_0u_w_5s._.js:1945
[   27079ms] [ERROR] ./components/motion/hero.ts:3:1
Export clearStyle doesn't exist in target module
  1 | import { animate, stagger } from "motion"
  2 | import { DUR, EASE, ms } from "./tokens"
> 3 | import { setStyle, clearStyle } from "./dom"
    | ^^^^^^^^^^^^^^^^^^^^^^^^^^^^^^^^^^^^^^^^^^^^
  4 |
  5 | /**
  6 |  * The hero's motion, and the only motion left on the page that is not driven by a

The export clearStyle was not found in module [project]/components/motion/dom.ts [app-client] (ecmascript).
Did you mean to import clearStyles?
All exports of the module are statically known (It doesn't have dynamic exports). So it's known statically that the requested export doesn't exist.

Import traces:
  Client Component Browser:
    ./components/motion/hero.ts [Client Component Browser]
    ./components/motion/hero-scope.tsx [Client Component Browser]
    ./components/motion/hero-scope.tsx [Server Component]
    ./app/[locale]/page.tsx [Server Component]

  Client Component SSR:
    ./components/motion/hero.ts [Client Component SSR]
    ./components/motion/hero-scope.tsx [Client Component SSR]
    ./components/motion/hero-scope.tsx [Server Component]
    ./app/[locale]/page.tsx [Server Component] @ http://localhost:3000/_next/static/chunks/node_modules_next_dist_0u_w_5s._.js:1945
[   27079ms] [ERROR] ./components/motion/hero.ts:3:1
Export clearStyle doesn't exist in target module
  1 | import { animate, stagger } from "motion"
  2 | import { DUR, EASE, ms } from "./tokens"
> 3 | import { setStyle, clearStyle } from "./dom"
    | ^^^^^^^^^^^^^^^^^^^^^^^^^^^^^^^^^^^^^^^^^^^^
  4 |
  5 | /**
  6 |  * The hero's motion, and the only motion left on the page that is not driven by a

The export clearStyle was not found in module [project]/components/motion/dom.ts [app-ssr] (ecmascript).
Did you mean to import clearStyles?
All exports of the module are statically known (It doesn't have dynamic exports). So it's known statically that the requested export doesn't exist.

Import traces:
  Client Component Browser:
    ./components/motion/hero.ts [Client Component Browser]
    ./components/motion/hero-scope.tsx [Client Component Browser]
    ./components/motion/hero-scope.tsx [Server Component]
    ./app/[locale]/page.tsx [Server Component]

  Client Component SSR:
    ./components/motion/hero.ts [Client Component SSR]
    ./components/motion/hero-scope.tsx [Client Component SSR]
    ./components/motion/hero-scope.tsx [Server Component]
    ./app/[locale]/page.tsx [Server Component] @ http://localhost:3000/_next/static/chunks/node_modules_next_dist_0u_w_5s._.js:1945
[   27079ms] [ERROR] ./components/motion/hero.ts:3:1
Export setStyle doesn't exist in target module
  1 | import { animate, stagger } from "motion"
  2 | import { DUR, EASE, ms } from "./tokens"
> 3 | import { setStyle, clearStyle } from "./dom"
    | ^^^^^^^^^^^^^^^^^^^^^^^^^^^^^^^^^^^^^^^^^^^^
  4 |
  5 | /**
  6 |  * The hero's motion, and the only motion left on the page that is not driven by a

The export setStyle was not found in module [project]/components/motion/dom.ts [app-client] (ecmascript).
Did you mean to import setStyles?
All exports of the module are statically known (It doesn't have dynamic exports). So it's known statically that the requested export doesn't exist.

Import traces:
  Client Component Browser:
    ./components/motion/hero.ts [Client Component Browser]
    ./components/motion/hero-scope.tsx [Client Component Browser]
    ./components/motion/hero-scope.tsx [Server Component]
    ./app/[locale]/page.tsx [Server Component]

  Client Component SSR:
    ./components/motion/hero.ts [Client Component SSR]
    ./components/motion/hero-scope.tsx [Client Component SSR]
    ./components/motion/hero-scope.tsx [Server Component]
    ./app/[locale]/page.tsx [Server Component] @ http://localhost:3000/_next/static/chunks/node_modules_next_dist_0u_w_5s._.js:1945
[   27080ms] [ERROR] ./components/motion/hero.ts:3:1
Export setStyle doesn't exist in target module
  1 | import { animate, stagger } from "motion"
  2 | import { DUR, EASE, ms } from "./tokens"
> 3 | import { setStyle, clearStyle } from "./dom"
    | ^^^^^^^^^^^^^^^^^^^^^^^^^^^^^^^^^^^^^^^^^^^^
  4 |
  5 | /**
  6 |  * The hero's motion, and the only motion left on the page that is not driven by a

The export setStyle was not found in module [project]/components/motion/dom.ts [app-ssr] (ecmascript).
Did you mean to import setStyles?
All exports of the module are statically known (It doesn't have dynamic exports). So it's known statically that the requested export doesn't exist.

Import traces:
  Client Component Browser:
    ./components/motion/hero.ts [Client Component Browser]
    ./components/motion/hero-scope.tsx [Client Component Browser]
    ./components/motion/hero-scope.tsx [Server Component]
    ./app/[locale]/page.tsx [Server Component]

  Client Component SSR:
    ./components/motion/hero.ts [Client Component SSR]
    ./components/motion/hero-scope.tsx [Client Component SSR]
    ./components/motion/hero-scope.tsx [Server Component]
    ./app/[locale]/page.tsx [Server Component] @ http://localhost:3000/_next/static/chunks/node_modules_next_dist_0u_w_5s._.js:1945
[   27139ms] [ERROR] ./components/motion/hero.ts:3:1
Export clearStyle doesn't exist in target module
  1 | import { animate, stagger } from "motion"
  2 | import { DUR, EASE, ms } from "./tokens"
> 3 | import { setStyle, clearStyle } from "./dom"
    | ^^^^^^^^^^^^^^^^^^^^^^^^^^^^^^^^^^^^^^^^^^^^
  4 |
  5 | /**
  6 |  * The hero's motion, and the only motion left on the page that is not driven by a

The export clearStyle was not found in module [project]/components/motion/dom.ts [app-client] (ecmascript).
Did you mean to import clearStyles?
All exports of the module are statically known (It doesn't have dynamic exports). So it's known statically that the requested export doesn't exist.

Import traces:
  Client Component Browser:
    ./components/motion/hero.ts [Client Component Browser]
    ./components/motion/hero-scope.tsx [Client Component Browser]
    ./components/motion/hero-scope.tsx [Server Component]
    ./app/[locale]/page.tsx [Server Component]

  Client Component SSR:
    ./components/motion/hero.ts [Client Component SSR]
    ./components/motion/hero-scope.tsx [Client Component SSR]
    ./components/motion/hero-scope.tsx [Server Component]
    ./app/[locale]/page.tsx [Server Component] @ http://localhost:3000/_next/static/chunks/node_modules_next_dist_0u_w_5s._.js:1945
[   27140ms] [ERROR] ./components/motion/hero.ts:3:1
Export clearStyle doesn't exist in target module
  1 | import { animate, stagger } from "motion"
  2 | import { DUR, EASE, ms } from "./tokens"
> 3 | import { setStyle, clearStyle } from "./dom"
    | ^^^^^^^^^^^^^^^^^^^^^^^^^^^^^^^^^^^^^^^^^^^^
  4 |
  5 | /**
  6 |  * The hero's motion, and the only motion left on the page that is not driven by a

The export clearStyle was not found in module [project]/components/motion/dom.ts [app-ssr] (ecmascript).
Did you mean to import clearStyles?
All exports of the module are statically known (It doesn't have dynamic exports). So it's known statically that the requested export doesn't exist.

Import traces:
  Client Component Browser:
    ./components/motion/hero.ts [Client Component Browser]
    ./components/motion/hero-scope.tsx [Client Component Browser]
    ./components/motion/hero-scope.tsx [Server Component]
    ./app/[locale]/page.tsx [Server Component]

  Client Component SSR:
    ./components/motion/hero.ts [Client Component SSR]
    ./components/motion/hero-scope.tsx [Client Component SSR]
    ./components/motion/hero-scope.tsx [Server Component]
    ./app/[locale]/page.tsx [Server Component] @ http://localhost:3000/_next/static/chunks/node_modules_next_dist_0u_w_5s._.js:1945
[   27140ms] [ERROR] ./components/motion/hero.ts:3:1
Export setStyle doesn't exist in target module
  1 | import { animate, stagger } from "motion"
  2 | import { DUR, EASE, ms } from "./tokens"
> 3 | import { setStyle, clearStyle } from "./dom"
    | ^^^^^^^^^^^^^^^^^^^^^^^^^^^^^^^^^^^^^^^^^^^^
  4 |
  5 | /**
  6 |  * The hero's motion, and the only motion left on the page that is not driven by a

The export setStyle was not found in module [project]/components/motion/dom.ts [app-client] (ecmascript).
Did you mean to import setStyles?
All exports of the module are statically known (It doesn't have dynamic exports). So it's known statically that the requested export doesn't exist.

Import traces:
  Client Component Browser:
    ./components/motion/hero.ts [Client Component Browser]
    ./components/motion/hero-scope.tsx [Client Component Browser]
    ./components/motion/hero-scope.tsx [Server Component]
    ./app/[locale]/page.tsx [Server Component]

  Client Component SSR:
    ./components/motion/hero.ts [Client Component SSR]
    ./components/motion/hero-scope.tsx [Client Component SSR]
    ./components/motion/hero-scope.tsx [Server Component]
    ./app/[locale]/page.tsx [Server Component] @ http://localhost:3000/_next/static/chunks/node_modules_next_dist_0u_w_5s._.js:1945
[   27140ms] [ERROR] ./components/motion/hero.ts:3:1
Export setStyle doesn't exist in target module
  1 | import { animate, stagger } from "motion"
  2 | import { DUR, EASE, ms } from "./tokens"
> 3 | import { setStyle, clearStyle } from "./dom"
    | ^^^^^^^^^^^^^^^^^^^^^^^^^^^^^^^^^^^^^^^^^^^^
  4 |
  5 | /**
  6 |  * The hero's motion, and the only motion left on the page that is not driven by a

The export setStyle was not found in module [project]/components/motion/dom.ts [app-ssr] (ecmascript).
Did you mean to import setStyles?
All exports of the module are statically known (It doesn't have dynamic exports). So it's known statically that the requested export doesn't exist.

Import traces:
  Client Component Browser:
    ./components/motion/hero.ts [Client Component Browser]
    ./components/motion/hero-scope.tsx [Client Component Browser]
    ./components/motion/hero-scope.tsx [Server Component]
    ./app/[locale]/page.tsx [Server Component]

  Client Component SSR:
    ./components/motion/hero.ts [Client Component SSR]
    ./components/motion/hero-scope.tsx [Client Component SSR]
    ./components/motion/hero-scope.tsx [Server Component]
    ./app/[locale]/page.tsx [Server Component] @ http://localhost:3000/_next/static/chunks/node_modules_next_dist_0u_w_5s._.js:1945
[   27202ms] [ERROR] ./components/motion/hero.ts:3:1
Export clearStyle doesn't exist in target module
  1 | import { animate, stagger } from "motion"
  2 | import { DUR, EASE, ms } from "./tokens"
> 3 | import { setStyle, clearStyle } from "./dom"
    | ^^^^^^^^^^^^^^^^^^^^^^^^^^^^^^^^^^^^^^^^^^^^
  4 |
  5 | /**
  6 |  * The hero's motion, and the only motion left on the page that is not driven by a

The export clearStyle was not found in module [project]/components/motion/dom.ts [app-client] (ecmascript).
Did you mean to import clearStyles?
All exports of the module are statically known (It doesn't have dynamic exports). So it's known statically that the requested export doesn't exist.

Import traces:
  Client Component Browser:
    ./components/motion/hero.ts [Client Component Browser]
    ./components/motion/hero-scope.tsx [Client Component Browser]
    ./components/motion/hero-scope.tsx [Server Component]
    ./app/[locale]/page.tsx [Server Component]

  Client Component SSR:
    ./components/motion/hero.ts [Client Component SSR]
    ./components/motion/hero-scope.tsx [Client Component SSR]
    ./components/motion/hero-scope.tsx [Server Component]
    ./app/[locale]/page.tsx [Server Component] @ http://localhost:3000/_next/static/chunks/node_modules_next_dist_0u_w_5s._.js:1945
[   27202ms] [ERROR] ./components/motion/hero.ts:3:1
Export clearStyle doesn't exist in target module
  1 | import { animate, stagger } from "motion"
  2 | import { DUR, EASE, ms } from "./tokens"
> 3 | import { setStyle, clearStyle } from "./dom"
    | ^^^^^^^^^^^^^^^^^^^^^^^^^^^^^^^^^^^^^^^^^^^^
  4 |
  5 | /**
  6 |  * The hero's motion, and the only motion left on the page that is not driven by a

The export clearStyle was not found in module [project]/components/motion/dom.ts [app-ssr] (ecmascript).
Did you mean to import clearStyles?
All exports of the module are statically known (It doesn't have dynamic exports). So it's known statically that the requested export doesn't exist.

Import traces:
  Client Component Browser:
    ./components/motion/hero.ts [Client Component Browser]
    ./components/motion/hero-scope.tsx [Client Component Browser]
    ./components/motion/hero-scope.tsx [Server Component]
    ./app/[locale]/page.tsx [Server Component]

  Client Component SSR:
    ./components/motion/hero.ts [Client Component SSR]
    ./components/motion/hero-scope.tsx [Client Component SSR]
    ./components/motion/hero-scope.tsx [Server Component]
    ./app/[locale]/page.tsx [Server Component] @ http://localhost:3000/_next/static/chunks/node_modules_next_dist_0u_w_5s._.js:1945
[   27202ms] [ERROR] ./components/motion/hero.ts:3:1
Export setStyle doesn't exist in target module
  1 | import { animate, stagger } from "motion"
  2 | import { DUR, EASE, ms } from "./tokens"
> 3 | import { setStyle, clearStyle } from "./dom"
    | ^^^^^^^^^^^^^^^^^^^^^^^^^^^^^^^^^^^^^^^^^^^^
  4 |
  5 | /**
  6 |  * The hero's motion, and the only motion left on the page that is not driven by a

The export setStyle was not found in module [project]/components/motion/dom.ts [app-client] (ecmascript).
Did you mean to import setStyles?
All exports of the module are statically known (It doesn't have dynamic exports). So it's known statically that the requested export doesn't exist.

Import traces:
  Client Component Browser:
    ./components/motion/hero.ts [Client Component Browser]
    ./components/motion/hero-scope.tsx [Client Component Browser]
    ./components/motion/hero-scope.tsx [Server Component]
    ./app/[locale]/page.tsx [Server Component]

  Client Component SSR:
    ./components/motion/hero.ts [Client Component SSR]
    ./components/motion/hero-scope.tsx [Client Component SSR]
    ./components/motion/hero-scope.tsx [Server Component]
    ./app/[locale]/page.tsx [Server Component] @ http://localhost:3000/_next/static/chunks/node_modules_next_dist_0u_w_5s._.js:1945
[   27202ms] [ERROR] ./components/motion/hero.ts:3:1
Export setStyle doesn't exist in target module
  1 | import { animate, stagger } from "motion"
  2 | import { DUR, EASE, ms } from "./tokens"
> 3 | import { setStyle, clearStyle } from "./dom"
    | ^^^^^^^^^^^^^^^^^^^^^^^^^^^^^^^^^^^^^^^^^^^^
  4 |
  5 | /**
  6 |  * The hero's motion, and the only motion left on the page that is not driven by a

The export setStyle was not found in module [project]/components/motion/dom.ts [app-ssr] (ecmascript).
Did you mean to import setStyles?
All exports of the module are statically known (It doesn't have dynamic exports). So it's known statically that the requested export doesn't exist.

Import traces:
  Client Component Browser:
    ./components/motion/hero.ts [Client Component Browser]
    ./components/motion/hero-scope.tsx [Client Component Browser]
    ./components/motion/hero-scope.tsx [Server Component]
    ./app/[locale]/page.tsx [Server Component]

  Client Component SSR:
    ./components/motion/hero.ts [Client Component SSR]
    ./components/motion/hero-scope.tsx [Client Component SSR]
    ./components/motion/hero-scope.tsx [Server Component]
    ./app/[locale]/page.tsx [Server Component] @ http://localhost:3000/_next/static/chunks/node_modules_next_dist_0u_w_5s._.js:1945
[   27264ms] [ERROR] ./components/motion/hero.ts:3:1
Export clearStyle doesn't exist in target module
  1 | import { animate, stagger } from "motion"
  2 | import { DUR, EASE, ms } from "./tokens"
> 3 | import { setStyle, clearStyle } from "./dom"
    | ^^^^^^^^^^^^^^^^^^^^^^^^^^^^^^^^^^^^^^^^^^^^
  4 |
  5 | /**
  6 |  * The hero's motion, and the only motion left on the page that is not driven by a

The export clearStyle was not found in module [project]/components/motion/dom.ts [app-client] (ecmascript).
Did you mean to import clearStyles?
All exports of the module are statically known (It doesn't have dynamic exports). So it's known statically that the requested export doesn't exist.

Import traces:
  Client Component Browser:
    ./components/motion/hero.ts [Client Component Browser]
    ./components/motion/hero-scope.tsx [Client Component Browser]
    ./components/motion/hero-scope.tsx [Server Component]
    ./app/[locale]/page.tsx [Server Component]

  Client Component SSR:
    ./components/motion/hero.ts [Client Component SSR]
    ./components/motion/hero-scope.tsx [Client Component SSR]
    ./components/motion/hero-scope.tsx [Server Component]
    ./app/[locale]/page.tsx [Server Component] @ http://localhost:3000/_next/static/chunks/node_modules_next_dist_0u_w_5s._.js:1945
[   27264ms] [ERROR] ./components/motion/hero.ts:3:1
Export clearStyle doesn't exist in target module
  1 | import { animate, stagger } from "motion"
  2 | import { DUR, EASE, ms } from "./tokens"
> 3 | import { setStyle, clearStyle } from "./dom"
    | ^^^^^^^^^^^^^^^^^^^^^^^^^^^^^^^^^^^^^^^^^^^^
  4 |
  5 | /**
  6 |  * The hero's motion, and the only motion left on the page that is not driven by a

The export clearStyle was not found in module [project]/components/motion/dom.ts [app-ssr] (ecmascript).
Did you mean to import clearStyles?
All exports of the module are statically known (It doesn't have dynamic exports). So it's known statically that the requested export doesn't exist.

Import traces:
  Client Component Browser:
    ./components/motion/hero.ts [Client Component Browser]
    ./components/motion/hero-scope.tsx [Client Component Browser]
    ./components/motion/hero-scope.tsx [Server Component]
    ./app/[locale]/page.tsx [Server Component]

  Client Component SSR:
    ./components/motion/hero.ts [Client Component SSR]
    ./components/motion/hero-scope.tsx [Client Component SSR]
    ./components/motion/hero-scope.tsx [Server Component]
    ./app/[locale]/page.tsx [Server Component] @ http://localhost:3000/_next/static/chunks/node_modules_next_dist_0u_w_5s._.js:1945
[   27264ms] [ERROR] ./components/motion/hero.ts:3:1
Export setStyle doesn't exist in target module
  1 | import { animate, stagger } from "motion"
  2 | import { DUR, EASE, ms } from "./tokens"
> 3 | import { setStyle, clearStyle } from "./dom"
    | ^^^^^^^^^^^^^^^^^^^^^^^^^^^^^^^^^^^^^^^^^^^^
  4 |
  5 | /**
  6 |  * The hero's motion, and the only motion left on the page that is not driven by a

The export setStyle was not found in module [project]/components/motion/dom.ts [app-client] (ecmascript).
Did you mean to import setStyles?
All exports of the module are statically known (It doesn't have dynamic exports). So it's known statically that the requested export doesn't exist.

Import traces:
  Client Component Browser:
    ./components/motion/hero.ts [Client Component Browser]
    ./components/motion/hero-scope.tsx [Client Component Browser]
    ./components/motion/hero-scope.tsx [Server Component]
    ./app/[locale]/page.tsx [Server Component]

  Client Component SSR:
    ./components/motion/hero.ts [Client Component SSR]
    ./components/motion/hero-scope.tsx [Client Component SSR]
    ./components/motion/hero-scope.tsx [Server Component]
    ./app/[locale]/page.tsx [Server Component] @ http://localhost:3000/_next/static/chunks/node_modules_next_dist_0u_w_5s._.js:1945
[   27264ms] [ERROR] ./components/motion/hero.ts:3:1
Export setStyle doesn't exist in target module
  1 | import { animate, stagger } from "motion"
  2 | import { DUR, EASE, ms } from "./tokens"
> 3 | import { setStyle, clearStyle } from "./dom"
    | ^^^^^^^^^^^^^^^^^^^^^^^^^^^^^^^^^^^^^^^^^^^^
  4 |
  5 | /**
  6 |  * The hero's motion, and the only motion left on the page that is not driven by a

The export setStyle was not found in module [project]/components/motion/dom.ts [app-ssr] (ecmascript).
Did you mean to import setStyles?
All exports of the module are statically known (It doesn't have dynamic exports). So it's known statically that the requested export doesn't exist.

Import traces:
  Client Component Browser:
    ./components/motion/hero.ts [Client Component Browser]
    ./components/motion/hero-scope.tsx [Client Component Browser]
    ./components/motion/hero-scope.tsx [Server Component]
    ./app/[locale]/page.tsx [Server Component]

  Client Component SSR:
    ./components/motion/hero.ts [Client Component SSR]
    ./components/motion/hero-scope.tsx [Client Component SSR]
    ./components/motion/hero-scope.tsx [Server Component]
    ./app/[locale]/page.tsx [Server Component] @ http://localhost:3000/_next/static/chunks/node_modules_next_dist_0u_w_5s._.js:1945
[   27327ms] [ERROR] ./components/motion/hero.ts:3:1
Export clearStyle doesn't exist in target module
  1 | import { animate, stagger } from "motion"
  2 | import { DUR, EASE, ms } from "./tokens"
> 3 | import { setStyle, clearStyle } from "./dom"
    | ^^^^^^^^^^^^^^^^^^^^^^^^^^^^^^^^^^^^^^^^^^^^
  4 |
  5 | /**
  6 |  * The hero's motion, and the only motion left on the page that is not driven by a

The export clearStyle was not found in module [project]/components/motion/dom.ts [app-client] (ecmascript).
Did you mean to import clearStyles?
All exports of the module are statically known (It doesn't have dynamic exports). So it's known statically that the requested export doesn't exist.

Import traces:
  Client Component Browser:
    ./components/motion/hero.ts [Client Component Browser]
    ./components/motion/hero-scope.tsx [Client Component Browser]
    ./components/motion/hero-scope.tsx [Server Component]
    ./app/[locale]/page.tsx [Server Component]

  Client Component SSR:
    ./components/motion/hero.ts [Client Component SSR]
    ./components/motion/hero-scope.tsx [Client Component SSR]
    ./components/motion/hero-scope.tsx [Server Component]
    ./app/[locale]/page.tsx [Server Component] @ http://localhost:3000/_next/static/chunks/node_modules_next_dist_0u_w_5s._.js:1945
[   27327ms] [ERROR] ./components/motion/hero.ts:3:1
Export clearStyle doesn't exist in target module
  1 | import { animate, stagger } from "motion"
  2 | import { DUR, EASE, ms } from "./tokens"
> 3 | import { setStyle, clearStyle } from "./dom"
    | ^^^^^^^^^^^^^^^^^^^^^^^^^^^^^^^^^^^^^^^^^^^^
  4 |
  5 | /**
  6 |  * The hero's motion, and the only motion left on the page that is not driven by a

The export clearStyle was not found in module [project]/components/motion/dom.ts [app-ssr] (ecmascript).
Did you mean to import clearStyles?
All exports of the module are statically known (It doesn't have dynamic exports). So it's known statically that the requested export doesn't exist.

Import traces:
  Client Component Browser:
    ./components/motion/hero.ts [Client Component Browser]
    ./components/motion/hero-scope.tsx [Client Component Browser]
    ./components/motion/hero-scope.tsx [Server Component]
    ./app/[locale]/page.tsx [Server Component]

  Client Component SSR:
    ./components/motion/hero.ts [Client Component SSR]
    ./components/motion/hero-scope.tsx [Client Component SSR]
    ./components/motion/hero-scope.tsx [Server Component]
    ./app/[locale]/page.tsx [Server Component] @ http://localhost:3000/_next/static/chunks/node_modules_next_dist_0u_w_5s._.js:1945
[   27327ms] [ERROR] ./components/motion/hero.ts:3:1
Export setStyle doesn't exist in target module
  1 | import { animate, stagger } from "motion"
  2 | import { DUR, EASE, ms } from "./tokens"
> 3 | import { setStyle, clearStyle } from "./dom"
    | ^^^^^^^^^^^^^^^^^^^^^^^^^^^^^^^^^^^^^^^^^^^^
  4 |
  5 | /**
  6 |  * The hero's motion, and the only motion left on the page that is not driven by a

The export setStyle was not found in module [project]/components/motion/dom.ts [app-client] (ecmascript).
Did you mean to import setStyles?
All exports of the module are statically known (It doesn't have dynamic exports). So it's known statically that the requested export doesn't exist.

Import traces:
  Client Component Browser:
    ./components/motion/hero.ts [Client Component Browser]
    ./components/motion/hero-scope.tsx [Client Component Browser]
    ./components/motion/hero-scope.tsx [Server Component]
    ./app/[locale]/page.tsx [Server Component]

  Client Component SSR:
    ./components/motion/hero.ts [Client Component SSR]
    ./components/motion/hero-scope.tsx [Client Component SSR]
    ./components/motion/hero-scope.tsx [Server Component]
    ./app/[locale]/page.tsx [Server Component] @ http://localhost:3000/_next/static/chunks/node_modules_next_dist_0u_w_5s._.js:1945
[   27327ms] [ERROR] ./components/motion/hero.ts:3:1
Export setStyle doesn't exist in target module
  1 | import { animate, stagger } from "motion"
  2 | import { DUR, EASE, ms } from "./tokens"
> 3 | import { setStyle, clearStyle } from "./dom"
    | ^^^^^^^^^^^^^^^^^^^^^^^^^^^^^^^^^^^^^^^^^^^^
  4 |
  5 | /**
  6 |  * The hero's motion, and the only motion left on the page that is not driven by a

The export setStyle was not found in module [project]/components/motion/dom.ts [app-ssr] (ecmascript).
Did you mean to import setStyles?
All exports of the module are statically known (It doesn't have dynamic exports). So it's known statically that the requested export doesn't exist.

Import traces:
  Client Component Browser:
    ./components/motion/hero.ts [Client Component Browser]
    ./components/motion/hero-scope.tsx [Client Component Browser]
    ./components/motion/hero-scope.tsx [Server Component]
    ./app/[locale]/page.tsx [Server Component]

  Client Component SSR:
    ./components/motion/hero.ts [Client Component SSR]
    ./components/motion/hero-scope.tsx [Client Component SSR]
    ./components/motion/hero-scope.tsx [Server Component]
    ./app/[locale]/page.tsx [Server Component] @ http://localhost:3000/_next/static/chunks/node_modules_next_dist_0u_w_5s._.js:1945
[   27391ms] [ERROR] ./components/motion/hero.ts:3:1
Export clearStyle doesn't exist in target module
  1 | import { animate, stagger } from "motion"
  2 | import { DUR, EASE, ms } from "./tokens"
> 3 | import { setStyle, clearStyle } from "./dom"
    | ^^^^^^^^^^^^^^^^^^^^^^^^^^^^^^^^^^^^^^^^^^^^
  4 |
  5 | /**
  6 |  * The hero's motion, and the only motion left on the page that is not driven by a

The export clearStyle was not found in module [project]/components/motion/dom.ts [app-client] (ecmascript).
Did you mean to import clearStyles?
All exports of the module are statically known (It doesn't have dynamic exports). So it's known statically that the requested export doesn't exist.

Import traces:
  Client Component Browser:
    ./components/motion/hero.ts [Client Component Browser]
    ./components/motion/hero-scope.tsx [Client Component Browser]
    ./components/motion/hero-scope.tsx [Server Component]
    ./app/[locale]/page.tsx [Server Component]

  Client Component SSR:
    ./components/motion/hero.ts [Client Component SSR]
    ./components/motion/hero-scope.tsx [Client Component SSR]
    ./components/motion/hero-scope.tsx [Server Component]
    ./app/[locale]/page.tsx [Server Component] @ http://localhost:3000/_next/static/chunks/node_modules_next_dist_0u_w_5s._.js:1945
[   27391ms] [ERROR] ./components/motion/hero.ts:3:1
Export clearStyle doesn't exist in target module
  1 | import { animate, stagger } from "motion"
  2 | import { DUR, EASE, ms } from "./tokens"
> 3 | import { setStyle, clearStyle } from "./dom"
    | ^^^^^^^^^^^^^^^^^^^^^^^^^^^^^^^^^^^^^^^^^^^^
  4 |
  5 | /**
  6 |  * The hero's motion, and the only motion left on the page that is not driven by a

The export clearStyle was not found in module [project]/components/motion/dom.ts [app-ssr] (ecmascript).
Did you mean to import clearStyles?
All exports of the module are statically known (It doesn't have dynamic exports). So it's known statically that the requested export doesn't exist.

Import traces:
  Client Component Browser:
    ./components/motion/hero.ts [Client Component Browser]
    ./components/motion/hero-scope.tsx [Client Component Browser]
    ./components/motion/hero-scope.tsx [Server Component]
    ./app/[locale]/page.tsx [Server Component]

  Client Component SSR:
    ./components/motion/hero.ts [Client Component SSR]
    ./components/motion/hero-scope.tsx [Client Component SSR]
    ./components/motion/hero-scope.tsx [Server Component]
    ./app/[locale]/page.tsx [Server Component] @ http://localhost:3000/_next/static/chunks/node_modules_next_dist_0u_w_5s._.js:1945
[   27391ms] [ERROR] ./components/motion/hero.ts:3:1
Export setStyle doesn't exist in target module
  1 | import { animate, stagger } from "motion"
  2 | import { DUR, EASE, ms } from "./tokens"
> 3 | import { setStyle, clearStyle } from "./dom"
    | ^^^^^^^^^^^^^^^^^^^^^^^^^^^^^^^^^^^^^^^^^^^^
  4 |
  5 | /**
  6 |  * The hero's motion, and the only motion left on the page that is not driven by a

The export setStyle was not found in module [project]/components/motion/dom.ts [app-client] (ecmascript).
Did you mean to import setStyles?
All exports of the module are statically known (It doesn't have dynamic exports). So it's known statically that the requested export doesn't exist.

Import traces:
  Client Component Browser:
    ./components/motion/hero.ts [Client Component Browser]
    ./components/motion/hero-scope.tsx [Client Component Browser]
    ./components/motion/hero-scope.tsx [Server Component]
    ./app/[locale]/page.tsx [Server Component]

  Client Component SSR:
    ./components/motion/hero.ts [Client Component SSR]
    ./components/motion/hero-scope.tsx [Client Component SSR]
    ./components/motion/hero-scope.tsx [Server Component]
    ./app/[locale]/page.tsx [Server Component] @ http://localhost:3000/_next/static/chunks/node_modules_next_dist_0u_w_5s._.js:1945
[   27391ms] [ERROR] ./components/motion/hero.ts:3:1
Export setStyle doesn't exist in target module
  1 | import { animate, stagger } from "motion"
  2 | import { DUR, EASE, ms } from "./tokens"
> 3 | import { setStyle, clearStyle } from "./dom"
    | ^^^^^^^^^^^^^^^^^^^^^^^^^^^^^^^^^^^^^^^^^^^^
  4 |
  5 | /**
  6 |  * The hero's motion, and the only motion left on the page that is not driven by a

The export setStyle was not found in module [project]/components/motion/dom.ts [app-ssr] (ecmascript).
Did you mean to import setStyles?
All exports of the module are statically known (It doesn't have dynamic exports). So it's known statically that the requested export doesn't exist.

Import traces:
  Client Component Browser:
    ./components/motion/hero.ts [Client Component Browser]
    ./components/motion/hero-scope.tsx [Client Component Browser]
    ./components/motion/hero-scope.tsx [Server Component]
    ./app/[locale]/page.tsx [Server Component]

  Client Component SSR:
    ./components/motion/hero.ts [Client Component SSR]
    ./components/motion/hero-scope.tsx [Client Component SSR]
    ./components/motion/hero-scope.tsx [Server Component]
    ./app/[locale]/page.tsx [Server Component] @ http://localhost:3000/_next/static/chunks/node_modules_next_dist_0u_w_5s._.js:1945
[   27454ms] [ERROR] ./components/motion/hero.ts:3:1
Export clearStyle doesn't exist in target module
  1 | import { animate, stagger } from "motion"
  2 | import { DUR, EASE, ms } from "./tokens"
> 3 | import { setStyle, clearStyle } from "./dom"
    | ^^^^^^^^^^^^^^^^^^^^^^^^^^^^^^^^^^^^^^^^^^^^
  4 |
  5 | /**
  6 |  * The hero's motion, and the only motion left on the page that is not driven by a

The export clearStyle was not found in module [project]/components/motion/dom.ts [app-client] (ecmascript).
Did you mean to import clearStyles?
All exports of the module are statically known (It doesn't have dynamic exports). So it's known statically that the requested export doesn't exist.

Import traces:
  Client Component Browser:
    ./components/motion/hero.ts [Client Component Browser]
    ./components/motion/hero-scope.tsx [Client Component Browser]
    ./components/motion/hero-scope.tsx [Server Component]
    ./app/[locale]/page.tsx [Server Component]

  Client Component SSR:
    ./components/motion/hero.ts [Client Component SSR]
    ./components/motion/hero-scope.tsx [Client Component SSR]
    ./components/motion/hero-scope.tsx [Server Component]
    ./app/[locale]/page.tsx [Server Component] @ http://localhost:3000/_next/static/chunks/node_modules_next_dist_0u_w_5s._.js:1945
[   27454ms] [ERROR] ./components/motion/hero.ts:3:1
Export clearStyle doesn't exist in target module
  1 | import { animate, stagger } from "motion"
  2 | import { DUR, EASE, ms } from "./tokens"
> 3 | import { setStyle, clearStyle } from "./dom"
    | ^^^^^^^^^^^^^^^^^^^^^^^^^^^^^^^^^^^^^^^^^^^^
  4 |
  5 | /**
  6 |  * The hero's motion, and the only motion left on the page that is not driven by a

The export clearStyle was not found in module [project]/components/motion/dom.ts [app-ssr] (ecmascript).
Did you mean to import clearStyles?
All exports of the module are statically known (It doesn't have dynamic exports). So it's known statically that the requested export doesn't exist.

Import traces:
  Client Component Browser:
    ./components/motion/hero.ts [Client Component Browser]
    ./components/motion/hero-scope.tsx [Client Component Browser]
    ./components/motion/hero-scope.tsx [Server Component]
    ./app/[locale]/page.tsx [Server Component]

  Client Component SSR:
    ./components/motion/hero.ts [Client Component SSR]
    ./components/motion/hero-scope.tsx [Client Component SSR]
    ./components/motion/hero-scope.tsx [Server Component]
    ./app/[locale]/page.tsx [Server Component] @ http://localhost:3000/_next/static/chunks/node_modules_next_dist_0u_w_5s._.js:1945
[   27454ms] [ERROR] ./components/motion/hero.ts:3:1
Export setStyle doesn't exist in target module
  1 | import { animate, stagger } from "motion"
  2 | import { DUR, EASE, ms } from "./tokens"
> 3 | import { setStyle, clearStyle } from "./dom"
    | ^^^^^^^^^^^^^^^^^^^^^^^^^^^^^^^^^^^^^^^^^^^^
  4 |
  5 | /**
  6 |  * The hero's motion, and the only motion left on the page that is not driven by a

The export setStyle was not found in module [project]/components/motion/dom.ts [app-client] (ecmascript).
Did you mean to import setStyles?
All exports of the module are statically known (It doesn't have dynamic exports). So it's known statically that the requested export doesn't exist.

Import traces:
  Client Component Browser:
    ./components/motion/hero.ts [Client Component Browser]
    ./components/motion/hero-scope.tsx [Client Component Browser]
    ./components/motion/hero-scope.tsx [Server Component]
    ./app/[locale]/page.tsx [Server Component]

  Client Component SSR:
    ./components/motion/hero.ts [Client Component SSR]
    ./components/motion/hero-scope.tsx [Client Component SSR]
    ./components/motion/hero-scope.tsx [Server Component]
    ./app/[locale]/page.tsx [Server Component] @ http://localhost:3000/_next/static/chunks/node_modules_next_dist_0u_w_5s._.js:1945
[   27454ms] [ERROR] ./components/motion/hero.ts:3:1
Export setStyle doesn't exist in target module
  1 | import { animate, stagger } from "motion"
  2 | import { DUR, EASE, ms } from "./tokens"
> 3 | import { setStyle, clearStyle } from "./dom"
    | ^^^^^^^^^^^^^^^^^^^^^^^^^^^^^^^^^^^^^^^^^^^^
  4 |
  5 | /**
  6 |  * The hero's motion, and the only motion left on the page that is not driven by a

The export setStyle was not found in module [project]/components/motion/dom.ts [app-ssr] (ecmascript).
Did you mean to import setStyles?
All exports of the module are statically known (It doesn't have dynamic exports). So it's known statically that the requested export doesn't exist.

Import traces:
  Client Component Browser:
    ./components/motion/hero.ts [Client Component Browser]
    ./components/motion/hero-scope.tsx [Client Component Browser]
    ./components/motion/hero-scope.tsx [Server Component]
    ./app/[locale]/page.tsx [Server Component]

  Client Component SSR:
    ./components/motion/hero.ts [Client Component SSR]
    ./components/motion/hero-scope.tsx [Client Component SSR]
    ./components/motion/hero-scope.tsx [Server Component]
    ./app/[locale]/page.tsx [Server Component] @ http://localhost:3000/_next/static/chunks/node_modules_next_dist_0u_w_5s._.js:1945
[   27517ms] [ERROR] ./components/motion/hero.ts:3:1
Export clearStyle doesn't exist in target module
  1 | import { animate, stagger } from "motion"
  2 | import { DUR, EASE, ms } from "./tokens"
> 3 | import { setStyle, clearStyle } from "./dom"
    | ^^^^^^^^^^^^^^^^^^^^^^^^^^^^^^^^^^^^^^^^^^^^
  4 |
  5 | /**
  6 |  * The hero's motion, and the only motion left on the page that is not driven by a

The export clearStyle was not found in module [project]/components/motion/dom.ts [app-client] (ecmascript).
Did you mean to import clearStyles?
All exports of the module are statically known (It doesn't have dynamic exports). So it's known statically that the requested export doesn't exist.

Import traces:
  Client Component Browser:
    ./components/motion/hero.ts [Client Component Browser]
    ./components/motion/hero-scope.tsx [Client Component Browser]
    ./components/motion/hero-scope.tsx [Server Component]
    ./app/[locale]/page.tsx [Server Component]

  Client Component SSR:
    ./components/motion/hero.ts [Client Component SSR]
    ./components/motion/hero-scope.tsx [Client Component SSR]
    ./components/motion/hero-scope.tsx [Server Component]
    ./app/[locale]/page.tsx [Server Component] @ http://localhost:3000/_next/static/chunks/node_modules_next_dist_0u_w_5s._.js:1945
[   27517ms] [ERROR] ./components/motion/hero.ts:3:1
Export clearStyle doesn't exist in target module
  1 | import { animate, stagger } from "motion"
  2 | import { DUR, EASE, ms } from "./tokens"
> 3 | import { setStyle, clearStyle } from "./dom"
    | ^^^^^^^^^^^^^^^^^^^^^^^^^^^^^^^^^^^^^^^^^^^^
  4 |
  5 | /**
  6 |  * The hero's motion, and the only motion left on the page that is not driven by a

The export clearStyle was not found in module [project]/components/motion/dom.ts [app-ssr] (ecmascript).
Did you mean to import clearStyles?
All exports of the module are statically known (It doesn't have dynamic exports). So it's known statically that the requested export doesn't exist.

Import traces:
  Client Component Browser:
    ./components/motion/hero.ts [Client Component Browser]
    ./components/motion/hero-scope.tsx [Client Component Browser]
    ./components/motion/hero-scope.tsx [Server Component]
    ./app/[locale]/page.tsx [Server Component]

  Client Component SSR:
    ./components/motion/hero.ts [Client Component SSR]
    ./components/motion/hero-scope.tsx [Client Component SSR]
    ./components/motion/hero-scope.tsx [Server Component]
    ./app/[locale]/page.tsx [Server Component] @ http://localhost:3000/_next/static/chunks/node_modules_next_dist_0u_w_5s._.js:1945
[   27517ms] [ERROR] ./components/motion/hero.ts:3:1
Export setStyle doesn't exist in target module
  1 | import { animate, stagger } from "motion"
  2 | import { DUR, EASE, ms } from "./tokens"
> 3 | import { setStyle, clearStyle } from "./dom"
    | ^^^^^^^^^^^^^^^^^^^^^^^^^^^^^^^^^^^^^^^^^^^^
  4 |
  5 | /**
  6 |  * The hero's motion, and the only motion left on the page that is not driven by a

The export setStyle was not found in module [project]/components/motion/dom.ts [app-client] (ecmascript).
Did you mean to import setStyles?
All exports of the module are statically known (It doesn't have dynamic exports). So it's known statically that the requested export doesn't exist.

Import traces:
  Client Component Browser:
    ./components/motion/hero.ts [Client Component Browser]
    ./components/motion/hero-scope.tsx [Client Component Browser]
    ./components/motion/hero-scope.tsx [Server Component]
    ./app/[locale]/page.tsx [Server Component]

  Client Component SSR:
    ./components/motion/hero.ts [Client Component SSR]
    ./components/motion/hero-scope.tsx [Client Component SSR]
    ./components/motion/hero-scope.tsx [Server Component]
    ./app/[locale]/page.tsx [Server Component] @ http://localhost:3000/_next/static/chunks/node_modules_next_dist_0u_w_5s._.js:1945
[   27517ms] [ERROR] ./components/motion/hero.ts:3:1
Export setStyle doesn't exist in target module
  1 | import { animate, stagger } from "motion"
  2 | import { DUR, EASE, ms } from "./tokens"
> 3 | import { setStyle, clearStyle } from "./dom"
    | ^^^^^^^^^^^^^^^^^^^^^^^^^^^^^^^^^^^^^^^^^^^^
  4 |
  5 | /**
  6 |  * The hero's motion, and the only motion left on the page that is not driven by a

The export setStyle was not found in module [project]/components/motion/dom.ts [app-ssr] (ecmascript).
Did you mean to import setStyles?
All exports of the module are statically known (It doesn't have dynamic exports). So it's known statically that the requested export doesn't exist.

Import traces:
  Client Component Browser:
    ./components/motion/hero.ts [Client Component Browser]
    ./components/motion/hero-scope.tsx [Client Component Browser]
    ./components/motion/hero-scope.tsx [Server Component]
    ./app/[locale]/page.tsx [Server Component]

  Client Component SSR:
    ./components/motion/hero.ts [Client Component SSR]
    ./components/motion/hero-scope.tsx [Client Component SSR]
    ./components/motion/hero-scope.tsx [Server Component]
    ./app/[locale]/page.tsx [Server Component] @ http://localhost:3000/_next/static/chunks/node_modules_next_dist_0u_w_5s._.js:1945
[   27579ms] [ERROR] ./components/motion/hero.ts:3:1
Export clearStyle doesn't exist in target module
  1 | import { animate, stagger } from "motion"
  2 | import { DUR, EASE, ms } from "./tokens"
> 3 | import { setStyle, clearStyle } from "./dom"
    | ^^^^^^^^^^^^^^^^^^^^^^^^^^^^^^^^^^^^^^^^^^^^
  4 |
  5 | /**
  6 |  * The hero's motion, and the only motion left on the page that is not driven by a

The export clearStyle was not found in module [project]/components/motion/dom.ts [app-client] (ecmascript).
Did you mean to import clearStyles?
All exports of the module are statically known (It doesn't have dynamic exports). So it's known statically that the requested export doesn't exist.

Import traces:
  Client Component Browser:
    ./components/motion/hero.ts [Client Component Browser]
    ./components/motion/hero-scope.tsx [Client Component Browser]
    ./components/motion/hero-scope.tsx [Server Component]
    ./app/[locale]/page.tsx [Server Component]

  Client Component SSR:
    ./components/motion/hero.ts [Client Component SSR]
    ./components/motion/hero-scope.tsx [Client Component SSR]
    ./components/motion/hero-scope.tsx [Server Component]
    ./app/[locale]/page.tsx [Server Component] @ http://localhost:3000/_next/static/chunks/node_modules_next_dist_0u_w_5s._.js:1945
[   27580ms] [ERROR] ./components/motion/hero.ts:3:1
Export clearStyle doesn't exist in target module
  1 | import { animate, stagger } from "motion"
  2 | import { DUR, EASE, ms } from "./tokens"
> 3 | import { setStyle, clearStyle } from "./dom"
    | ^^^^^^^^^^^^^^^^^^^^^^^^^^^^^^^^^^^^^^^^^^^^
  4 |
  5 | /**
  6 |  * The hero's motion, and the only motion left on the page that is not driven by a

The export clearStyle was not found in module [project]/components/motion/dom.ts [app-ssr] (ecmascript).
Did you mean to import clearStyles?
All exports of the module are statically known (It doesn't have dynamic exports). So it's known statically that the requested export doesn't exist.

Import traces:
  Client Component Browser:
    ./components/motion/hero.ts [Client Component Browser]
    ./components/motion/hero-scope.tsx [Client Component Browser]
    ./components/motion/hero-scope.tsx [Server Component]
    ./app/[locale]/page.tsx [Server Component]

  Client Component SSR:
    ./components/motion/hero.ts [Client Component SSR]
    ./components/motion/hero-scope.tsx [Client Component SSR]
    ./components/motion/hero-scope.tsx [Server Component]
    ./app/[locale]/page.tsx [Server Component] @ http://localhost:3000/_next/static/chunks/node_modules_next_dist_0u_w_5s._.js:1945
[   27580ms] [ERROR] ./components/motion/hero.ts:3:1
Export setStyle doesn't exist in target module
  1 | import { animate, stagger } from "motion"
  2 | import { DUR, EASE, ms } from "./tokens"
> 3 | import { setStyle, clearStyle } from "./dom"
    | ^^^^^^^^^^^^^^^^^^^^^^^^^^^^^^^^^^^^^^^^^^^^
  4 |
  5 | /**
  6 |  * The hero's motion, and the only motion left on the page that is not driven by a

The export setStyle was not found in module [project]/components/motion/dom.ts [app-client] (ecmascript).
Did you mean to import setStyles?
All exports of the module are statically known (It doesn't have dynamic exports). So it's known statically that the requested export doesn't exist.

Import traces:
  Client Component Browser:
    ./components/motion/hero.ts [Client Component Browser]
    ./components/motion/hero-scope.tsx [Client Component Browser]
    ./components/motion/hero-scope.tsx [Server Component]
    ./app/[locale]/page.tsx [Server Component]

  Client Component SSR:
    ./components/motion/hero.ts [Client Component SSR]
    ./components/motion/hero-scope.tsx [Client Component SSR]
    ./components/motion/hero-scope.tsx [Server Component]
    ./app/[locale]/page.tsx [Server Component] @ http://localhost:3000/_next/static/chunks/node_modules_next_dist_0u_w_5s._.js:1945
[   27580ms] [ERROR] ./components/motion/hero.ts:3:1
Export setStyle doesn't exist in target module
  1 | import { animate, stagger } from "motion"
  2 | import { DUR, EASE, ms } from "./tokens"
> 3 | import { setStyle, clearStyle } from "./dom"
    | ^^^^^^^^^^^^^^^^^^^^^^^^^^^^^^^^^^^^^^^^^^^^
  4 |
  5 | /**
  6 |  * The hero's motion, and the only motion left on the page that is not driven by a

The export setStyle was not found in module [project]/components/motion/dom.ts [app-ssr] (ecmascript).
Did you mean to import setStyles?
All exports of the module are statically known (It doesn't have dynamic exports). So it's known statically that the requested export doesn't exist.

Import traces:
  Client Component Browser:
    ./components/motion/hero.ts [Client Component Browser]
    ./components/motion/hero-scope.tsx [Client Component Browser]
    ./components/motion/hero-scope.tsx [Server Component]
    ./app/[locale]/page.tsx [Server Component]

  Client Component SSR:
    ./components/motion/hero.ts [Client Component SSR]
    ./components/motion/hero-scope.tsx [Client Component SSR]
    ./components/motion/hero-scope.tsx [Server Component]
    ./app/[locale]/page.tsx [Server Component] @ http://localhost:3000/_next/static/chunks/node_modules_next_dist_0u_w_5s._.js:1945
[   27641ms] [ERROR] ./components/motion/hero.ts:3:1
Export clearStyle doesn't exist in target module
  1 | import { animate, stagger } from "motion"
  2 | import { DUR, EASE, ms } from "./tokens"
> 3 | import { setStyle, clearStyle } from "./dom"
    | ^^^^^^^^^^^^^^^^^^^^^^^^^^^^^^^^^^^^^^^^^^^^
  4 |
  5 | /**
  6 |  * The hero's motion, and the only motion left on the page that is not driven by a

The export clearStyle was not found in module [project]/components/motion/dom.ts [app-client] (ecmascript).
Did you mean to import clearStyles?
All exports of the module are statically known (It doesn't have dynamic exports). So it's known statically that the requested export doesn't exist.

Import traces:
  Client Component Browser:
    ./components/motion/hero.ts [Client Component Browser]
    ./components/motion/hero-scope.tsx [Client Component Browser]
    ./components/motion/hero-scope.tsx [Server Component]
    ./app/[locale]/page.tsx [Server Component]

  Client Component SSR:
    ./components/motion/hero.ts [Client Component SSR]
    ./components/motion/hero-scope.tsx [Client Component SSR]
    ./components/motion/hero-scope.tsx [Server Component]
    ./app/[locale]/page.tsx [Server Component] @ http://localhost:3000/_next/static/chunks/node_modules_next_dist_0u_w_5s._.js:1945
[   27642ms] [ERROR] ./components/motion/hero.ts:3:1
Export clearStyle doesn't exist in target module
  1 | import { animate, stagger } from "motion"
  2 | import { DUR, EASE, ms } from "./tokens"
> 3 | import { setStyle, clearStyle } from "./dom"
    | ^^^^^^^^^^^^^^^^^^^^^^^^^^^^^^^^^^^^^^^^^^^^
  4 |
  5 | /**
  6 |  * The hero's motion, and the only motion left on the page that is not driven by a

The export clearStyle was not found in module [project]/components/motion/dom.ts [app-ssr] (ecmascript).
Did you mean to import clearStyles?
All exports of the module are statically known (It doesn't have dynamic exports). So it's known statically that the requested export doesn't exist.

Import traces:
  Client Component Browser:
    ./components/motion/hero.ts [Client Component Browser]
    ./components/motion/hero-scope.tsx [Client Component Browser]
    ./components/motion/hero-scope.tsx [Server Component]
    ./app/[locale]/page.tsx [Server Component]

  Client Component SSR:
    ./components/motion/hero.ts [Client Component SSR]
    ./components/motion/hero-scope.tsx [Client Component SSR]
    ./components/motion/hero-scope.tsx [Server Component]
    ./app/[locale]/page.tsx [Server Component] @ http://localhost:3000/_next/static/chunks/node_modules_next_dist_0u_w_5s._.js:1945
[   27642ms] [ERROR] ./components/motion/hero.ts:3:1
Export setStyle doesn't exist in target module
  1 | import { animate, stagger } from "motion"
  2 | import { DUR, EASE, ms } from "./tokens"
> 3 | import { setStyle, clearStyle } from "./dom"
    | ^^^^^^^^^^^^^^^^^^^^^^^^^^^^^^^^^^^^^^^^^^^^
  4 |
  5 | /**
  6 |  * The hero's motion, and the only motion left on the page that is not driven by a

The export setStyle was not found in module [project]/components/motion/dom.ts [app-client] (ecmascript).
Did you mean to import setStyles?
All exports of the module are statically known (It doesn't have dynamic exports). So it's known statically that the requested export doesn't exist.

Import traces:
  Client Component Browser:
    ./components/motion/hero.ts [Client Component Browser]
    ./components/motion/hero-scope.tsx [Client Component Browser]
    ./components/motion/hero-scope.tsx [Server Component]
    ./app/[locale]/page.tsx [Server Component]

  Client Component SSR:
    ./components/motion/hero.ts [Client Component SSR]
    ./components/motion/hero-scope.tsx [Client Component SSR]
    ./components/motion/hero-scope.tsx [Server Component]
    ./app/[locale]/page.tsx [Server Component] @ http://localhost:3000/_next/static/chunks/node_modules_next_dist_0u_w_5s._.js:1945
[   27642ms] [ERROR] ./components/motion/hero.ts:3:1
Export setStyle doesn't exist in target module
  1 | import { animate, stagger } from "motion"
  2 | import { DUR, EASE, ms } from "./tokens"
> 3 | import { setStyle, clearStyle } from "./dom"
    | ^^^^^^^^^^^^^^^^^^^^^^^^^^^^^^^^^^^^^^^^^^^^
  4 |
  5 | /**
  6 |  * The hero's motion, and the only motion left on the page that is not driven by a

The export setStyle was not found in module [project]/components/motion/dom.ts [app-ssr] (ecmascript).
Did you mean to import setStyles?
All exports of the module are statically known (It doesn't have dynamic exports). So it's known statically that the requested export doesn't exist.

Import traces:
  Client Component Browser:
    ./components/motion/hero.ts [Client Component Browser]
    ./components/motion/hero-scope.tsx [Client Component Browser]
    ./components/motion/hero-scope.tsx [Server Component]
    ./app/[locale]/page.tsx [Server Component]

  Client Component SSR:
    ./components/motion/hero.ts [Client Component SSR]
    ./components/motion/hero-scope.tsx [Client Component SSR]
    ./components/motion/hero-scope.tsx [Server Component]
    ./app/[locale]/page.tsx [Server Component] @ http://localhost:3000/_next/static/chunks/node_modules_next_dist_0u_w_5s._.js:1945
[   27703ms] [ERROR] ./components/motion/hero.ts:3:1
Export clearStyle doesn't exist in target module
  1 | import { animate, stagger } from "motion"
  2 | import { DUR, EASE, ms } from "./tokens"
> 3 | import { setStyle, clearStyle } from "./dom"
    | ^^^^^^^^^^^^^^^^^^^^^^^^^^^^^^^^^^^^^^^^^^^^
  4 |
  5 | /**
  6 |  * The hero's motion, and the only motion left on the page that is not driven by a

The export clearStyle was not found in module [project]/components/motion/dom.ts [app-client] (ecmascript).
Did you mean to import clearStyles?
All exports of the module are statically known (It doesn't have dynamic exports). So it's known statically that the requested export doesn't exist.

Import traces:
  Client Component Browser:
    ./components/motion/hero.ts [Client Component Browser]
    ./components/motion/hero-scope.tsx [Client Component Browser]
    ./components/motion/hero-scope.tsx [Server Component]
    ./app/[locale]/page.tsx [Server Component]

  Client Component SSR:
    ./components/motion/hero.ts [Client Component SSR]
    ./components/motion/hero-scope.tsx [Client Component SSR]
    ./components/motion/hero-scope.tsx [Server Component]
    ./app/[locale]/page.tsx [Server Component] @ http://localhost:3000/_next/static/chunks/node_modules_next_dist_0u_w_5s._.js:1945
[   27703ms] [ERROR] ./components/motion/hero.ts:3:1
Export clearStyle doesn't exist in target module
  1 | import { animate, stagger } from "motion"
  2 | import { DUR, EASE, ms } from "./tokens"
> 3 | import { setStyle, clearStyle } from "./dom"
    | ^^^^^^^^^^^^^^^^^^^^^^^^^^^^^^^^^^^^^^^^^^^^
  4 |
  5 | /**
  6 |  * The hero's motion, and the only motion left on the page that is not driven by a

The export clearStyle was not found in module [project]/components/motion/dom.ts [app-ssr] (ecmascript).
Did you mean to import clearStyles?
All exports of the module are statically known (It doesn't have dynamic exports). So it's known statically that the requested export doesn't exist.

Import traces:
  Client Component Browser:
    ./components/motion/hero.ts [Client Component Browser]
    ./components/motion/hero-scope.tsx [Client Component Browser]
    ./components/motion/hero-scope.tsx [Server Component]
    ./app/[locale]/page.tsx [Server Component]

  Client Component SSR:
    ./components/motion/hero.ts [Client Component SSR]
    ./components/motion/hero-scope.tsx [Client Component SSR]
    ./components/motion/hero-scope.tsx [Server Component]
    ./app/[locale]/page.tsx [Server Component] @ http://localhost:3000/_next/static/chunks/node_modules_next_dist_0u_w_5s._.js:1945
[   27703ms] [ERROR] ./components/motion/hero.ts:3:1
Export setStyle doesn't exist in target module
  1 | import { animate, stagger } from "motion"
  2 | import { DUR, EASE, ms } from "./tokens"
> 3 | import { setStyle, clearStyle } from "./dom"
    | ^^^^^^^^^^^^^^^^^^^^^^^^^^^^^^^^^^^^^^^^^^^^
  4 |
  5 | /**
  6 |  * The hero's motion, and the only motion left on the page that is not driven by a

The export setStyle was not found in module [project]/components/motion/dom.ts [app-client] (ecmascript).
Did you mean to import setStyles?
All exports of the module are statically known (It doesn't have dynamic exports). So it's known statically that the requested export doesn't exist.

Import traces:
  Client Component Browser:
    ./components/motion/hero.ts [Client Component Browser]
    ./components/motion/hero-scope.tsx [Client Component Browser]
    ./components/motion/hero-scope.tsx [Server Component]
    ./app/[locale]/page.tsx [Server Component]

  Client Component SSR:
    ./components/motion/hero.ts [Client Component SSR]
    ./components/motion/hero-scope.tsx [Client Component SSR]
    ./components/motion/hero-scope.tsx [Server Component]
    ./app/[locale]/page.tsx [Server Component] @ http://localhost:3000/_next/static/chunks/node_modules_next_dist_0u_w_5s._.js:1945
[   27703ms] [ERROR] ./components/motion/hero.ts:3:1
Export setStyle doesn't exist in target module
  1 | import { animate, stagger } from "motion"
  2 | import { DUR, EASE, ms } from "./tokens"
> 3 | import { setStyle, clearStyle } from "./dom"
    | ^^^^^^^^^^^^^^^^^^^^^^^^^^^^^^^^^^^^^^^^^^^^
  4 |
  5 | /**
  6 |  * The hero's motion, and the only motion left on the page that is not driven by a

The export setStyle was not found in module [project]/components/motion/dom.ts [app-ssr] (ecmascript).
Did you mean to import setStyles?
All exports of the module are statically known (It doesn't have dynamic exports). So it's known statically that the requested export doesn't exist.

Import traces:
  Client Component Browser:
    ./components/motion/hero.ts [Client Component Browser]
    ./components/motion/hero-scope.tsx [Client Component Browser]
    ./components/motion/hero-scope.tsx [Server Component]
    ./app/[locale]/page.tsx [Server Component]

  Client Component SSR:
    ./components/motion/hero.ts [Client Component SSR]
    ./components/motion/hero-scope.tsx [Client Component SSR]
    ./components/motion/hero-scope.tsx [Server Component]
    ./app/[locale]/page.tsx [Server Component] @ http://localhost:3000/_next/static/chunks/node_modules_next_dist_0u_w_5s._.js:1945
[   27766ms] [ERROR] ./components/motion/hero.ts:3:1
Export clearStyle doesn't exist in target module
  1 | import { animate, stagger } from "motion"
  2 | import { DUR, EASE, ms } from "./tokens"
> 3 | import { setStyle, clearStyle } from "./dom"
    | ^^^^^^^^^^^^^^^^^^^^^^^^^^^^^^^^^^^^^^^^^^^^
  4 |
  5 | /**
  6 |  * The hero's motion, and the only motion left on the page that is not driven by a

The export clearStyle was not found in module [project]/components/motion/dom.ts [app-client] (ecmascript).
Did you mean to import clearStyles?
All exports of the module are statically known (It doesn't have dynamic exports). So it's known statically that the requested export doesn't exist.

Import traces:
  Client Component Browser:
    ./components/motion/hero.ts [Client Component Browser]
    ./components/motion/hero-scope.tsx [Client Component Browser]
    ./components/motion/hero-scope.tsx [Server Component]
    ./app/[locale]/page.tsx [Server Component]

  Client Component SSR:
    ./components/motion/hero.ts [Client Component SSR]
    ./components/motion/hero-scope.tsx [Client Component SSR]
    ./components/motion/hero-scope.tsx [Server Component]
    ./app/[locale]/page.tsx [Server Component] @ http://localhost:3000/_next/static/chunks/node_modules_next_dist_0u_w_5s._.js:1945
[   27766ms] [ERROR] ./components/motion/hero.ts:3:1
Export clearStyle doesn't exist in target module
  1 | import { animate, stagger } from "motion"
  2 | import { DUR, EASE, ms } from "./tokens"
> 3 | import { setStyle, clearStyle } from "./dom"
    | ^^^^^^^^^^^^^^^^^^^^^^^^^^^^^^^^^^^^^^^^^^^^
  4 |
  5 | /**
  6 |  * The hero's motion, and the only motion left on the page that is not driven by a

The export clearStyle was not found in module [project]/components/motion/dom.ts [app-ssr] (ecmascript).
Did you mean to import clearStyles?
All exports of the module are statically known (It doesn't have dynamic exports). So it's known statically that the requested export doesn't exist.

Import traces:
  Client Component Browser:
    ./components/motion/hero.ts [Client Component Browser]
    ./components/motion/hero-scope.tsx [Client Component Browser]
    ./components/motion/hero-scope.tsx [Server Component]
    ./app/[locale]/page.tsx [Server Component]

  Client Component SSR:
    ./components/motion/hero.ts [Client Component SSR]
    ./components/motion/hero-scope.tsx [Client Component SSR]
    ./components/motion/hero-scope.tsx [Server Component]
    ./app/[locale]/page.tsx [Server Component] @ http://localhost:3000/_next/static/chunks/node_modules_next_dist_0u_w_5s._.js:1945
[   27766ms] [ERROR] ./components/motion/hero.ts:3:1
Export setStyle doesn't exist in target module
  1 | import { animate, stagger } from "motion"
  2 | import { DUR, EASE, ms } from "./tokens"
> 3 | import { setStyle, clearStyle } from "./dom"
    | ^^^^^^^^^^^^^^^^^^^^^^^^^^^^^^^^^^^^^^^^^^^^
  4 |
  5 | /**
  6 |  * The hero's motion, and the only motion left on the page that is not driven by a

The export setStyle was not found in module [project]/components/motion/dom.ts [app-client] (ecmascript).
Did you mean to import setStyles?
All exports of the module are statically known (It doesn't have dynamic exports). So it's known statically that the requested export doesn't exist.

Import traces:
  Client Component Browser:
    ./components/motion/hero.ts [Client Component Browser]
    ./components/motion/hero-scope.tsx [Client Component Browser]
    ./components/motion/hero-scope.tsx [Server Component]
    ./app/[locale]/page.tsx [Server Component]

  Client Component SSR:
    ./components/motion/hero.ts [Client Component SSR]
    ./components/motion/hero-scope.tsx [Client Component SSR]
    ./components/motion/hero-scope.tsx [Server Component]
    ./app/[locale]/page.tsx [Server Component] @ http://localhost:3000/_next/static/chunks/node_modules_next_dist_0u_w_5s._.js:1945
[   27766ms] [ERROR] ./components/motion/hero.ts:3:1
Export setStyle doesn't exist in target module
  1 | import { animate, stagger } from "motion"
  2 | import { DUR, EASE, ms } from "./tokens"
> 3 | import { setStyle, clearStyle } from "./dom"
    | ^^^^^^^^^^^^^^^^^^^^^^^^^^^^^^^^^^^^^^^^^^^^
  4 |
  5 | /**
  6 |  * The hero's motion, and the only motion left on the page that is not driven by a

The export setStyle was not found in module [project]/components/motion/dom.ts [app-ssr] (ecmascript).
Did you mean to import setStyles?
All exports of the module are statically known (It doesn't have dynamic exports). So it's known statically that the requested export doesn't exist.

Import traces:
  Client Component Browser:
    ./components/motion/hero.ts [Client Component Browser]
    ./components/motion/hero-scope.tsx [Client Component Browser]
    ./components/motion/hero-scope.tsx [Server Component]
    ./app/[locale]/page.tsx [Server Component]

  Client Component SSR:
    ./components/motion/hero.ts [Client Component SSR]
    ./components/motion/hero-scope.tsx [Client Component SSR]
    ./components/motion/hero-scope.tsx [Server Component]
    ./app/[locale]/page.tsx [Server Component] @ http://localhost:3000/_next/static/chunks/node_modules_next_dist_0u_w_5s._.js:1945
[   27829ms] [ERROR] ./components/motion/hero.ts:3:1
Export clearStyle doesn't exist in target module
  1 | import { animate, stagger } from "motion"
  2 | import { DUR, EASE, ms } from "./tokens"
> 3 | import { setStyle, clearStyle } from "./dom"
    | ^^^^^^^^^^^^^^^^^^^^^^^^^^^^^^^^^^^^^^^^^^^^
  4 |
  5 | /**
  6 |  * The hero's motion, and the only motion left on the page that is not driven by a

The export clearStyle was not found in module [project]/components/motion/dom.ts [app-client] (ecmascript).
Did you mean to import clearStyles?
All exports of the module are statically known (It doesn't have dynamic exports). So it's known statically that the requested export doesn't exist.

Import traces:
  Client Component Browser:
    ./components/motion/hero.ts [Client Component Browser]
    ./components/motion/hero-scope.tsx [Client Component Browser]
    ./components/motion/hero-scope.tsx [Server Component]
    ./app/[locale]/page.tsx [Server Component]

  Client Component SSR:
    ./components/motion/hero.ts [Client Component SSR]
    ./components/motion/hero-scope.tsx [Client Component SSR]
    ./components/motion/hero-scope.tsx [Server Component]
    ./app/[locale]/page.tsx [Server Component] @ http://localhost:3000/_next/static/chunks/node_modules_next_dist_0u_w_5s._.js:1945
[   27829ms] [ERROR] ./components/motion/hero.ts:3:1
Export clearStyle doesn't exist in target module
  1 | import { animate, stagger } from "motion"
  2 | import { DUR, EASE, ms } from "./tokens"
> 3 | import { setStyle, clearStyle } from "./dom"
    | ^^^^^^^^^^^^^^^^^^^^^^^^^^^^^^^^^^^^^^^^^^^^
  4 |
  5 | /**
  6 |  * The hero's motion, and the only motion left on the page that is not driven by a

The export clearStyle was not found in module [project]/components/motion/dom.ts [app-ssr] (ecmascript).
Did you mean to import clearStyles?
All exports of the module are statically known (It doesn't have dynamic exports). So it's known statically that the requested export doesn't exist.

Import traces:
  Client Component Browser:
    ./components/motion/hero.ts [Client Component Browser]
    ./components/motion/hero-scope.tsx [Client Component Browser]
    ./components/motion/hero-scope.tsx [Server Component]
    ./app/[locale]/page.tsx [Server Component]

  Client Component SSR:
    ./components/motion/hero.ts [Client Component SSR]
    ./components/motion/hero-scope.tsx [Client Component SSR]
    ./components/motion/hero-scope.tsx [Server Component]
    ./app/[locale]/page.tsx [Server Component] @ http://localhost:3000/_next/static/chunks/node_modules_next_dist_0u_w_5s._.js:1945
[   27829ms] [ERROR] ./components/motion/hero.ts:3:1
Export setStyle doesn't exist in target module
  1 | import { animate, stagger } from "motion"
  2 | import { DUR, EASE, ms } from "./tokens"
> 3 | import { setStyle, clearStyle } from "./dom"
    | ^^^^^^^^^^^^^^^^^^^^^^^^^^^^^^^^^^^^^^^^^^^^
  4 |
  5 | /**
  6 |  * The hero's motion, and the only motion left on the page that is not driven by a

The export setStyle was not found in module [project]/components/motion/dom.ts [app-client] (ecmascript).
Did you mean to import setStyles?
All exports of the module are statically known (It doesn't have dynamic exports). So it's known statically that the requested export doesn't exist.

Import traces:
  Client Component Browser:
    ./components/motion/hero.ts [Client Component Browser]
    ./components/motion/hero-scope.tsx [Client Component Browser]
    ./components/motion/hero-scope.tsx [Server Component]
    ./app/[locale]/page.tsx [Server Component]

  Client Component SSR:
    ./components/motion/hero.ts [Client Component SSR]
    ./components/motion/hero-scope.tsx [Client Component SSR]
    ./components/motion/hero-scope.tsx [Server Component]
    ./app/[locale]/page.tsx [Server Component] @ http://localhost:3000/_next/static/chunks/node_modules_next_dist_0u_w_5s._.js:1945
[   27829ms] [ERROR] ./components/motion/hero.ts:3:1
Export setStyle doesn't exist in target module
  1 | import { animate, stagger } from "motion"
  2 | import { DUR, EASE, ms } from "./tokens"
> 3 | import { setStyle, clearStyle } from "./dom"
    | ^^^^^^^^^^^^^^^^^^^^^^^^^^^^^^^^^^^^^^^^^^^^
  4 |
  5 | /**
  6 |  * The hero's motion, and the only motion left on the page that is not driven by a

The export setStyle was not found in module [project]/components/motion/dom.ts [app-ssr] (ecmascript).
Did you mean to import setStyles?
All exports of the module are statically known (It doesn't have dynamic exports). So it's known statically that the requested export doesn't exist.

Import traces:
  Client Component Browser:
    ./components/motion/hero.ts [Client Component Browser]
    ./components/motion/hero-scope.tsx [Client Component Browser]
    ./components/motion/hero-scope.tsx [Server Component]
    ./app/[locale]/page.tsx [Server Component]

  Client Component SSR:
    ./components/motion/hero.ts [Client Component SSR]
    ./components/motion/hero-scope.tsx [Client Component SSR]
    ./components/motion/hero-scope.tsx [Server Component]
    ./app/[locale]/page.tsx [Server Component] @ http://localhost:3000/_next/static/chunks/node_modules_next_dist_0u_w_5s._.js:1945
[   27893ms] [ERROR] ./components/motion/hero.ts:3:1
Export clearStyle doesn't exist in target module
  1 | import { animate, stagger } from "motion"
  2 | import { DUR, EASE, ms } from "./tokens"
> 3 | import { setStyle, clearStyle } from "./dom"
    | ^^^^^^^^^^^^^^^^^^^^^^^^^^^^^^^^^^^^^^^^^^^^
  4 |
  5 | /**
  6 |  * The hero's motion, and the only motion left on the page that is not driven by a

The export clearStyle was not found in module [project]/components/motion/dom.ts [app-client] (ecmascript).
Did you mean to import clearStyles?
All exports of the module are statically known (It doesn't have dynamic exports). So it's known statically that the requested export doesn't exist.

Import traces:
  Client Component Browser:
    ./components/motion/hero.ts [Client Component Browser]
    ./components/motion/hero-scope.tsx [Client Component Browser]
    ./components/motion/hero-scope.tsx [Server Component]
    ./app/[locale]/page.tsx [Server Component]

  Client Component SSR:
    ./components/motion/hero.ts [Client Component SSR]
    ./components/motion/hero-scope.tsx [Client Component SSR]
    ./components/motion/hero-scope.tsx [Server Component]
    ./app/[locale]/page.tsx [Server Component] @ http://localhost:3000/_next/static/chunks/node_modules_next_dist_0u_w_5s._.js:1945
[   27893ms] [ERROR] ./components/motion/hero.ts:3:1
Export clearStyle doesn't exist in target module
  1 | import { animate, stagger } from "motion"
  2 | import { DUR, EASE, ms } from "./tokens"
> 3 | import { setStyle, clearStyle } from "./dom"
    | ^^^^^^^^^^^^^^^^^^^^^^^^^^^^^^^^^^^^^^^^^^^^
  4 |
  5 | /**
  6 |  * The hero's motion, and the only motion left on the page that is not driven by a

The export clearStyle was not found in module [project]/components/motion/dom.ts [app-ssr] (ecmascript).
Did you mean to import clearStyles?
All exports of the module are statically known (It doesn't have dynamic exports). So it's known statically that the requested export doesn't exist.

Import traces:
  Client Component Browser:
    ./components/motion/hero.ts [Client Component Browser]
    ./components/motion/hero-scope.tsx [Client Component Browser]
    ./components/motion/hero-scope.tsx [Server Component]
    ./app/[locale]/page.tsx [Server Component]

  Client Component SSR:
    ./components/motion/hero.ts [Client Component SSR]
    ./components/motion/hero-scope.tsx [Client Component SSR]
    ./components/motion/hero-scope.tsx [Server Component]
    ./app/[locale]/page.tsx [Server Component] @ http://localhost:3000/_next/static/chunks/node_modules_next_dist_0u_w_5s._.js:1945
[   27893ms] [ERROR] ./components/motion/hero.ts:3:1
Export setStyle doesn't exist in target module
  1 | import { animate, stagger } from "motion"
  2 | import { DUR, EASE, ms } from "./tokens"
> 3 | import { setStyle, clearStyle } from "./dom"
    | ^^^^^^^^^^^^^^^^^^^^^^^^^^^^^^^^^^^^^^^^^^^^
  4 |
  5 | /**
  6 |  * The hero's motion, and the only motion left on the page that is not driven by a

The export setStyle was not found in module [project]/components/motion/dom.ts [app-client] (ecmascript).
Did you mean to import setStyles?
All exports of the module are statically known (It doesn't have dynamic exports). So it's known statically that the requested export doesn't exist.

Import traces:
  Client Component Browser:
    ./components/motion/hero.ts [Client Component Browser]
    ./components/motion/hero-scope.tsx [Client Component Browser]
    ./components/motion/hero-scope.tsx [Server Component]
    ./app/[locale]/page.tsx [Server Component]

  Client Component SSR:
    ./components/motion/hero.ts [Client Component SSR]
    ./components/motion/hero-scope.tsx [Client Component SSR]
    ./components/motion/hero-scope.tsx [Server Component]
    ./app/[locale]/page.tsx [Server Component] @ http://localhost:3000/_next/static/chunks/node_modules_next_dist_0u_w_5s._.js:1945
[   27893ms] [ERROR] ./components/motion/hero.ts:3:1
Export setStyle doesn't exist in target module
  1 | import { animate, stagger } from "motion"
  2 | import { DUR, EASE, ms } from "./tokens"
> 3 | import { setStyle, clearStyle } from "./dom"
    | ^^^^^^^^^^^^^^^^^^^^^^^^^^^^^^^^^^^^^^^^^^^^
  4 |
  5 | /**
  6 |  * The hero's motion, and the only motion left on the page that is not driven by a

The export setStyle was not found in module [project]/components/motion/dom.ts [app-ssr] (ecmascript).
Did you mean to import setStyles?
All exports of the module are statically known (It doesn't have dynamic exports). So it's known statically that the requested export doesn't exist.

Import traces:
  Client Component Browser:
    ./components/motion/hero.ts [Client Component Browser]
    ./components/motion/hero-scope.tsx [Client Component Browser]
    ./components/motion/hero-scope.tsx [Server Component]
    ./app/[locale]/page.tsx [Server Component]

  Client Component SSR:
    ./components/motion/hero.ts [Client Component SSR]
    ./components/motion/hero-scope.tsx [Client Component SSR]
    ./components/motion/hero-scope.tsx [Server Component]
    ./app/[locale]/page.tsx [Server Component] @ http://localhost:3000/_next/static/chunks/node_modules_next_dist_0u_w_5s._.js:1945
[   27955ms] [ERROR] ./components/motion/hero.ts:3:1
Export clearStyle doesn't exist in target module
  1 | import { animate, stagger } from "motion"
  2 | import { DUR, EASE, ms } from "./tokens"
> 3 | import { setStyle, clearStyle } from "./dom"
    | ^^^^^^^^^^^^^^^^^^^^^^^^^^^^^^^^^^^^^^^^^^^^
  4 |
  5 | /**
  6 |  * The hero's motion, and the only motion left on the page that is not driven by a

The export clearStyle was not found in module [project]/components/motion/dom.ts [app-client] (ecmascript).
Did you mean to import clearStyles?
All exports of the module are statically known (It doesn't have dynamic exports). So it's known statically that the requested export doesn't exist.

Import traces:
  Client Component Browser:
    ./components/motion/hero.ts [Client Component Browser]
    ./components/motion/hero-scope.tsx [Client Component Browser]
    ./components/motion/hero-scope.tsx [Server Component]
    ./app/[locale]/page.tsx [Server Component]

  Client Component SSR:
    ./components/motion/hero.ts [Client Component SSR]
    ./components/motion/hero-scope.tsx [Client Component SSR]
    ./components/motion/hero-scope.tsx [Server Component]
    ./app/[locale]/page.tsx [Server Component] @ http://localhost:3000/_next/static/chunks/node_modules_next_dist_0u_w_5s._.js:1945
[   27955ms] [ERROR] ./components/motion/hero.ts:3:1
Export clearStyle doesn't exist in target module
  1 | import { animate, stagger } from "motion"
  2 | import { DUR, EASE, ms } from "./tokens"
> 3 | import { setStyle, clearStyle } from "./dom"
    | ^^^^^^^^^^^^^^^^^^^^^^^^^^^^^^^^^^^^^^^^^^^^
  4 |
  5 | /**
  6 |  * The hero's motion, and the only motion left on the page that is not driven by a

The export clearStyle was not found in module [project]/components/motion/dom.ts [app-ssr] (ecmascript).
Did you mean to import clearStyles?
All exports of the module are statically known (It doesn't have dynamic exports). So it's known statically that the requested export doesn't exist.

Import traces:
  Client Component Browser:
    ./components/motion/hero.ts [Client Component Browser]
    ./components/motion/hero-scope.tsx [Client Component Browser]
    ./components/motion/hero-scope.tsx [Server Component]
    ./app/[locale]/page.tsx [Server Component]

  Client Component SSR:
    ./components/motion/hero.ts [Client Component SSR]
    ./components/motion/hero-scope.tsx [Client Component SSR]
    ./components/motion/hero-scope.tsx [Server Component]
    ./app/[locale]/page.tsx [Server Component] @ http://localhost:3000/_next/static/chunks/node_modules_next_dist_0u_w_5s._.js:1945
[   27955ms] [ERROR] ./components/motion/hero.ts:3:1
Export setStyle doesn't exist in target module
  1 | import { animate, stagger } from "motion"
  2 | import { DUR, EASE, ms } from "./tokens"
> 3 | import { setStyle, clearStyle } from "./dom"
    | ^^^^^^^^^^^^^^^^^^^^^^^^^^^^^^^^^^^^^^^^^^^^
  4 |
  5 | /**
  6 |  * The hero's motion, and the only motion left on the page that is not driven by a

The export setStyle was not found in module [project]/components/motion/dom.ts [app-client] (ecmascript).
Did you mean to import setStyles?
All exports of the module are statically known (It doesn't have dynamic exports). So it's known statically that the requested export doesn't exist.

Import traces:
  Client Component Browser:
    ./components/motion/hero.ts [Client Component Browser]
    ./components/motion/hero-scope.tsx [Client Component Browser]
    ./components/motion/hero-scope.tsx [Server Component]
    ./app/[locale]/page.tsx [Server Component]

  Client Component SSR:
    ./components/motion/hero.ts [Client Component SSR]
    ./components/motion/hero-scope.tsx [Client Component SSR]
    ./components/motion/hero-scope.tsx [Server Component]
    ./app/[locale]/page.tsx [Server Component] @ http://localhost:3000/_next/static/chunks/node_modules_next_dist_0u_w_5s._.js:1945
[   27955ms] [ERROR] ./components/motion/hero.ts:3:1
Export setStyle doesn't exist in target module
  1 | import { animate, stagger } from "motion"
  2 | import { DUR, EASE, ms } from "./tokens"
> 3 | import { setStyle, clearStyle } from "./dom"
    | ^^^^^^^^^^^^^^^^^^^^^^^^^^^^^^^^^^^^^^^^^^^^
  4 |
  5 | /**
  6 |  * The hero's motion, and the only motion left on the page that is not driven by a

The export setStyle was not found in module [project]/components/motion/dom.ts [app-ssr] (ecmascript).
Did you mean to import setStyles?
All exports of the module are statically known (It doesn't have dynamic exports). So it's known statically that the requested export doesn't exist.

Import traces:
  Client Component Browser:
    ./components/motion/hero.ts [Client Component Browser]
    ./components/motion/hero-scope.tsx [Client Component Browser]
    ./components/motion/hero-scope.tsx [Server Component]
    ./app/[locale]/page.tsx [Server Component]

  Client Component SSR:
    ./components/motion/hero.ts [Client Component SSR]
    ./components/motion/hero-scope.tsx [Client Component SSR]
    ./components/motion/hero-scope.tsx [Server Component]
    ./app/[locale]/page.tsx [Server Component] @ http://localhost:3000/_next/static/chunks/node_modules_next_dist_0u_w_5s._.js:1945
[   28017ms] [ERROR] ./components/motion/hero.ts:3:1
Export clearStyle doesn't exist in target module
  1 | import { animate, stagger } from "motion"
  2 | import { DUR, EASE, ms } from "./tokens"
> 3 | import { setStyle, clearStyle } from "./dom"
    | ^^^^^^^^^^^^^^^^^^^^^^^^^^^^^^^^^^^^^^^^^^^^
  4 |
  5 | /**
  6 |  * The hero's motion, and the only motion left on the page that is not driven by a

The export clearStyle was not found in module [project]/components/motion/dom.ts [app-client] (ecmascript).
Did you mean to import clearStyles?
All exports of the module are statically known (It doesn't have dynamic exports). So it's known statically that the requested export doesn't exist.

Import traces:
  Client Component Browser:
    ./components/motion/hero.ts [Client Component Browser]
    ./components/motion/hero-scope.tsx [Client Component Browser]
    ./components/motion/hero-scope.tsx [Server Component]
    ./app/[locale]/page.tsx [Server Component]

  Client Component SSR:
    ./components/motion/hero.ts [Client Component SSR]
    ./components/motion/hero-scope.tsx [Client Component SSR]
    ./components/motion/hero-scope.tsx [Server Component]
    ./app/[locale]/page.tsx [Server Component] @ http://localhost:3000/_next/static/chunks/node_modules_next_dist_0u_w_5s._.js:1945
[   28017ms] [ERROR] ./components/motion/hero.ts:3:1
Export clearStyle doesn't exist in target module
  1 | import { animate, stagger } from "motion"
  2 | import { DUR, EASE, ms } from "./tokens"
> 3 | import { setStyle, clearStyle } from "./dom"
    | ^^^^^^^^^^^^^^^^^^^^^^^^^^^^^^^^^^^^^^^^^^^^
  4 |
  5 | /**
  6 |  * The hero's motion, and the only motion left on the page that is not driven by a

The export clearStyle was not found in module [project]/components/motion/dom.ts [app-ssr] (ecmascript).
Did you mean to import clearStyles?
All exports of the module are statically known (It doesn't have dynamic exports). So it's known statically that the requested export doesn't exist.

Import traces:
  Client Component Browser:
    ./components/motion/hero.ts [Client Component Browser]
    ./components/motion/hero-scope.tsx [Client Component Browser]
    ./components/motion/hero-scope.tsx [Server Component]
    ./app/[locale]/page.tsx [Server Component]

  Client Component SSR:
    ./components/motion/hero.ts [Client Component SSR]
    ./components/motion/hero-scope.tsx [Client Component SSR]
    ./components/motion/hero-scope.tsx [Server Component]
    ./app/[locale]/page.tsx [Server Component] @ http://localhost:3000/_next/static/chunks/node_modules_next_dist_0u_w_5s._.js:1945
[   28017ms] [ERROR] ./components/motion/hero.ts:3:1
Export setStyle doesn't exist in target module
  1 | import { animate, stagger } from "motion"
  2 | import { DUR, EASE, ms } from "./tokens"
> 3 | import { setStyle, clearStyle } from "./dom"
    | ^^^^^^^^^^^^^^^^^^^^^^^^^^^^^^^^^^^^^^^^^^^^
  4 |
  5 | /**
  6 |  * The hero's motion, and the only motion left on the page that is not driven by a

The export setStyle was not found in module [project]/components/motion/dom.ts [app-client] (ecmascript).
Did you mean to import setStyles?
All exports of the module are statically known (It doesn't have dynamic exports). So it's known statically that the requested export doesn't exist.

Import traces:
  Client Component Browser:
    ./components/motion/hero.ts [Client Component Browser]
    ./components/motion/hero-scope.tsx [Client Component Browser]
    ./components/motion/hero-scope.tsx [Server Component]
    ./app/[locale]/page.tsx [Server Component]

  Client Component SSR:
    ./components/motion/hero.ts [Client Component SSR]
    ./components/motion/hero-scope.tsx [Client Component SSR]
    ./components/motion/hero-scope.tsx [Server Component]
    ./app/[locale]/page.tsx [Server Component] @ http://localhost:3000/_next/static/chunks/node_modules_next_dist_0u_w_5s._.js:1945
[   28017ms] [ERROR] ./components/motion/hero.ts:3:1
Export setStyle doesn't exist in target module
  1 | import { animate, stagger } from "motion"
  2 | import { DUR, EASE, ms } from "./tokens"
> 3 | import { setStyle, clearStyle } from "./dom"
    | ^^^^^^^^^^^^^^^^^^^^^^^^^^^^^^^^^^^^^^^^^^^^
  4 |
  5 | /**
  6 |  * The hero's motion, and the only motion left on the page that is not driven by a

The export setStyle was not found in module [project]/components/motion/dom.ts [app-ssr] (ecmascript).
Did you mean to import setStyles?
All exports of the module are statically known (It doesn't have dynamic exports). So it's known statically that the requested export doesn't exist.

Import traces:
  Client Component Browser:
    ./components/motion/hero.ts [Client Component Browser]
    ./components/motion/hero-scope.tsx [Client Component Browser]
    ./components/motion/hero-scope.tsx [Server Component]
    ./app/[locale]/page.tsx [Server Component]

  Client Component SSR:
    ./components/motion/hero.ts [Client Component SSR]
    ./components/motion/hero-scope.tsx [Client Component SSR]
    ./components/motion/hero-scope.tsx [Server Component]
    ./app/[locale]/page.tsx [Server Component] @ http://localhost:3000/_next/static/chunks/node_modules_next_dist_0u_w_5s._.js:1945
[   28080ms] [ERROR] ./components/motion/hero.ts:3:1
Export clearStyle doesn't exist in target module
  1 | import { animate, stagger } from "motion"
  2 | import { DUR, EASE, ms } from "./tokens"
> 3 | import { setStyle, clearStyle } from "./dom"
    | ^^^^^^^^^^^^^^^^^^^^^^^^^^^^^^^^^^^^^^^^^^^^
  4 |
  5 | /**
  6 |  * The hero's motion, and the only motion left on the page that is not driven by a

The export clearStyle was not found in module [project]/components/motion/dom.ts [app-client] (ecmascript).
Did you mean to import clearStyles?
All exports of the module are statically known (It doesn't have dynamic exports). So it's known statically that the requested export doesn't exist.

Import traces:
  Client Component Browser:
    ./components/motion/hero.ts [Client Component Browser]
    ./components/motion/hero-scope.tsx [Client Component Browser]
    ./components/motion/hero-scope.tsx [Server Component]
    ./app/[locale]/page.tsx [Server Component]

  Client Component SSR:
    ./components/motion/hero.ts [Client Component SSR]
    ./components/motion/hero-scope.tsx [Client Component SSR]
    ./components/motion/hero-scope.tsx [Server Component]
    ./app/[locale]/page.tsx [Server Component] @ http://localhost:3000/_next/static/chunks/node_modules_next_dist_0u_w_5s._.js:1945
[   28080ms] [ERROR] ./components/motion/hero.ts:3:1
Export clearStyle doesn't exist in target module
  1 | import { animate, stagger } from "motion"
  2 | import { DUR, EASE, ms } from "./tokens"
> 3 | import { setStyle, clearStyle } from "./dom"
    | ^^^^^^^^^^^^^^^^^^^^^^^^^^^^^^^^^^^^^^^^^^^^
  4 |
  5 | /**
  6 |  * The hero's motion, and the only motion left on the page that is not driven by a

The export clearStyle was not found in module [project]/components/motion/dom.ts [app-ssr] (ecmascript).
Did you mean to import clearStyles?
All exports of the module are statically known (It doesn't have dynamic exports). So it's known statically that the requested export doesn't exist.

Import traces:
  Client Component Browser:
    ./components/motion/hero.ts [Client Component Browser]
    ./components/motion/hero-scope.tsx [Client Component Browser]
    ./components/motion/hero-scope.tsx [Server Component]
    ./app/[locale]/page.tsx [Server Component]

  Client Component SSR:
    ./components/motion/hero.ts [Client Component SSR]
    ./components/motion/hero-scope.tsx [Client Component SSR]
    ./components/motion/hero-scope.tsx [Server Component]
    ./app/[locale]/page.tsx [Server Component] @ http://localhost:3000/_next/static/chunks/node_modules_next_dist_0u_w_5s._.js:1945
[   28080ms] [ERROR] ./components/motion/hero.ts:3:1
Export setStyle doesn't exist in target module
  1 | import { animate, stagger } from "motion"
  2 | import { DUR, EASE, ms } from "./tokens"
> 3 | import { setStyle, clearStyle } from "./dom"
    | ^^^^^^^^^^^^^^^^^^^^^^^^^^^^^^^^^^^^^^^^^^^^
  4 |
  5 | /**
  6 |  * The hero's motion, and the only motion left on the page that is not driven by a

The export setStyle was not found in module [project]/components/motion/dom.ts [app-client] (ecmascript).
Did you mean to import setStyles?
All exports of the module are statically known (It doesn't have dynamic exports). So it's known statically that the requested export doesn't exist.

Import traces:
  Client Component Browser:
    ./components/motion/hero.ts [Client Component Browser]
    ./components/motion/hero-scope.tsx [Client Component Browser]
    ./components/motion/hero-scope.tsx [Server Component]
    ./app/[locale]/page.tsx [Server Component]

  Client Component SSR:
    ./components/motion/hero.ts [Client Component SSR]
    ./components/motion/hero-scope.tsx [Client Component SSR]
    ./components/motion/hero-scope.tsx [Server Component]
    ./app/[locale]/page.tsx [Server Component] @ http://localhost:3000/_next/static/chunks/node_modules_next_dist_0u_w_5s._.js:1945
[   28080ms] [ERROR] ./components/motion/hero.ts:3:1
Export setStyle doesn't exist in target module
  1 | import { animate, stagger } from "motion"
  2 | import { DUR, EASE, ms } from "./tokens"
> 3 | import { setStyle, clearStyle } from "./dom"
    | ^^^^^^^^^^^^^^^^^^^^^^^^^^^^^^^^^^^^^^^^^^^^
  4 |
  5 | /**
  6 |  * The hero's motion, and the only motion left on the page that is not driven by a

The export setStyle was not found in module [project]/components/motion/dom.ts [app-ssr] (ecmascript).
Did you mean to import setStyles?
All exports of the module are statically known (It doesn't have dynamic exports). So it's known statically that the requested export doesn't exist.

Import traces:
  Client Component Browser:
    ./components/motion/hero.ts [Client Component Browser]
    ./components/motion/hero-scope.tsx [Client Component Browser]
    ./components/motion/hero-scope.tsx [Server Component]
    ./app/[locale]/page.tsx [Server Component]

  Client Component SSR:
    ./components/motion/hero.ts [Client Component SSR]
    ./components/motion/hero-scope.tsx [Client Component SSR]
    ./components/motion/hero-scope.tsx [Server Component]
    ./app/[locale]/page.tsx [Server Component] @ http://localhost:3000/_next/static/chunks/node_modules_next_dist_0u_w_5s._.js:1945
[   28142ms] [ERROR] ./components/motion/hero.ts:3:1
Export clearStyle doesn't exist in target module
  1 | import { animate, stagger } from "motion"
  2 | import { DUR, EASE, ms } from "./tokens"
> 3 | import { setStyle, clearStyle } from "./dom"
    | ^^^^^^^^^^^^^^^^^^^^^^^^^^^^^^^^^^^^^^^^^^^^
  4 |
  5 | /**
  6 |  * The hero's motion, and the only motion left on the page that is not driven by a

The export clearStyle was not found in module [project]/components/motion/dom.ts [app-client] (ecmascript).
Did you mean to import clearStyles?
All exports of the module are statically known (It doesn't have dynamic exports). So it's known statically that the requested export doesn't exist.

Import traces:
  Client Component Browser:
    ./components/motion/hero.ts [Client Component Browser]
    ./components/motion/hero-scope.tsx [Client Component Browser]
    ./components/motion/hero-scope.tsx [Server Component]
    ./app/[locale]/page.tsx [Server Component]

  Client Component SSR:
    ./components/motion/hero.ts [Client Component SSR]
    ./components/motion/hero-scope.tsx [Client Component SSR]
    ./components/motion/hero-scope.tsx [Server Component]
    ./app/[locale]/page.tsx [Server Component] @ http://localhost:3000/_next/static/chunks/node_modules_next_dist_0u_w_5s._.js:1945
[   28142ms] [ERROR] ./components/motion/hero.ts:3:1
Export clearStyle doesn't exist in target module
  1 | import { animate, stagger } from "motion"
  2 | import { DUR, EASE, ms } from "./tokens"
> 3 | import { setStyle, clearStyle } from "./dom"
    | ^^^^^^^^^^^^^^^^^^^^^^^^^^^^^^^^^^^^^^^^^^^^
  4 |
  5 | /**
  6 |  * The hero's motion, and the only motion left on the page that is not driven by a

The export clearStyle was not found in module [project]/components/motion/dom.ts [app-ssr] (ecmascript).
Did you mean to import clearStyles?
All exports of the module are statically known (It doesn't have dynamic exports). So it's known statically that the requested export doesn't exist.

Import traces:
  Client Component Browser:
    ./components/motion/hero.ts [Client Component Browser]
    ./components/motion/hero-scope.tsx [Client Component Browser]
    ./components/motion/hero-scope.tsx [Server Component]
    ./app/[locale]/page.tsx [Server Component]

  Client Component SSR:
    ./components/motion/hero.ts [Client Component SSR]
    ./components/motion/hero-scope.tsx [Client Component SSR]
    ./components/motion/hero-scope.tsx [Server Component]
    ./app/[locale]/page.tsx [Server Component] @ http://localhost:3000/_next/static/chunks/node_modules_next_dist_0u_w_5s._.js:1945
[   28143ms] [ERROR] ./components/motion/hero.ts:3:1
Export setStyle doesn't exist in target module
  1 | import { animate, stagger } from "motion"
  2 | import { DUR, EASE, ms } from "./tokens"
> 3 | import { setStyle, clearStyle } from "./dom"
    | ^^^^^^^^^^^^^^^^^^^^^^^^^^^^^^^^^^^^^^^^^^^^
  4 |
  5 | /**
  6 |  * The hero's motion, and the only motion left on the page that is not driven by a

The export setStyle was not found in module [project]/components/motion/dom.ts [app-client] (ecmascript).
Did you mean to import setStyles?
All exports of the module are statically known (It doesn't have dynamic exports). So it's known statically that the requested export doesn't exist.

Import traces:
  Client Component Browser:
    ./components/motion/hero.ts [Client Component Browser]
    ./components/motion/hero-scope.tsx [Client Component Browser]
    ./components/motion/hero-scope.tsx [Server Component]
    ./app/[locale]/page.tsx [Server Component]

  Client Component SSR:
    ./components/motion/hero.ts [Client Component SSR]
    ./components/motion/hero-scope.tsx [Client Component SSR]
    ./components/motion/hero-scope.tsx [Server Component]
    ./app/[locale]/page.tsx [Server Component] @ http://localhost:3000/_next/static/chunks/node_modules_next_dist_0u_w_5s._.js:1945
[   28143ms] [ERROR] ./components/motion/hero.ts:3:1
Export setStyle doesn't exist in target module
  1 | import { animate, stagger } from "motion"
  2 | import { DUR, EASE, ms } from "./tokens"
> 3 | import { setStyle, clearStyle } from "./dom"
    | ^^^^^^^^^^^^^^^^^^^^^^^^^^^^^^^^^^^^^^^^^^^^
  4 |
  5 | /**
  6 |  * The hero's motion, and the only motion left on the page that is not driven by a

The export setStyle was not found in module [project]/components/motion/dom.ts [app-ssr] (ecmascript).
Did you mean to import setStyles?
All exports of the module are statically known (It doesn't have dynamic exports). So it's known statically that the requested export doesn't exist.

Import traces:
  Client Component Browser:
    ./components/motion/hero.ts [Client Component Browser]
    ./components/motion/hero-scope.tsx [Client Component Browser]
    ./components/motion/hero-scope.tsx [Server Component]
    ./app/[locale]/page.tsx [Server Component]

  Client Component SSR:
    ./components/motion/hero.ts [Client Component SSR]
    ./components/motion/hero-scope.tsx [Client Component SSR]
    ./components/motion/hero-scope.tsx [Server Component]
    ./app/[locale]/page.tsx [Server Component] @ http://localhost:3000/_next/static/chunks/node_modules_next_dist_0u_w_5s._.js:1945
[   28204ms] [ERROR] ./components/motion/hero.ts:3:1
Export clearStyle doesn't exist in target module
  1 | import { animate, stagger } from "motion"
  2 | import { DUR, EASE, ms } from "./tokens"
> 3 | import { setStyle, clearStyle } from "./dom"
    | ^^^^^^^^^^^^^^^^^^^^^^^^^^^^^^^^^^^^^^^^^^^^
  4 |
  5 | /**
  6 |  * The hero's motion, and the only motion left on the page that is not driven by a

The export clearStyle was not found in module [project]/components/motion/dom.ts [app-client] (ecmascript).
Did you mean to import clearStyles?
All exports of the module are statically known (It doesn't have dynamic exports). So it's known statically that the requested export doesn't exist.

Import traces:
  Client Component Browser:
    ./components/motion/hero.ts [Client Component Browser]
    ./components/motion/hero-scope.tsx [Client Component Browser]
    ./components/motion/hero-scope.tsx [Server Component]
    ./app/[locale]/page.tsx [Server Component]

  Client Component SSR:
    ./components/motion/hero.ts [Client Component SSR]
    ./components/motion/hero-scope.tsx [Client Component SSR]
    ./components/motion/hero-scope.tsx [Server Component]
    ./app/[locale]/page.tsx [Server Component] @ http://localhost:3000/_next/static/chunks/node_modules_next_dist_0u_w_5s._.js:1945
[   28204ms] [ERROR] ./components/motion/hero.ts:3:1
Export clearStyle doesn't exist in target module
  1 | import { animate, stagger } from "motion"
  2 | import { DUR, EASE, ms } from "./tokens"
> 3 | import { setStyle, clearStyle } from "./dom"
    | ^^^^^^^^^^^^^^^^^^^^^^^^^^^^^^^^^^^^^^^^^^^^
  4 |
  5 | /**
  6 |  * The hero's motion, and the only motion left on the page that is not driven by a

The export clearStyle was not found in module [project]/components/motion/dom.ts [app-ssr] (ecmascript).
Did you mean to import clearStyles?
All exports of the module are statically known (It doesn't have dynamic exports). So it's known statically that the requested export doesn't exist.

Import traces:
  Client Component Browser:
    ./components/motion/hero.ts [Client Component Browser]
    ./components/motion/hero-scope.tsx [Client Component Browser]
    ./components/motion/hero-scope.tsx [Server Component]
    ./app/[locale]/page.tsx [Server Component]

  Client Component SSR:
    ./components/motion/hero.ts [Client Component SSR]
    ./components/motion/hero-scope.tsx [Client Component SSR]
    ./components/motion/hero-scope.tsx [Server Component]
    ./app/[locale]/page.tsx [Server Component] @ http://localhost:3000/_next/static/chunks/node_modules_next_dist_0u_w_5s._.js:1945
[   28204ms] [ERROR] ./components/motion/hero.ts:3:1
Export setStyle doesn't exist in target module
  1 | import { animate, stagger } from "motion"
  2 | import { DUR, EASE, ms } from "./tokens"
> 3 | import { setStyle, clearStyle } from "./dom"
    | ^^^^^^^^^^^^^^^^^^^^^^^^^^^^^^^^^^^^^^^^^^^^
  4 |
  5 | /**
  6 |  * The hero's motion, and the only motion left on the page that is not driven by a

The export setStyle was not found in module [project]/components/motion/dom.ts [app-client] (ecmascript).
Did you mean to import setStyles?
All exports of the module are statically known (It doesn't have dynamic exports). So it's known statically that the requested export doesn't exist.

Import traces:
  Client Component Browser:
    ./components/motion/hero.ts [Client Component Browser]
    ./components/motion/hero-scope.tsx [Client Component Browser]
    ./components/motion/hero-scope.tsx [Server Component]
    ./app/[locale]/page.tsx [Server Component]

  Client Component SSR:
    ./components/motion/hero.ts [Client Component SSR]
    ./components/motion/hero-scope.tsx [Client Component SSR]
    ./components/motion/hero-scope.tsx [Server Component]
    ./app/[locale]/page.tsx [Server Component] @ http://localhost:3000/_next/static/chunks/node_modules_next_dist_0u_w_5s._.js:1945
[   28204ms] [ERROR] ./components/motion/hero.ts:3:1
Export setStyle doesn't exist in target module
  1 | import { animate, stagger } from "motion"
  2 | import { DUR, EASE, ms } from "./tokens"
> 3 | import { setStyle, clearStyle } from "./dom"
    | ^^^^^^^^^^^^^^^^^^^^^^^^^^^^^^^^^^^^^^^^^^^^
  4 |
  5 | /**
  6 |  * The hero's motion, and the only motion left on the page that is not driven by a

The export setStyle was not found in module [project]/components/motion/dom.ts [app-ssr] (ecmascript).
Did you mean to import setStyles?
All exports of the module are statically known (It doesn't have dynamic exports). So it's known statically that the requested export doesn't exist.

Import traces:
  Client Component Browser:
    ./components/motion/hero.ts [Client Component Browser]
    ./components/motion/hero-scope.tsx [Client Component Browser]
    ./components/motion/hero-scope.tsx [Server Component]
    ./app/[locale]/page.tsx [Server Component]

  Client Component SSR:
    ./components/motion/hero.ts [Client Component SSR]
    ./components/motion/hero-scope.tsx [Client Component SSR]
    ./components/motion/hero-scope.tsx [Server Component]
    ./app/[locale]/page.tsx [Server Component] @ http://localhost:3000/_next/static/chunks/node_modules_next_dist_0u_w_5s._.js:1945
[   28267ms] [ERROR] ./components/motion/hero.ts:3:1
Export clearStyle doesn't exist in target module
  1 | import { animate, stagger } from "motion"
  2 | import { DUR, EASE, ms } from "./tokens"
> 3 | import { setStyle, clearStyle } from "./dom"
    | ^^^^^^^^^^^^^^^^^^^^^^^^^^^^^^^^^^^^^^^^^^^^
  4 |
  5 | /**
  6 |  * The hero's motion, and the only motion left on the page that is not driven by a

The export clearStyle was not found in module [project]/components/motion/dom.ts [app-client] (ecmascript).
Did you mean to import clearStyles?
All exports of the module are statically known (It doesn't have dynamic exports). So it's known statically that the requested export doesn't exist.

Import traces:
  Client Component Browser:
    ./components/motion/hero.ts [Client Component Browser]
    ./components/motion/hero-scope.tsx [Client Component Browser]
    ./components/motion/hero-scope.tsx [Server Component]
    ./app/[locale]/page.tsx [Server Component]

  Client Component SSR:
    ./components/motion/hero.ts [Client Component SSR]
    ./components/motion/hero-scope.tsx [Client Component SSR]
    ./components/motion/hero-scope.tsx [Server Component]
    ./app/[locale]/page.tsx [Server Component] @ http://localhost:3000/_next/static/chunks/node_modules_next_dist_0u_w_5s._.js:1945
[   28267ms] [ERROR] ./components/motion/hero.ts:3:1
Export clearStyle doesn't exist in target module
  1 | import { animate, stagger } from "motion"
  2 | import { DUR, EASE, ms } from "./tokens"
> 3 | import { setStyle, clearStyle } from "./dom"
    | ^^^^^^^^^^^^^^^^^^^^^^^^^^^^^^^^^^^^^^^^^^^^
  4 |
  5 | /**
  6 |  * The hero's motion, and the only motion left on the page that is not driven by a

The export clearStyle was not found in module [project]/components/motion/dom.ts [app-ssr] (ecmascript).
Did you mean to import clearStyles?
All exports of the module are statically known (It doesn't have dynamic exports). So it's known statically that the requested export doesn't exist.

Import traces:
  Client Component Browser:
    ./components/motion/hero.ts [Client Component Browser]
    ./components/motion/hero-scope.tsx [Client Component Browser]
    ./components/motion/hero-scope.tsx [Server Component]
    ./app/[locale]/page.tsx [Server Component]

  Client Component SSR:
    ./components/motion/hero.ts [Client Component SSR]
    ./components/motion/hero-scope.tsx [Client Component SSR]
    ./components/motion/hero-scope.tsx [Server Component]
    ./app/[locale]/page.tsx [Server Component] @ http://localhost:3000/_next/static/chunks/node_modules_next_dist_0u_w_5s._.js:1945
[   28267ms] [ERROR] ./components/motion/hero.ts:3:1
Export setStyle doesn't exist in target module
  1 | import { animate, stagger } from "motion"
  2 | import { DUR, EASE, ms } from "./tokens"
> 3 | import { setStyle, clearStyle } from "./dom"
    | ^^^^^^^^^^^^^^^^^^^^^^^^^^^^^^^^^^^^^^^^^^^^
  4 |
  5 | /**
  6 |  * The hero's motion, and the only motion left on the page that is not driven by a

The export setStyle was not found in module [project]/components/motion/dom.ts [app-client] (ecmascript).
Did you mean to import setStyles?
All exports of the module are statically known (It doesn't have dynamic exports). So it's known statically that the requested export doesn't exist.

Import traces:
  Client Component Browser:
    ./components/motion/hero.ts [Client Component Browser]
    ./components/motion/hero-scope.tsx [Client Component Browser]
    ./components/motion/hero-scope.tsx [Server Component]
    ./app/[locale]/page.tsx [Server Component]

  Client Component SSR:
    ./components/motion/hero.ts [Client Component SSR]
    ./components/motion/hero-scope.tsx [Client Component SSR]
    ./components/motion/hero-scope.tsx [Server Component]
    ./app/[locale]/page.tsx [Server Component] @ http://localhost:3000/_next/static/chunks/node_modules_next_dist_0u_w_5s._.js:1945
[   28267ms] [ERROR] ./components/motion/hero.ts:3:1
Export setStyle doesn't exist in target module
  1 | import { animate, stagger } from "motion"
  2 | import { DUR, EASE, ms } from "./tokens"
> 3 | import { setStyle, clearStyle } from "./dom"
    | ^^^^^^^^^^^^^^^^^^^^^^^^^^^^^^^^^^^^^^^^^^^^
  4 |
  5 | /**
  6 |  * The hero's motion, and the only motion left on the page that is not driven by a

The export setStyle was not found in module [project]/components/motion/dom.ts [app-ssr] (ecmascript).
Did you mean to import setStyles?
All exports of the module are statically known (It doesn't have dynamic exports). So it's known statically that the requested export doesn't exist.

Import traces:
  Client Component Browser:
    ./components/motion/hero.ts [Client Component Browser]
    ./components/motion/hero-scope.tsx [Client Component Browser]
    ./components/motion/hero-scope.tsx [Server Component]
    ./app/[locale]/page.tsx [Server Component]

  Client Component SSR:
    ./components/motion/hero.ts [Client Component SSR]
    ./components/motion/hero-scope.tsx [Client Component SSR]
    ./components/motion/hero-scope.tsx [Server Component]
    ./app/[locale]/page.tsx [Server Component] @ http://localhost:3000/_next/static/chunks/node_modules_next_dist_0u_w_5s._.js:1945
[   28329ms] [ERROR] ./components/motion/hero.ts:3:1
Export clearStyle doesn't exist in target module
  1 | import { animate, stagger } from "motion"
  2 | import { DUR, EASE, ms } from "./tokens"
> 3 | import { setStyle, clearStyle } from "./dom"
    | ^^^^^^^^^^^^^^^^^^^^^^^^^^^^^^^^^^^^^^^^^^^^
  4 |
  5 | /**
  6 |  * The hero's motion, and the only motion left on the page that is not driven by a

The export clearStyle was not found in module [project]/components/motion/dom.ts [app-client] (ecmascript).
Did you mean to import clearStyles?
All exports of the module are statically known (It doesn't have dynamic exports). So it's known statically that the requested export doesn't exist.

Import traces:
  Client Component Browser:
    ./components/motion/hero.ts [Client Component Browser]
    ./components/motion/hero-scope.tsx [Client Component Browser]
    ./components/motion/hero-scope.tsx [Server Component]
    ./app/[locale]/page.tsx [Server Component]

  Client Component SSR:
    ./components/motion/hero.ts [Client Component SSR]
    ./components/motion/hero-scope.tsx [Client Component SSR]
    ./components/motion/hero-scope.tsx [Server Component]
    ./app/[locale]/page.tsx [Server Component] @ http://localhost:3000/_next/static/chunks/node_modules_next_dist_0u_w_5s._.js:1945
[   28329ms] [ERROR] ./components/motion/hero.ts:3:1
Export clearStyle doesn't exist in target module
  1 | import { animate, stagger } from "motion"
  2 | import { DUR, EASE, ms } from "./tokens"
> 3 | import { setStyle, clearStyle } from "./dom"
    | ^^^^^^^^^^^^^^^^^^^^^^^^^^^^^^^^^^^^^^^^^^^^
  4 |
  5 | /**
  6 |  * The hero's motion, and the only motion left on the page that is not driven by a

The export clearStyle was not found in module [project]/components/motion/dom.ts [app-ssr] (ecmascript).
Did you mean to import clearStyles?
All exports of the module are statically known (It doesn't have dynamic exports). So it's known statically that the requested export doesn't exist.

Import traces:
  Client Component Browser:
    ./components/motion/hero.ts [Client Component Browser]
    ./components/motion/hero-scope.tsx [Client Component Browser]
    ./components/motion/hero-scope.tsx [Server Component]
    ./app/[locale]/page.tsx [Server Component]

  Client Component SSR:
    ./components/motion/hero.ts [Client Component SSR]
    ./components/motion/hero-scope.tsx [Client Component SSR]
    ./components/motion/hero-scope.tsx [Server Component]
    ./app/[locale]/page.tsx [Server Component] @ http://localhost:3000/_next/static/chunks/node_modules_next_dist_0u_w_5s._.js:1945
[   28330ms] [ERROR] ./components/motion/hero.ts:3:1
Export setStyle doesn't exist in target module
  1 | import { animate, stagger } from "motion"
  2 | import { DUR, EASE, ms } from "./tokens"
> 3 | import { setStyle, clearStyle } from "./dom"
    | ^^^^^^^^^^^^^^^^^^^^^^^^^^^^^^^^^^^^^^^^^^^^
  4 |
  5 | /**
  6 |  * The hero's motion, and the only motion left on the page that is not driven by a

The export setStyle was not found in module [project]/components/motion/dom.ts [app-client] (ecmascript).
Did you mean to import setStyles?
All exports of the module are statically known (It doesn't have dynamic exports). So it's known statically that the requested export doesn't exist.

Import traces:
  Client Component Browser:
    ./components/motion/hero.ts [Client Component Browser]
    ./components/motion/hero-scope.tsx [Client Component Browser]
    ./components/motion/hero-scope.tsx [Server Component]
    ./app/[locale]/page.tsx [Server Component]

  Client Component SSR:
    ./components/motion/hero.ts [Client Component SSR]
    ./components/motion/hero-scope.tsx [Client Component SSR]
    ./components/motion/hero-scope.tsx [Server Component]
    ./app/[locale]/page.tsx [Server Component] @ http://localhost:3000/_next/static/chunks/node_modules_next_dist_0u_w_5s._.js:1945
[   28330ms] [ERROR] ./components/motion/hero.ts:3:1
Export setStyle doesn't exist in target module
  1 | import { animate, stagger } from "motion"
  2 | import { DUR, EASE, ms } from "./tokens"
> 3 | import { setStyle, clearStyle } from "./dom"
    | ^^^^^^^^^^^^^^^^^^^^^^^^^^^^^^^^^^^^^^^^^^^^
  4 |
  5 | /**
  6 |  * The hero's motion, and the only motion left on the page that is not driven by a

The export setStyle was not found in module [project]/components/motion/dom.ts [app-ssr] (ecmascript).
Did you mean to import setStyles?
All exports of the module are statically known (It doesn't have dynamic exports). So it's known statically that the requested export doesn't exist.

Import traces:
  Client Component Browser:
    ./components/motion/hero.ts [Client Component Browser]
    ./components/motion/hero-scope.tsx [Client Component Browser]
    ./components/motion/hero-scope.tsx [Server Component]
    ./app/[locale]/page.tsx [Server Component]

  Client Component SSR:
    ./components/motion/hero.ts [Client Component SSR]
    ./components/motion/hero-scope.tsx [Client Component SSR]
    ./components/motion/hero-scope.tsx [Server Component]
    ./app/[locale]/page.tsx [Server Component] @ http://localhost:3000/_next/static/chunks/node_modules_next_dist_0u_w_5s._.js:1945
[   28391ms] [ERROR] ./components/motion/hero.ts:3:1
Export clearStyle doesn't exist in target module
  1 | import { animate, stagger } from "motion"
  2 | import { DUR, EASE, ms } from "./tokens"
> 3 | import { setStyle, clearStyle } from "./dom"
    | ^^^^^^^^^^^^^^^^^^^^^^^^^^^^^^^^^^^^^^^^^^^^
  4 |
  5 | /**
  6 |  * The hero's motion, and the only motion left on the page that is not driven by a

The export clearStyle was not found in module [project]/components/motion/dom.ts [app-client] (ecmascript).
Did you mean to import clearStyles?
All exports of the module are statically known (It doesn't have dynamic exports). So it's known statically that the requested export doesn't exist.

Import traces:
  Client Component Browser:
    ./components/motion/hero.ts [Client Component Browser]
    ./components/motion/hero-scope.tsx [Client Component Browser]
    ./components/motion/hero-scope.tsx [Server Component]
    ./app/[locale]/page.tsx [Server Component]

  Client Component SSR:
    ./components/motion/hero.ts [Client Component SSR]
    ./components/motion/hero-scope.tsx [Client Component SSR]
    ./components/motion/hero-scope.tsx [Server Component]
    ./app/[locale]/page.tsx [Server Component] @ http://localhost:3000/_next/static/chunks/node_modules_next_dist_0u_w_5s._.js:1945
[   28391ms] [ERROR] ./components/motion/hero.ts:3:1
Export clearStyle doesn't exist in target module
  1 | import { animate, stagger } from "motion"
  2 | import { DUR, EASE, ms } from "./tokens"
> 3 | import { setStyle, clearStyle } from "./dom"
    | ^^^^^^^^^^^^^^^^^^^^^^^^^^^^^^^^^^^^^^^^^^^^
  4 |
  5 | /**
  6 |  * The hero's motion, and the only motion left on the page that is not driven by a

The export clearStyle was not found in module [project]/components/motion/dom.ts [app-ssr] (ecmascript).
Did you mean to import clearStyles?
All exports of the module are statically known (It doesn't have dynamic exports). So it's known statically that the requested export doesn't exist.

Import traces:
  Client Component Browser:
    ./components/motion/hero.ts [Client Component Browser]
    ./components/motion/hero-scope.tsx [Client Component Browser]
    ./components/motion/hero-scope.tsx [Server Component]
    ./app/[locale]/page.tsx [Server Component]

  Client Component SSR:
    ./components/motion/hero.ts [Client Component SSR]
    ./components/motion/hero-scope.tsx [Client Component SSR]
    ./components/motion/hero-scope.tsx [Server Component]
    ./app/[locale]/page.tsx [Server Component] @ http://localhost:3000/_next/static/chunks/node_modules_next_dist_0u_w_5s._.js:1945
[   28391ms] [ERROR] ./components/motion/hero.ts:3:1
Export setStyle doesn't exist in target module
  1 | import { animate, stagger } from "motion"
  2 | import { DUR, EASE, ms } from "./tokens"
> 3 | import { setStyle, clearStyle } from "./dom"
    | ^^^^^^^^^^^^^^^^^^^^^^^^^^^^^^^^^^^^^^^^^^^^
  4 |
  5 | /**
  6 |  * The hero's motion, and the only motion left on the page that is not driven by a

The export setStyle was not found in module [project]/components/motion/dom.ts [app-client] (ecmascript).
Did you mean to import setStyles?
All exports of the module are statically known (It doesn't have dynamic exports). So it's known statically that the requested export doesn't exist.

Import traces:
  Client Component Browser:
    ./components/motion/hero.ts [Client Component Browser]
    ./components/motion/hero-scope.tsx [Client Component Browser]
    ./components/motion/hero-scope.tsx [Server Component]
    ./app/[locale]/page.tsx [Server Component]

  Client Component SSR:
    ./components/motion/hero.ts [Client Component SSR]
    ./components/motion/hero-scope.tsx [Client Component SSR]
    ./components/motion/hero-scope.tsx [Server Component]
    ./app/[locale]/page.tsx [Server Component] @ http://localhost:3000/_next/static/chunks/node_modules_next_dist_0u_w_5s._.js:1945
[   28391ms] [ERROR] ./components/motion/hero.ts:3:1
Export setStyle doesn't exist in target module
  1 | import { animate, stagger } from "motion"
  2 | import { DUR, EASE, ms } from "./tokens"
> 3 | import { setStyle, clearStyle } from "./dom"
    | ^^^^^^^^^^^^^^^^^^^^^^^^^^^^^^^^^^^^^^^^^^^^
  4 |
  5 | /**
  6 |  * The hero's motion, and the only motion left on the page that is not driven by a

The export setStyle was not found in module [project]/components/motion/dom.ts [app-ssr] (ecmascript).
Did you mean to import setStyles?
All exports of the module are statically known (It doesn't have dynamic exports). So it's known statically that the requested export doesn't exist.

Import traces:
  Client Component Browser:
    ./components/motion/hero.ts [Client Component Browser]
    ./components/motion/hero-scope.tsx [Client Component Browser]
    ./components/motion/hero-scope.tsx [Server Component]
    ./app/[locale]/page.tsx [Server Component]

  Client Component SSR:
    ./components/motion/hero.ts [Client Component SSR]
    ./components/motion/hero-scope.tsx [Client Component SSR]
    ./components/motion/hero-scope.tsx [Server Component]
    ./app/[locale]/page.tsx [Server Component] @ http://localhost:3000/_next/static/chunks/node_modules_next_dist_0u_w_5s._.js:1945
[   28453ms] [ERROR] ./components/motion/hero.ts:3:1
Export clearStyle doesn't exist in target module
  1 | import { animate, stagger } from "motion"
  2 | import { DUR, EASE, ms } from "./tokens"
> 3 | import { setStyle, clearStyle } from "./dom"
    | ^^^^^^^^^^^^^^^^^^^^^^^^^^^^^^^^^^^^^^^^^^^^
  4 |
  5 | /**
  6 |  * The hero's motion, and the only motion left on the page that is not driven by a

The export clearStyle was not found in module [project]/components/motion/dom.ts [app-client] (ecmascript).
Did you mean to import clearStyles?
All exports of the module are statically known (It doesn't have dynamic exports). So it's known statically that the requested export doesn't exist.

Import traces:
  Client Component Browser:
    ./components/motion/hero.ts [Client Component Browser]
    ./components/motion/hero-scope.tsx [Client Component Browser]
    ./components/motion/hero-scope.tsx [Server Component]
    ./app/[locale]/page.tsx [Server Component]

  Client Component SSR:
    ./components/motion/hero.ts [Client Component SSR]
    ./components/motion/hero-scope.tsx [Client Component SSR]
    ./components/motion/hero-scope.tsx [Server Component]
    ./app/[locale]/page.tsx [Server Component] @ http://localhost:3000/_next/static/chunks/node_modules_next_dist_0u_w_5s._.js:1945
[   28453ms] [ERROR] ./components/motion/hero.ts:3:1
Export clearStyle doesn't exist in target module
  1 | import { animate, stagger } from "motion"
  2 | import { DUR, EASE, ms } from "./tokens"
> 3 | import { setStyle, clearStyle } from "./dom"
    | ^^^^^^^^^^^^^^^^^^^^^^^^^^^^^^^^^^^^^^^^^^^^
  4 |
  5 | /**
  6 |  * The hero's motion, and the only motion left on the page that is not driven by a

The export clearStyle was not found in module [project]/components/motion/dom.ts [app-ssr] (ecmascript).
Did you mean to import clearStyles?
All exports of the module are statically known (It doesn't have dynamic exports). So it's known statically that the requested export doesn't exist.

Import traces:
  Client Component Browser:
    ./components/motion/hero.ts [Client Component Browser]
    ./components/motion/hero-scope.tsx [Client Component Browser]
    ./components/motion/hero-scope.tsx [Server Component]
    ./app/[locale]/page.tsx [Server Component]

  Client Component SSR:
    ./components/motion/hero.ts [Client Component SSR]
    ./components/motion/hero-scope.tsx [Client Component SSR]
    ./components/motion/hero-scope.tsx [Server Component]
    ./app/[locale]/page.tsx [Server Component] @ http://localhost:3000/_next/static/chunks/node_modules_next_dist_0u_w_5s._.js:1945
[   28453ms] [ERROR] ./components/motion/hero.ts:3:1
Export setStyle doesn't exist in target module
  1 | import { animate, stagger } from "motion"
  2 | import { DUR, EASE, ms } from "./tokens"
> 3 | import { setStyle, clearStyle } from "./dom"
    | ^^^^^^^^^^^^^^^^^^^^^^^^^^^^^^^^^^^^^^^^^^^^
  4 |
  5 | /**
  6 |  * The hero's motion, and the only motion left on the page that is not driven by a

The export setStyle was not found in module [project]/components/motion/dom.ts [app-client] (ecmascript).
Did you mean to import setStyles?
All exports of the module are statically known (It doesn't have dynamic exports). So it's known statically that the requested export doesn't exist.

Import traces:
  Client Component Browser:
    ./components/motion/hero.ts [Client Component Browser]
    ./components/motion/hero-scope.tsx [Client Component Browser]
    ./components/motion/hero-scope.tsx [Server Component]
    ./app/[locale]/page.tsx [Server Component]

  Client Component SSR:
    ./components/motion/hero.ts [Client Component SSR]
    ./components/motion/hero-scope.tsx [Client Component SSR]
    ./components/motion/hero-scope.tsx [Server Component]
    ./app/[locale]/page.tsx [Server Component] @ http://localhost:3000/_next/static/chunks/node_modules_next_dist_0u_w_5s._.js:1945
[   28453ms] [ERROR] ./components/motion/hero.ts:3:1
Export setStyle doesn't exist in target module
  1 | import { animate, stagger } from "motion"
  2 | import { DUR, EASE, ms } from "./tokens"
> 3 | import { setStyle, clearStyle } from "./dom"
    | ^^^^^^^^^^^^^^^^^^^^^^^^^^^^^^^^^^^^^^^^^^^^
  4 |
  5 | /**
  6 |  * The hero's motion, and the only motion left on the page that is not driven by a

The export setStyle was not found in module [project]/components/motion/dom.ts [app-ssr] (ecmascript).
Did you mean to import setStyles?
All exports of the module are statically known (It doesn't have dynamic exports). So it's known statically that the requested export doesn't exist.

Import traces:
  Client Component Browser:
    ./components/motion/hero.ts [Client Component Browser]
    ./components/motion/hero-scope.tsx [Client Component Browser]
    ./components/motion/hero-scope.tsx [Server Component]
    ./app/[locale]/page.tsx [Server Component]

  Client Component SSR:
    ./components/motion/hero.ts [Client Component SSR]
    ./components/motion/hero-scope.tsx [Client Component SSR]
    ./components/motion/hero-scope.tsx [Server Component]
    ./app/[locale]/page.tsx [Server Component] @ http://localhost:3000/_next/static/chunks/node_modules_next_dist_0u_w_5s._.js:1945
[   28514ms] [ERROR] ./components/motion/hero.ts:3:1
Export clearStyle doesn't exist in target module
  1 | import { animate, stagger } from "motion"
  2 | import { DUR, EASE, ms } from "./tokens"
> 3 | import { setStyle, clearStyle } from "./dom"
    | ^^^^^^^^^^^^^^^^^^^^^^^^^^^^^^^^^^^^^^^^^^^^
  4 |
  5 | /**
  6 |  * The hero's motion, and the only motion left on the page that is not driven by a

The export clearStyle was not found in module [project]/components/motion/dom.ts [app-client] (ecmascript).
Did you mean to import clearStyles?
All exports of the module are statically known (It doesn't have dynamic exports). So it's known statically that the requested export doesn't exist.

Import traces:
  Client Component Browser:
    ./components/motion/hero.ts [Client Component Browser]
    ./components/motion/hero-scope.tsx [Client Component Browser]
    ./components/motion/hero-scope.tsx [Server Component]
    ./app/[locale]/page.tsx [Server Component]

  Client Component SSR:
    ./components/motion/hero.ts [Client Component SSR]
    ./components/motion/hero-scope.tsx [Client Component SSR]
    ./components/motion/hero-scope.tsx [Server Component]
    ./app/[locale]/page.tsx [Server Component] @ http://localhost:3000/_next/static/chunks/node_modules_next_dist_0u_w_5s._.js:1945
[   28515ms] [ERROR] ./components/motion/hero.ts:3:1
Export clearStyle doesn't exist in target module
  1 | import { animate, stagger } from "motion"
  2 | import { DUR, EASE, ms } from "./tokens"
> 3 | import { setStyle, clearStyle } from "./dom"
    | ^^^^^^^^^^^^^^^^^^^^^^^^^^^^^^^^^^^^^^^^^^^^
  4 |
  5 | /**
  6 |  * The hero's motion, and the only motion left on the page that is not driven by a

The export clearStyle was not found in module [project]/components/motion/dom.ts [app-ssr] (ecmascript).
Did you mean to import clearStyles?
All exports of the module are statically known (It doesn't have dynamic exports). So it's known statically that the requested export doesn't exist.

Import traces:
  Client Component Browser:
    ./components/motion/hero.ts [Client Component Browser]
    ./components/motion/hero-scope.tsx [Client Component Browser]
    ./components/motion/hero-scope.tsx [Server Component]
    ./app/[locale]/page.tsx [Server Component]

  Client Component SSR:
    ./components/motion/hero.ts [Client Component SSR]
    ./components/motion/hero-scope.tsx [Client Component SSR]
    ./components/motion/hero-scope.tsx [Server Component]
    ./app/[locale]/page.tsx [Server Component] @ http://localhost:3000/_next/static/chunks/node_modules_next_dist_0u_w_5s._.js:1945
[   28515ms] [ERROR] ./components/motion/hero.ts:3:1
Export setStyle doesn't exist in target module
  1 | import { animate, stagger } from "motion"
  2 | import { DUR, EASE, ms } from "./tokens"
> 3 | import { setStyle, clearStyle } from "./dom"
    | ^^^^^^^^^^^^^^^^^^^^^^^^^^^^^^^^^^^^^^^^^^^^
  4 |
  5 | /**
  6 |  * The hero's motion, and the only motion left on the page that is not driven by a

The export setStyle was not found in module [project]/components/motion/dom.ts [app-client] (ecmascript).
Did you mean to import setStyles?
All exports of the module are statically known (It doesn't have dynamic exports). So it's known statically that the requested export doesn't exist.

Import traces:
  Client Component Browser:
    ./components/motion/hero.ts [Client Component Browser]
    ./components/motion/hero-scope.tsx [Client Component Browser]
    ./components/motion/hero-scope.tsx [Server Component]
    ./app/[locale]/page.tsx [Server Component]

  Client Component SSR:
    ./components/motion/hero.ts [Client Component SSR]
    ./components/motion/hero-scope.tsx [Client Component SSR]
    ./components/motion/hero-scope.tsx [Server Component]
    ./app/[locale]/page.tsx [Server Component] @ http://localhost:3000/_next/static/chunks/node_modules_next_dist_0u_w_5s._.js:1945
[   28515ms] [ERROR] ./components/motion/hero.ts:3:1
Export setStyle doesn't exist in target module
  1 | import { animate, stagger } from "motion"
  2 | import { DUR, EASE, ms } from "./tokens"
> 3 | import { setStyle, clearStyle } from "./dom"
    | ^^^^^^^^^^^^^^^^^^^^^^^^^^^^^^^^^^^^^^^^^^^^
  4 |
  5 | /**
  6 |  * The hero's motion, and the only motion left on the page that is not driven by a

The export setStyle was not found in module [project]/components/motion/dom.ts [app-ssr] (ecmascript).
Did you mean to import setStyles?
All exports of the module are statically known (It doesn't have dynamic exports). So it's known statically that the requested export doesn't exist.

Import traces:
  Client Component Browser:
    ./components/motion/hero.ts [Client Component Browser]
    ./components/motion/hero-scope.tsx [Client Component Browser]
    ./components/motion/hero-scope.tsx [Server Component]
    ./app/[locale]/page.tsx [Server Component]

  Client Component SSR:
    ./components/motion/hero.ts [Client Component SSR]
    ./components/motion/hero-scope.tsx [Client Component SSR]
    ./components/motion/hero-scope.tsx [Server Component]
    ./app/[locale]/page.tsx [Server Component] @ http://localhost:3000/_next/static/chunks/node_modules_next_dist_0u_w_5s._.js:1945
[   28577ms] [ERROR] ./components/motion/hero.ts:3:1
Export clearStyle doesn't exist in target module
  1 | import { animate, stagger } from "motion"
  2 | import { DUR, EASE, ms } from "./tokens"
> 3 | import { setStyle, clearStyle } from "./dom"
    | ^^^^^^^^^^^^^^^^^^^^^^^^^^^^^^^^^^^^^^^^^^^^
  4 |
  5 | /**
  6 |  * The hero's motion, and the only motion left on the page that is not driven by a

The export clearStyle was not found in module [project]/components/motion/dom.ts [app-client] (ecmascript).
Did you mean to import clearStyles?
All exports of the module are statically known (It doesn't have dynamic exports). So it's known statically that the requested export doesn't exist.

Import traces:
  Client Component Browser:
    ./components/motion/hero.ts [Client Component Browser]
    ./components/motion/hero-scope.tsx [Client Component Browser]
    ./components/motion/hero-scope.tsx [Server Component]
    ./app/[locale]/page.tsx [Server Component]

  Client Component SSR:
    ./components/motion/hero.ts [Client Component SSR]
    ./components/motion/hero-scope.tsx [Client Component SSR]
    ./components/motion/hero-scope.tsx [Server Component]
    ./app/[locale]/page.tsx [Server Component] @ http://localhost:3000/_next/static/chunks/node_modules_next_dist_0u_w_5s._.js:1945
[   28578ms] [ERROR] ./components/motion/hero.ts:3:1
Export clearStyle doesn't exist in target module
  1 | import { animate, stagger } from "motion"
  2 | import { DUR, EASE, ms } from "./tokens"
> 3 | import { setStyle, clearStyle } from "./dom"
    | ^^^^^^^^^^^^^^^^^^^^^^^^^^^^^^^^^^^^^^^^^^^^
  4 |
  5 | /**
  6 |  * The hero's motion, and the only motion left on the page that is not driven by a

The export clearStyle was not found in module [project]/components/motion/dom.ts [app-ssr] (ecmascript).
Did you mean to import clearStyles?
All exports of the module are statically known (It doesn't have dynamic exports). So it's known statically that the requested export doesn't exist.

Import traces:
  Client Component Browser:
    ./components/motion/hero.ts [Client Component Browser]
    ./components/motion/hero-scope.tsx [Client Component Browser]
    ./components/motion/hero-scope.tsx [Server Component]
    ./app/[locale]/page.tsx [Server Component]

  Client Component SSR:
    ./components/motion/hero.ts [Client Component SSR]
    ./components/motion/hero-scope.tsx [Client Component SSR]
    ./components/motion/hero-scope.tsx [Server Component]
    ./app/[locale]/page.tsx [Server Component] @ http://localhost:3000/_next/static/chunks/node_modules_next_dist_0u_w_5s._.js:1945
[   28578ms] [ERROR] ./components/motion/hero.ts:3:1
Export setStyle doesn't exist in target module
  1 | import { animate, stagger } from "motion"
  2 | import { DUR, EASE, ms } from "./tokens"
> 3 | import { setStyle, clearStyle } from "./dom"
    | ^^^^^^^^^^^^^^^^^^^^^^^^^^^^^^^^^^^^^^^^^^^^
  4 |
  5 | /**
  6 |  * The hero's motion, and the only motion left on the page that is not driven by a

The export setStyle was not found in module [project]/components/motion/dom.ts [app-client] (ecmascript).
Did you mean to import setStyles?
All exports of the module are statically known (It doesn't have dynamic exports). So it's known statically that the requested export doesn't exist.

Import traces:
  Client Component Browser:
    ./components/motion/hero.ts [Client Component Browser]
    ./components/motion/hero-scope.tsx [Client Component Browser]
    ./components/motion/hero-scope.tsx [Server Component]
    ./app/[locale]/page.tsx [Server Component]

  Client Component SSR:
    ./components/motion/hero.ts [Client Component SSR]
    ./components/motion/hero-scope.tsx [Client Component SSR]
    ./components/motion/hero-scope.tsx [Server Component]
    ./app/[locale]/page.tsx [Server Component] @ http://localhost:3000/_next/static/chunks/node_modules_next_dist_0u_w_5s._.js:1945
[   28578ms] [ERROR] ./components/motion/hero.ts:3:1
Export setStyle doesn't exist in target module
  1 | import { animate, stagger } from "motion"
  2 | import { DUR, EASE, ms } from "./tokens"
> 3 | import { setStyle, clearStyle } from "./dom"
    | ^^^^^^^^^^^^^^^^^^^^^^^^^^^^^^^^^^^^^^^^^^^^
  4 |
  5 | /**
  6 |  * The hero's motion, and the only motion left on the page that is not driven by a

The export setStyle was not found in module [project]/components/motion/dom.ts [app-ssr] (ecmascript).
Did you mean to import setStyles?
All exports of the module are statically known (It doesn't have dynamic exports). So it's known statically that the requested export doesn't exist.

Import traces:
  Client Component Browser:
    ./components/motion/hero.ts [Client Component Browser]
    ./components/motion/hero-scope.tsx [Client Component Browser]
    ./components/motion/hero-scope.tsx [Server Component]
    ./app/[locale]/page.tsx [Server Component]

  Client Component SSR:
    ./components/motion/hero.ts [Client Component SSR]
    ./components/motion/hero-scope.tsx [Client Component SSR]
    ./components/motion/hero-scope.tsx [Server Component]
    ./app/[locale]/page.tsx [Server Component] @ http://localhost:3000/_next/static/chunks/node_modules_next_dist_0u_w_5s._.js:1945
[   28640ms] [ERROR] ./components/motion/hero.ts:3:1
Export clearStyle doesn't exist in target module
  1 | import { animate, stagger } from "motion"
  2 | import { DUR, EASE, ms } from "./tokens"
> 3 | import { setStyle, clearStyle } from "./dom"
    | ^^^^^^^^^^^^^^^^^^^^^^^^^^^^^^^^^^^^^^^^^^^^
  4 |
  5 | /**
  6 |  * The hero's motion, and the only motion left on the page that is not driven by a

The export clearStyle was not found in module [project]/components/motion/dom.ts [app-client] (ecmascript).
Did you mean to import clearStyles?
All exports of the module are statically known (It doesn't have dynamic exports). So it's known statically that the requested export doesn't exist.

Import traces:
  Client Component Browser:
    ./components/motion/hero.ts [Client Component Browser]
    ./components/motion/hero-scope.tsx [Client Component Browser]
    ./components/motion/hero-scope.tsx [Server Component]
    ./app/[locale]/page.tsx [Server Component]

  Client Component SSR:
    ./components/motion/hero.ts [Client Component SSR]
    ./components/motion/hero-scope.tsx [Client Component SSR]
    ./components/motion/hero-scope.tsx [Server Component]
    ./app/[locale]/page.tsx [Server Component] @ http://localhost:3000/_next/static/chunks/node_modules_next_dist_0u_w_5s._.js:1945
[   28640ms] [ERROR] ./components/motion/hero.ts:3:1
Export clearStyle doesn't exist in target module
  1 | import { animate, stagger } from "motion"
  2 | import { DUR, EASE, ms } from "./tokens"
> 3 | import { setStyle, clearStyle } from "./dom"
    | ^^^^^^^^^^^^^^^^^^^^^^^^^^^^^^^^^^^^^^^^^^^^
  4 |
  5 | /**
  6 |  * The hero's motion, and the only motion left on the page that is not driven by a

The export clearStyle was not found in module [project]/components/motion/dom.ts [app-ssr] (ecmascript).
Did you mean to import clearStyles?
All exports of the module are statically known (It doesn't have dynamic exports). So it's known statically that the requested export doesn't exist.

Import traces:
  Client Component Browser:
    ./components/motion/hero.ts [Client Component Browser]
    ./components/motion/hero-scope.tsx [Client Component Browser]
    ./components/motion/hero-scope.tsx [Server Component]
    ./app/[locale]/page.tsx [Server Component]

  Client Component SSR:
    ./components/motion/hero.ts [Client Component SSR]
    ./components/motion/hero-scope.tsx [Client Component SSR]
    ./components/motion/hero-scope.tsx [Server Component]
    ./app/[locale]/page.tsx [Server Component] @ http://localhost:3000/_next/static/chunks/node_modules_next_dist_0u_w_5s._.js:1945
[   28640ms] [ERROR] ./components/motion/hero.ts:3:1
Export setStyle doesn't exist in target module
  1 | import { animate, stagger } from "motion"
  2 | import { DUR, EASE, ms } from "./tokens"
> 3 | import { setStyle, clearStyle } from "./dom"
    | ^^^^^^^^^^^^^^^^^^^^^^^^^^^^^^^^^^^^^^^^^^^^
  4 |
  5 | /**
  6 |  * The hero's motion, and the only motion left on the page that is not driven by a

The export setStyle was not found in module [project]/components/motion/dom.ts [app-client] (ecmascript).
Did you mean to import setStyles?
All exports of the module are statically known (It doesn't have dynamic exports). So it's known statically that the requested export doesn't exist.

Import traces:
  Client Component Browser:
    ./components/motion/hero.ts [Client Component Browser]
    ./components/motion/hero-scope.tsx [Client Component Browser]
    ./components/motion/hero-scope.tsx [Server Component]
    ./app/[locale]/page.tsx [Server Component]

  Client Component SSR:
    ./components/motion/hero.ts [Client Component SSR]
    ./components/motion/hero-scope.tsx [Client Component SSR]
    ./components/motion/hero-scope.tsx [Server Component]
    ./app/[locale]/page.tsx [Server Component] @ http://localhost:3000/_next/static/chunks/node_modules_next_dist_0u_w_5s._.js:1945
[   28640ms] [ERROR] ./components/motion/hero.ts:3:1
Export setStyle doesn't exist in target module
  1 | import { animate, stagger } from "motion"
  2 | import { DUR, EASE, ms } from "./tokens"
> 3 | import { setStyle, clearStyle } from "./dom"
    | ^^^^^^^^^^^^^^^^^^^^^^^^^^^^^^^^^^^^^^^^^^^^
  4 |
  5 | /**
  6 |  * The hero's motion, and the only motion left on the page that is not driven by a

The export setStyle was not found in module [project]/components/motion/dom.ts [app-ssr] (ecmascript).
Did you mean to import setStyles?
All exports of the module are statically known (It doesn't have dynamic exports). So it's known statically that the requested export doesn't exist.

Import traces:
  Client Component Browser:
    ./components/motion/hero.ts [Client Component Browser]
    ./components/motion/hero-scope.tsx [Client Component Browser]
    ./components/motion/hero-scope.tsx [Server Component]
    ./app/[locale]/page.tsx [Server Component]

  Client Component SSR:
    ./components/motion/hero.ts [Client Component SSR]
    ./components/motion/hero-scope.tsx [Client Component SSR]
    ./components/motion/hero-scope.tsx [Server Component]
    ./app/[locale]/page.tsx [Server Component] @ http://localhost:3000/_next/static/chunks/node_modules_next_dist_0u_w_5s._.js:1945
[   28701ms] [ERROR] ./components/motion/hero.ts:3:1
Export clearStyle doesn't exist in target module
  1 | import { animate, stagger } from "motion"
  2 | import { DUR, EASE, ms } from "./tokens"
> 3 | import { setStyle, clearStyle } from "./dom"
    | ^^^^^^^^^^^^^^^^^^^^^^^^^^^^^^^^^^^^^^^^^^^^
  4 |
  5 | /**
  6 |  * The hero's motion, and the only motion left on the page that is not driven by a

The export clearStyle was not found in module [project]/components/motion/dom.ts [app-client] (ecmascript).
Did you mean to import clearStyles?
All exports of the module are statically known (It doesn't have dynamic exports). So it's known statically that the requested export doesn't exist.

Import traces:
  Client Component Browser:
    ./components/motion/hero.ts [Client Component Browser]
    ./components/motion/hero-scope.tsx [Client Component Browser]
    ./components/motion/hero-scope.tsx [Server Component]
    ./app/[locale]/page.tsx [Server Component]

  Client Component SSR:
    ./components/motion/hero.ts [Client Component SSR]
    ./components/motion/hero-scope.tsx [Client Component SSR]
    ./components/motion/hero-scope.tsx [Server Component]
    ./app/[locale]/page.tsx [Server Component] @ http://localhost:3000/_next/static/chunks/node_modules_next_dist_0u_w_5s._.js:1945
[   28701ms] [ERROR] ./components/motion/hero.ts:3:1
Export clearStyle doesn't exist in target module
  1 | import { animate, stagger } from "motion"
  2 | import { DUR, EASE, ms } from "./tokens"
> 3 | import { setStyle, clearStyle } from "./dom"
    | ^^^^^^^^^^^^^^^^^^^^^^^^^^^^^^^^^^^^^^^^^^^^
  4 |
  5 | /**
  6 |  * The hero's motion, and the only motion left on the page that is not driven by a

The export clearStyle was not found in module [project]/components/motion/dom.ts [app-ssr] (ecmascript).
Did you mean to import clearStyles?
All exports of the module are statically known (It doesn't have dynamic exports). So it's known statically that the requested export doesn't exist.

Import traces:
  Client Component Browser:
    ./components/motion/hero.ts [Client Component Browser]
    ./components/motion/hero-scope.tsx [Client Component Browser]
    ./components/motion/hero-scope.tsx [Server Component]
    ./app/[locale]/page.tsx [Server Component]

  Client Component SSR:
    ./components/motion/hero.ts [Client Component SSR]
    ./components/motion/hero-scope.tsx [Client Component SSR]
    ./components/motion/hero-scope.tsx [Server Component]
    ./app/[locale]/page.tsx [Server Component] @ http://localhost:3000/_next/static/chunks/node_modules_next_dist_0u_w_5s._.js:1945
[   28702ms] [ERROR] ./components/motion/hero.ts:3:1
Export setStyle doesn't exist in target module
  1 | import { animate, stagger } from "motion"
  2 | import { DUR, EASE, ms } from "./tokens"
> 3 | import { setStyle, clearStyle } from "./dom"
    | ^^^^^^^^^^^^^^^^^^^^^^^^^^^^^^^^^^^^^^^^^^^^
  4 |
  5 | /**
  6 |  * The hero's motion, and the only motion left on the page that is not driven by a

The export setStyle was not found in module [project]/components/motion/dom.ts [app-client] (ecmascript).
Did you mean to import setStyles?
All exports of the module are statically known (It doesn't have dynamic exports). So it's known statically that the requested export doesn't exist.

Import traces:
  Client Component Browser:
    ./components/motion/hero.ts [Client Component Browser]
    ./components/motion/hero-scope.tsx [Client Component Browser]
    ./components/motion/hero-scope.tsx [Server Component]
    ./app/[locale]/page.tsx [Server Component]

  Client Component SSR:
    ./components/motion/hero.ts [Client Component SSR]
    ./components/motion/hero-scope.tsx [Client Component SSR]
    ./components/motion/hero-scope.tsx [Server Component]
    ./app/[locale]/page.tsx [Server Component] @ http://localhost:3000/_next/static/chunks/node_modules_next_dist_0u_w_5s._.js:1945
[   28702ms] [ERROR] ./components/motion/hero.ts:3:1
Export setStyle doesn't exist in target module
  1 | import { animate, stagger } from "motion"
  2 | import { DUR, EASE, ms } from "./tokens"
> 3 | import { setStyle, clearStyle } from "./dom"
    | ^^^^^^^^^^^^^^^^^^^^^^^^^^^^^^^^^^^^^^^^^^^^
  4 |
  5 | /**
  6 |  * The hero's motion, and the only motion left on the page that is not driven by a

The export setStyle was not found in module [project]/components/motion/dom.ts [app-ssr] (ecmascript).
Did you mean to import setStyles?
All exports of the module are statically known (It doesn't have dynamic exports). So it's known statically that the requested export doesn't exist.

Import traces:
  Client Component Browser:
    ./components/motion/hero.ts [Client Component Browser]
    ./components/motion/hero-scope.tsx [Client Component Browser]
    ./components/motion/hero-scope.tsx [Server Component]
    ./app/[locale]/page.tsx [Server Component]

  Client Component SSR:
    ./components/motion/hero.ts [Client Component SSR]
    ./components/motion/hero-scope.tsx [Client Component SSR]
    ./components/motion/hero-scope.tsx [Server Component]
    ./app/[locale]/page.tsx [Server Component] @ http://localhost:3000/_next/static/chunks/node_modules_next_dist_0u_w_5s._.js:1945
[   28764ms] [ERROR] ./components/motion/hero.ts:3:1
Export clearStyle doesn't exist in target module
  1 | import { animate, stagger } from "motion"
  2 | import { DUR, EASE, ms } from "./tokens"
> 3 | import { setStyle, clearStyle } from "./dom"
    | ^^^^^^^^^^^^^^^^^^^^^^^^^^^^^^^^^^^^^^^^^^^^
  4 |
  5 | /**
  6 |  * The hero's motion, and the only motion left on the page that is not driven by a

The export clearStyle was not found in module [project]/components/motion/dom.ts [app-client] (ecmascript).
Did you mean to import clearStyles?
All exports of the module are statically known (It doesn't have dynamic exports). So it's known statically that the requested export doesn't exist.

Import traces:
  Client Component Browser:
    ./components/motion/hero.ts [Client Component Browser]
    ./components/motion/hero-scope.tsx [Client Component Browser]
    ./components/motion/hero-scope.tsx [Server Component]
    ./app/[locale]/page.tsx [Server Component]

  Client Component SSR:
    ./components/motion/hero.ts [Client Component SSR]
    ./components/motion/hero-scope.tsx [Client Component SSR]
    ./components/motion/hero-scope.tsx [Server Component]
    ./app/[locale]/page.tsx [Server Component] @ http://localhost:3000/_next/static/chunks/node_modules_next_dist_0u_w_5s._.js:1945
[   28764ms] [ERROR] ./components/motion/hero.ts:3:1
Export clearStyle doesn't exist in target module
  1 | import { animate, stagger } from "motion"
  2 | import { DUR, EASE, ms } from "./tokens"
> 3 | import { setStyle, clearStyle } from "./dom"
    | ^^^^^^^^^^^^^^^^^^^^^^^^^^^^^^^^^^^^^^^^^^^^
  4 |
  5 | /**
  6 |  * The hero's motion, and the only motion left on the page that is not driven by a

The export clearStyle was not found in module [project]/components/motion/dom.ts [app-ssr] (ecmascript).
Did you mean to import clearStyles?
All exports of the module are statically known (It doesn't have dynamic exports). So it's known statically that the requested export doesn't exist.

Import traces:
  Client Component Browser:
    ./components/motion/hero.ts [Client Component Browser]
    ./components/motion/hero-scope.tsx [Client Component Browser]
    ./components/motion/hero-scope.tsx [Server Component]
    ./app/[locale]/page.tsx [Server Component]

  Client Component SSR:
    ./components/motion/hero.ts [Client Component SSR]
    ./components/motion/hero-scope.tsx [Client Component SSR]
    ./components/motion/hero-scope.tsx [Server Component]
    ./app/[locale]/page.tsx [Server Component] @ http://localhost:3000/_next/static/chunks/node_modules_next_dist_0u_w_5s._.js:1945
[   28764ms] [ERROR] ./components/motion/hero.ts:3:1
Export setStyle doesn't exist in target module
  1 | import { animate, stagger } from "motion"
  2 | import { DUR, EASE, ms } from "./tokens"
> 3 | import { setStyle, clearStyle } from "./dom"
    | ^^^^^^^^^^^^^^^^^^^^^^^^^^^^^^^^^^^^^^^^^^^^
  4 |
  5 | /**
  6 |  * The hero's motion, and the only motion left on the page that is not driven by a

The export setStyle was not found in module [project]/components/motion/dom.ts [app-client] (ecmascript).
Did you mean to import setStyles?
All exports of the module are statically known (It doesn't have dynamic exports). So it's known statically that the requested export doesn't exist.

Import traces:
  Client Component Browser:
    ./components/motion/hero.ts [Client Component Browser]
    ./components/motion/hero-scope.tsx [Client Component Browser]
    ./components/motion/hero-scope.tsx [Server Component]
    ./app/[locale]/page.tsx [Server Component]

  Client Component SSR:
    ./components/motion/hero.ts [Client Component SSR]
    ./components/motion/hero-scope.tsx [Client Component SSR]
    ./components/motion/hero-scope.tsx [Server Component]
    ./app/[locale]/page.tsx [Server Component] @ http://localhost:3000/_next/static/chunks/node_modules_next_dist_0u_w_5s._.js:1945
[   28765ms] [ERROR] ./components/motion/hero.ts:3:1
Export setStyle doesn't exist in target module
  1 | import { animate, stagger } from "motion"
  2 | import { DUR, EASE, ms } from "./tokens"
> 3 | import { setStyle, clearStyle } from "./dom"
    | ^^^^^^^^^^^^^^^^^^^^^^^^^^^^^^^^^^^^^^^^^^^^
  4 |
  5 | /**
  6 |  * The hero's motion, and the only motion left on the page that is not driven by a

The export setStyle was not found in module [project]/components/motion/dom.ts [app-ssr] (ecmascript).
Did you mean to import setStyles?
All exports of the module are statically known (It doesn't have dynamic exports). So it's known statically that the requested export doesn't exist.

Import traces:
  Client Component Browser:
    ./components/motion/hero.ts [Client Component Browser]
    ./components/motion/hero-scope.tsx [Client Component Browser]
    ./components/motion/hero-scope.tsx [Server Component]
    ./app/[locale]/page.tsx [Server Component]

  Client Component SSR:
    ./components/motion/hero.ts [Client Component SSR]
    ./components/motion/hero-scope.tsx [Client Component SSR]
    ./components/motion/hero-scope.tsx [Server Component]
    ./app/[locale]/page.tsx [Server Component] @ http://localhost:3000/_next/static/chunks/node_modules_next_dist_0u_w_5s._.js:1945
[   28826ms] [ERROR] ./components/motion/hero.ts:3:1
Export clearStyle doesn't exist in target module
  1 | import { animate, stagger } from "motion"
  2 | import { DUR, EASE, ms } from "./tokens"
> 3 | import { setStyle, clearStyle } from "./dom"
    | ^^^^^^^^^^^^^^^^^^^^^^^^^^^^^^^^^^^^^^^^^^^^
  4 |
  5 | /**
  6 |  * The hero's motion, and the only motion left on the page that is not driven by a

The export clearStyle was not found in module [project]/components/motion/dom.ts [app-client] (ecmascript).
Did you mean to import clearStyles?
All exports of the module are statically known (It doesn't have dynamic exports). So it's known statically that the requested export doesn't exist.

Import traces:
  Client Component Browser:
    ./components/motion/hero.ts [Client Component Browser]
    ./components/motion/hero-scope.tsx [Client Component Browser]
    ./components/motion/hero-scope.tsx [Server Component]
    ./app/[locale]/page.tsx [Server Component]

  Client Component SSR:
    ./components/motion/hero.ts [Client Component SSR]
    ./components/motion/hero-scope.tsx [Client Component SSR]
    ./components/motion/hero-scope.tsx [Server Component]
    ./app/[locale]/page.tsx [Server Component] @ http://localhost:3000/_next/static/chunks/node_modules_next_dist_0u_w_5s._.js:1945
[   28826ms] [ERROR] ./components/motion/hero.ts:3:1
Export clearStyle doesn't exist in target module
  1 | import { animate, stagger } from "motion"
  2 | import { DUR, EASE, ms } from "./tokens"
> 3 | import { setStyle, clearStyle } from "./dom"
    | ^^^^^^^^^^^^^^^^^^^^^^^^^^^^^^^^^^^^^^^^^^^^
  4 |
  5 | /**
  6 |  * The hero's motion, and the only motion left on the page that is not driven by a

The export clearStyle was not found in module [project]/components/motion/dom.ts [app-ssr] (ecmascript).
Did you mean to import clearStyles?
All exports of the module are statically known (It doesn't have dynamic exports). So it's known statically that the requested export doesn't exist.

Import traces:
  Client Component Browser:
    ./components/motion/hero.ts [Client Component Browser]
    ./components/motion/hero-scope.tsx [Client Component Browser]
    ./components/motion/hero-scope.tsx [Server Component]
    ./app/[locale]/page.tsx [Server Component]

  Client Component SSR:
    ./components/motion/hero.ts [Client Component SSR]
    ./components/motion/hero-scope.tsx [Client Component SSR]
    ./components/motion/hero-scope.tsx [Server Component]
    ./app/[locale]/page.tsx [Server Component] @ http://localhost:3000/_next/static/chunks/node_modules_next_dist_0u_w_5s._.js:1945
[   28826ms] [ERROR] ./components/motion/hero.ts:3:1
Export setStyle doesn't exist in target module
  1 | import { animate, stagger } from "motion"
  2 | import { DUR, EASE, ms } from "./tokens"
> 3 | import { setStyle, clearStyle } from "./dom"
    | ^^^^^^^^^^^^^^^^^^^^^^^^^^^^^^^^^^^^^^^^^^^^
  4 |
  5 | /**
  6 |  * The hero's motion, and the only motion left on the page that is not driven by a

The export setStyle was not found in module [project]/components/motion/dom.ts [app-client] (ecmascript).
Did you mean to import setStyles?
All exports of the module are statically known (It doesn't have dynamic exports). So it's known statically that the requested export doesn't exist.

Import traces:
  Client Component Browser:
    ./components/motion/hero.ts [Client Component Browser]
    ./components/motion/hero-scope.tsx [Client Component Browser]
    ./components/motion/hero-scope.tsx [Server Component]
    ./app/[locale]/page.tsx [Server Component]

  Client Component SSR:
    ./components/motion/hero.ts [Client Component SSR]
    ./components/motion/hero-scope.tsx [Client Component SSR]
    ./components/motion/hero-scope.tsx [Server Component]
    ./app/[locale]/page.tsx [Server Component] @ http://localhost:3000/_next/static/chunks/node_modules_next_dist_0u_w_5s._.js:1945
[   28826ms] [ERROR] ./components/motion/hero.ts:3:1
Export setStyle doesn't exist in target module
  1 | import { animate, stagger } from "motion"
  2 | import { DUR, EASE, ms } from "./tokens"
> 3 | import { setStyle, clearStyle } from "./dom"
    | ^^^^^^^^^^^^^^^^^^^^^^^^^^^^^^^^^^^^^^^^^^^^
  4 |
  5 | /**
  6 |  * The hero's motion, and the only motion left on the page that is not driven by a

The export setStyle was not found in module [project]/components/motion/dom.ts [app-ssr] (ecmascript).
Did you mean to import setStyles?
All exports of the module are statically known (It doesn't have dynamic exports). So it's known statically that the requested export doesn't exist.

Import traces:
  Client Component Browser:
    ./components/motion/hero.ts [Client Component Browser]
    ./components/motion/hero-scope.tsx [Client Component Browser]
    ./components/motion/hero-scope.tsx [Server Component]
    ./app/[locale]/page.tsx [Server Component]

  Client Component SSR:
    ./components/motion/hero.ts [Client Component SSR]
    ./components/motion/hero-scope.tsx [Client Component SSR]
    ./components/motion/hero-scope.tsx [Server Component]
    ./app/[locale]/page.tsx [Server Component] @ http://localhost:3000/_next/static/chunks/node_modules_next_dist_0u_w_5s._.js:1945
[   28888ms] [ERROR] ./components/motion/hero.ts:3:1
Export clearStyle doesn't exist in target module
  1 | import { animate, stagger } from "motion"
  2 | import { DUR, EASE, ms } from "./tokens"
> 3 | import { setStyle, clearStyle } from "./dom"
    | ^^^^^^^^^^^^^^^^^^^^^^^^^^^^^^^^^^^^^^^^^^^^
  4 |
  5 | /**
  6 |  * The hero's motion, and the only motion left on the page that is not driven by a

The export clearStyle was not found in module [project]/components/motion/dom.ts [app-client] (ecmascript).
Did you mean to import clearStyles?
All exports of the module are statically known (It doesn't have dynamic exports). So it's known statically that the requested export doesn't exist.

Import traces:
  Client Component Browser:
    ./components/motion/hero.ts [Client Component Browser]
    ./components/motion/hero-scope.tsx [Client Component Browser]
    ./components/motion/hero-scope.tsx [Server Component]
    ./app/[locale]/page.tsx [Server Component]

  Client Component SSR:
    ./components/motion/hero.ts [Client Component SSR]
    ./components/motion/hero-scope.tsx [Client Component SSR]
    ./components/motion/hero-scope.tsx [Server Component]
    ./app/[locale]/page.tsx [Server Component] @ http://localhost:3000/_next/static/chunks/node_modules_next_dist_0u_w_5s._.js:1945
[   28888ms] [ERROR] ./components/motion/hero.ts:3:1
Export clearStyle doesn't exist in target module
  1 | import { animate, stagger } from "motion"
  2 | import { DUR, EASE, ms } from "./tokens"
> 3 | import { setStyle, clearStyle } from "./dom"
    | ^^^^^^^^^^^^^^^^^^^^^^^^^^^^^^^^^^^^^^^^^^^^
  4 |
  5 | /**
  6 |  * The hero's motion, and the only motion left on the page that is not driven by a

The export clearStyle was not found in module [project]/components/motion/dom.ts [app-ssr] (ecmascript).
Did you mean to import clearStyles?
All exports of the module are statically known (It doesn't have dynamic exports). So it's known statically that the requested export doesn't exist.

Import traces:
  Client Component Browser:
    ./components/motion/hero.ts [Client Component Browser]
    ./components/motion/hero-scope.tsx [Client Component Browser]
    ./components/motion/hero-scope.tsx [Server Component]
    ./app/[locale]/page.tsx [Server Component]

  Client Component SSR:
    ./components/motion/hero.ts [Client Component SSR]
    ./components/motion/hero-scope.tsx [Client Component SSR]
    ./components/motion/hero-scope.tsx [Server Component]
    ./app/[locale]/page.tsx [Server Component] @ http://localhost:3000/_next/static/chunks/node_modules_next_dist_0u_w_5s._.js:1945
[   28888ms] [ERROR] ./components/motion/hero.ts:3:1
Export setStyle doesn't exist in target module
  1 | import { animate, stagger } from "motion"
  2 | import { DUR, EASE, ms } from "./tokens"
> 3 | import { setStyle, clearStyle } from "./dom"
    | ^^^^^^^^^^^^^^^^^^^^^^^^^^^^^^^^^^^^^^^^^^^^
  4 |
  5 | /**
  6 |  * The hero's motion, and the only motion left on the page that is not driven by a

The export setStyle was not found in module [project]/components/motion/dom.ts [app-client] (ecmascript).
Did you mean to import setStyles?
All exports of the module are statically known (It doesn't have dynamic exports). So it's known statically that the requested export doesn't exist.

Import traces:
  Client Component Browser:
    ./components/motion/hero.ts [Client Component Browser]
    ./components/motion/hero-scope.tsx [Client Component Browser]
    ./components/motion/hero-scope.tsx [Server Component]
    ./app/[locale]/page.tsx [Server Component]

  Client Component SSR:
    ./components/motion/hero.ts [Client Component SSR]
    ./components/motion/hero-scope.tsx [Client Component SSR]
    ./components/motion/hero-scope.tsx [Server Component]
    ./app/[locale]/page.tsx [Server Component] @ http://localhost:3000/_next/static/chunks/node_modules_next_dist_0u_w_5s._.js:1945
[   28889ms] [ERROR] ./components/motion/hero.ts:3:1
Export setStyle doesn't exist in target module
  1 | import { animate, stagger } from "motion"
  2 | import { DUR, EASE, ms } from "./tokens"
> 3 | import { setStyle, clearStyle } from "./dom"
    | ^^^^^^^^^^^^^^^^^^^^^^^^^^^^^^^^^^^^^^^^^^^^
  4 |
  5 | /**
  6 |  * The hero's motion, and the only motion left on the page that is not driven by a

The export setStyle was not found in module [project]/components/motion/dom.ts [app-ssr] (ecmascript).
Did you mean to import setStyles?
All exports of the module are statically known (It doesn't have dynamic exports). So it's known statically that the requested export doesn't exist.

Import traces:
  Client Component Browser:
    ./components/motion/hero.ts [Client Component Browser]
    ./components/motion/hero-scope.tsx [Client Component Browser]
    ./components/motion/hero-scope.tsx [Server Component]
    ./app/[locale]/page.tsx [Server Component]

  Client Component SSR:
    ./components/motion/hero.ts [Client Component SSR]
    ./components/motion/hero-scope.tsx [Client Component SSR]
    ./components/motion/hero-scope.tsx [Server Component]
    ./app/[locale]/page.tsx [Server Component] @ http://localhost:3000/_next/static/chunks/node_modules_next_dist_0u_w_5s._.js:1945
[   28951ms] [ERROR] ./components/motion/hero.ts:3:1
Export clearStyle doesn't exist in target module
  1 | import { animate, stagger } from "motion"
  2 | import { DUR, EASE, ms } from "./tokens"
> 3 | import { setStyle, clearStyle } from "./dom"
    | ^^^^^^^^^^^^^^^^^^^^^^^^^^^^^^^^^^^^^^^^^^^^
  4 |
  5 | /**
  6 |  * The hero's motion, and the only motion left on the page that is not driven by a

The export clearStyle was not found in module [project]/components/motion/dom.ts [app-client] (ecmascript).
Did you mean to import clearStyles?
All exports of the module are statically known (It doesn't have dynamic exports). So it's known statically that the requested export doesn't exist.

Import traces:
  Client Component Browser:
    ./components/motion/hero.ts [Client Component Browser]
    ./components/motion/hero-scope.tsx [Client Component Browser]
    ./components/motion/hero-scope.tsx [Server Component]
    ./app/[locale]/page.tsx [Server Component]

  Client Component SSR:
    ./components/motion/hero.ts [Client Component SSR]
    ./components/motion/hero-scope.tsx [Client Component SSR]
    ./components/motion/hero-scope.tsx [Server Component]
    ./app/[locale]/page.tsx [Server Component] @ http://localhost:3000/_next/static/chunks/node_modules_next_dist_0u_w_5s._.js:1945
[   28951ms] [ERROR] ./components/motion/hero.ts:3:1
Export clearStyle doesn't exist in target module
  1 | import { animate, stagger } from "motion"
  2 | import { DUR, EASE, ms } from "./tokens"
> 3 | import { setStyle, clearStyle } from "./dom"
    | ^^^^^^^^^^^^^^^^^^^^^^^^^^^^^^^^^^^^^^^^^^^^
  4 |
  5 | /**
  6 |  * The hero's motion, and the only motion left on the page that is not driven by a

The export clearStyle was not found in module [project]/components/motion/dom.ts [app-ssr] (ecmascript).
Did you mean to import clearStyles?
All exports of the module are statically known (It doesn't have dynamic exports). So it's known statically that the requested export doesn't exist.

Import traces:
  Client Component Browser:
    ./components/motion/hero.ts [Client Component Browser]
    ./components/motion/hero-scope.tsx [Client Component Browser]
    ./components/motion/hero-scope.tsx [Server Component]
    ./app/[locale]/page.tsx [Server Component]

  Client Component SSR:
    ./components/motion/hero.ts [Client Component SSR]
    ./components/motion/hero-scope.tsx [Client Component SSR]
    ./components/motion/hero-scope.tsx [Server Component]
    ./app/[locale]/page.tsx [Server Component] @ http://localhost:3000/_next/static/chunks/node_modules_next_dist_0u_w_5s._.js:1945
[   28951ms] [ERROR] ./components/motion/hero.ts:3:1
Export setStyle doesn't exist in target module
  1 | import { animate, stagger } from "motion"
  2 | import { DUR, EASE, ms } from "./tokens"
> 3 | import { setStyle, clearStyle } from "./dom"
    | ^^^^^^^^^^^^^^^^^^^^^^^^^^^^^^^^^^^^^^^^^^^^
  4 |
  5 | /**
  6 |  * The hero's motion, and the only motion left on the page that is not driven by a

The export setStyle was not found in module [project]/components/motion/dom.ts [app-client] (ecmascript).
Did you mean to import setStyles?
All exports of the module are statically known (It doesn't have dynamic exports). So it's known statically that the requested export doesn't exist.

Import traces:
  Client Component Browser:
    ./components/motion/hero.ts [Client Component Browser]
    ./components/motion/hero-scope.tsx [Client Component Browser]
    ./components/motion/hero-scope.tsx [Server Component]
    ./app/[locale]/page.tsx [Server Component]

  Client Component SSR:
    ./components/motion/hero.ts [Client Component SSR]
    ./components/motion/hero-scope.tsx [Client Component SSR]
    ./components/motion/hero-scope.tsx [Server Component]
    ./app/[locale]/page.tsx [Server Component] @ http://localhost:3000/_next/static/chunks/node_modules_next_dist_0u_w_5s._.js:1945
[   28951ms] [ERROR] ./components/motion/hero.ts:3:1
Export setStyle doesn't exist in target module
  1 | import { animate, stagger } from "motion"
  2 | import { DUR, EASE, ms } from "./tokens"
> 3 | import { setStyle, clearStyle } from "./dom"
    | ^^^^^^^^^^^^^^^^^^^^^^^^^^^^^^^^^^^^^^^^^^^^
  4 |
  5 | /**
  6 |  * The hero's motion, and the only motion left on the page that is not driven by a

The export setStyle was not found in module [project]/components/motion/dom.ts [app-ssr] (ecmascript).
Did you mean to import setStyles?
All exports of the module are statically known (It doesn't have dynamic exports). So it's known statically that the requested export doesn't exist.

Import traces:
  Client Component Browser:
    ./components/motion/hero.ts [Client Component Browser]
    ./components/motion/hero-scope.tsx [Client Component Browser]
    ./components/motion/hero-scope.tsx [Server Component]
    ./app/[locale]/page.tsx [Server Component]

  Client Component SSR:
    ./components/motion/hero.ts [Client Component SSR]
    ./components/motion/hero-scope.tsx [Client Component SSR]
    ./components/motion/hero-scope.tsx [Server Component]
    ./app/[locale]/page.tsx [Server Component] @ http://localhost:3000/_next/static/chunks/node_modules_next_dist_0u_w_5s._.js:1945
[   29014ms] [ERROR] ./components/motion/hero.ts:3:1
Export clearStyle doesn't exist in target module
  1 | import { animate, stagger } from "motion"
  2 | import { DUR, EASE, ms } from "./tokens"
> 3 | import { setStyle, clearStyle } from "./dom"
    | ^^^^^^^^^^^^^^^^^^^^^^^^^^^^^^^^^^^^^^^^^^^^
  4 |
  5 | /**
  6 |  * The hero's motion, and the only motion left on the page that is not driven by a

The export clearStyle was not found in module [project]/components/motion/dom.ts [app-client] (ecmascript).
Did you mean to import clearStyles?
All exports of the module are statically known (It doesn't have dynamic exports). So it's known statically that the requested export doesn't exist.

Import traces:
  Client Component Browser:
    ./components/motion/hero.ts [Client Component Browser]
    ./components/motion/hero-scope.tsx [Client Component Browser]
    ./components/motion/hero-scope.tsx [Server Component]
    ./app/[locale]/page.tsx [Server Component]

  Client Component SSR:
    ./components/motion/hero.ts [Client Component SSR]
    ./components/motion/hero-scope.tsx [Client Component SSR]
    ./components/motion/hero-scope.tsx [Server Component]
    ./app/[locale]/page.tsx [Server Component] @ http://localhost:3000/_next/static/chunks/node_modules_next_dist_0u_w_5s._.js:1945
[   29014ms] [ERROR] ./components/motion/hero.ts:3:1
Export clearStyle doesn't exist in target module
  1 | import { animate, stagger } from "motion"
  2 | import { DUR, EASE, ms } from "./tokens"
> 3 | import { setStyle, clearStyle } from "./dom"
    | ^^^^^^^^^^^^^^^^^^^^^^^^^^^^^^^^^^^^^^^^^^^^
  4 |
  5 | /**
  6 |  * The hero's motion, and the only motion left on the page that is not driven by a

The export clearStyle was not found in module [project]/components/motion/dom.ts [app-ssr] (ecmascript).
Did you mean to import clearStyles?
All exports of the module are statically known (It doesn't have dynamic exports). So it's known statically that the requested export doesn't exist.

Import traces:
  Client Component Browser:
    ./components/motion/hero.ts [Client Component Browser]
    ./components/motion/hero-scope.tsx [Client Component Browser]
    ./components/motion/hero-scope.tsx [Server Component]
    ./app/[locale]/page.tsx [Server Component]

  Client Component SSR:
    ./components/motion/hero.ts [Client Component SSR]
    ./components/motion/hero-scope.tsx [Client Component SSR]
    ./components/motion/hero-scope.tsx [Server Component]
    ./app/[locale]/page.tsx [Server Component] @ http://localhost:3000/_next/static/chunks/node_modules_next_dist_0u_w_5s._.js:1945
[   29014ms] [ERROR] ./components/motion/hero.ts:3:1
Export setStyle doesn't exist in target module
  1 | import { animate, stagger } from "motion"
  2 | import { DUR, EASE, ms } from "./tokens"
> 3 | import { setStyle, clearStyle } from "./dom"
    | ^^^^^^^^^^^^^^^^^^^^^^^^^^^^^^^^^^^^^^^^^^^^
  4 |
  5 | /**
  6 |  * The hero's motion, and the only motion left on the page that is not driven by a

The export setStyle was not found in module [project]/components/motion/dom.ts [app-client] (ecmascript).
Did you mean to import setStyles?
All exports of the module are statically known (It doesn't have dynamic exports). So it's known statically that the requested export doesn't exist.

Import traces:
  Client Component Browser:
    ./components/motion/hero.ts [Client Component Browser]
    ./components/motion/hero-scope.tsx [Client Component Browser]
    ./components/motion/hero-scope.tsx [Server Component]
    ./app/[locale]/page.tsx [Server Component]

  Client Component SSR:
    ./components/motion/hero.ts [Client Component SSR]
    ./components/motion/hero-scope.tsx [Client Component SSR]
    ./components/motion/hero-scope.tsx [Server Component]
    ./app/[locale]/page.tsx [Server Component] @ http://localhost:3000/_next/static/chunks/node_modules_next_dist_0u_w_5s._.js:1945
[   29014ms] [ERROR] ./components/motion/hero.ts:3:1
Export setStyle doesn't exist in target module
  1 | import { animate, stagger } from "motion"
  2 | import { DUR, EASE, ms } from "./tokens"
> 3 | import { setStyle, clearStyle } from "./dom"
    | ^^^^^^^^^^^^^^^^^^^^^^^^^^^^^^^^^^^^^^^^^^^^
  4 |
  5 | /**
  6 |  * The hero's motion, and the only motion left on the page that is not driven by a

The export setStyle was not found in module [project]/components/motion/dom.ts [app-ssr] (ecmascript).
Did you mean to import setStyles?
All exports of the module are statically known (It doesn't have dynamic exports). So it's known statically that the requested export doesn't exist.

Import traces:
  Client Component Browser:
    ./components/motion/hero.ts [Client Component Browser]
    ./components/motion/hero-scope.tsx [Client Component Browser]
    ./components/motion/hero-scope.tsx [Server Component]
    ./app/[locale]/page.tsx [Server Component]

  Client Component SSR:
    ./components/motion/hero.ts [Client Component SSR]
    ./components/motion/hero-scope.tsx [Client Component SSR]
    ./components/motion/hero-scope.tsx [Server Component]
    ./app/[locale]/page.tsx [Server Component] @ http://localhost:3000/_next/static/chunks/node_modules_next_dist_0u_w_5s._.js:1945
[   29075ms] [ERROR] ./components/motion/hero.ts:3:1
Export clearStyle doesn't exist in target module
  1 | import { animate, stagger } from "motion"
  2 | import { DUR, EASE, ms } from "./tokens"
> 3 | import { setStyle, clearStyle } from "./dom"
    | ^^^^^^^^^^^^^^^^^^^^^^^^^^^^^^^^^^^^^^^^^^^^
  4 |
  5 | /**
  6 |  * The hero's motion, and the only motion left on the page that is not driven by a

The export clearStyle was not found in module [project]/components/motion/dom.ts [app-client] (ecmascript).
Did you mean to import clearStyles?
All exports of the module are statically known (It doesn't have dynamic exports). So it's known statically that the requested export doesn't exist.

Import traces:
  Client Component Browser:
    ./components/motion/hero.ts [Client Component Browser]
    ./components/motion/hero-scope.tsx [Client Component Browser]
    ./components/motion/hero-scope.tsx [Server Component]
    ./app/[locale]/page.tsx [Server Component]

  Client Component SSR:
    ./components/motion/hero.ts [Client Component SSR]
    ./components/motion/hero-scope.tsx [Client Component SSR]
    ./components/motion/hero-scope.tsx [Server Component]
    ./app/[locale]/page.tsx [Server Component] @ http://localhost:3000/_next/static/chunks/node_modules_next_dist_0u_w_5s._.js:1945
[   29076ms] [ERROR] ./components/motion/hero.ts:3:1
Export clearStyle doesn't exist in target module
  1 | import { animate, stagger } from "motion"
  2 | import { DUR, EASE, ms } from "./tokens"
> 3 | import { setStyle, clearStyle } from "./dom"
    | ^^^^^^^^^^^^^^^^^^^^^^^^^^^^^^^^^^^^^^^^^^^^
  4 |
  5 | /**
  6 |  * The hero's motion, and the only motion left on the page that is not driven by a

The export clearStyle was not found in module [project]/components/motion/dom.ts [app-ssr] (ecmascript).
Did you mean to import clearStyles?
All exports of the module are statically known (It doesn't have dynamic exports). So it's known statically that the requested export doesn't exist.

Import traces:
  Client Component Browser:
    ./components/motion/hero.ts [Client Component Browser]
    ./components/motion/hero-scope.tsx [Client Component Browser]
    ./components/motion/hero-scope.tsx [Server Component]
    ./app/[locale]/page.tsx [Server Component]

  Client Component SSR:
    ./components/motion/hero.ts [Client Component SSR]
    ./components/motion/hero-scope.tsx [Client Component SSR]
    ./components/motion/hero-scope.tsx [Server Component]
    ./app/[locale]/page.tsx [Server Component] @ http://localhost:3000/_next/static/chunks/node_modules_next_dist_0u_w_5s._.js:1945
[   29076ms] [ERROR] ./components/motion/hero.ts:3:1
Export setStyle doesn't exist in target module
  1 | import { animate, stagger } from "motion"
  2 | import { DUR, EASE, ms } from "./tokens"
> 3 | import { setStyle, clearStyle } from "./dom"
    | ^^^^^^^^^^^^^^^^^^^^^^^^^^^^^^^^^^^^^^^^^^^^
  4 |
  5 | /**
  6 |  * The hero's motion, and the only motion left on the page that is not driven by a

The export setStyle was not found in module [project]/components/motion/dom.ts [app-client] (ecmascript).
Did you mean to import setStyles?
All exports of the module are statically known (It doesn't have dynamic exports). So it's known statically that the requested export doesn't exist.

Import traces:
  Client Component Browser:
    ./components/motion/hero.ts [Client Component Browser]
    ./components/motion/hero-scope.tsx [Client Component Browser]
    ./components/motion/hero-scope.tsx [Server Component]
    ./app/[locale]/page.tsx [Server Component]

  Client Component SSR:
    ./components/motion/hero.ts [Client Component SSR]
    ./components/motion/hero-scope.tsx [Client Component SSR]
    ./components/motion/hero-scope.tsx [Server Component]
    ./app/[locale]/page.tsx [Server Component] @ http://localhost:3000/_next/static/chunks/node_modules_next_dist_0u_w_5s._.js:1945
[   29076ms] [ERROR] ./components/motion/hero.ts:3:1
Export setStyle doesn't exist in target module
  1 | import { animate, stagger } from "motion"
  2 | import { DUR, EASE, ms } from "./tokens"
> 3 | import { setStyle, clearStyle } from "./dom"
    | ^^^^^^^^^^^^^^^^^^^^^^^^^^^^^^^^^^^^^^^^^^^^
  4 |
  5 | /**
  6 |  * The hero's motion, and the only motion left on the page that is not driven by a

The export setStyle was not found in module [project]/components/motion/dom.ts [app-ssr] (ecmascript).
Did you mean to import setStyles?
All exports of the module are statically known (It doesn't have dynamic exports). So it's known statically that the requested export doesn't exist.

Import traces:
  Client Component Browser:
    ./components/motion/hero.ts [Client Component Browser]
    ./components/motion/hero-scope.tsx [Client Component Browser]
    ./components/motion/hero-scope.tsx [Server Component]
    ./app/[locale]/page.tsx [Server Component]

  Client Component SSR:
    ./components/motion/hero.ts [Client Component SSR]
    ./components/motion/hero-scope.tsx [Client Component SSR]
    ./components/motion/hero-scope.tsx [Server Component]
    ./app/[locale]/page.tsx [Server Component] @ http://localhost:3000/_next/static/chunks/node_modules_next_dist_0u_w_5s._.js:1945
[   29139ms] [ERROR] ./components/motion/hero.ts:3:1
Export clearStyle doesn't exist in target module
  1 | import { animate, stagger } from "motion"
  2 | import { DUR, EASE, ms } from "./tokens"
> 3 | import { setStyle, clearStyle } from "./dom"
    | ^^^^^^^^^^^^^^^^^^^^^^^^^^^^^^^^^^^^^^^^^^^^
  4 |
  5 | /**
  6 |  * The hero's motion, and the only motion left on the page that is not driven by a

The export clearStyle was not found in module [project]/components/motion/dom.ts [app-client] (ecmascript).
Did you mean to import clearStyles?
All exports of the module are statically known (It doesn't have dynamic exports). So it's known statically that the requested export doesn't exist.

Import traces:
  Client Component Browser:
    ./components/motion/hero.ts [Client Component Browser]
    ./components/motion/hero-scope.tsx [Client Component Browser]
    ./components/motion/hero-scope.tsx [Server Component]
    ./app/[locale]/page.tsx [Server Component]

  Client Component SSR:
    ./components/motion/hero.ts [Client Component SSR]
    ./components/motion/hero-scope.tsx [Client Component SSR]
    ./components/motion/hero-scope.tsx [Server Component]
    ./app/[locale]/page.tsx [Server Component] @ http://localhost:3000/_next/static/chunks/node_modules_next_dist_0u_w_5s._.js:1945
[   29139ms] [ERROR] ./components/motion/hero.ts:3:1
Export clearStyle doesn't exist in target module
  1 | import { animate, stagger } from "motion"
  2 | import { DUR, EASE, ms } from "./tokens"
> 3 | import { setStyle, clearStyle } from "./dom"
    | ^^^^^^^^^^^^^^^^^^^^^^^^^^^^^^^^^^^^^^^^^^^^
  4 |
  5 | /**
  6 |  * The hero's motion, and the only motion left on the page that is not driven by a

The export clearStyle was not found in module [project]/components/motion/dom.ts [app-ssr] (ecmascript).
Did you mean to import clearStyles?
All exports of the module are statically known (It doesn't have dynamic exports). So it's known statically that the requested export doesn't exist.

Import traces:
  Client Component Browser:
    ./components/motion/hero.ts [Client Component Browser]
    ./components/motion/hero-scope.tsx [Client Component Browser]
    ./components/motion/hero-scope.tsx [Server Component]
    ./app/[locale]/page.tsx [Server Component]

  Client Component SSR:
    ./components/motion/hero.ts [Client Component SSR]
    ./components/motion/hero-scope.tsx [Client Component SSR]
    ./components/motion/hero-scope.tsx [Server Component]
    ./app/[locale]/page.tsx [Server Component] @ http://localhost:3000/_next/static/chunks/node_modules_next_dist_0u_w_5s._.js:1945
[   29139ms] [ERROR] ./components/motion/hero.ts:3:1
Export setStyle doesn't exist in target module
  1 | import { animate, stagger } from "motion"
  2 | import { DUR, EASE, ms } from "./tokens"
> 3 | import { setStyle, clearStyle } from "./dom"
    | ^^^^^^^^^^^^^^^^^^^^^^^^^^^^^^^^^^^^^^^^^^^^
  4 |
  5 | /**
  6 |  * The hero's motion, and the only motion left on the page that is not driven by a

The export setStyle was not found in module [project]/components/motion/dom.ts [app-client] (ecmascript).
Did you mean to import setStyles?
All exports of the module are statically known (It doesn't have dynamic exports). So it's known statically that the requested export doesn't exist.

Import traces:
  Client Component Browser:
    ./components/motion/hero.ts [Client Component Browser]
    ./components/motion/hero-scope.tsx [Client Component Browser]
    ./components/motion/hero-scope.tsx [Server Component]
    ./app/[locale]/page.tsx [Server Component]

  Client Component SSR:
    ./components/motion/hero.ts [Client Component SSR]
    ./components/motion/hero-scope.tsx [Client Component SSR]
    ./components/motion/hero-scope.tsx [Server Component]
    ./app/[locale]/page.tsx [Server Component] @ http://localhost:3000/_next/static/chunks/node_modules_next_dist_0u_w_5s._.js:1945
[   29139ms] [ERROR] ./components/motion/hero.ts:3:1
Export setStyle doesn't exist in target module
  1 | import { animate, stagger } from "motion"
  2 | import { DUR, EASE, ms } from "./tokens"
> 3 | import { setStyle, clearStyle } from "./dom"
    | ^^^^^^^^^^^^^^^^^^^^^^^^^^^^^^^^^^^^^^^^^^^^
  4 |
  5 | /**
  6 |  * The hero's motion, and the only motion left on the page that is not driven by a

The export setStyle was not found in module [project]/components/motion/dom.ts [app-ssr] (ecmascript).
Did you mean to import setStyles?
All exports of the module are statically known (It doesn't have dynamic exports). So it's known statically that the requested export doesn't exist.

Import traces:
  Client Component Browser:
    ./components/motion/hero.ts [Client Component Browser]
    ./components/motion/hero-scope.tsx [Client Component Browser]
    ./components/motion/hero-scope.tsx [Server Component]
    ./app/[locale]/page.tsx [Server Component]

  Client Component SSR:
    ./components/motion/hero.ts [Client Component SSR]
    ./components/motion/hero-scope.tsx [Client Component SSR]
    ./components/motion/hero-scope.tsx [Server Component]
    ./app/[locale]/page.tsx [Server Component] @ http://localhost:3000/_next/static/chunks/node_modules_next_dist_0u_w_5s._.js:1945
[   29200ms] [ERROR] ./components/motion/hero.ts:3:1
Export clearStyle doesn't exist in target module
  1 | import { animate, stagger } from "motion"
  2 | import { DUR, EASE, ms } from "./tokens"
> 3 | import { setStyle, clearStyle } from "./dom"
    | ^^^^^^^^^^^^^^^^^^^^^^^^^^^^^^^^^^^^^^^^^^^^
  4 |
  5 | /**
  6 |  * The hero's motion, and the only motion left on the page that is not driven by a

The export clearStyle was not found in module [project]/components/motion/dom.ts [app-client] (ecmascript).
Did you mean to import clearStyles?
All exports of the module are statically known (It doesn't have dynamic exports). So it's known statically that the requested export doesn't exist.

Import traces:
  Client Component Browser:
    ./components/motion/hero.ts [Client Component Browser]
    ./components/motion/hero-scope.tsx [Client Component Browser]
    ./components/motion/hero-scope.tsx [Server Component]
    ./app/[locale]/page.tsx [Server Component]

  Client Component SSR:
    ./components/motion/hero.ts [Client Component SSR]
    ./components/motion/hero-scope.tsx [Client Component SSR]
    ./components/motion/hero-scope.tsx [Server Component]
    ./app/[locale]/page.tsx [Server Component] @ http://localhost:3000/_next/static/chunks/node_modules_next_dist_0u_w_5s._.js:1945
[   29200ms] [ERROR] ./components/motion/hero.ts:3:1
Export clearStyle doesn't exist in target module
  1 | import { animate, stagger } from "motion"
  2 | import { DUR, EASE, ms } from "./tokens"
> 3 | import { setStyle, clearStyle } from "./dom"
    | ^^^^^^^^^^^^^^^^^^^^^^^^^^^^^^^^^^^^^^^^^^^^
  4 |
  5 | /**
  6 |  * The hero's motion, and the only motion left on the page that is not driven by a

The export clearStyle was not found in module [project]/components/motion/dom.ts [app-ssr] (ecmascript).
Did you mean to import clearStyles?
All exports of the module are statically known (It doesn't have dynamic exports). So it's known statically that the requested export doesn't exist.

Import traces:
  Client Component Browser:
    ./components/motion/hero.ts [Client Component Browser]
    ./components/motion/hero-scope.tsx [Client Component Browser]
    ./components/motion/hero-scope.tsx [Server Component]
    ./app/[locale]/page.tsx [Server Component]

  Client Component SSR:
    ./components/motion/hero.ts [Client Component SSR]
    ./components/motion/hero-scope.tsx [Client Component SSR]
    ./components/motion/hero-scope.tsx [Server Component]
    ./app/[locale]/page.tsx [Server Component] @ http://localhost:3000/_next/static/chunks/node_modules_next_dist_0u_w_5s._.js:1945
[   29201ms] [ERROR] ./components/motion/hero.ts:3:1
Export setStyle doesn't exist in target module
  1 | import { animate, stagger } from "motion"
  2 | import { DUR, EASE, ms } from "./tokens"
> 3 | import { setStyle, clearStyle } from "./dom"
    | ^^^^^^^^^^^^^^^^^^^^^^^^^^^^^^^^^^^^^^^^^^^^
  4 |
  5 | /**
  6 |  * The hero's motion, and the only motion left on the page that is not driven by a

The export setStyle was not found in module [project]/components/motion/dom.ts [app-client] (ecmascript).
Did you mean to import setStyles?
All exports of the module are statically known (It doesn't have dynamic exports). So it's known statically that the requested export doesn't exist.

Import traces:
  Client Component Browser:
    ./components/motion/hero.ts [Client Component Browser]
    ./components/motion/hero-scope.tsx [Client Component Browser]
    ./components/motion/hero-scope.tsx [Server Component]
    ./app/[locale]/page.tsx [Server Component]

  Client Component SSR:
    ./components/motion/hero.ts [Client Component SSR]
    ./components/motion/hero-scope.tsx [Client Component SSR]
    ./components/motion/hero-scope.tsx [Server Component]
    ./app/[locale]/page.tsx [Server Component] @ http://localhost:3000/_next/static/chunks/node_modules_next_dist_0u_w_5s._.js:1945
[   29201ms] [ERROR] ./components/motion/hero.ts:3:1
Export setStyle doesn't exist in target module
  1 | import { animate, stagger } from "motion"
  2 | import { DUR, EASE, ms } from "./tokens"
> 3 | import { setStyle, clearStyle } from "./dom"
    | ^^^^^^^^^^^^^^^^^^^^^^^^^^^^^^^^^^^^^^^^^^^^
  4 |
  5 | /**
  6 |  * The hero's motion, and the only motion left on the page that is not driven by a

The export setStyle was not found in module [project]/components/motion/dom.ts [app-ssr] (ecmascript).
Did you mean to import setStyles?
All exports of the module are statically known (It doesn't have dynamic exports). So it's known statically that the requested export doesn't exist.

Import traces:
  Client Component Browser:
    ./components/motion/hero.ts [Client Component Browser]
    ./components/motion/hero-scope.tsx [Client Component Browser]
    ./components/motion/hero-scope.tsx [Server Component]
    ./app/[locale]/page.tsx [Server Component]

  Client Component SSR:
    ./components/motion/hero.ts [Client Component SSR]
    ./components/motion/hero-scope.tsx [Client Component SSR]
    ./components/motion/hero-scope.tsx [Server Component]
    ./app/[locale]/page.tsx [Server Component] @ http://localhost:3000/_next/static/chunks/node_modules_next_dist_0u_w_5s._.js:1945
[   29263ms] [ERROR] ./components/motion/hero.ts:3:1
Export clearStyle doesn't exist in target module
  1 | import { animate, stagger } from "motion"
  2 | import { DUR, EASE, ms } from "./tokens"
> 3 | import { setStyle, clearStyle } from "./dom"
    | ^^^^^^^^^^^^^^^^^^^^^^^^^^^^^^^^^^^^^^^^^^^^
  4 |
  5 | /**
  6 |  * The hero's motion, and the only motion left on the page that is not driven by a

The export clearStyle was not found in module [project]/components/motion/dom.ts [app-client] (ecmascript).
Did you mean to import clearStyles?
All exports of the module are statically known (It doesn't have dynamic exports). So it's known statically that the requested export doesn't exist.

Import traces:
  Client Component Browser:
    ./components/motion/hero.ts [Client Component Browser]
    ./components/motion/hero-scope.tsx [Client Component Browser]
    ./components/motion/hero-scope.tsx [Server Component]
    ./app/[locale]/page.tsx [Server Component]

  Client Component SSR:
    ./components/motion/hero.ts [Client Component SSR]
    ./components/motion/hero-scope.tsx [Client Component SSR]
    ./components/motion/hero-scope.tsx [Server Component]
    ./app/[locale]/page.tsx [Server Component] @ http://localhost:3000/_next/static/chunks/node_modules_next_dist_0u_w_5s._.js:1945
[   29263ms] [ERROR] ./components/motion/hero.ts:3:1
Export clearStyle doesn't exist in target module
  1 | import { animate, stagger } from "motion"
  2 | import { DUR, EASE, ms } from "./tokens"
> 3 | import { setStyle, clearStyle } from "./dom"
    | ^^^^^^^^^^^^^^^^^^^^^^^^^^^^^^^^^^^^^^^^^^^^
  4 |
  5 | /**
  6 |  * The hero's motion, and the only motion left on the page that is not driven by a

The export clearStyle was not found in module [project]/components/motion/dom.ts [app-ssr] (ecmascript).
Did you mean to import clearStyles?
All exports of the module are statically known (It doesn't have dynamic exports). So it's known statically that the requested export doesn't exist.

Import traces:
  Client Component Browser:
    ./components/motion/hero.ts [Client Component Browser]
    ./components/motion/hero-scope.tsx [Client Component Browser]
    ./components/motion/hero-scope.tsx [Server Component]
    ./app/[locale]/page.tsx [Server Component]

  Client Component SSR:
    ./components/motion/hero.ts [Client Component SSR]
    ./components/motion/hero-scope.tsx [Client Component SSR]
    ./components/motion/hero-scope.tsx [Server Component]
    ./app/[locale]/page.tsx [Server Component] @ http://localhost:3000/_next/static/chunks/node_modules_next_dist_0u_w_5s._.js:1945
[   29263ms] [ERROR] ./components/motion/hero.ts:3:1
Export setStyle doesn't exist in target module
  1 | import { animate, stagger } from "motion"
  2 | import { DUR, EASE, ms } from "./tokens"
> 3 | import { setStyle, clearStyle } from "./dom"
    | ^^^^^^^^^^^^^^^^^^^^^^^^^^^^^^^^^^^^^^^^^^^^
  4 |
  5 | /**
  6 |  * The hero's motion, and the only motion left on the page that is not driven by a

The export setStyle was not found in module [project]/components/motion/dom.ts [app-client] (ecmascript).
Did you mean to import setStyles?
All exports of the module are statically known (It doesn't have dynamic exports). So it's known statically that the requested export doesn't exist.

Import traces:
  Client Component Browser:
    ./components/motion/hero.ts [Client Component Browser]
    ./components/motion/hero-scope.tsx [Client Component Browser]
    ./components/motion/hero-scope.tsx [Server Component]
    ./app/[locale]/page.tsx [Server Component]

  Client Component SSR:
    ./components/motion/hero.ts [Client Component SSR]
    ./components/motion/hero-scope.tsx [Client Component SSR]
    ./components/motion/hero-scope.tsx [Server Component]
    ./app/[locale]/page.tsx [Server Component] @ http://localhost:3000/_next/static/chunks/node_modules_next_dist_0u_w_5s._.js:1945
[   29263ms] [ERROR] ./components/motion/hero.ts:3:1
Export setStyle doesn't exist in target module
  1 | import { animate, stagger } from "motion"
  2 | import { DUR, EASE, ms } from "./tokens"
> 3 | import { setStyle, clearStyle } from "./dom"
    | ^^^^^^^^^^^^^^^^^^^^^^^^^^^^^^^^^^^^^^^^^^^^
  4 |
  5 | /**
  6 |  * The hero's motion, and the only motion left on the page that is not driven by a

The export setStyle was not found in module [project]/components/motion/dom.ts [app-ssr] (ecmascript).
Did you mean to import setStyles?
All exports of the module are statically known (It doesn't have dynamic exports). So it's known statically that the requested export doesn't exist.

Import traces:
  Client Component Browser:
    ./components/motion/hero.ts [Client Component Browser]
    ./components/motion/hero-scope.tsx [Client Component Browser]
    ./components/motion/hero-scope.tsx [Server Component]
    ./app/[locale]/page.tsx [Server Component]

  Client Component SSR:
    ./components/motion/hero.ts [Client Component SSR]
    ./components/motion/hero-scope.tsx [Client Component SSR]
    ./components/motion/hero-scope.tsx [Server Component]
    ./app/[locale]/page.tsx [Server Component] @ http://localhost:3000/_next/static/chunks/node_modules_next_dist_0u_w_5s._.js:1945
[   29324ms] [ERROR] ./components/motion/hero.ts:3:1
Export clearStyle doesn't exist in target module
  1 | import { animate, stagger } from "motion"
  2 | import { DUR, EASE, ms } from "./tokens"
> 3 | import { setStyle, clearStyle } from "./dom"
    | ^^^^^^^^^^^^^^^^^^^^^^^^^^^^^^^^^^^^^^^^^^^^
  4 |
  5 | /**
  6 |  * The hero's motion, and the only motion left on the page that is not driven by a

The export clearStyle was not found in module [project]/components/motion/dom.ts [app-client] (ecmascript).
Did you mean to import clearStyles?
All exports of the module are statically known (It doesn't have dynamic exports). So it's known statically that the requested export doesn't exist.

Import traces:
  Client Component Browser:
    ./components/motion/hero.ts [Client Component Browser]
    ./components/motion/hero-scope.tsx [Client Component Browser]
    ./components/motion/hero-scope.tsx [Server Component]
    ./app/[locale]/page.tsx [Server Component]

  Client Component SSR:
    ./components/motion/hero.ts [Client Component SSR]
    ./components/motion/hero-scope.tsx [Client Component SSR]
    ./components/motion/hero-scope.tsx [Server Component]
    ./app/[locale]/page.tsx [Server Component] @ http://localhost:3000/_next/static/chunks/node_modules_next_dist_0u_w_5s._.js:1945
[   29324ms] [ERROR] ./components/motion/hero.ts:3:1
Export clearStyle doesn't exist in target module
  1 | import { animate, stagger } from "motion"
  2 | import { DUR, EASE, ms } from "./tokens"
> 3 | import { setStyle, clearStyle } from "./dom"
    | ^^^^^^^^^^^^^^^^^^^^^^^^^^^^^^^^^^^^^^^^^^^^
  4 |
  5 | /**
  6 |  * The hero's motion, and the only motion left on the page that is not driven by a

The export clearStyle was not found in module [project]/components/motion/dom.ts [app-ssr] (ecmascript).
Did you mean to import clearStyles?
All exports of the module are statically known (It doesn't have dynamic exports). So it's known statically that the requested export doesn't exist.

Import traces:
  Client Component Browser:
    ./components/motion/hero.ts [Client Component Browser]
    ./components/motion/hero-scope.tsx [Client Component Browser]
    ./components/motion/hero-scope.tsx [Server Component]
    ./app/[locale]/page.tsx [Server Component]

  Client Component SSR:
    ./components/motion/hero.ts [Client Component SSR]
    ./components/motion/hero-scope.tsx [Client Component SSR]
    ./components/motion/hero-scope.tsx [Server Component]
    ./app/[locale]/page.tsx [Server Component] @ http://localhost:3000/_next/static/chunks/node_modules_next_dist_0u_w_5s._.js:1945
[   29324ms] [ERROR] ./components/motion/hero.ts:3:1
Export setStyle doesn't exist in target module
  1 | import { animate, stagger } from "motion"
  2 | import { DUR, EASE, ms } from "./tokens"
> 3 | import { setStyle, clearStyle } from "./dom"
    | ^^^^^^^^^^^^^^^^^^^^^^^^^^^^^^^^^^^^^^^^^^^^
  4 |
  5 | /**
  6 |  * The hero's motion, and the only motion left on the page that is not driven by a

The export setStyle was not found in module [project]/components/motion/dom.ts [app-client] (ecmascript).
Did you mean to import setStyles?
All exports of the module are statically known (It doesn't have dynamic exports). So it's known statically that the requested export doesn't exist.

Import traces:
  Client Component Browser:
    ./components/motion/hero.ts [Client Component Browser]
    ./components/motion/hero-scope.tsx [Client Component Browser]
    ./components/motion/hero-scope.tsx [Server Component]
    ./app/[locale]/page.tsx [Server Component]

  Client Component SSR:
    ./components/motion/hero.ts [Client Component SSR]
    ./components/motion/hero-scope.tsx [Client Component SSR]
    ./components/motion/hero-scope.tsx [Server Component]
    ./app/[locale]/page.tsx [Server Component] @ http://localhost:3000/_next/static/chunks/node_modules_next_dist_0u_w_5s._.js:1945
[   29324ms] [ERROR] ./components/motion/hero.ts:3:1
Export setStyle doesn't exist in target module
  1 | import { animate, stagger } from "motion"
  2 | import { DUR, EASE, ms } from "./tokens"
> 3 | import { setStyle, clearStyle } from "./dom"
    | ^^^^^^^^^^^^^^^^^^^^^^^^^^^^^^^^^^^^^^^^^^^^
  4 |
  5 | /**
  6 |  * The hero's motion, and the only motion left on the page that is not driven by a

The export setStyle was not found in module [project]/components/motion/dom.ts [app-ssr] (ecmascript).
Did you mean to import setStyles?
All exports of the module are statically known (It doesn't have dynamic exports). So it's known statically that the requested export doesn't exist.

Import traces:
  Client Component Browser:
    ./components/motion/hero.ts [Client Component Browser]
    ./components/motion/hero-scope.tsx [Client Component Browser]
    ./components/motion/hero-scope.tsx [Server Component]
    ./app/[locale]/page.tsx [Server Component]

  Client Component SSR:
    ./components/motion/hero.ts [Client Component SSR]
    ./components/motion/hero-scope.tsx [Client Component SSR]
    ./components/motion/hero-scope.tsx [Server Component]
    ./app/[locale]/page.tsx [Server Component] @ http://localhost:3000/_next/static/chunks/node_modules_next_dist_0u_w_5s._.js:1945
[   29387ms] [ERROR] ./components/motion/hero.ts:3:1
Export clearStyle doesn't exist in target module
  1 | import { animate, stagger } from "motion"
  2 | import { DUR, EASE, ms } from "./tokens"
> 3 | import { setStyle, clearStyle } from "./dom"
    | ^^^^^^^^^^^^^^^^^^^^^^^^^^^^^^^^^^^^^^^^^^^^
  4 |
  5 | /**
  6 |  * The hero's motion, and the only motion left on the page that is not driven by a

The export clearStyle was not found in module [project]/components/motion/dom.ts [app-client] (ecmascript).
Did you mean to import clearStyles?
All exports of the module are statically known (It doesn't have dynamic exports). So it's known statically that the requested export doesn't exist.

Import traces:
  Client Component Browser:
    ./components/motion/hero.ts [Client Component Browser]
    ./components/motion/hero-scope.tsx [Client Component Browser]
    ./components/motion/hero-scope.tsx [Server Component]
    ./app/[locale]/page.tsx [Server Component]

  Client Component SSR:
    ./components/motion/hero.ts [Client Component SSR]
    ./components/motion/hero-scope.tsx [Client Component SSR]
    ./components/motion/hero-scope.tsx [Server Component]
    ./app/[locale]/page.tsx [Server Component] @ http://localhost:3000/_next/static/chunks/node_modules_next_dist_0u_w_5s._.js:1945
[   29387ms] [ERROR] ./components/motion/hero.ts:3:1
Export clearStyle doesn't exist in target module
  1 | import { animate, stagger } from "motion"
  2 | import { DUR, EASE, ms } from "./tokens"
> 3 | import { setStyle, clearStyle } from "./dom"
    | ^^^^^^^^^^^^^^^^^^^^^^^^^^^^^^^^^^^^^^^^^^^^
  4 |
  5 | /**
  6 |  * The hero's motion, and the only motion left on the page that is not driven by a

The export clearStyle was not found in module [project]/components/motion/dom.ts [app-ssr] (ecmascript).
Did you mean to import clearStyles?
All exports of the module are statically known (It doesn't have dynamic exports). So it's known statically that the requested export doesn't exist.

Import traces:
  Client Component Browser:
    ./components/motion/hero.ts [Client Component Browser]
    ./components/motion/hero-scope.tsx [Client Component Browser]
    ./components/motion/hero-scope.tsx [Server Component]
    ./app/[locale]/page.tsx [Server Component]

  Client Component SSR:
    ./components/motion/hero.ts [Client Component SSR]
    ./components/motion/hero-scope.tsx [Client Component SSR]
    ./components/motion/hero-scope.tsx [Server Component]
    ./app/[locale]/page.tsx [Server Component] @ http://localhost:3000/_next/static/chunks/node_modules_next_dist_0u_w_5s._.js:1945
[   29387ms] [ERROR] ./components/motion/hero.ts:3:1
Export setStyle doesn't exist in target module
  1 | import { animate, stagger } from "motion"
  2 | import { DUR, EASE, ms } from "./tokens"
> 3 | import { setStyle, clearStyle } from "./dom"
    | ^^^^^^^^^^^^^^^^^^^^^^^^^^^^^^^^^^^^^^^^^^^^
  4 |
  5 | /**
  6 |  * The hero's motion, and the only motion left on the page that is not driven by a

The export setStyle was not found in module [project]/components/motion/dom.ts [app-client] (ecmascript).
Did you mean to import setStyles?
All exports of the module are statically known (It doesn't have dynamic exports). So it's known statically that the requested export doesn't exist.

Import traces:
  Client Component Browser:
    ./components/motion/hero.ts [Client Component Browser]
    ./components/motion/hero-scope.tsx [Client Component Browser]
    ./components/motion/hero-scope.tsx [Server Component]
    ./app/[locale]/page.tsx [Server Component]

  Client Component SSR:
    ./components/motion/hero.ts [Client Component SSR]
    ./components/motion/hero-scope.tsx [Client Component SSR]
    ./components/motion/hero-scope.tsx [Server Component]
    ./app/[locale]/page.tsx [Server Component] @ http://localhost:3000/_next/static/chunks/node_modules_next_dist_0u_w_5s._.js:1945
[   29387ms] [ERROR] ./components/motion/hero.ts:3:1
Export setStyle doesn't exist in target module
  1 | import { animate, stagger } from "motion"
  2 | import { DUR, EASE, ms } from "./tokens"
> 3 | import { setStyle, clearStyle } from "./dom"
    | ^^^^^^^^^^^^^^^^^^^^^^^^^^^^^^^^^^^^^^^^^^^^
  4 |
  5 | /**
  6 |  * The hero's motion, and the only motion left on the page that is not driven by a

The export setStyle was not found in module [project]/components/motion/dom.ts [app-ssr] (ecmascript).
Did you mean to import setStyles?
All exports of the module are statically known (It doesn't have dynamic exports). So it's known statically that the requested export doesn't exist.

Import traces:
  Client Component Browser:
    ./components/motion/hero.ts [Client Component Browser]
    ./components/motion/hero-scope.tsx [Client Component Browser]
    ./components/motion/hero-scope.tsx [Server Component]
    ./app/[locale]/page.tsx [Server Component]

  Client Component SSR:
    ./components/motion/hero.ts [Client Component SSR]
    ./components/motion/hero-scope.tsx [Client Component SSR]
    ./components/motion/hero-scope.tsx [Server Component]
    ./app/[locale]/page.tsx [Server Component] @ http://localhost:3000/_next/static/chunks/node_modules_next_dist_0u_w_5s._.js:1945
[   29448ms] [ERROR] ./components/motion/hero.ts:3:1
Export clearStyle doesn't exist in target module
  1 | import { animate, stagger } from "motion"
  2 | import { DUR, EASE, ms } from "./tokens"
> 3 | import { setStyle, clearStyle } from "./dom"
    | ^^^^^^^^^^^^^^^^^^^^^^^^^^^^^^^^^^^^^^^^^^^^
  4 |
  5 | /**
  6 |  * The hero's motion, and the only motion left on the page that is not driven by a

The export clearStyle was not found in module [project]/components/motion/dom.ts [app-client] (ecmascript).
Did you mean to import clearStyles?
All exports of the module are statically known (It doesn't have dynamic exports). So it's known statically that the requested export doesn't exist.

Import traces:
  Client Component Browser:
    ./components/motion/hero.ts [Client Component Browser]
    ./components/motion/hero-scope.tsx [Client Component Browser]
    ./components/motion/hero-scope.tsx [Server Component]
    ./app/[locale]/page.tsx [Server Component]

  Client Component SSR:
    ./components/motion/hero.ts [Client Component SSR]
    ./components/motion/hero-scope.tsx [Client Component SSR]
    ./components/motion/hero-scope.tsx [Server Component]
    ./app/[locale]/page.tsx [Server Component] @ http://localhost:3000/_next/static/chunks/node_modules_next_dist_0u_w_5s._.js:1945
[   29448ms] [ERROR] ./components/motion/hero.ts:3:1
Export clearStyle doesn't exist in target module
  1 | import { animate, stagger } from "motion"
  2 | import { DUR, EASE, ms } from "./tokens"
> 3 | import { setStyle, clearStyle } from "./dom"
    | ^^^^^^^^^^^^^^^^^^^^^^^^^^^^^^^^^^^^^^^^^^^^
  4 |
  5 | /**
  6 |  * The hero's motion, and the only motion left on the page that is not driven by a

The export clearStyle was not found in module [project]/components/motion/dom.ts [app-ssr] (ecmascript).
Did you mean to import clearStyles?
All exports of the module are statically known (It doesn't have dynamic exports). So it's known statically that the requested export doesn't exist.

Import traces:
  Client Component Browser:
    ./components/motion/hero.ts [Client Component Browser]
    ./components/motion/hero-scope.tsx [Client Component Browser]
    ./components/motion/hero-scope.tsx [Server Component]
    ./app/[locale]/page.tsx [Server Component]

  Client Component SSR:
    ./components/motion/hero.ts [Client Component SSR]
    ./components/motion/hero-scope.tsx [Client Component SSR]
    ./components/motion/hero-scope.tsx [Server Component]
    ./app/[locale]/page.tsx [Server Component] @ http://localhost:3000/_next/static/chunks/node_modules_next_dist_0u_w_5s._.js:1945
[   29448ms] [ERROR] ./components/motion/hero.ts:3:1
Export setStyle doesn't exist in target module
  1 | import { animate, stagger } from "motion"
  2 | import { DUR, EASE, ms } from "./tokens"
> 3 | import { setStyle, clearStyle } from "./dom"
    | ^^^^^^^^^^^^^^^^^^^^^^^^^^^^^^^^^^^^^^^^^^^^
  4 |
  5 | /**
  6 |  * The hero's motion, and the only motion left on the page that is not driven by a

The export setStyle was not found in module [project]/components/motion/dom.ts [app-client] (ecmascript).
Did you mean to import setStyles?
All exports of the module are statically known (It doesn't have dynamic exports). So it's known statically that the requested export doesn't exist.

Import traces:
  Client Component Browser:
    ./components/motion/hero.ts [Client Component Browser]
    ./components/motion/hero-scope.tsx [Client Component Browser]
    ./components/motion/hero-scope.tsx [Server Component]
    ./app/[locale]/page.tsx [Server Component]

  Client Component SSR:
    ./components/motion/hero.ts [Client Component SSR]
    ./components/motion/hero-scope.tsx [Client Component SSR]
    ./components/motion/hero-scope.tsx [Server Component]
    ./app/[locale]/page.tsx [Server Component] @ http://localhost:3000/_next/static/chunks/node_modules_next_dist_0u_w_5s._.js:1945
[   29448ms] [ERROR] ./components/motion/hero.ts:3:1
Export setStyle doesn't exist in target module
  1 | import { animate, stagger } from "motion"
  2 | import { DUR, EASE, ms } from "./tokens"
> 3 | import { setStyle, clearStyle } from "./dom"
    | ^^^^^^^^^^^^^^^^^^^^^^^^^^^^^^^^^^^^^^^^^^^^
  4 |
  5 | /**
  6 |  * The hero's motion, and the only motion left on the page that is not driven by a

The export setStyle was not found in module [project]/components/motion/dom.ts [app-ssr] (ecmascript).
Did you mean to import setStyles?
All exports of the module are statically known (It doesn't have dynamic exports). So it's known statically that the requested export doesn't exist.

Import traces:
  Client Component Browser:
    ./components/motion/hero.ts [Client Component Browser]
    ./components/motion/hero-scope.tsx [Client Component Browser]
    ./components/motion/hero-scope.tsx [Server Component]
    ./app/[locale]/page.tsx [Server Component]

  Client Component SSR:
    ./components/motion/hero.ts [Client Component SSR]
    ./components/motion/hero-scope.tsx [Client Component SSR]
    ./components/motion/hero-scope.tsx [Server Component]
    ./app/[locale]/page.tsx [Server Component] @ http://localhost:3000/_next/static/chunks/node_modules_next_dist_0u_w_5s._.js:1945
[   29511ms] [ERROR] ./components/motion/hero.ts:3:1
Export clearStyle doesn't exist in target module
  1 | import { animate, stagger } from "motion"
  2 | import { DUR, EASE, ms } from "./tokens"
> 3 | import { setStyle, clearStyle } from "./dom"
    | ^^^^^^^^^^^^^^^^^^^^^^^^^^^^^^^^^^^^^^^^^^^^
  4 |
  5 | /**
  6 |  * The hero's motion, and the only motion left on the page that is not driven by a

The export clearStyle was not found in module [project]/components/motion/dom.ts [app-client] (ecmascript).
Did you mean to import clearStyles?
All exports of the module are statically known (It doesn't have dynamic exports). So it's known statically that the requested export doesn't exist.

Import traces:
  Client Component Browser:
    ./components/motion/hero.ts [Client Component Browser]
    ./components/motion/hero-scope.tsx [Client Component Browser]
    ./components/motion/hero-scope.tsx [Server Component]
    ./app/[locale]/page.tsx [Server Component]

  Client Component SSR:
    ./components/motion/hero.ts [Client Component SSR]
    ./components/motion/hero-scope.tsx [Client Component SSR]
    ./components/motion/hero-scope.tsx [Server Component]
    ./app/[locale]/page.tsx [Server Component] @ http://localhost:3000/_next/static/chunks/node_modules_next_dist_0u_w_5s._.js:1945
[   29511ms] [ERROR] ./components/motion/hero.ts:3:1
Export clearStyle doesn't exist in target module
  1 | import { animate, stagger } from "motion"
  2 | import { DUR, EASE, ms } from "./tokens"
> 3 | import { setStyle, clearStyle } from "./dom"
    | ^^^^^^^^^^^^^^^^^^^^^^^^^^^^^^^^^^^^^^^^^^^^
  4 |
  5 | /**
  6 |  * The hero's motion, and the only motion left on the page that is not driven by a

The export clearStyle was not found in module [project]/components/motion/dom.ts [app-ssr] (ecmascript).
Did you mean to import clearStyles?
All exports of the module are statically known (It doesn't have dynamic exports). So it's known statically that the requested export doesn't exist.

Import traces:
  Client Component Browser:
    ./components/motion/hero.ts [Client Component Browser]
    ./components/motion/hero-scope.tsx [Client Component Browser]
    ./components/motion/hero-scope.tsx [Server Component]
    ./app/[locale]/page.tsx [Server Component]

  Client Component SSR:
    ./components/motion/hero.ts [Client Component SSR]
    ./components/motion/hero-scope.tsx [Client Component SSR]
    ./components/motion/hero-scope.tsx [Server Component]
    ./app/[locale]/page.tsx [Server Component] @ http://localhost:3000/_next/static/chunks/node_modules_next_dist_0u_w_5s._.js:1945
[   29511ms] [ERROR] ./components/motion/hero.ts:3:1
Export setStyle doesn't exist in target module
  1 | import { animate, stagger } from "motion"
  2 | import { DUR, EASE, ms } from "./tokens"
> 3 | import { setStyle, clearStyle } from "./dom"
    | ^^^^^^^^^^^^^^^^^^^^^^^^^^^^^^^^^^^^^^^^^^^^
  4 |
  5 | /**
  6 |  * The hero's motion, and the only motion left on the page that is not driven by a

The export setStyle was not found in module [project]/components/motion/dom.ts [app-client] (ecmascript).
Did you mean to import setStyles?
All exports of the module are statically known (It doesn't have dynamic exports). So it's known statically that the requested export doesn't exist.

Import traces:
  Client Component Browser:
    ./components/motion/hero.ts [Client Component Browser]
    ./components/motion/hero-scope.tsx [Client Component Browser]
    ./components/motion/hero-scope.tsx [Server Component]
    ./app/[locale]/page.tsx [Server Component]

  Client Component SSR:
    ./components/motion/hero.ts [Client Component SSR]
    ./components/motion/hero-scope.tsx [Client Component SSR]
    ./components/motion/hero-scope.tsx [Server Component]
    ./app/[locale]/page.tsx [Server Component] @ http://localhost:3000/_next/static/chunks/node_modules_next_dist_0u_w_5s._.js:1945
[   29511ms] [ERROR] ./components/motion/hero.ts:3:1
Export setStyle doesn't exist in target module
  1 | import { animate, stagger } from "motion"
  2 | import { DUR, EASE, ms } from "./tokens"
> 3 | import { setStyle, clearStyle } from "./dom"
    | ^^^^^^^^^^^^^^^^^^^^^^^^^^^^^^^^^^^^^^^^^^^^
  4 |
  5 | /**
  6 |  * The hero's motion, and the only motion left on the page that is not driven by a

The export setStyle was not found in module [project]/components/motion/dom.ts [app-ssr] (ecmascript).
Did you mean to import setStyles?
All exports of the module are statically known (It doesn't have dynamic exports). So it's known statically that the requested export doesn't exist.

Import traces:
  Client Component Browser:
    ./components/motion/hero.ts [Client Component Browser]
    ./components/motion/hero-scope.tsx [Client Component Browser]
    ./components/motion/hero-scope.tsx [Server Component]
    ./app/[locale]/page.tsx [Server Component]

  Client Component SSR:
    ./components/motion/hero.ts [Client Component SSR]
    ./components/motion/hero-scope.tsx [Client Component SSR]
    ./components/motion/hero-scope.tsx [Server Component]
    ./app/[locale]/page.tsx [Server Component] @ http://localhost:3000/_next/static/chunks/node_modules_next_dist_0u_w_5s._.js:1945
[   29574ms] [ERROR] ./components/motion/hero.ts:3:1
Export clearStyle doesn't exist in target module
  1 | import { animate, stagger } from "motion"
  2 | import { DUR, EASE, ms } from "./tokens"
> 3 | import { setStyle, clearStyle } from "./dom"
    | ^^^^^^^^^^^^^^^^^^^^^^^^^^^^^^^^^^^^^^^^^^^^
  4 |
  5 | /**
  6 |  * The hero's motion, and the only motion left on the page that is not driven by a

The export clearStyle was not found in module [project]/components/motion/dom.ts [app-client] (ecmascript).
Did you mean to import clearStyles?
All exports of the module are statically known (It doesn't have dynamic exports). So it's known statically that the requested export doesn't exist.

Import traces:
  Client Component Browser:
    ./components/motion/hero.ts [Client Component Browser]
    ./components/motion/hero-scope.tsx [Client Component Browser]
    ./components/motion/hero-scope.tsx [Server Component]
    ./app/[locale]/page.tsx [Server Component]

  Client Component SSR:
    ./components/motion/hero.ts [Client Component SSR]
    ./components/motion/hero-scope.tsx [Client Component SSR]
    ./components/motion/hero-scope.tsx [Server Component]
    ./app/[locale]/page.tsx [Server Component] @ http://localhost:3000/_next/static/chunks/node_modules_next_dist_0u_w_5s._.js:1945
[   29574ms] [ERROR] ./components/motion/hero.ts:3:1
Export clearStyle doesn't exist in target module
  1 | import { animate, stagger } from "motion"
  2 | import { DUR, EASE, ms } from "./tokens"
> 3 | import { setStyle, clearStyle } from "./dom"
    | ^^^^^^^^^^^^^^^^^^^^^^^^^^^^^^^^^^^^^^^^^^^^
  4 |
  5 | /**
  6 |  * The hero's motion, and the only motion left on the page that is not driven by a

The export clearStyle was not found in module [project]/components/motion/dom.ts [app-ssr] (ecmascript).
Did you mean to import clearStyles?
All exports of the module are statically known (It doesn't have dynamic exports). So it's known statically that the requested export doesn't exist.

Import traces:
  Client Component Browser:
    ./components/motion/hero.ts [Client Component Browser]
    ./components/motion/hero-scope.tsx [Client Component Browser]
    ./components/motion/hero-scope.tsx [Server Component]
    ./app/[locale]/page.tsx [Server Component]

  Client Component SSR:
    ./components/motion/hero.ts [Client Component SSR]
    ./components/motion/hero-scope.tsx [Client Component SSR]
    ./components/motion/hero-scope.tsx [Server Component]
    ./app/[locale]/page.tsx [Server Component] @ http://localhost:3000/_next/static/chunks/node_modules_next_dist_0u_w_5s._.js:1945
[   29574ms] [ERROR] ./components/motion/hero.ts:3:1
Export setStyle doesn't exist in target module
  1 | import { animate, stagger } from "motion"
  2 | import { DUR, EASE, ms } from "./tokens"
> 3 | import { setStyle, clearStyle } from "./dom"
    | ^^^^^^^^^^^^^^^^^^^^^^^^^^^^^^^^^^^^^^^^^^^^
  4 |
  5 | /**
  6 |  * The hero's motion, and the only motion left on the page that is not driven by a

The export setStyle was not found in module [project]/components/motion/dom.ts [app-client] (ecmascript).
Did you mean to import setStyles?
All exports of the module are statically known (It doesn't have dynamic exports). So it's known statically that the requested export doesn't exist.

Import traces:
  Client Component Browser:
    ./components/motion/hero.ts [Client Component Browser]
    ./components/motion/hero-scope.tsx [Client Component Browser]
    ./components/motion/hero-scope.tsx [Server Component]
    ./app/[locale]/page.tsx [Server Component]

  Client Component SSR:
    ./components/motion/hero.ts [Client Component SSR]
    ./components/motion/hero-scope.tsx [Client Component SSR]
    ./components/motion/hero-scope.tsx [Server Component]
    ./app/[locale]/page.tsx [Server Component] @ http://localhost:3000/_next/static/chunks/node_modules_next_dist_0u_w_5s._.js:1945
[   29574ms] [ERROR] ./components/motion/hero.ts:3:1
Export setStyle doesn't exist in target module
  1 | import { animate, stagger } from "motion"
  2 | import { DUR, EASE, ms } from "./tokens"
> 3 | import { setStyle, clearStyle } from "./dom"
    | ^^^^^^^^^^^^^^^^^^^^^^^^^^^^^^^^^^^^^^^^^^^^
  4 |
  5 | /**
  6 |  * The hero's motion, and the only motion left on the page that is not driven by a

The export setStyle was not found in module [project]/components/motion/dom.ts [app-ssr] (ecmascript).
Did you mean to import setStyles?
All exports of the module are statically known (It doesn't have dynamic exports). So it's known statically that the requested export doesn't exist.

Import traces:
  Client Component Browser:
    ./components/motion/hero.ts [Client Component Browser]
    ./components/motion/hero-scope.tsx [Client Component Browser]
    ./components/motion/hero-scope.tsx [Server Component]
    ./app/[locale]/page.tsx [Server Component]

  Client Component SSR:
    ./components/motion/hero.ts [Client Component SSR]
    ./components/motion/hero-scope.tsx [Client Component SSR]
    ./components/motion/hero-scope.tsx [Server Component]
    ./app/[locale]/page.tsx [Server Component] @ http://localhost:3000/_next/static/chunks/node_modules_next_dist_0u_w_5s._.js:1945
[   29636ms] [ERROR] ./components/motion/hero.ts:3:1
Export clearStyle doesn't exist in target module
  1 | import { animate, stagger } from "motion"
  2 | import { DUR, EASE, ms } from "./tokens"
> 3 | import { setStyle, clearStyle } from "./dom"
    | ^^^^^^^^^^^^^^^^^^^^^^^^^^^^^^^^^^^^^^^^^^^^
  4 |
  5 | /**
  6 |  * The hero's motion, and the only motion left on the page that is not driven by a

The export clearStyle was not found in module [project]/components/motion/dom.ts [app-client] (ecmascript).
Did you mean to import clearStyles?
All exports of the module are statically known (It doesn't have dynamic exports). So it's known statically that the requested export doesn't exist.

Import traces:
  Client Component Browser:
    ./components/motion/hero.ts [Client Component Browser]
    ./components/motion/hero-scope.tsx [Client Component Browser]
    ./components/motion/hero-scope.tsx [Server Component]
    ./app/[locale]/page.tsx [Server Component]

  Client Component SSR:
    ./components/motion/hero.ts [Client Component SSR]
    ./components/motion/hero-scope.tsx [Client Component SSR]
    ./components/motion/hero-scope.tsx [Server Component]
    ./app/[locale]/page.tsx [Server Component] @ http://localhost:3000/_next/static/chunks/node_modules_next_dist_0u_w_5s._.js:1945
[   29636ms] [ERROR] ./components/motion/hero.ts:3:1
Export clearStyle doesn't exist in target module
  1 | import { animate, stagger } from "motion"
  2 | import { DUR, EASE, ms } from "./tokens"
> 3 | import { setStyle, clearStyle } from "./dom"
    | ^^^^^^^^^^^^^^^^^^^^^^^^^^^^^^^^^^^^^^^^^^^^
  4 |
  5 | /**
  6 |  * The hero's motion, and the only motion left on the page that is not driven by a

The export clearStyle was not found in module [project]/components/motion/dom.ts [app-ssr] (ecmascript).
Did you mean to import clearStyles?
All exports of the module are statically known (It doesn't have dynamic exports). So it's known statically that the requested export doesn't exist.

Import traces:
  Client Component Browser:
    ./components/motion/hero.ts [Client Component Browser]
    ./components/motion/hero-scope.tsx [Client Component Browser]
    ./components/motion/hero-scope.tsx [Server Component]
    ./app/[locale]/page.tsx [Server Component]

  Client Component SSR:
    ./components/motion/hero.ts [Client Component SSR]
    ./components/motion/hero-scope.tsx [Client Component SSR]
    ./components/motion/hero-scope.tsx [Server Component]
    ./app/[locale]/page.tsx [Server Component] @ http://localhost:3000/_next/static/chunks/node_modules_next_dist_0u_w_5s._.js:1945
[   29636ms] [ERROR] ./components/motion/hero.ts:3:1
Export setStyle doesn't exist in target module
  1 | import { animate, stagger } from "motion"
  2 | import { DUR, EASE, ms } from "./tokens"
> 3 | import { setStyle, clearStyle } from "./dom"
    | ^^^^^^^^^^^^^^^^^^^^^^^^^^^^^^^^^^^^^^^^^^^^
  4 |
  5 | /**
  6 |  * The hero's motion, and the only motion left on the page that is not driven by a

The export setStyle was not found in module [project]/components/motion/dom.ts [app-client] (ecmascript).
Did you mean to import setStyles?
All exports of the module are statically known (It doesn't have dynamic exports). So it's known statically that the requested export doesn't exist.

Import traces:
  Client Component Browser:
    ./components/motion/hero.ts [Client Component Browser]
    ./components/motion/hero-scope.tsx [Client Component Browser]
    ./components/motion/hero-scope.tsx [Server Component]
    ./app/[locale]/page.tsx [Server Component]

  Client Component SSR:
    ./components/motion/hero.ts [Client Component SSR]
    ./components/motion/hero-scope.tsx [Client Component SSR]
    ./components/motion/hero-scope.tsx [Server Component]
    ./app/[locale]/page.tsx [Server Component] @ http://localhost:3000/_next/static/chunks/node_modules_next_dist_0u_w_5s._.js:1945
[   29636ms] [ERROR] ./components/motion/hero.ts:3:1
Export setStyle doesn't exist in target module
  1 | import { animate, stagger } from "motion"
  2 | import { DUR, EASE, ms } from "./tokens"
> 3 | import { setStyle, clearStyle } from "./dom"
    | ^^^^^^^^^^^^^^^^^^^^^^^^^^^^^^^^^^^^^^^^^^^^
  4 |
  5 | /**
  6 |  * The hero's motion, and the only motion left on the page that is not driven by a

The export setStyle was not found in module [project]/components/motion/dom.ts [app-ssr] (ecmascript).
Did you mean to import setStyles?
All exports of the module are statically known (It doesn't have dynamic exports). So it's known statically that the requested export doesn't exist.

Import traces:
  Client Component Browser:
    ./components/motion/hero.ts [Client Component Browser]
    ./components/motion/hero-scope.tsx [Client Component Browser]
    ./components/motion/hero-scope.tsx [Server Component]
    ./app/[locale]/page.tsx [Server Component]

  Client Component SSR:
    ./components/motion/hero.ts [Client Component SSR]
    ./components/motion/hero-scope.tsx [Client Component SSR]
    ./components/motion/hero-scope.tsx [Server Component]
    ./app/[locale]/page.tsx [Server Component] @ http://localhost:3000/_next/static/chunks/node_modules_next_dist_0u_w_5s._.js:1945
[   29699ms] [ERROR] ./components/motion/hero.ts:3:1
Export clearStyle doesn't exist in target module
  1 | import { animate, stagger } from "motion"
  2 | import { DUR, EASE, ms } from "./tokens"
> 3 | import { setStyle, clearStyle } from "./dom"
    | ^^^^^^^^^^^^^^^^^^^^^^^^^^^^^^^^^^^^^^^^^^^^
  4 |
  5 | /**
  6 |  * The hero's motion, and the only motion left on the page that is not driven by a

The export clearStyle was not found in module [project]/components/motion/dom.ts [app-client] (ecmascript).
Did you mean to import clearStyles?
All exports of the module are statically known (It doesn't have dynamic exports). So it's known statically that the requested export doesn't exist.

Import traces:
  Client Component Browser:
    ./components/motion/hero.ts [Client Component Browser]
    ./components/motion/hero-scope.tsx [Client Component Browser]
    ./components/motion/hero-scope.tsx [Server Component]
    ./app/[locale]/page.tsx [Server Component]

  Client Component SSR:
    ./components/motion/hero.ts [Client Component SSR]
    ./components/motion/hero-scope.tsx [Client Component SSR]
    ./components/motion/hero-scope.tsx [Server Component]
    ./app/[locale]/page.tsx [Server Component] @ http://localhost:3000/_next/static/chunks/node_modules_next_dist_0u_w_5s._.js:1945
[   29700ms] [ERROR] ./components/motion/hero.ts:3:1
Export clearStyle doesn't exist in target module
  1 | import { animate, stagger } from "motion"
  2 | import { DUR, EASE, ms } from "./tokens"
> 3 | import { setStyle, clearStyle } from "./dom"
    | ^^^^^^^^^^^^^^^^^^^^^^^^^^^^^^^^^^^^^^^^^^^^
  4 |
  5 | /**
  6 |  * The hero's motion, and the only motion left on the page that is not driven by a

The export clearStyle was not found in module [project]/components/motion/dom.ts [app-ssr] (ecmascript).
Did you mean to import clearStyles?
All exports of the module are statically known (It doesn't have dynamic exports). So it's known statically that the requested export doesn't exist.

Import traces:
  Client Component Browser:
    ./components/motion/hero.ts [Client Component Browser]
    ./components/motion/hero-scope.tsx [Client Component Browser]
    ./components/motion/hero-scope.tsx [Server Component]
    ./app/[locale]/page.tsx [Server Component]

  Client Component SSR:
    ./components/motion/hero.ts [Client Component SSR]
    ./components/motion/hero-scope.tsx [Client Component SSR]
    ./components/motion/hero-scope.tsx [Server Component]
    ./app/[locale]/page.tsx [Server Component] @ http://localhost:3000/_next/static/chunks/node_modules_next_dist_0u_w_5s._.js:1945
[   29700ms] [ERROR] ./components/motion/hero.ts:3:1
Export setStyle doesn't exist in target module
  1 | import { animate, stagger } from "motion"
  2 | import { DUR, EASE, ms } from "./tokens"
> 3 | import { setStyle, clearStyle } from "./dom"
    | ^^^^^^^^^^^^^^^^^^^^^^^^^^^^^^^^^^^^^^^^^^^^
  4 |
  5 | /**
  6 |  * The hero's motion, and the only motion left on the page that is not driven by a

The export setStyle was not found in module [project]/components/motion/dom.ts [app-client] (ecmascript).
Did you mean to import setStyles?
All exports of the module are statically known (It doesn't have dynamic exports). So it's known statically that the requested export doesn't exist.

Import traces:
  Client Component Browser:
    ./components/motion/hero.ts [Client Component Browser]
    ./components/motion/hero-scope.tsx [Client Component Browser]
    ./components/motion/hero-scope.tsx [Server Component]
    ./app/[locale]/page.tsx [Server Component]

  Client Component SSR:
    ./components/motion/hero.ts [Client Component SSR]
    ./components/motion/hero-scope.tsx [Client Component SSR]
    ./components/motion/hero-scope.tsx [Server Component]
    ./app/[locale]/page.tsx [Server Component] @ http://localhost:3000/_next/static/chunks/node_modules_next_dist_0u_w_5s._.js:1945
[   29700ms] [ERROR] ./components/motion/hero.ts:3:1
Export setStyle doesn't exist in target module
  1 | import { animate, stagger } from "motion"
  2 | import { DUR, EASE, ms } from "./tokens"
> 3 | import { setStyle, clearStyle } from "./dom"
    | ^^^^^^^^^^^^^^^^^^^^^^^^^^^^^^^^^^^^^^^^^^^^
  4 |
  5 | /**
  6 |  * The hero's motion, and the only motion left on the page that is not driven by a

The export setStyle was not found in module [project]/components/motion/dom.ts [app-ssr] (ecmascript).
Did you mean to import setStyles?
All exports of the module are statically known (It doesn't have dynamic exports). So it's known statically that the requested export doesn't exist.

Import traces:
  Client Component Browser:
    ./components/motion/hero.ts [Client Component Browser]
    ./components/motion/hero-scope.tsx [Client Component Browser]
    ./components/motion/hero-scope.tsx [Server Component]
    ./app/[locale]/page.tsx [Server Component]

  Client Component SSR:
    ./components/motion/hero.ts [Client Component SSR]
    ./components/motion/hero-scope.tsx [Client Component SSR]
    ./components/motion/hero-scope.tsx [Server Component]
    ./app/[locale]/page.tsx [Server Component] @ http://localhost:3000/_next/static/chunks/node_modules_next_dist_0u_w_5s._.js:1945
[   29760ms] [ERROR] ./components/motion/hero.ts:3:1
Export clearStyle doesn't exist in target module
  1 | import { animate, stagger } from "motion"
  2 | import { DUR, EASE, ms } from "./tokens"
> 3 | import { setStyle, clearStyle } from "./dom"
    | ^^^^^^^^^^^^^^^^^^^^^^^^^^^^^^^^^^^^^^^^^^^^
  4 |
  5 | /**
  6 |  * The hero's motion, and the only motion left on the page that is not driven by a

The export clearStyle was not found in module [project]/components/motion/dom.ts [app-client] (ecmascript).
Did you mean to import clearStyles?
All exports of the module are statically known (It doesn't have dynamic exports). So it's known statically that the requested export doesn't exist.

Import traces:
  Client Component Browser:
    ./components/motion/hero.ts [Client Component Browser]
    ./components/motion/hero-scope.tsx [Client Component Browser]
    ./components/motion/hero-scope.tsx [Server Component]
    ./app/[locale]/page.tsx [Server Component]

  Client Component SSR:
    ./components/motion/hero.ts [Client Component SSR]
    ./components/motion/hero-scope.tsx [Client Component SSR]
    ./components/motion/hero-scope.tsx [Server Component]
    ./app/[locale]/page.tsx [Server Component] @ http://localhost:3000/_next/static/chunks/node_modules_next_dist_0u_w_5s._.js:1945
[   29760ms] [ERROR] ./components/motion/hero.ts:3:1
Export clearStyle doesn't exist in target module
  1 | import { animate, stagger } from "motion"
  2 | import { DUR, EASE, ms } from "./tokens"
> 3 | import { setStyle, clearStyle } from "./dom"
    | ^^^^^^^^^^^^^^^^^^^^^^^^^^^^^^^^^^^^^^^^^^^^
  4 |
  5 | /**
  6 |  * The hero's motion, and the only motion left on the page that is not driven by a

The export clearStyle was not found in module [project]/components/motion/dom.ts [app-ssr] (ecmascript).
Did you mean to import clearStyles?
All exports of the module are statically known (It doesn't have dynamic exports). So it's known statically that the requested export doesn't exist.

Import traces:
  Client Component Browser:
    ./components/motion/hero.ts [Client Component Browser]
    ./components/motion/hero-scope.tsx [Client Component Browser]
    ./components/motion/hero-scope.tsx [Server Component]
    ./app/[locale]/page.tsx [Server Component]

  Client Component SSR:
    ./components/motion/hero.ts [Client Component SSR]
    ./components/motion/hero-scope.tsx [Client Component SSR]
    ./components/motion/hero-scope.tsx [Server Component]
    ./app/[locale]/page.tsx [Server Component] @ http://localhost:3000/_next/static/chunks/node_modules_next_dist_0u_w_5s._.js:1945
[   29761ms] [ERROR] ./components/motion/hero.ts:3:1
Export setStyle doesn't exist in target module
  1 | import { animate, stagger } from "motion"
  2 | import { DUR, EASE, ms } from "./tokens"
> 3 | import { setStyle, clearStyle } from "./dom"
    | ^^^^^^^^^^^^^^^^^^^^^^^^^^^^^^^^^^^^^^^^^^^^
  4 |
  5 | /**
  6 |  * The hero's motion, and the only motion left on the page that is not driven by a

The export setStyle was not found in module [project]/components/motion/dom.ts [app-client] (ecmascript).
Did you mean to import setStyles?
All exports of the module are statically known (It doesn't have dynamic exports). So it's known statically that the requested export doesn't exist.

Import traces:
  Client Component Browser:
    ./components/motion/hero.ts [Client Component Browser]
    ./components/motion/hero-scope.tsx [Client Component Browser]
    ./components/motion/hero-scope.tsx [Server Component]
    ./app/[locale]/page.tsx [Server Component]

  Client Component SSR:
    ./components/motion/hero.ts [Client Component SSR]
    ./components/motion/hero-scope.tsx [Client Component SSR]
    ./components/motion/hero-scope.tsx [Server Component]
    ./app/[locale]/page.tsx [Server Component] @ http://localhost:3000/_next/static/chunks/node_modules_next_dist_0u_w_5s._.js:1945
[   29761ms] [ERROR] ./components/motion/hero.ts:3:1
Export setStyle doesn't exist in target module
  1 | import { animate, stagger } from "motion"
  2 | import { DUR, EASE, ms } from "./tokens"
> 3 | import { setStyle, clearStyle } from "./dom"
    | ^^^^^^^^^^^^^^^^^^^^^^^^^^^^^^^^^^^^^^^^^^^^
  4 |
  5 | /**
  6 |  * The hero's motion, and the only motion left on the page that is not driven by a

The export setStyle was not found in module [project]/components/motion/dom.ts [app-ssr] (ecmascript).
Did you mean to import setStyles?
All exports of the module are statically known (It doesn't have dynamic exports). So it's known statically that the requested export doesn't exist.

Import traces:
  Client Component Browser:
    ./components/motion/hero.ts [Client Component Browser]
    ./components/motion/hero-scope.tsx [Client Component Browser]
    ./components/motion/hero-scope.tsx [Server Component]
    ./app/[locale]/page.tsx [Server Component]

  Client Component SSR:
    ./components/motion/hero.ts [Client Component SSR]
    ./components/motion/hero-scope.tsx [Client Component SSR]
    ./components/motion/hero-scope.tsx [Server Component]
    ./app/[locale]/page.tsx [Server Component] @ http://localhost:3000/_next/static/chunks/node_modules_next_dist_0u_w_5s._.js:1945
[   29822ms] [ERROR] ./components/motion/hero.ts:3:1
Export clearStyle doesn't exist in target module
  1 | import { animate, stagger } from "motion"
  2 | import { DUR, EASE, ms } from "./tokens"
> 3 | import { setStyle, clearStyle } from "./dom"
    | ^^^^^^^^^^^^^^^^^^^^^^^^^^^^^^^^^^^^^^^^^^^^
  4 |
  5 | /**
  6 |  * The hero's motion, and the only motion left on the page that is not driven by a

The export clearStyle was not found in module [project]/components/motion/dom.ts [app-client] (ecmascript).
Did you mean to import clearStyles?
All exports of the module are statically known (It doesn't have dynamic exports). So it's known statically that the requested export doesn't exist.

Import traces:
  Client Component Browser:
    ./components/motion/hero.ts [Client Component Browser]
    ./components/motion/hero-scope.tsx [Client Component Browser]
    ./components/motion/hero-scope.tsx [Server Component]
    ./app/[locale]/page.tsx [Server Component]

  Client Component SSR:
    ./components/motion/hero.ts [Client Component SSR]
    ./components/motion/hero-scope.tsx [Client Component SSR]
    ./components/motion/hero-scope.tsx [Server Component]
    ./app/[locale]/page.tsx [Server Component] @ http://localhost:3000/_next/static/chunks/node_modules_next_dist_0u_w_5s._.js:1945
[   29823ms] [ERROR] ./components/motion/hero.ts:3:1
Export clearStyle doesn't exist in target module
  1 | import { animate, stagger } from "motion"
  2 | import { DUR, EASE, ms } from "./tokens"
> 3 | import { setStyle, clearStyle } from "./dom"
    | ^^^^^^^^^^^^^^^^^^^^^^^^^^^^^^^^^^^^^^^^^^^^
  4 |
  5 | /**
  6 |  * The hero's motion, and the only motion left on the page that is not driven by a

The export clearStyle was not found in module [project]/components/motion/dom.ts [app-ssr] (ecmascript).
Did you mean to import clearStyles?
All exports of the module are statically known (It doesn't have dynamic exports). So it's known statically that the requested export doesn't exist.

Import traces:
  Client Component Browser:
    ./components/motion/hero.ts [Client Component Browser]
    ./components/motion/hero-scope.tsx [Client Component Browser]
    ./components/motion/hero-scope.tsx [Server Component]
    ./app/[locale]/page.tsx [Server Component]

  Client Component SSR:
    ./components/motion/hero.ts [Client Component SSR]
    ./components/motion/hero-scope.tsx [Client Component SSR]
    ./components/motion/hero-scope.tsx [Server Component]
    ./app/[locale]/page.tsx [Server Component] @ http://localhost:3000/_next/static/chunks/node_modules_next_dist_0u_w_5s._.js:1945
[   29823ms] [ERROR] ./components/motion/hero.ts:3:1
Export setStyle doesn't exist in target module
  1 | import { animate, stagger } from "motion"
  2 | import { DUR, EASE, ms } from "./tokens"
> 3 | import { setStyle, clearStyle } from "./dom"
    | ^^^^^^^^^^^^^^^^^^^^^^^^^^^^^^^^^^^^^^^^^^^^
  4 |
  5 | /**
  6 |  * The hero's motion, and the only motion left on the page that is not driven by a

The export setStyle was not found in module [project]/components/motion/dom.ts [app-client] (ecmascript).
Did you mean to import setStyles?
All exports of the module are statically known (It doesn't have dynamic exports). So it's known statically that the requested export doesn't exist.

Import traces:
  Client Component Browser:
    ./components/motion/hero.ts [Client Component Browser]
    ./components/motion/hero-scope.tsx [Client Component Browser]
    ./components/motion/hero-scope.tsx [Server Component]
    ./app/[locale]/page.tsx [Server Component]

  Client Component SSR:
    ./components/motion/hero.ts [Client Component SSR]
    ./components/motion/hero-scope.tsx [Client Component SSR]
    ./components/motion/hero-scope.tsx [Server Component]
    ./app/[locale]/page.tsx [Server Component] @ http://localhost:3000/_next/static/chunks/node_modules_next_dist_0u_w_5s._.js:1945
[   29823ms] [ERROR] ./components/motion/hero.ts:3:1
Export setStyle doesn't exist in target module
  1 | import { animate, stagger } from "motion"
  2 | import { DUR, EASE, ms } from "./tokens"
> 3 | import { setStyle, clearStyle } from "./dom"
    | ^^^^^^^^^^^^^^^^^^^^^^^^^^^^^^^^^^^^^^^^^^^^
  4 |
  5 | /**
  6 |  * The hero's motion, and the only motion left on the page that is not driven by a

The export setStyle was not found in module [project]/components/motion/dom.ts [app-ssr] (ecmascript).
Did you mean to import setStyles?
All exports of the module are statically known (It doesn't have dynamic exports). So it's known statically that the requested export doesn't exist.

Import traces:
  Client Component Browser:
    ./components/motion/hero.ts [Client Component Browser]
    ./components/motion/hero-scope.tsx [Client Component Browser]
    ./components/motion/hero-scope.tsx [Server Component]
    ./app/[locale]/page.tsx [Server Component]

  Client Component SSR:
    ./components/motion/hero.ts [Client Component SSR]
    ./components/motion/hero-scope.tsx [Client Component SSR]
    ./components/motion/hero-scope.tsx [Server Component]
    ./app/[locale]/page.tsx [Server Component] @ http://localhost:3000/_next/static/chunks/node_modules_next_dist_0u_w_5s._.js:1945
[   29885ms] [ERROR] ./components/motion/hero.ts:3:1
Export clearStyle doesn't exist in target module
  1 | import { animate, stagger } from "motion"
  2 | import { DUR, EASE, ms } from "./tokens"
> 3 | import { setStyle, clearStyle } from "./dom"
    | ^^^^^^^^^^^^^^^^^^^^^^^^^^^^^^^^^^^^^^^^^^^^
  4 |
  5 | /**
  6 |  * The hero's motion, and the only motion left on the page that is not driven by a

The export clearStyle was not found in module [project]/components/motion/dom.ts [app-client] (ecmascript).
Did you mean to import clearStyles?
All exports of the module are statically known (It doesn't have dynamic exports). So it's known statically that the requested export doesn't exist.

Import traces:
  Client Component Browser:
    ./components/motion/hero.ts [Client Component Browser]
    ./components/motion/hero-scope.tsx [Client Component Browser]
    ./components/motion/hero-scope.tsx [Server Component]
    ./app/[locale]/page.tsx [Server Component]

  Client Component SSR:
    ./components/motion/hero.ts [Client Component SSR]
    ./components/motion/hero-scope.tsx [Client Component SSR]
    ./components/motion/hero-scope.tsx [Server Component]
    ./app/[locale]/page.tsx [Server Component] @ http://localhost:3000/_next/static/chunks/node_modules_next_dist_0u_w_5s._.js:1945
[   29885ms] [ERROR] ./components/motion/hero.ts:3:1
Export clearStyle doesn't exist in target module
  1 | import { animate, stagger } from "motion"
  2 | import { DUR, EASE, ms } from "./tokens"
> 3 | import { setStyle, clearStyle } from "./dom"
    | ^^^^^^^^^^^^^^^^^^^^^^^^^^^^^^^^^^^^^^^^^^^^
  4 |
  5 | /**
  6 |  * The hero's motion, and the only motion left on the page that is not driven by a

The export clearStyle was not found in module [project]/components/motion/dom.ts [app-ssr] (ecmascript).
Did you mean to import clearStyles?
All exports of the module are statically known (It doesn't have dynamic exports). So it's known statically that the requested export doesn't exist.

Import traces:
  Client Component Browser:
    ./components/motion/hero.ts [Client Component Browser]
    ./components/motion/hero-scope.tsx [Client Component Browser]
    ./components/motion/hero-scope.tsx [Server Component]
    ./app/[locale]/page.tsx [Server Component]

  Client Component SSR:
    ./components/motion/hero.ts [Client Component SSR]
    ./components/motion/hero-scope.tsx [Client Component SSR]
    ./components/motion/hero-scope.tsx [Server Component]
    ./app/[locale]/page.tsx [Server Component] @ http://localhost:3000/_next/static/chunks/node_modules_next_dist_0u_w_5s._.js:1945
[   29885ms] [ERROR] ./components/motion/hero.ts:3:1
Export setStyle doesn't exist in target module
  1 | import { animate, stagger } from "motion"
  2 | import { DUR, EASE, ms } from "./tokens"
> 3 | import { setStyle, clearStyle } from "./dom"
    | ^^^^^^^^^^^^^^^^^^^^^^^^^^^^^^^^^^^^^^^^^^^^
  4 |
  5 | /**
  6 |  * The hero's motion, and the only motion left on the page that is not driven by a

The export setStyle was not found in module [project]/components/motion/dom.ts [app-client] (ecmascript).
Did you mean to import setStyles?
All exports of the module are statically known (It doesn't have dynamic exports). So it's known statically that the requested export doesn't exist.

Import traces:
  Client Component Browser:
    ./components/motion/hero.ts [Client Component Browser]
    ./components/motion/hero-scope.tsx [Client Component Browser]
    ./components/motion/hero-scope.tsx [Server Component]
    ./app/[locale]/page.tsx [Server Component]

  Client Component SSR:
    ./components/motion/hero.ts [Client Component SSR]
    ./components/motion/hero-scope.tsx [Client Component SSR]
    ./components/motion/hero-scope.tsx [Server Component]
    ./app/[locale]/page.tsx [Server Component] @ http://localhost:3000/_next/static/chunks/node_modules_next_dist_0u_w_5s._.js:1945
[   29886ms] [ERROR] ./components/motion/hero.ts:3:1
Export setStyle doesn't exist in target module
  1 | import { animate, stagger } from "motion"
  2 | import { DUR, EASE, ms } from "./tokens"
> 3 | import { setStyle, clearStyle } from "./dom"
    | ^^^^^^^^^^^^^^^^^^^^^^^^^^^^^^^^^^^^^^^^^^^^
  4 |
  5 | /**
  6 |  * The hero's motion, and the only motion left on the page that is not driven by a

The export setStyle was not found in module [project]/components/motion/dom.ts [app-ssr] (ecmascript).
Did you mean to import setStyles?
All exports of the module are statically known (It doesn't have dynamic exports). So it's known statically that the requested export doesn't exist.

Import traces:
  Client Component Browser:
    ./components/motion/hero.ts [Client Component Browser]
    ./components/motion/hero-scope.tsx [Client Component Browser]
    ./components/motion/hero-scope.tsx [Server Component]
    ./app/[locale]/page.tsx [Server Component]

  Client Component SSR:
    ./components/motion/hero.ts [Client Component SSR]
    ./components/motion/hero-scope.tsx [Client Component SSR]
    ./components/motion/hero-scope.tsx [Server Component]
    ./app/[locale]/page.tsx [Server Component] @ http://localhost:3000/_next/static/chunks/node_modules_next_dist_0u_w_5s._.js:1945
[   29946ms] [ERROR] ./components/motion/hero.ts:3:1
Export clearStyle doesn't exist in target module
  1 | import { animate, stagger } from "motion"
  2 | import { DUR, EASE, ms } from "./tokens"
> 3 | import { setStyle, clearStyle } from "./dom"
    | ^^^^^^^^^^^^^^^^^^^^^^^^^^^^^^^^^^^^^^^^^^^^
  4 |
  5 | /**
  6 |  * The hero's motion, and the only motion left on the page that is not driven by a

The export clearStyle was not found in module [project]/components/motion/dom.ts [app-client] (ecmascript).
Did you mean to import clearStyles?
All exports of the module are statically known (It doesn't have dynamic exports). So it's known statically that the requested export doesn't exist.

Import traces:
  Client Component Browser:
    ./components/motion/hero.ts [Client Component Browser]
    ./components/motion/hero-scope.tsx [Client Component Browser]
    ./components/motion/hero-scope.tsx [Server Component]
    ./app/[locale]/page.tsx [Server Component]

  Client Component SSR:
    ./components/motion/hero.ts [Client Component SSR]
    ./components/motion/hero-scope.tsx [Client Component SSR]
    ./components/motion/hero-scope.tsx [Server Component]
    ./app/[locale]/page.tsx [Server Component] @ http://localhost:3000/_next/static/chunks/node_modules_next_dist_0u_w_5s._.js:1945
[   29947ms] [ERROR] ./components/motion/hero.ts:3:1
Export clearStyle doesn't exist in target module
  1 | import { animate, stagger } from "motion"
  2 | import { DUR, EASE, ms } from "./tokens"
> 3 | import { setStyle, clearStyle } from "./dom"
    | ^^^^^^^^^^^^^^^^^^^^^^^^^^^^^^^^^^^^^^^^^^^^
  4 |
  5 | /**
  6 |  * The hero's motion, and the only motion left on the page that is not driven by a

The export clearStyle was not found in module [project]/components/motion/dom.ts [app-ssr] (ecmascript).
Did you mean to import clearStyles?
All exports of the module are statically known (It doesn't have dynamic exports). So it's known statically that the requested export doesn't exist.

Import traces:
  Client Component Browser:
    ./components/motion/hero.ts [Client Component Browser]
    ./components/motion/hero-scope.tsx [Client Component Browser]
    ./components/motion/hero-scope.tsx [Server Component]
    ./app/[locale]/page.tsx [Server Component]

  Client Component SSR:
    ./components/motion/hero.ts [Client Component SSR]
    ./components/motion/hero-scope.tsx [Client Component SSR]
    ./components/motion/hero-scope.tsx [Server Component]
    ./app/[locale]/page.tsx [Server Component] @ http://localhost:3000/_next/static/chunks/node_modules_next_dist_0u_w_5s._.js:1945
[   29947ms] [ERROR] ./components/motion/hero.ts:3:1
Export setStyle doesn't exist in target module
  1 | import { animate, stagger } from "motion"
  2 | import { DUR, EASE, ms } from "./tokens"
> 3 | import { setStyle, clearStyle } from "./dom"
    | ^^^^^^^^^^^^^^^^^^^^^^^^^^^^^^^^^^^^^^^^^^^^
  4 |
  5 | /**
  6 |  * The hero's motion, and the only motion left on the page that is not driven by a

The export setStyle was not found in module [project]/components/motion/dom.ts [app-client] (ecmascript).
Did you mean to import setStyles?
All exports of the module are statically known (It doesn't have dynamic exports). So it's known statically that the requested export doesn't exist.

Import traces:
  Client Component Browser:
    ./components/motion/hero.ts [Client Component Browser]
    ./components/motion/hero-scope.tsx [Client Component Browser]
    ./components/motion/hero-scope.tsx [Server Component]
    ./app/[locale]/page.tsx [Server Component]

  Client Component SSR:
    ./components/motion/hero.ts [Client Component SSR]
    ./components/motion/hero-scope.tsx [Client Component SSR]
    ./components/motion/hero-scope.tsx [Server Component]
    ./app/[locale]/page.tsx [Server Component] @ http://localhost:3000/_next/static/chunks/node_modules_next_dist_0u_w_5s._.js:1945
[   29947ms] [ERROR] ./components/motion/hero.ts:3:1
Export setStyle doesn't exist in target module
  1 | import { animate, stagger } from "motion"
  2 | import { DUR, EASE, ms } from "./tokens"
> 3 | import { setStyle, clearStyle } from "./dom"
    | ^^^^^^^^^^^^^^^^^^^^^^^^^^^^^^^^^^^^^^^^^^^^
  4 |
  5 | /**
  6 |  * The hero's motion, and the only motion left on the page that is not driven by a

The export setStyle was not found in module [project]/components/motion/dom.ts [app-ssr] (ecmascript).
Did you mean to import setStyles?
All exports of the module are statically known (It doesn't have dynamic exports). So it's known statically that the requested export doesn't exist.

Import traces:
  Client Component Browser:
    ./components/motion/hero.ts [Client Component Browser]
    ./components/motion/hero-scope.tsx [Client Component Browser]
    ./components/motion/hero-scope.tsx [Server Component]
    ./app/[locale]/page.tsx [Server Component]

  Client Component SSR:
    ./components/motion/hero.ts [Client Component SSR]
    ./components/motion/hero-scope.tsx [Client Component SSR]
    ./components/motion/hero-scope.tsx [Server Component]
    ./app/[locale]/page.tsx [Server Component] @ http://localhost:3000/_next/static/chunks/node_modules_next_dist_0u_w_5s._.js:1945
[   30008ms] [ERROR] ./components/motion/hero.ts:3:1
Export clearStyle doesn't exist in target module
  1 | import { animate, stagger } from "motion"
  2 | import { DUR, EASE, ms } from "./tokens"
> 3 | import { setStyle, clearStyle } from "./dom"
    | ^^^^^^^^^^^^^^^^^^^^^^^^^^^^^^^^^^^^^^^^^^^^
  4 |
  5 | /**
  6 |  * The hero's motion, and the only motion left on the page that is not driven by a

The export clearStyle was not found in module [project]/components/motion/dom.ts [app-client] (ecmascript).
Did you mean to import clearStyles?
All exports of the module are statically known (It doesn't have dynamic exports). So it's known statically that the requested export doesn't exist.

Import traces:
  Client Component Browser:
    ./components/motion/hero.ts [Client Component Browser]
    ./components/motion/hero-scope.tsx [Client Component Browser]
    ./components/motion/hero-scope.tsx [Server Component]
    ./app/[locale]/page.tsx [Server Component]

  Client Component SSR:
    ./components/motion/hero.ts [Client Component SSR]
    ./components/motion/hero-scope.tsx [Client Component SSR]
    ./components/motion/hero-scope.tsx [Server Component]
    ./app/[locale]/page.tsx [Server Component] @ http://localhost:3000/_next/static/chunks/node_modules_next_dist_0u_w_5s._.js:1945
[   30008ms] [ERROR] ./components/motion/hero.ts:3:1
Export clearStyle doesn't exist in target module
  1 | import { animate, stagger } from "motion"
  2 | import { DUR, EASE, ms } from "./tokens"
> 3 | import { setStyle, clearStyle } from "./dom"
    | ^^^^^^^^^^^^^^^^^^^^^^^^^^^^^^^^^^^^^^^^^^^^
  4 |
  5 | /**
  6 |  * The hero's motion, and the only motion left on the page that is not driven by a

The export clearStyle was not found in module [project]/components/motion/dom.ts [app-ssr] (ecmascript).
Did you mean to import clearStyles?
All exports of the module are statically known (It doesn't have dynamic exports). So it's known statically that the requested export doesn't exist.

Import traces:
  Client Component Browser:
    ./components/motion/hero.ts [Client Component Browser]
    ./components/motion/hero-scope.tsx [Client Component Browser]
    ./components/motion/hero-scope.tsx [Server Component]
    ./app/[locale]/page.tsx [Server Component]

  Client Component SSR:
    ./components/motion/hero.ts [Client Component SSR]
    ./components/motion/hero-scope.tsx [Client Component SSR]
    ./components/motion/hero-scope.tsx [Server Component]
    ./app/[locale]/page.tsx [Server Component] @ http://localhost:3000/_next/static/chunks/node_modules_next_dist_0u_w_5s._.js:1945
[   30009ms] [ERROR] ./components/motion/hero.ts:3:1
Export setStyle doesn't exist in target module
  1 | import { animate, stagger } from "motion"
  2 | import { DUR, EASE, ms } from "./tokens"
> 3 | import { setStyle, clearStyle } from "./dom"
    | ^^^^^^^^^^^^^^^^^^^^^^^^^^^^^^^^^^^^^^^^^^^^
  4 |
  5 | /**
  6 |  * The hero's motion, and the only motion left on the page that is not driven by a

The export setStyle was not found in module [project]/components/motion/dom.ts [app-client] (ecmascript).
Did you mean to import setStyles?
All exports of the module are statically known (It doesn't have dynamic exports). So it's known statically that the requested export doesn't exist.

Import traces:
  Client Component Browser:
    ./components/motion/hero.ts [Client Component Browser]
    ./components/motion/hero-scope.tsx [Client Component Browser]
    ./components/motion/hero-scope.tsx [Server Component]
    ./app/[locale]/page.tsx [Server Component]

  Client Component SSR:
    ./components/motion/hero.ts [Client Component SSR]
    ./components/motion/hero-scope.tsx [Client Component SSR]
    ./components/motion/hero-scope.tsx [Server Component]
    ./app/[locale]/page.tsx [Server Component] @ http://localhost:3000/_next/static/chunks/node_modules_next_dist_0u_w_5s._.js:1945
[   30009ms] [ERROR] ./components/motion/hero.ts:3:1
Export setStyle doesn't exist in target module
  1 | import { animate, stagger } from "motion"
  2 | import { DUR, EASE, ms } from "./tokens"
> 3 | import { setStyle, clearStyle } from "./dom"
    | ^^^^^^^^^^^^^^^^^^^^^^^^^^^^^^^^^^^^^^^^^^^^
  4 |
  5 | /**
  6 |  * The hero's motion, and the only motion left on the page that is not driven by a

The export setStyle was not found in module [project]/components/motion/dom.ts [app-ssr] (ecmascript).
Did you mean to import setStyles?
All exports of the module are statically known (It doesn't have dynamic exports). So it's known statically that the requested export doesn't exist.

Import traces:
  Client Component Browser:
    ./components/motion/hero.ts [Client Component Browser]
    ./components/motion/hero-scope.tsx [Client Component Browser]
    ./components/motion/hero-scope.tsx [Server Component]
    ./app/[locale]/page.tsx [Server Component]

  Client Component SSR:
    ./components/motion/hero.ts [Client Component SSR]
    ./components/motion/hero-scope.tsx [Client Component SSR]
    ./components/motion/hero-scope.tsx [Server Component]
    ./app/[locale]/page.tsx [Server Component] @ http://localhost:3000/_next/static/chunks/node_modules_next_dist_0u_w_5s._.js:1945
[   30071ms] [ERROR] ./components/motion/hero.ts:3:1
Export clearStyle doesn't exist in target module
  1 | import { animate, stagger } from "motion"
  2 | import { DUR, EASE, ms } from "./tokens"
> 3 | import { setStyle, clearStyle } from "./dom"
    | ^^^^^^^^^^^^^^^^^^^^^^^^^^^^^^^^^^^^^^^^^^^^
  4 |
  5 | /**
  6 |  * The hero's motion, and the only motion left on the page that is not driven by a

The export clearStyle was not found in module [project]/components/motion/dom.ts [app-client] (ecmascript).
Did you mean to import clearStyles?
All exports of the module are statically known (It doesn't have dynamic exports). So it's known statically that the requested export doesn't exist.

Import traces:
  Client Component Browser:
    ./components/motion/hero.ts [Client Component Browser]
    ./components/motion/hero-scope.tsx [Client Component Browser]
    ./components/motion/hero-scope.tsx [Server Component]
    ./app/[locale]/page.tsx [Server Component]

  Client Component SSR:
    ./components/motion/hero.ts [Client Component SSR]
    ./components/motion/hero-scope.tsx [Client Component SSR]
    ./components/motion/hero-scope.tsx [Server Component]
    ./app/[locale]/page.tsx [Server Component] @ http://localhost:3000/_next/static/chunks/node_modules_next_dist_0u_w_5s._.js:1945
[   30071ms] [ERROR] ./components/motion/hero.ts:3:1
Export clearStyle doesn't exist in target module
  1 | import { animate, stagger } from "motion"
  2 | import { DUR, EASE, ms } from "./tokens"
> 3 | import { setStyle, clearStyle } from "./dom"
    | ^^^^^^^^^^^^^^^^^^^^^^^^^^^^^^^^^^^^^^^^^^^^
  4 |
  5 | /**
  6 |  * The hero's motion, and the only motion left on the page that is not driven by a

The export clearStyle was not found in module [project]/components/motion/dom.ts [app-ssr] (ecmascript).
Did you mean to import clearStyles?
All exports of the module are statically known (It doesn't have dynamic exports). So it's known statically that the requested export doesn't exist.

Import traces:
  Client Component Browser:
    ./components/motion/hero.ts [Client Component Browser]
    ./components/motion/hero-scope.tsx [Client Component Browser]
    ./components/motion/hero-scope.tsx [Server Component]
    ./app/[locale]/page.tsx [Server Component]

  Client Component SSR:
    ./components/motion/hero.ts [Client Component SSR]
    ./components/motion/hero-scope.tsx [Client Component SSR]
    ./components/motion/hero-scope.tsx [Server Component]
    ./app/[locale]/page.tsx [Server Component] @ http://localhost:3000/_next/static/chunks/node_modules_next_dist_0u_w_5s._.js:1945
[   30071ms] [ERROR] ./components/motion/hero.ts:3:1
Export setStyle doesn't exist in target module
  1 | import { animate, stagger } from "motion"
  2 | import { DUR, EASE, ms } from "./tokens"
> 3 | import { setStyle, clearStyle } from "./dom"
    | ^^^^^^^^^^^^^^^^^^^^^^^^^^^^^^^^^^^^^^^^^^^^
  4 |
  5 | /**
  6 |  * The hero's motion, and the only motion left on the page that is not driven by a

The export setStyle was not found in module [project]/components/motion/dom.ts [app-client] (ecmascript).
Did you mean to import setStyles?
All exports of the module are statically known (It doesn't have dynamic exports). So it's known statically that the requested export doesn't exist.

Import traces:
  Client Component Browser:
    ./components/motion/hero.ts [Client Component Browser]
    ./components/motion/hero-scope.tsx [Client Component Browser]
    ./components/motion/hero-scope.tsx [Server Component]
    ./app/[locale]/page.tsx [Server Component]

  Client Component SSR:
    ./components/motion/hero.ts [Client Component SSR]
    ./components/motion/hero-scope.tsx [Client Component SSR]
    ./components/motion/hero-scope.tsx [Server Component]
    ./app/[locale]/page.tsx [Server Component] @ http://localhost:3000/_next/static/chunks/node_modules_next_dist_0u_w_5s._.js:1945
[   30071ms] [ERROR] ./components/motion/hero.ts:3:1
Export setStyle doesn't exist in target module
  1 | import { animate, stagger } from "motion"
  2 | import { DUR, EASE, ms } from "./tokens"
> 3 | import { setStyle, clearStyle } from "./dom"
    | ^^^^^^^^^^^^^^^^^^^^^^^^^^^^^^^^^^^^^^^^^^^^
  4 |
  5 | /**
  6 |  * The hero's motion, and the only motion left on the page that is not driven by a

The export setStyle was not found in module [project]/components/motion/dom.ts [app-ssr] (ecmascript).
Did you mean to import setStyles?
All exports of the module are statically known (It doesn't have dynamic exports). So it's known statically that the requested export doesn't exist.

Import traces:
  Client Component Browser:
    ./components/motion/hero.ts [Client Component Browser]
    ./components/motion/hero-scope.tsx [Client Component Browser]
    ./components/motion/hero-scope.tsx [Server Component]
    ./app/[locale]/page.tsx [Server Component]

  Client Component SSR:
    ./components/motion/hero.ts [Client Component SSR]
    ./components/motion/hero-scope.tsx [Client Component SSR]
    ./components/motion/hero-scope.tsx [Server Component]
    ./app/[locale]/page.tsx [Server Component] @ http://localhost:3000/_next/static/chunks/node_modules_next_dist_0u_w_5s._.js:1945
[   30134ms] [ERROR] ./components/motion/hero.ts:3:1
Export clearStyle doesn't exist in target module
  1 | import { animate, stagger } from "motion"
  2 | import { DUR, EASE, ms } from "./tokens"
> 3 | import { setStyle, clearStyle } from "./dom"
    | ^^^^^^^^^^^^^^^^^^^^^^^^^^^^^^^^^^^^^^^^^^^^
  4 |
  5 | /**
  6 |  * The hero's motion, and the only motion left on the page that is not driven by a

The export clearStyle was not found in module [project]/components/motion/dom.ts [app-client] (ecmascript).
Did you mean to import clearStyles?
All exports of the module are statically known (It doesn't have dynamic exports). So it's known statically that the requested export doesn't exist.

Import traces:
  Client Component Browser:
    ./components/motion/hero.ts [Client Component Browser]
    ./components/motion/hero-scope.tsx [Client Component Browser]
    ./components/motion/hero-scope.tsx [Server Component]
    ./app/[locale]/page.tsx [Server Component]

  Client Component SSR:
    ./components/motion/hero.ts [Client Component SSR]
    ./components/motion/hero-scope.tsx [Client Component SSR]
    ./components/motion/hero-scope.tsx [Server Component]
    ./app/[locale]/page.tsx [Server Component] @ http://localhost:3000/_next/static/chunks/node_modules_next_dist_0u_w_5s._.js:1945
[   30135ms] [ERROR] ./components/motion/hero.ts:3:1
Export clearStyle doesn't exist in target module
  1 | import { animate, stagger } from "motion"
  2 | import { DUR, EASE, ms } from "./tokens"
> 3 | import { setStyle, clearStyle } from "./dom"
    | ^^^^^^^^^^^^^^^^^^^^^^^^^^^^^^^^^^^^^^^^^^^^
  4 |
  5 | /**
  6 |  * The hero's motion, and the only motion left on the page that is not driven by a

The export clearStyle was not found in module [project]/components/motion/dom.ts [app-ssr] (ecmascript).
Did you mean to import clearStyles?
All exports of the module are statically known (It doesn't have dynamic exports). So it's known statically that the requested export doesn't exist.

Import traces:
  Client Component Browser:
    ./components/motion/hero.ts [Client Component Browser]
    ./components/motion/hero-scope.tsx [Client Component Browser]
    ./components/motion/hero-scope.tsx [Server Component]
    ./app/[locale]/page.tsx [Server Component]

  Client Component SSR:
    ./components/motion/hero.ts [Client Component SSR]
    ./components/motion/hero-scope.tsx [Client Component SSR]
    ./components/motion/hero-scope.tsx [Server Component]
    ./app/[locale]/page.tsx [Server Component] @ http://localhost:3000/_next/static/chunks/node_modules_next_dist_0u_w_5s._.js:1945
[   30135ms] [ERROR] ./components/motion/hero.ts:3:1
Export setStyle doesn't exist in target module
  1 | import { animate, stagger } from "motion"
  2 | import { DUR, EASE, ms } from "./tokens"
> 3 | import { setStyle, clearStyle } from "./dom"
    | ^^^^^^^^^^^^^^^^^^^^^^^^^^^^^^^^^^^^^^^^^^^^
  4 |
  5 | /**
  6 |  * The hero's motion, and the only motion left on the page that is not driven by a

The export setStyle was not found in module [project]/components/motion/dom.ts [app-client] (ecmascript).
Did you mean to import setStyles?
All exports of the module are statically known (It doesn't have dynamic exports). So it's known statically that the requested export doesn't exist.

Import traces:
  Client Component Browser:
    ./components/motion/hero.ts [Client Component Browser]
    ./components/motion/hero-scope.tsx [Client Component Browser]
    ./components/motion/hero-scope.tsx [Server Component]
    ./app/[locale]/page.tsx [Server Component]

  Client Component SSR:
    ./components/motion/hero.ts [Client Component SSR]
    ./components/motion/hero-scope.tsx [Client Component SSR]
    ./components/motion/hero-scope.tsx [Server Component]
    ./app/[locale]/page.tsx [Server Component] @ http://localhost:3000/_next/static/chunks/node_modules_next_dist_0u_w_5s._.js:1945
[   30135ms] [ERROR] ./components/motion/hero.ts:3:1
Export setStyle doesn't exist in target module
  1 | import { animate, stagger } from "motion"
  2 | import { DUR, EASE, ms } from "./tokens"
> 3 | import { setStyle, clearStyle } from "./dom"
    | ^^^^^^^^^^^^^^^^^^^^^^^^^^^^^^^^^^^^^^^^^^^^
  4 |
  5 | /**
  6 |  * The hero's motion, and the only motion left on the page that is not driven by a

The export setStyle was not found in module [project]/components/motion/dom.ts [app-ssr] (ecmascript).
Did you mean to import setStyles?
All exports of the module are statically known (It doesn't have dynamic exports). So it's known statically that the requested export doesn't exist.

Import traces:
  Client Component Browser:
    ./components/motion/hero.ts [Client Component Browser]
    ./components/motion/hero-scope.tsx [Client Component Browser]
    ./components/motion/hero-scope.tsx [Server Component]
    ./app/[locale]/page.tsx [Server Component]

  Client Component SSR:
    ./components/motion/hero.ts [Client Component SSR]
    ./components/motion/hero-scope.tsx [Client Component SSR]
    ./components/motion/hero-scope.tsx [Server Component]
    ./app/[locale]/page.tsx [Server Component] @ http://localhost:3000/_next/static/chunks/node_modules_next_dist_0u_w_5s._.js:1945
[   30196ms] [ERROR] ./components/motion/hero.ts:3:1
Export clearStyle doesn't exist in target module
  1 | import { animate, stagger } from "motion"
  2 | import { DUR, EASE, ms } from "./tokens"
> 3 | import { setStyle, clearStyle } from "./dom"
    | ^^^^^^^^^^^^^^^^^^^^^^^^^^^^^^^^^^^^^^^^^^^^
  4 |
  5 | /**
  6 |  * The hero's motion, and the only motion left on the page that is not driven by a

The export clearStyle was not found in module [project]/components/motion/dom.ts [app-client] (ecmascript).
Did you mean to import clearStyles?
All exports of the module are statically known (It doesn't have dynamic exports). So it's known statically that the requested export doesn't exist.

Import traces:
  Client Component Browser:
    ./components/motion/hero.ts [Client Component Browser]
    ./components/motion/hero-scope.tsx [Client Component Browser]
    ./components/motion/hero-scope.tsx [Server Component]
    ./app/[locale]/page.tsx [Server Component]

  Client Component SSR:
    ./components/motion/hero.ts [Client Component SSR]
    ./components/motion/hero-scope.tsx [Client Component SSR]
    ./components/motion/hero-scope.tsx [Server Component]
    ./app/[locale]/page.tsx [Server Component] @ http://localhost:3000/_next/static/chunks/node_modules_next_dist_0u_w_5s._.js:1945
[   30197ms] [ERROR] ./components/motion/hero.ts:3:1
Export clearStyle doesn't exist in target module
  1 | import { animate, stagger } from "motion"
  2 | import { DUR, EASE, ms } from "./tokens"
> 3 | import { setStyle, clearStyle } from "./dom"
    | ^^^^^^^^^^^^^^^^^^^^^^^^^^^^^^^^^^^^^^^^^^^^
  4 |
  5 | /**
  6 |  * The hero's motion, and the only motion left on the page that is not driven by a

The export clearStyle was not found in module [project]/components/motion/dom.ts [app-ssr] (ecmascript).
Did you mean to import clearStyles?
All exports of the module are statically known (It doesn't have dynamic exports). So it's known statically that the requested export doesn't exist.

Import traces:
  Client Component Browser:
    ./components/motion/hero.ts [Client Component Browser]
    ./components/motion/hero-scope.tsx [Client Component Browser]
    ./components/motion/hero-scope.tsx [Server Component]
    ./app/[locale]/page.tsx [Server Component]

  Client Component SSR:
    ./components/motion/hero.ts [Client Component SSR]
    ./components/motion/hero-scope.tsx [Client Component SSR]
    ./components/motion/hero-scope.tsx [Server Component]
    ./app/[locale]/page.tsx [Server Component] @ http://localhost:3000/_next/static/chunks/node_modules_next_dist_0u_w_5s._.js:1945
[   30197ms] [ERROR] ./components/motion/hero.ts:3:1
Export setStyle doesn't exist in target module
  1 | import { animate, stagger } from "motion"
  2 | import { DUR, EASE, ms } from "./tokens"
> 3 | import { setStyle, clearStyle } from "./dom"
    | ^^^^^^^^^^^^^^^^^^^^^^^^^^^^^^^^^^^^^^^^^^^^
  4 |
  5 | /**
  6 |  * The hero's motion, and the only motion left on the page that is not driven by a

The export setStyle was not found in module [project]/components/motion/dom.ts [app-client] (ecmascript).
Did you mean to import setStyles?
All exports of the module are statically known (It doesn't have dynamic exports). So it's known statically that the requested export doesn't exist.

Import traces:
  Client Component Browser:
    ./components/motion/hero.ts [Client Component Browser]
    ./components/motion/hero-scope.tsx [Client Component Browser]
    ./components/motion/hero-scope.tsx [Server Component]
    ./app/[locale]/page.tsx [Server Component]

  Client Component SSR:
    ./components/motion/hero.ts [Client Component SSR]
    ./components/motion/hero-scope.tsx [Client Component SSR]
    ./components/motion/hero-scope.tsx [Server Component]
    ./app/[locale]/page.tsx [Server Component] @ http://localhost:3000/_next/static/chunks/node_modules_next_dist_0u_w_5s._.js:1945
[   30197ms] [ERROR] ./components/motion/hero.ts:3:1
Export setStyle doesn't exist in target module
  1 | import { animate, stagger } from "motion"
  2 | import { DUR, EASE, ms } from "./tokens"
> 3 | import { setStyle, clearStyle } from "./dom"
    | ^^^^^^^^^^^^^^^^^^^^^^^^^^^^^^^^^^^^^^^^^^^^
  4 |
  5 | /**
  6 |  * The hero's motion, and the only motion left on the page that is not driven by a

The export setStyle was not found in module [project]/components/motion/dom.ts [app-ssr] (ecmascript).
Did you mean to import setStyles?
All exports of the module are statically known (It doesn't have dynamic exports). So it's known statically that the requested export doesn't exist.

Import traces:
  Client Component Browser:
    ./components/motion/hero.ts [Client Component Browser]
    ./components/motion/hero-scope.tsx [Client Component Browser]
    ./components/motion/hero-scope.tsx [Server Component]
    ./app/[locale]/page.tsx [Server Component]

  Client Component SSR:
    ./components/motion/hero.ts [Client Component SSR]
    ./components/motion/hero-scope.tsx [Client Component SSR]
    ./components/motion/hero-scope.tsx [Server Component]
    ./app/[locale]/page.tsx [Server Component] @ http://localhost:3000/_next/static/chunks/node_modules_next_dist_0u_w_5s._.js:1945
[   30257ms] [ERROR] ./components/motion/hero.ts:3:1
Export clearStyle doesn't exist in target module
  1 | import { animate, stagger } from "motion"
  2 | import { DUR, EASE, ms } from "./tokens"
> 3 | import { setStyle, clearStyle } from "./dom"
    | ^^^^^^^^^^^^^^^^^^^^^^^^^^^^^^^^^^^^^^^^^^^^
  4 |
  5 | /**
  6 |  * The hero's motion, and the only motion left on the page that is not driven by a

The export clearStyle was not found in module [project]/components/motion/dom.ts [app-client] (ecmascript).
Did you mean to import clearStyles?
All exports of the module are statically known (It doesn't have dynamic exports). So it's known statically that the requested export doesn't exist.

Import traces:
  Client Component Browser:
    ./components/motion/hero.ts [Client Component Browser]
    ./components/motion/hero-scope.tsx [Client Component Browser]
    ./components/motion/hero-scope.tsx [Server Component]
    ./app/[locale]/page.tsx [Server Component]

  Client Component SSR:
    ./components/motion/hero.ts [Client Component SSR]
    ./components/motion/hero-scope.tsx [Client Component SSR]
    ./components/motion/hero-scope.tsx [Server Component]
    ./app/[locale]/page.tsx [Server Component] @ http://localhost:3000/_next/static/chunks/node_modules_next_dist_0u_w_5s._.js:1945
[   30258ms] [ERROR] ./components/motion/hero.ts:3:1
Export clearStyle doesn't exist in target module
  1 | import { animate, stagger } from "motion"
  2 | import { DUR, EASE, ms } from "./tokens"
> 3 | import { setStyle, clearStyle } from "./dom"
    | ^^^^^^^^^^^^^^^^^^^^^^^^^^^^^^^^^^^^^^^^^^^^
  4 |
  5 | /**
  6 |  * The hero's motion, and the only motion left on the page that is not driven by a

The export clearStyle was not found in module [project]/components/motion/dom.ts [app-ssr] (ecmascript).
Did you mean to import clearStyles?
All exports of the module are statically known (It doesn't have dynamic exports). So it's known statically that the requested export doesn't exist.

Import traces:
  Client Component Browser:
    ./components/motion/hero.ts [Client Component Browser]
    ./components/motion/hero-scope.tsx [Client Component Browser]
    ./components/motion/hero-scope.tsx [Server Component]
    ./app/[locale]/page.tsx [Server Component]

  Client Component SSR:
    ./components/motion/hero.ts [Client Component SSR]
    ./components/motion/hero-scope.tsx [Client Component SSR]
    ./components/motion/hero-scope.tsx [Server Component]
    ./app/[locale]/page.tsx [Server Component] @ http://localhost:3000/_next/static/chunks/node_modules_next_dist_0u_w_5s._.js:1945
[   30258ms] [ERROR] ./components/motion/hero.ts:3:1
Export setStyle doesn't exist in target module
  1 | import { animate, stagger } from "motion"
  2 | import { DUR, EASE, ms } from "./tokens"
> 3 | import { setStyle, clearStyle } from "./dom"
    | ^^^^^^^^^^^^^^^^^^^^^^^^^^^^^^^^^^^^^^^^^^^^
  4 |
  5 | /**
  6 |  * The hero's motion, and the only motion left on the page that is not driven by a

The export setStyle was not found in module [project]/components/motion/dom.ts [app-client] (ecmascript).
Did you mean to import setStyles?
All exports of the module are statically known (It doesn't have dynamic exports). So it's known statically that the requested export doesn't exist.

Import traces:
  Client Component Browser:
    ./components/motion/hero.ts [Client Component Browser]
    ./components/motion/hero-scope.tsx [Client Component Browser]
    ./components/motion/hero-scope.tsx [Server Component]
    ./app/[locale]/page.tsx [Server Component]

  Client Component SSR:
    ./components/motion/hero.ts [Client Component SSR]
    ./components/motion/hero-scope.tsx [Client Component SSR]
    ./components/motion/hero-scope.tsx [Server Component]
    ./app/[locale]/page.tsx [Server Component] @ http://localhost:3000/_next/static/chunks/node_modules_next_dist_0u_w_5s._.js:1945
[   30258ms] [ERROR] ./components/motion/hero.ts:3:1
Export setStyle doesn't exist in target module
  1 | import { animate, stagger } from "motion"
  2 | import { DUR, EASE, ms } from "./tokens"
> 3 | import { setStyle, clearStyle } from "./dom"
    | ^^^^^^^^^^^^^^^^^^^^^^^^^^^^^^^^^^^^^^^^^^^^
  4 |
  5 | /**
  6 |  * The hero's motion, and the only motion left on the page that is not driven by a

The export setStyle was not found in module [project]/components/motion/dom.ts [app-ssr] (ecmascript).
Did you mean to import setStyles?
All exports of the module are statically known (It doesn't have dynamic exports). So it's known statically that the requested export doesn't exist.

Import traces:
  Client Component Browser:
    ./components/motion/hero.ts [Client Component Browser]
    ./components/motion/hero-scope.tsx [Client Component Browser]
    ./components/motion/hero-scope.tsx [Server Component]
    ./app/[locale]/page.tsx [Server Component]

  Client Component SSR:
    ./components/motion/hero.ts [Client Component SSR]
    ./components/motion/hero-scope.tsx [Client Component SSR]
    ./components/motion/hero-scope.tsx [Server Component]
    ./app/[locale]/page.tsx [Server Component] @ http://localhost:3000/_next/static/chunks/node_modules_next_dist_0u_w_5s._.js:1945
[   30320ms] [ERROR] ./components/motion/hero.ts:3:1
Export clearStyle doesn't exist in target module
  1 | import { animate, stagger } from "motion"
  2 | import { DUR, EASE, ms } from "./tokens"
> 3 | import { setStyle, clearStyle } from "./dom"
    | ^^^^^^^^^^^^^^^^^^^^^^^^^^^^^^^^^^^^^^^^^^^^
  4 |
  5 | /**
  6 |  * The hero's motion, and the only motion left on the page that is not driven by a

The export clearStyle was not found in module [project]/components/motion/dom.ts [app-client] (ecmascript).
Did you mean to import clearStyles?
All exports of the module are statically known (It doesn't have dynamic exports). So it's known statically that the requested export doesn't exist.

Import traces:
  Client Component Browser:
    ./components/motion/hero.ts [Client Component Browser]
    ./components/motion/hero-scope.tsx [Client Component Browser]
    ./components/motion/hero-scope.tsx [Server Component]
    ./app/[locale]/page.tsx [Server Component]

  Client Component SSR:
    ./components/motion/hero.ts [Client Component SSR]
    ./components/motion/hero-scope.tsx [Client Component SSR]
    ./components/motion/hero-scope.tsx [Server Component]
    ./app/[locale]/page.tsx [Server Component] @ http://localhost:3000/_next/static/chunks/node_modules_next_dist_0u_w_5s._.js:1945
[   30320ms] [ERROR] ./components/motion/hero.ts:3:1
Export clearStyle doesn't exist in target module
  1 | import { animate, stagger } from "motion"
  2 | import { DUR, EASE, ms } from "./tokens"
> 3 | import { setStyle, clearStyle } from "./dom"
    | ^^^^^^^^^^^^^^^^^^^^^^^^^^^^^^^^^^^^^^^^^^^^
  4 |
  5 | /**
  6 |  * The hero's motion, and the only motion left on the page that is not driven by a

The export clearStyle was not found in module [project]/components/motion/dom.ts [app-ssr] (ecmascript).
Did you mean to import clearStyles?
All exports of the module are statically known (It doesn't have dynamic exports). So it's known statically that the requested export doesn't exist.

Import traces:
  Client Component Browser:
    ./components/motion/hero.ts [Client Component Browser]
    ./components/motion/hero-scope.tsx [Client Component Browser]
    ./components/motion/hero-scope.tsx [Server Component]
    ./app/[locale]/page.tsx [Server Component]

  Client Component SSR:
    ./components/motion/hero.ts [Client Component SSR]
    ./components/motion/hero-scope.tsx [Client Component SSR]
    ./components/motion/hero-scope.tsx [Server Component]
    ./app/[locale]/page.tsx [Server Component] @ http://localhost:3000/_next/static/chunks/node_modules_next_dist_0u_w_5s._.js:1945
[   30320ms] [ERROR] ./components/motion/hero.ts:3:1
Export setStyle doesn't exist in target module
  1 | import { animate, stagger } from "motion"
  2 | import { DUR, EASE, ms } from "./tokens"
> 3 | import { setStyle, clearStyle } from "./dom"
    | ^^^^^^^^^^^^^^^^^^^^^^^^^^^^^^^^^^^^^^^^^^^^
  4 |
  5 | /**
  6 |  * The hero's motion, and the only motion left on the page that is not driven by a

The export setStyle was not found in module [project]/components/motion/dom.ts [app-client] (ecmascript).
Did you mean to import setStyles?
All exports of the module are statically known (It doesn't have dynamic exports). So it's known statically that the requested export doesn't exist.

Import traces:
  Client Component Browser:
    ./components/motion/hero.ts [Client Component Browser]
    ./components/motion/hero-scope.tsx [Client Component Browser]
    ./components/motion/hero-scope.tsx [Server Component]
    ./app/[locale]/page.tsx [Server Component]

  Client Component SSR:
    ./components/motion/hero.ts [Client Component SSR]
    ./components/motion/hero-scope.tsx [Client Component SSR]
    ./components/motion/hero-scope.tsx [Server Component]
    ./app/[locale]/page.tsx [Server Component] @ http://localhost:3000/_next/static/chunks/node_modules_next_dist_0u_w_5s._.js:1945
[   30320ms] [ERROR] ./components/motion/hero.ts:3:1
Export setStyle doesn't exist in target module
  1 | import { animate, stagger } from "motion"
  2 | import { DUR, EASE, ms } from "./tokens"
> 3 | import { setStyle, clearStyle } from "./dom"
    | ^^^^^^^^^^^^^^^^^^^^^^^^^^^^^^^^^^^^^^^^^^^^
  4 |
  5 | /**
  6 |  * The hero's motion, and the only motion left on the page that is not driven by a

The export setStyle was not found in module [project]/components/motion/dom.ts [app-ssr] (ecmascript).
Did you mean to import setStyles?
All exports of the module are statically known (It doesn't have dynamic exports). So it's known statically that the requested export doesn't exist.

Import traces:
  Client Component Browser:
    ./components/motion/hero.ts [Client Component Browser]
    ./components/motion/hero-scope.tsx [Client Component Browser]
    ./components/motion/hero-scope.tsx [Server Component]
    ./app/[locale]/page.tsx [Server Component]

  Client Component SSR:
    ./components/motion/hero.ts [Client Component SSR]
    ./components/motion/hero-scope.tsx [Client Component SSR]
    ./components/motion/hero-scope.tsx [Server Component]
    ./app/[locale]/page.tsx [Server Component] @ http://localhost:3000/_next/static/chunks/node_modules_next_dist_0u_w_5s._.js:1945
[   30381ms] [ERROR] ./components/motion/hero.ts:3:1
Export clearStyle doesn't exist in target module
  1 | import { animate, stagger } from "motion"
  2 | import { DUR, EASE, ms } from "./tokens"
> 3 | import { setStyle, clearStyle } from "./dom"
    | ^^^^^^^^^^^^^^^^^^^^^^^^^^^^^^^^^^^^^^^^^^^^
  4 |
  5 | /**
  6 |  * The hero's motion, and the only motion left on the page that is not driven by a

The export clearStyle was not found in module [project]/components/motion/dom.ts [app-client] (ecmascript).
Did you mean to import clearStyles?
All exports of the module are statically known (It doesn't have dynamic exports). So it's known statically that the requested export doesn't exist.

Import traces:
  Client Component Browser:
    ./components/motion/hero.ts [Client Component Browser]
    ./components/motion/hero-scope.tsx [Client Component Browser]
    ./components/motion/hero-scope.tsx [Server Component]
    ./app/[locale]/page.tsx [Server Component]

  Client Component SSR:
    ./components/motion/hero.ts [Client Component SSR]
    ./components/motion/hero-scope.tsx [Client Component SSR]
    ./components/motion/hero-scope.tsx [Server Component]
    ./app/[locale]/page.tsx [Server Component] @ http://localhost:3000/_next/static/chunks/node_modules_next_dist_0u_w_5s._.js:1945
[   30381ms] [ERROR] ./components/motion/hero.ts:3:1
Export clearStyle doesn't exist in target module
  1 | import { animate, stagger } from "motion"
  2 | import { DUR, EASE, ms } from "./tokens"
> 3 | import { setStyle, clearStyle } from "./dom"
    | ^^^^^^^^^^^^^^^^^^^^^^^^^^^^^^^^^^^^^^^^^^^^
  4 |
  5 | /**
  6 |  * The hero's motion, and the only motion left on the page that is not driven by a

The export clearStyle was not found in module [project]/components/motion/dom.ts [app-ssr] (ecmascript).
Did you mean to import clearStyles?
All exports of the module are statically known (It doesn't have dynamic exports). So it's known statically that the requested export doesn't exist.

Import traces:
  Client Component Browser:
    ./components/motion/hero.ts [Client Component Browser]
    ./components/motion/hero-scope.tsx [Client Component Browser]
    ./components/motion/hero-scope.tsx [Server Component]
    ./app/[locale]/page.tsx [Server Component]

  Client Component SSR:
    ./components/motion/hero.ts [Client Component SSR]
    ./components/motion/hero-scope.tsx [Client Component SSR]
    ./components/motion/hero-scope.tsx [Server Component]
    ./app/[locale]/page.tsx [Server Component] @ http://localhost:3000/_next/static/chunks/node_modules_next_dist_0u_w_5s._.js:1945
[   30381ms] [ERROR] ./components/motion/hero.ts:3:1
Export setStyle doesn't exist in target module
  1 | import { animate, stagger } from "motion"
  2 | import { DUR, EASE, ms } from "./tokens"
> 3 | import { setStyle, clearStyle } from "./dom"
    | ^^^^^^^^^^^^^^^^^^^^^^^^^^^^^^^^^^^^^^^^^^^^
  4 |
  5 | /**
  6 |  * The hero's motion, and the only motion left on the page that is not driven by a

The export setStyle was not found in module [project]/components/motion/dom.ts [app-client] (ecmascript).
Did you mean to import setStyles?
All exports of the module are statically known (It doesn't have dynamic exports). So it's known statically that the requested export doesn't exist.

Import traces:
  Client Component Browser:
    ./components/motion/hero.ts [Client Component Browser]
    ./components/motion/hero-scope.tsx [Client Component Browser]
    ./components/motion/hero-scope.tsx [Server Component]
    ./app/[locale]/page.tsx [Server Component]

  Client Component SSR:
    ./components/motion/hero.ts [Client Component SSR]
    ./components/motion/hero-scope.tsx [Client Component SSR]
    ./components/motion/hero-scope.tsx [Server Component]
    ./app/[locale]/page.tsx [Server Component] @ http://localhost:3000/_next/static/chunks/node_modules_next_dist_0u_w_5s._.js:1945
[   30382ms] [ERROR] ./components/motion/hero.ts:3:1
Export setStyle doesn't exist in target module
  1 | import { animate, stagger } from "motion"
  2 | import { DUR, EASE, ms } from "./tokens"
> 3 | import { setStyle, clearStyle } from "./dom"
    | ^^^^^^^^^^^^^^^^^^^^^^^^^^^^^^^^^^^^^^^^^^^^
  4 |
  5 | /**
  6 |  * The hero's motion, and the only motion left on the page that is not driven by a

The export setStyle was not found in module [project]/components/motion/dom.ts [app-ssr] (ecmascript).
Did you mean to import setStyles?
All exports of the module are statically known (It doesn't have dynamic exports). So it's known statically that the requested export doesn't exist.

Import traces:
  Client Component Browser:
    ./components/motion/hero.ts [Client Component Browser]
    ./components/motion/hero-scope.tsx [Client Component Browser]
    ./components/motion/hero-scope.tsx [Server Component]
    ./app/[locale]/page.tsx [Server Component]

  Client Component SSR:
    ./components/motion/hero.ts [Client Component SSR]
    ./components/motion/hero-scope.tsx [Client Component SSR]
    ./components/motion/hero-scope.tsx [Server Component]
    ./app/[locale]/page.tsx [Server Component] @ http://localhost:3000/_next/static/chunks/node_modules_next_dist_0u_w_5s._.js:1945
[   30443ms] [ERROR] ./components/motion/hero.ts:3:1
Export clearStyle doesn't exist in target module
  1 | import { animate, stagger } from "motion"
  2 | import { DUR, EASE, ms } from "./tokens"
> 3 | import { setStyle, clearStyle } from "./dom"
    | ^^^^^^^^^^^^^^^^^^^^^^^^^^^^^^^^^^^^^^^^^^^^
  4 |
  5 | /**
  6 |  * The hero's motion, and the only motion left on the page that is not driven by a

The export clearStyle was not found in module [project]/components/motion/dom.ts [app-client] (ecmascript).
Did you mean to import clearStyles?
All exports of the module are statically known (It doesn't have dynamic exports). So it's known statically that the requested export doesn't exist.

Import traces:
  Client Component Browser:
    ./components/motion/hero.ts [Client Component Browser]
    ./components/motion/hero-scope.tsx [Client Component Browser]
    ./components/motion/hero-scope.tsx [Server Component]
    ./app/[locale]/page.tsx [Server Component]

  Client Component SSR:
    ./components/motion/hero.ts [Client Component SSR]
    ./components/motion/hero-scope.tsx [Client Component SSR]
    ./components/motion/hero-scope.tsx [Server Component]
    ./app/[locale]/page.tsx [Server Component] @ http://localhost:3000/_next/static/chunks/node_modules_next_dist_0u_w_5s._.js:1945
[   30444ms] [ERROR] ./components/motion/hero.ts:3:1
Export clearStyle doesn't exist in target module
  1 | import { animate, stagger } from "motion"
  2 | import { DUR, EASE, ms } from "./tokens"
> 3 | import { setStyle, clearStyle } from "./dom"
    | ^^^^^^^^^^^^^^^^^^^^^^^^^^^^^^^^^^^^^^^^^^^^
  4 |
  5 | /**
  6 |  * The hero's motion, and the only motion left on the page that is not driven by a

The export clearStyle was not found in module [project]/components/motion/dom.ts [app-ssr] (ecmascript).
Did you mean to import clearStyles?
All exports of the module are statically known (It doesn't have dynamic exports). So it's known statically that the requested export doesn't exist.

Import traces:
  Client Component Browser:
    ./components/motion/hero.ts [Client Component Browser]
    ./components/motion/hero-scope.tsx [Client Component Browser]
    ./components/motion/hero-scope.tsx [Server Component]
    ./app/[locale]/page.tsx [Server Component]

  Client Component SSR:
    ./components/motion/hero.ts [Client Component SSR]
    ./components/motion/hero-scope.tsx [Client Component SSR]
    ./components/motion/hero-scope.tsx [Server Component]
    ./app/[locale]/page.tsx [Server Component] @ http://localhost:3000/_next/static/chunks/node_modules_next_dist_0u_w_5s._.js:1945
[   30444ms] [ERROR] ./components/motion/hero.ts:3:1
Export setStyle doesn't exist in target module
  1 | import { animate, stagger } from "motion"
  2 | import { DUR, EASE, ms } from "./tokens"
> 3 | import { setStyle, clearStyle } from "./dom"
    | ^^^^^^^^^^^^^^^^^^^^^^^^^^^^^^^^^^^^^^^^^^^^
  4 |
  5 | /**
  6 |  * The hero's motion, and the only motion left on the page that is not driven by a

The export setStyle was not found in module [project]/components/motion/dom.ts [app-client] (ecmascript).
Did you mean to import setStyles?
All exports of the module are statically known (It doesn't have dynamic exports). So it's known statically that the requested export doesn't exist.

Import traces:
  Client Component Browser:
    ./components/motion/hero.ts [Client Component Browser]
    ./components/motion/hero-scope.tsx [Client Component Browser]
    ./components/motion/hero-scope.tsx [Server Component]
    ./app/[locale]/page.tsx [Server Component]

  Client Component SSR:
    ./components/motion/hero.ts [Client Component SSR]
    ./components/motion/hero-scope.tsx [Client Component SSR]
    ./components/motion/hero-scope.tsx [Server Component]
    ./app/[locale]/page.tsx [Server Component] @ http://localhost:3000/_next/static/chunks/node_modules_next_dist_0u_w_5s._.js:1945
[   30444ms] [ERROR] ./components/motion/hero.ts:3:1
Export setStyle doesn't exist in target module
  1 | import { animate, stagger } from "motion"
  2 | import { DUR, EASE, ms } from "./tokens"
> 3 | import { setStyle, clearStyle } from "./dom"
    | ^^^^^^^^^^^^^^^^^^^^^^^^^^^^^^^^^^^^^^^^^^^^
  4 |
  5 | /**
  6 |  * The hero's motion, and the only motion left on the page that is not driven by a

The export setStyle was not found in module [project]/components/motion/dom.ts [app-ssr] (ecmascript).
Did you mean to import setStyles?
All exports of the module are statically known (It doesn't have dynamic exports). So it's known statically that the requested export doesn't exist.

Import traces:
  Client Component Browser:
    ./components/motion/hero.ts [Client Component Browser]
    ./components/motion/hero-scope.tsx [Client Component Browser]
    ./components/motion/hero-scope.tsx [Server Component]
    ./app/[locale]/page.tsx [Server Component]

  Client Component SSR:
    ./components/motion/hero.ts [Client Component SSR]
    ./components/motion/hero-scope.tsx [Client Component SSR]
    ./components/motion/hero-scope.tsx [Server Component]
    ./app/[locale]/page.tsx [Server Component] @ http://localhost:3000/_next/static/chunks/node_modules_next_dist_0u_w_5s._.js:1945
[   30504ms] [ERROR] ./components/motion/hero.ts:3:1
Export clearStyle doesn't exist in target module
  1 | import { animate, stagger } from "motion"
  2 | import { DUR, EASE, ms } from "./tokens"
> 3 | import { setStyle, clearStyle } from "./dom"
    | ^^^^^^^^^^^^^^^^^^^^^^^^^^^^^^^^^^^^^^^^^^^^
  4 |
  5 | /**
  6 |  * The hero's motion, and the only motion left on the page that is not driven by a

The export clearStyle was not found in module [project]/components/motion/dom.ts [app-client] (ecmascript).
Did you mean to import clearStyles?
All exports of the module are statically known (It doesn't have dynamic exports). So it's known statically that the requested export doesn't exist.

Import traces:
  Client Component Browser:
    ./components/motion/hero.ts [Client Component Browser]
    ./components/motion/hero-scope.tsx [Client Component Browser]
    ./components/motion/hero-scope.tsx [Server Component]
    ./app/[locale]/page.tsx [Server Component]

  Client Component SSR:
    ./components/motion/hero.ts [Client Component SSR]
    ./components/motion/hero-scope.tsx [Client Component SSR]
    ./components/motion/hero-scope.tsx [Server Component]
    ./app/[locale]/page.tsx [Server Component] @ http://localhost:3000/_next/static/chunks/node_modules_next_dist_0u_w_5s._.js:1945
[   30504ms] [ERROR] ./components/motion/hero.ts:3:1
Export clearStyle doesn't exist in target module
  1 | import { animate, stagger } from "motion"
  2 | import { DUR, EASE, ms } from "./tokens"
> 3 | import { setStyle, clearStyle } from "./dom"
    | ^^^^^^^^^^^^^^^^^^^^^^^^^^^^^^^^^^^^^^^^^^^^
  4 |
  5 | /**
  6 |  * The hero's motion, and the only motion left on the page that is not driven by a

The export clearStyle was not found in module [project]/components/motion/dom.ts [app-ssr] (ecmascript).
Did you mean to import clearStyles?
All exports of the module are statically known (It doesn't have dynamic exports). So it's known statically that the requested export doesn't exist.

Import traces:
  Client Component Browser:
    ./components/motion/hero.ts [Client Component Browser]
    ./components/motion/hero-scope.tsx [Client Component Browser]
    ./components/motion/hero-scope.tsx [Server Component]
    ./app/[locale]/page.tsx [Server Component]

  Client Component SSR:
    ./components/motion/hero.ts [Client Component SSR]
    ./components/motion/hero-scope.tsx [Client Component SSR]
    ./components/motion/hero-scope.tsx [Server Component]
    ./app/[locale]/page.tsx [Server Component] @ http://localhost:3000/_next/static/chunks/node_modules_next_dist_0u_w_5s._.js:1945
[   30504ms] [ERROR] ./components/motion/hero.ts:3:1
Export setStyle doesn't exist in target module
  1 | import { animate, stagger } from "motion"
  2 | import { DUR, EASE, ms } from "./tokens"
> 3 | import { setStyle, clearStyle } from "./dom"
    | ^^^^^^^^^^^^^^^^^^^^^^^^^^^^^^^^^^^^^^^^^^^^
  4 |
  5 | /**
  6 |  * The hero's motion, and the only motion left on the page that is not driven by a

The export setStyle was not found in module [project]/components/motion/dom.ts [app-client] (ecmascript).
Did you mean to import setStyles?
All exports of the module are statically known (It doesn't have dynamic exports). So it's known statically that the requested export doesn't exist.

Import traces:
  Client Component Browser:
    ./components/motion/hero.ts [Client Component Browser]
    ./components/motion/hero-scope.tsx [Client Component Browser]
    ./components/motion/hero-scope.tsx [Server Component]
    ./app/[locale]/page.tsx [Server Component]

  Client Component SSR:
    ./components/motion/hero.ts [Client Component SSR]
    ./components/motion/hero-scope.tsx [Client Component SSR]
    ./components/motion/hero-scope.tsx [Server Component]
    ./app/[locale]/page.tsx [Server Component] @ http://localhost:3000/_next/static/chunks/node_modules_next_dist_0u_w_5s._.js:1945
[   30504ms] [ERROR] ./components/motion/hero.ts:3:1
Export setStyle doesn't exist in target module
  1 | import { animate, stagger } from "motion"
  2 | import { DUR, EASE, ms } from "./tokens"
> 3 | import { setStyle, clearStyle } from "./dom"
    | ^^^^^^^^^^^^^^^^^^^^^^^^^^^^^^^^^^^^^^^^^^^^
  4 |
  5 | /**
  6 |  * The hero's motion, and the only motion left on the page that is not driven by a

The export setStyle was not found in module [project]/components/motion/dom.ts [app-ssr] (ecmascript).
Did you mean to import setStyles?
All exports of the module are statically known (It doesn't have dynamic exports). So it's known statically that the requested export doesn't exist.

Import traces:
  Client Component Browser:
    ./components/motion/hero.ts [Client Component Browser]
    ./components/motion/hero-scope.tsx [Client Component Browser]
    ./components/motion/hero-scope.tsx [Server Component]
    ./app/[locale]/page.tsx [Server Component]

  Client Component SSR:
    ./components/motion/hero.ts [Client Component SSR]
    ./components/motion/hero-scope.tsx [Client Component SSR]
    ./components/motion/hero-scope.tsx [Server Component]
    ./app/[locale]/page.tsx [Server Component] @ http://localhost:3000/_next/static/chunks/node_modules_next_dist_0u_w_5s._.js:1945
[   30565ms] [ERROR] ./components/motion/hero.ts:3:1
Export clearStyle doesn't exist in target module
  1 | import { animate, stagger } from "motion"
  2 | import { DUR, EASE, ms } from "./tokens"
> 3 | import { setStyle, clearStyle } from "./dom"
    | ^^^^^^^^^^^^^^^^^^^^^^^^^^^^^^^^^^^^^^^^^^^^
  4 |
  5 | /**
  6 |  * The hero's motion, and the only motion left on the page that is not driven by a

The export clearStyle was not found in module [project]/components/motion/dom.ts [app-client] (ecmascript).
Did you mean to import clearStyles?
All exports of the module are statically known (It doesn't have dynamic exports). So it's known statically that the requested export doesn't exist.

Import traces:
  Client Component Browser:
    ./components/motion/hero.ts [Client Component Browser]
    ./components/motion/hero-scope.tsx [Client Component Browser]
    ./components/motion/hero-scope.tsx [Server Component]
    ./app/[locale]/page.tsx [Server Component]

  Client Component SSR:
    ./components/motion/hero.ts [Client Component SSR]
    ./components/motion/hero-scope.tsx [Client Component SSR]
    ./components/motion/hero-scope.tsx [Server Component]
    ./app/[locale]/page.tsx [Server Component] @ http://localhost:3000/_next/static/chunks/node_modules_next_dist_0u_w_5s._.js:1945
[   30566ms] [ERROR] ./components/motion/hero.ts:3:1
Export clearStyle doesn't exist in target module
  1 | import { animate, stagger } from "motion"
  2 | import { DUR, EASE, ms } from "./tokens"
> 3 | import { setStyle, clearStyle } from "./dom"
    | ^^^^^^^^^^^^^^^^^^^^^^^^^^^^^^^^^^^^^^^^^^^^
  4 |
  5 | /**
  6 |  * The hero's motion, and the only motion left on the page that is not driven by a

The export clearStyle was not found in module [project]/components/motion/dom.ts [app-ssr] (ecmascript).
Did you mean to import clearStyles?
All exports of the module are statically known (It doesn't have dynamic exports). So it's known statically that the requested export doesn't exist.

Import traces:
  Client Component Browser:
    ./components/motion/hero.ts [Client Component Browser]
    ./components/motion/hero-scope.tsx [Client Component Browser]
    ./components/motion/hero-scope.tsx [Server Component]
    ./app/[locale]/page.tsx [Server Component]

  Client Component SSR:
    ./components/motion/hero.ts [Client Component SSR]
    ./components/motion/hero-scope.tsx [Client Component SSR]
    ./components/motion/hero-scope.tsx [Server Component]
    ./app/[locale]/page.tsx [Server Component] @ http://localhost:3000/_next/static/chunks/node_modules_next_dist_0u_w_5s._.js:1945
[   30566ms] [ERROR] ./components/motion/hero.ts:3:1
Export setStyle doesn't exist in target module
  1 | import { animate, stagger } from "motion"
  2 | import { DUR, EASE, ms } from "./tokens"
> 3 | import { setStyle, clearStyle } from "./dom"
    | ^^^^^^^^^^^^^^^^^^^^^^^^^^^^^^^^^^^^^^^^^^^^
  4 |
  5 | /**
  6 |  * The hero's motion, and the only motion left on the page that is not driven by a

The export setStyle was not found in module [project]/components/motion/dom.ts [app-client] (ecmascript).
Did you mean to import setStyles?
All exports of the module are statically known (It doesn't have dynamic exports). So it's known statically that the requested export doesn't exist.

Import traces:
  Client Component Browser:
    ./components/motion/hero.ts [Client Component Browser]
    ./components/motion/hero-scope.tsx [Client Component Browser]
    ./components/motion/hero-scope.tsx [Server Component]
    ./app/[locale]/page.tsx [Server Component]

  Client Component SSR:
    ./components/motion/hero.ts [Client Component SSR]
    ./components/motion/hero-scope.tsx [Client Component SSR]
    ./components/motion/hero-scope.tsx [Server Component]
    ./app/[locale]/page.tsx [Server Component] @ http://localhost:3000/_next/static/chunks/node_modules_next_dist_0u_w_5s._.js:1945
[   30566ms] [ERROR] ./components/motion/hero.ts:3:1
Export setStyle doesn't exist in target module
  1 | import { animate, stagger } from "motion"
  2 | import { DUR, EASE, ms } from "./tokens"
> 3 | import { setStyle, clearStyle } from "./dom"
    | ^^^^^^^^^^^^^^^^^^^^^^^^^^^^^^^^^^^^^^^^^^^^
  4 |
  5 | /**
  6 |  * The hero's motion, and the only motion left on the page that is not driven by a

The export setStyle was not found in module [project]/components/motion/dom.ts [app-ssr] (ecmascript).
Did you mean to import setStyles?
All exports of the module are statically known (It doesn't have dynamic exports). So it's known statically that the requested export doesn't exist.

Import traces:
  Client Component Browser:
    ./components/motion/hero.ts [Client Component Browser]
    ./components/motion/hero-scope.tsx [Client Component Browser]
    ./components/motion/hero-scope.tsx [Server Component]
    ./app/[locale]/page.tsx [Server Component]

  Client Component SSR:
    ./components/motion/hero.ts [Client Component SSR]
    ./components/motion/hero-scope.tsx [Client Component SSR]
    ./components/motion/hero-scope.tsx [Server Component]
    ./app/[locale]/page.tsx [Server Component] @ http://localhost:3000/_next/static/chunks/node_modules_next_dist_0u_w_5s._.js:1945
[   30629ms] [ERROR] ./components/motion/hero.ts:3:1
Export clearStyle doesn't exist in target module
  1 | import { animate, stagger } from "motion"
  2 | import { DUR, EASE, ms } from "./tokens"
> 3 | import { setStyle, clearStyle } from "./dom"
    | ^^^^^^^^^^^^^^^^^^^^^^^^^^^^^^^^^^^^^^^^^^^^
  4 |
  5 | /**
  6 |  * The hero's motion, and the only motion left on the page that is not driven by a

The export clearStyle was not found in module [project]/components/motion/dom.ts [app-client] (ecmascript).
Did you mean to import clearStyles?
All exports of the module are statically known (It doesn't have dynamic exports). So it's known statically that the requested export doesn't exist.

Import traces:
  Client Component Browser:
    ./components/motion/hero.ts [Client Component Browser]
    ./components/motion/hero-scope.tsx [Client Component Browser]
    ./components/motion/hero-scope.tsx [Server Component]
    ./app/[locale]/page.tsx [Server Component]

  Client Component SSR:
    ./components/motion/hero.ts [Client Component SSR]
    ./components/motion/hero-scope.tsx [Client Component SSR]
    ./components/motion/hero-scope.tsx [Server Component]
    ./app/[locale]/page.tsx [Server Component] @ http://localhost:3000/_next/static/chunks/node_modules_next_dist_0u_w_5s._.js:1945
[   30630ms] [ERROR] ./components/motion/hero.ts:3:1
Export clearStyle doesn't exist in target module
  1 | import { animate, stagger } from "motion"
  2 | import { DUR, EASE, ms } from "./tokens"
> 3 | import { setStyle, clearStyle } from "./dom"
    | ^^^^^^^^^^^^^^^^^^^^^^^^^^^^^^^^^^^^^^^^^^^^
  4 |
  5 | /**
  6 |  * The hero's motion, and the only motion left on the page that is not driven by a

The export clearStyle was not found in module [project]/components/motion/dom.ts [app-ssr] (ecmascript).
Did you mean to import clearStyles?
All exports of the module are statically known (It doesn't have dynamic exports). So it's known statically that the requested export doesn't exist.

Import traces:
  Client Component Browser:
    ./components/motion/hero.ts [Client Component Browser]
    ./components/motion/hero-scope.tsx [Client Component Browser]
    ./components/motion/hero-scope.tsx [Server Component]
    ./app/[locale]/page.tsx [Server Component]

  Client Component SSR:
    ./components/motion/hero.ts [Client Component SSR]
    ./components/motion/hero-scope.tsx [Client Component SSR]
    ./components/motion/hero-scope.tsx [Server Component]
    ./app/[locale]/page.tsx [Server Component] @ http://localhost:3000/_next/static/chunks/node_modules_next_dist_0u_w_5s._.js:1945
[   30630ms] [ERROR] ./components/motion/hero.ts:3:1
Export setStyle doesn't exist in target module
  1 | import { animate, stagger } from "motion"
  2 | import { DUR, EASE, ms } from "./tokens"
> 3 | import { setStyle, clearStyle } from "./dom"
    | ^^^^^^^^^^^^^^^^^^^^^^^^^^^^^^^^^^^^^^^^^^^^
  4 |
  5 | /**
  6 |  * The hero's motion, and the only motion left on the page that is not driven by a

The export setStyle was not found in module [project]/components/motion/dom.ts [app-client] (ecmascript).
Did you mean to import setStyles?
All exports of the module are statically known (It doesn't have dynamic exports). So it's known statically that the requested export doesn't exist.

Import traces:
  Client Component Browser:
    ./components/motion/hero.ts [Client Component Browser]
    ./components/motion/hero-scope.tsx [Client Component Browser]
    ./components/motion/hero-scope.tsx [Server Component]
    ./app/[locale]/page.tsx [Server Component]

  Client Component SSR:
    ./components/motion/hero.ts [Client Component SSR]
    ./components/motion/hero-scope.tsx [Client Component SSR]
    ./components/motion/hero-scope.tsx [Server Component]
    ./app/[locale]/page.tsx [Server Component] @ http://localhost:3000/_next/static/chunks/node_modules_next_dist_0u_w_5s._.js:1945
[   30630ms] [ERROR] ./components/motion/hero.ts:3:1
Export setStyle doesn't exist in target module
  1 | import { animate, stagger } from "motion"
  2 | import { DUR, EASE, ms } from "./tokens"
> 3 | import { setStyle, clearStyle } from "./dom"
    | ^^^^^^^^^^^^^^^^^^^^^^^^^^^^^^^^^^^^^^^^^^^^
  4 |
  5 | /**
  6 |  * The hero's motion, and the only motion left on the page that is not driven by a

The export setStyle was not found in module [project]/components/motion/dom.ts [app-ssr] (ecmascript).
Did you mean to import setStyles?
All exports of the module are statically known (It doesn't have dynamic exports). So it's known statically that the requested export doesn't exist.

Import traces:
  Client Component Browser:
    ./components/motion/hero.ts [Client Component Browser]
    ./components/motion/hero-scope.tsx [Client Component Browser]
    ./components/motion/hero-scope.tsx [Server Component]
    ./app/[locale]/page.tsx [Server Component]

  Client Component SSR:
    ./components/motion/hero.ts [Client Component SSR]
    ./components/motion/hero-scope.tsx [Client Component SSR]
    ./components/motion/hero-scope.tsx [Server Component]
    ./app/[locale]/page.tsx [Server Component] @ http://localhost:3000/_next/static/chunks/node_modules_next_dist_0u_w_5s._.js:1945
[   30691ms] [ERROR] ./components/motion/hero.ts:3:1
Export clearStyle doesn't exist in target module
  1 | import { animate, stagger } from "motion"
  2 | import { DUR, EASE, ms } from "./tokens"
> 3 | import { setStyle, clearStyle } from "./dom"
    | ^^^^^^^^^^^^^^^^^^^^^^^^^^^^^^^^^^^^^^^^^^^^
  4 |
  5 | /**
  6 |  * The hero's motion, and the only motion left on the page that is not driven by a

The export clearStyle was not found in module [project]/components/motion/dom.ts [app-client] (ecmascript).
Did you mean to import clearStyles?
All exports of the module are statically known (It doesn't have dynamic exports). So it's known statically that the requested export doesn't exist.

Import traces:
  Client Component Browser:
    ./components/motion/hero.ts [Client Component Browser]
    ./components/motion/hero-scope.tsx [Client Component Browser]
    ./components/motion/hero-scope.tsx [Server Component]
    ./app/[locale]/page.tsx [Server Component]

  Client Component SSR:
    ./components/motion/hero.ts [Client Component SSR]
    ./components/motion/hero-scope.tsx [Client Component SSR]
    ./components/motion/hero-scope.tsx [Server Component]
    ./app/[locale]/page.tsx [Server Component] @ http://localhost:3000/_next/static/chunks/node_modules_next_dist_0u_w_5s._.js:1945
[   30691ms] [ERROR] ./components/motion/hero.ts:3:1
Export clearStyle doesn't exist in target module
  1 | import { animate, stagger } from "motion"
  2 | import { DUR, EASE, ms } from "./tokens"
> 3 | import { setStyle, clearStyle } from "./dom"
    | ^^^^^^^^^^^^^^^^^^^^^^^^^^^^^^^^^^^^^^^^^^^^
  4 |
  5 | /**
  6 |  * The hero's motion, and the only motion left on the page that is not driven by a

The export clearStyle was not found in module [project]/components/motion/dom.ts [app-ssr] (ecmascript).
Did you mean to import clearStyles?
All exports of the module are statically known (It doesn't have dynamic exports). So it's known statically that the requested export doesn't exist.

Import traces:
  Client Component Browser:
    ./components/motion/hero.ts [Client Component Browser]
    ./components/motion/hero-scope.tsx [Client Component Browser]
    ./components/motion/hero-scope.tsx [Server Component]
    ./app/[locale]/page.tsx [Server Component]

  Client Component SSR:
    ./components/motion/hero.ts [Client Component SSR]
    ./components/motion/hero-scope.tsx [Client Component SSR]
    ./components/motion/hero-scope.tsx [Server Component]
    ./app/[locale]/page.tsx [Server Component] @ http://localhost:3000/_next/static/chunks/node_modules_next_dist_0u_w_5s._.js:1945
[   30691ms] [ERROR] ./components/motion/hero.ts:3:1
Export setStyle doesn't exist in target module
  1 | import { animate, stagger } from "motion"
  2 | import { DUR, EASE, ms } from "./tokens"
> 3 | import { setStyle, clearStyle } from "./dom"
    | ^^^^^^^^^^^^^^^^^^^^^^^^^^^^^^^^^^^^^^^^^^^^
  4 |
  5 | /**
  6 |  * The hero's motion, and the only motion left on the page that is not driven by a

The export setStyle was not found in module [project]/components/motion/dom.ts [app-client] (ecmascript).
Did you mean to import setStyles?
All exports of the module are statically known (It doesn't have dynamic exports). So it's known statically that the requested export doesn't exist.

Import traces:
  Client Component Browser:
    ./components/motion/hero.ts [Client Component Browser]
    ./components/motion/hero-scope.tsx [Client Component Browser]
    ./components/motion/hero-scope.tsx [Server Component]
    ./app/[locale]/page.tsx [Server Component]

  Client Component SSR:
    ./components/motion/hero.ts [Client Component SSR]
    ./components/motion/hero-scope.tsx [Client Component SSR]
    ./components/motion/hero-scope.tsx [Server Component]
    ./app/[locale]/page.tsx [Server Component] @ http://localhost:3000/_next/static/chunks/node_modules_next_dist_0u_w_5s._.js:1945
[   30691ms] [ERROR] ./components/motion/hero.ts:3:1
Export setStyle doesn't exist in target module
  1 | import { animate, stagger } from "motion"
  2 | import { DUR, EASE, ms } from "./tokens"
> 3 | import { setStyle, clearStyle } from "./dom"
    | ^^^^^^^^^^^^^^^^^^^^^^^^^^^^^^^^^^^^^^^^^^^^
  4 |
  5 | /**
  6 |  * The hero's motion, and the only motion left on the page that is not driven by a

The export setStyle was not found in module [project]/components/motion/dom.ts [app-ssr] (ecmascript).
Did you mean to import setStyles?
All exports of the module are statically known (It doesn't have dynamic exports). So it's known statically that the requested export doesn't exist.

Import traces:
  Client Component Browser:
    ./components/motion/hero.ts [Client Component Browser]
    ./components/motion/hero-scope.tsx [Client Component Browser]
    ./components/motion/hero-scope.tsx [Server Component]
    ./app/[locale]/page.tsx [Server Component]

  Client Component SSR:
    ./components/motion/hero.ts [Client Component SSR]
    ./components/motion/hero-scope.tsx [Client Component SSR]
    ./components/motion/hero-scope.tsx [Server Component]
    ./app/[locale]/page.tsx [Server Component] @ http://localhost:3000/_next/static/chunks/node_modules_next_dist_0u_w_5s._.js:1945
[   30755ms] [ERROR] ./components/motion/hero.ts:3:1
Export clearStyle doesn't exist in target module
  1 | import { animate, stagger } from "motion"
  2 | import { DUR, EASE, ms } from "./tokens"
> 3 | import { setStyle, clearStyle } from "./dom"
    | ^^^^^^^^^^^^^^^^^^^^^^^^^^^^^^^^^^^^^^^^^^^^
  4 |
  5 | /**
  6 |  * The hero's motion, and the only motion left on the page that is not driven by a

The export clearStyle was not found in module [project]/components/motion/dom.ts [app-client] (ecmascript).
Did you mean to import clearStyles?
All exports of the module are statically known (It doesn't have dynamic exports). So it's known statically that the requested export doesn't exist.

Import traces:
  Client Component Browser:
    ./components/motion/hero.ts [Client Component Browser]
    ./components/motion/hero-scope.tsx [Client Component Browser]
    ./components/motion/hero-scope.tsx [Server Component]
    ./app/[locale]/page.tsx [Server Component]

  Client Component SSR:
    ./components/motion/hero.ts [Client Component SSR]
    ./components/motion/hero-scope.tsx [Client Component SSR]
    ./components/motion/hero-scope.tsx [Server Component]
    ./app/[locale]/page.tsx [Server Component] @ http://localhost:3000/_next/static/chunks/node_modules_next_dist_0u_w_5s._.js:1945
[   30755ms] [ERROR] ./components/motion/hero.ts:3:1
Export clearStyle doesn't exist in target module
  1 | import { animate, stagger } from "motion"
  2 | import { DUR, EASE, ms } from "./tokens"
> 3 | import { setStyle, clearStyle } from "./dom"
    | ^^^^^^^^^^^^^^^^^^^^^^^^^^^^^^^^^^^^^^^^^^^^
  4 |
  5 | /**
  6 |  * The hero's motion, and the only motion left on the page that is not driven by a

The export clearStyle was not found in module [project]/components/motion/dom.ts [app-ssr] (ecmascript).
Did you mean to import clearStyles?
All exports of the module are statically known (It doesn't have dynamic exports). So it's known statically that the requested export doesn't exist.

Import traces:
  Client Component Browser:
    ./components/motion/hero.ts [Client Component Browser]
    ./components/motion/hero-scope.tsx [Client Component Browser]
    ./components/motion/hero-scope.tsx [Server Component]
    ./app/[locale]/page.tsx [Server Component]

  Client Component SSR:
    ./components/motion/hero.ts [Client Component SSR]
    ./components/motion/hero-scope.tsx [Client Component SSR]
    ./components/motion/hero-scope.tsx [Server Component]
    ./app/[locale]/page.tsx [Server Component] @ http://localhost:3000/_next/static/chunks/node_modules_next_dist_0u_w_5s._.js:1945
[   30755ms] [ERROR] ./components/motion/hero.ts:3:1
Export setStyle doesn't exist in target module
  1 | import { animate, stagger } from "motion"
  2 | import { DUR, EASE, ms } from "./tokens"
> 3 | import { setStyle, clearStyle } from "./dom"
    | ^^^^^^^^^^^^^^^^^^^^^^^^^^^^^^^^^^^^^^^^^^^^
  4 |
  5 | /**
  6 |  * The hero's motion, and the only motion left on the page that is not driven by a

The export setStyle was not found in module [project]/components/motion/dom.ts [app-client] (ecmascript).
Did you mean to import setStyles?
All exports of the module are statically known (It doesn't have dynamic exports). So it's known statically that the requested export doesn't exist.

Import traces:
  Client Component Browser:
    ./components/motion/hero.ts [Client Component Browser]
    ./components/motion/hero-scope.tsx [Client Component Browser]
    ./components/motion/hero-scope.tsx [Server Component]
    ./app/[locale]/page.tsx [Server Component]

  Client Component SSR:
    ./components/motion/hero.ts [Client Component SSR]
    ./components/motion/hero-scope.tsx [Client Component SSR]
    ./components/motion/hero-scope.tsx [Server Component]
    ./app/[locale]/page.tsx [Server Component] @ http://localhost:3000/_next/static/chunks/node_modules_next_dist_0u_w_5s._.js:1945
[   30755ms] [ERROR] ./components/motion/hero.ts:3:1
Export setStyle doesn't exist in target module
  1 | import { animate, stagger } from "motion"
  2 | import { DUR, EASE, ms } from "./tokens"
> 3 | import { setStyle, clearStyle } from "./dom"
    | ^^^^^^^^^^^^^^^^^^^^^^^^^^^^^^^^^^^^^^^^^^^^
  4 |
  5 | /**
  6 |  * The hero's motion, and the only motion left on the page that is not driven by a

The export setStyle was not found in module [project]/components/motion/dom.ts [app-ssr] (ecmascript).
Did you mean to import setStyles?
All exports of the module are statically known (It doesn't have dynamic exports). So it's known statically that the requested export doesn't exist.

Import traces:
  Client Component Browser:
    ./components/motion/hero.ts [Client Component Browser]
    ./components/motion/hero-scope.tsx [Client Component Browser]
    ./components/motion/hero-scope.tsx [Server Component]
    ./app/[locale]/page.tsx [Server Component]

  Client Component SSR:
    ./components/motion/hero.ts [Client Component SSR]
    ./components/motion/hero-scope.tsx [Client Component SSR]
    ./components/motion/hero-scope.tsx [Server Component]
    ./app/[locale]/page.tsx [Server Component] @ http://localhost:3000/_next/static/chunks/node_modules_next_dist_0u_w_5s._.js:1945
[   30817ms] [ERROR] ./components/motion/hero.ts:3:1
Export clearStyle doesn't exist in target module
  1 | import { animate, stagger } from "motion"
  2 | import { DUR, EASE, ms } from "./tokens"
> 3 | import { setStyle, clearStyle } from "./dom"
    | ^^^^^^^^^^^^^^^^^^^^^^^^^^^^^^^^^^^^^^^^^^^^
  4 |
  5 | /**
  6 |  * The hero's motion, and the only motion left on the page that is not driven by a

The export clearStyle was not found in module [project]/components/motion/dom.ts [app-client] (ecmascript).
Did you mean to import clearStyles?
All exports of the module are statically known (It doesn't have dynamic exports). So it's known statically that the requested export doesn't exist.

Import traces:
  Client Component Browser:
    ./components/motion/hero.ts [Client Component Browser]
    ./components/motion/hero-scope.tsx [Client Component Browser]
    ./components/motion/hero-scope.tsx [Server Component]
    ./app/[locale]/page.tsx [Server Component]

  Client Component SSR:
    ./components/motion/hero.ts [Client Component SSR]
    ./components/motion/hero-scope.tsx [Client Component SSR]
    ./components/motion/hero-scope.tsx [Server Component]
    ./app/[locale]/page.tsx [Server Component] @ http://localhost:3000/_next/static/chunks/node_modules_next_dist_0u_w_5s._.js:1945
[   30817ms] [ERROR] ./components/motion/hero.ts:3:1
Export clearStyle doesn't exist in target module
  1 | import { animate, stagger } from "motion"
  2 | import { DUR, EASE, ms } from "./tokens"
> 3 | import { setStyle, clearStyle } from "./dom"
    | ^^^^^^^^^^^^^^^^^^^^^^^^^^^^^^^^^^^^^^^^^^^^
  4 |
  5 | /**
  6 |  * The hero's motion, and the only motion left on the page that is not driven by a

The export clearStyle was not found in module [project]/components/motion/dom.ts [app-ssr] (ecmascript).
Did you mean to import clearStyles?
All exports of the module are statically known (It doesn't have dynamic exports). So it's known statically that the requested export doesn't exist.

Import traces:
  Client Component Browser:
    ./components/motion/hero.ts [Client Component Browser]
    ./components/motion/hero-scope.tsx [Client Component Browser]
    ./components/motion/hero-scope.tsx [Server Component]
    ./app/[locale]/page.tsx [Server Component]

  Client Component SSR:
    ./components/motion/hero.ts [Client Component SSR]
    ./components/motion/hero-scope.tsx [Client Component SSR]
    ./components/motion/hero-scope.tsx [Server Component]
    ./app/[locale]/page.tsx [Server Component] @ http://localhost:3000/_next/static/chunks/node_modules_next_dist_0u_w_5s._.js:1945
[   30818ms] [ERROR] ./components/motion/hero.ts:3:1
Export setStyle doesn't exist in target module
  1 | import { animate, stagger } from "motion"
  2 | import { DUR, EASE, ms } from "./tokens"
> 3 | import { setStyle, clearStyle } from "./dom"
    | ^^^^^^^^^^^^^^^^^^^^^^^^^^^^^^^^^^^^^^^^^^^^
  4 |
  5 | /**
  6 |  * The hero's motion, and the only motion left on the page that is not driven by a

The export setStyle was not found in module [project]/components/motion/dom.ts [app-client] (ecmascript).
Did you mean to import setStyles?
All exports of the module are statically known (It doesn't have dynamic exports). So it's known statically that the requested export doesn't exist.

Import traces:
  Client Component Browser:
    ./components/motion/hero.ts [Client Component Browser]
    ./components/motion/hero-scope.tsx [Client Component Browser]
    ./components/motion/hero-scope.tsx [Server Component]
    ./app/[locale]/page.tsx [Server Component]

  Client Component SSR:
    ./components/motion/hero.ts [Client Component SSR]
    ./components/motion/hero-scope.tsx [Client Component SSR]
    ./components/motion/hero-scope.tsx [Server Component]
    ./app/[locale]/page.tsx [Server Component] @ http://localhost:3000/_next/static/chunks/node_modules_next_dist_0u_w_5s._.js:1945
[   30818ms] [ERROR] ./components/motion/hero.ts:3:1
Export setStyle doesn't exist in target module
  1 | import { animate, stagger } from "motion"
  2 | import { DUR, EASE, ms } from "./tokens"
> 3 | import { setStyle, clearStyle } from "./dom"
    | ^^^^^^^^^^^^^^^^^^^^^^^^^^^^^^^^^^^^^^^^^^^^
  4 |
  5 | /**
  6 |  * The hero's motion, and the only motion left on the page that is not driven by a

The export setStyle was not found in module [project]/components/motion/dom.ts [app-ssr] (ecmascript).
Did you mean to import setStyles?
All exports of the module are statically known (It doesn't have dynamic exports). So it's known statically that the requested export doesn't exist.

Import traces:
  Client Component Browser:
    ./components/motion/hero.ts [Client Component Browser]
    ./components/motion/hero-scope.tsx [Client Component Browser]
    ./components/motion/hero-scope.tsx [Server Component]
    ./app/[locale]/page.tsx [Server Component]

  Client Component SSR:
    ./components/motion/hero.ts [Client Component SSR]
    ./components/motion/hero-scope.tsx [Client Component SSR]
    ./components/motion/hero-scope.tsx [Server Component]
    ./app/[locale]/page.tsx [Server Component] @ http://localhost:3000/_next/static/chunks/node_modules_next_dist_0u_w_5s._.js:1945
[   30880ms] [ERROR] ./components/motion/hero.ts:3:1
Export clearStyle doesn't exist in target module
  1 | import { animate, stagger } from "motion"
  2 | import { DUR, EASE, ms } from "./tokens"
> 3 | import { setStyle, clearStyle } from "./dom"
    | ^^^^^^^^^^^^^^^^^^^^^^^^^^^^^^^^^^^^^^^^^^^^
  4 |
  5 | /**
  6 |  * The hero's motion, and the only motion left on the page that is not driven by a

The export clearStyle was not found in module [project]/components/motion/dom.ts [app-client] (ecmascript).
Did you mean to import clearStyles?
All exports of the module are statically known (It doesn't have dynamic exports). So it's known statically that the requested export doesn't exist.

Import traces:
  Client Component Browser:
    ./components/motion/hero.ts [Client Component Browser]
    ./components/motion/hero-scope.tsx [Client Component Browser]
    ./components/motion/hero-scope.tsx [Server Component]
    ./app/[locale]/page.tsx [Server Component]

  Client Component SSR:
    ./components/motion/hero.ts [Client Component SSR]
    ./components/motion/hero-scope.tsx [Client Component SSR]
    ./components/motion/hero-scope.tsx [Server Component]
    ./app/[locale]/page.tsx [Server Component] @ http://localhost:3000/_next/static/chunks/node_modules_next_dist_0u_w_5s._.js:1945
[   30880ms] [ERROR] ./components/motion/hero.ts:3:1
Export clearStyle doesn't exist in target module
  1 | import { animate, stagger } from "motion"
  2 | import { DUR, EASE, ms } from "./tokens"
> 3 | import { setStyle, clearStyle } from "./dom"
    | ^^^^^^^^^^^^^^^^^^^^^^^^^^^^^^^^^^^^^^^^^^^^
  4 |
  5 | /**
  6 |  * The hero's motion, and the only motion left on the page that is not driven by a

The export clearStyle was not found in module [project]/components/motion/dom.ts [app-ssr] (ecmascript).
Did you mean to import clearStyles?
All exports of the module are statically known (It doesn't have dynamic exports). So it's known statically that the requested export doesn't exist.

Import traces:
  Client Component Browser:
    ./components/motion/hero.ts [Client Component Browser]
    ./components/motion/hero-scope.tsx [Client Component Browser]
    ./components/motion/hero-scope.tsx [Server Component]
    ./app/[locale]/page.tsx [Server Component]

  Client Component SSR:
    ./components/motion/hero.ts [Client Component SSR]
    ./components/motion/hero-scope.tsx [Client Component SSR]
    ./components/motion/hero-scope.tsx [Server Component]
    ./app/[locale]/page.tsx [Server Component] @ http://localhost:3000/_next/static/chunks/node_modules_next_dist_0u_w_5s._.js:1945
[   30880ms] [ERROR] ./components/motion/hero.ts:3:1
Export setStyle doesn't exist in target module
  1 | import { animate, stagger } from "motion"
  2 | import { DUR, EASE, ms } from "./tokens"
> 3 | import { setStyle, clearStyle } from "./dom"
    | ^^^^^^^^^^^^^^^^^^^^^^^^^^^^^^^^^^^^^^^^^^^^
  4 |
  5 | /**
  6 |  * The hero's motion, and the only motion left on the page that is not driven by a

The export setStyle was not found in module [project]/components/motion/dom.ts [app-client] (ecmascript).
Did you mean to import setStyles?
All exports of the module are statically known (It doesn't have dynamic exports). So it's known statically that the requested export doesn't exist.

Import traces:
  Client Component Browser:
    ./components/motion/hero.ts [Client Component Browser]
    ./components/motion/hero-scope.tsx [Client Component Browser]
    ./components/motion/hero-scope.tsx [Server Component]
    ./app/[locale]/page.tsx [Server Component]

  Client Component SSR:
    ./components/motion/hero.ts [Client Component SSR]
    ./components/motion/hero-scope.tsx [Client Component SSR]
    ./components/motion/hero-scope.tsx [Server Component]
    ./app/[locale]/page.tsx [Server Component] @ http://localhost:3000/_next/static/chunks/node_modules_next_dist_0u_w_5s._.js:1945
[   30880ms] [ERROR] ./components/motion/hero.ts:3:1
Export setStyle doesn't exist in target module
  1 | import { animate, stagger } from "motion"
  2 | import { DUR, EASE, ms } from "./tokens"
> 3 | import { setStyle, clearStyle } from "./dom"
    | ^^^^^^^^^^^^^^^^^^^^^^^^^^^^^^^^^^^^^^^^^^^^
  4 |
  5 | /**
  6 |  * The hero's motion, and the only motion left on the page that is not driven by a

The export setStyle was not found in module [project]/components/motion/dom.ts [app-ssr] (ecmascript).
Did you mean to import setStyles?
All exports of the module are statically known (It doesn't have dynamic exports). So it's known statically that the requested export doesn't exist.

Import traces:
  Client Component Browser:
    ./components/motion/hero.ts [Client Component Browser]
    ./components/motion/hero-scope.tsx [Client Component Browser]
    ./components/motion/hero-scope.tsx [Server Component]
    ./app/[locale]/page.tsx [Server Component]

  Client Component SSR:
    ./components/motion/hero.ts [Client Component SSR]
    ./components/motion/hero-scope.tsx [Client Component SSR]
    ./components/motion/hero-scope.tsx [Server Component]
    ./app/[locale]/page.tsx [Server Component] @ http://localhost:3000/_next/static/chunks/node_modules_next_dist_0u_w_5s._.js:1945
[   30943ms] [ERROR] ./components/motion/hero.ts:3:1
Export clearStyle doesn't exist in target module
  1 | import { animate, stagger } from "motion"
  2 | import { DUR, EASE, ms } from "./tokens"
> 3 | import { setStyle, clearStyle } from "./dom"
    | ^^^^^^^^^^^^^^^^^^^^^^^^^^^^^^^^^^^^^^^^^^^^
  4 |
  5 | /**
  6 |  * The hero's motion, and the only motion left on the page that is not driven by a

The export clearStyle was not found in module [project]/components/motion/dom.ts [app-client] (ecmascript).
Did you mean to import clearStyles?
All exports of the module are statically known (It doesn't have dynamic exports). So it's known statically that the requested export doesn't exist.

Import traces:
  Client Component Browser:
    ./components/motion/hero.ts [Client Component Browser]
    ./components/motion/hero-scope.tsx [Client Component Browser]
    ./components/motion/hero-scope.tsx [Server Component]
    ./app/[locale]/page.tsx [Server Component]

  Client Component SSR:
    ./components/motion/hero.ts [Client Component SSR]
    ./components/motion/hero-scope.tsx [Client Component SSR]
    ./components/motion/hero-scope.tsx [Server Component]
    ./app/[locale]/page.tsx [Server Component] @ http://localhost:3000/_next/static/chunks/node_modules_next_dist_0u_w_5s._.js:1945
[   30943ms] [ERROR] ./components/motion/hero.ts:3:1
Export clearStyle doesn't exist in target module
  1 | import { animate, stagger } from "motion"
  2 | import { DUR, EASE, ms } from "./tokens"
> 3 | import { setStyle, clearStyle } from "./dom"
    | ^^^^^^^^^^^^^^^^^^^^^^^^^^^^^^^^^^^^^^^^^^^^
  4 |
  5 | /**
  6 |  * The hero's motion, and the only motion left on the page that is not driven by a

The export clearStyle was not found in module [project]/components/motion/dom.ts [app-ssr] (ecmascript).
Did you mean to import clearStyles?
All exports of the module are statically known (It doesn't have dynamic exports). So it's known statically that the requested export doesn't exist.

Import traces:
  Client Component Browser:
    ./components/motion/hero.ts [Client Component Browser]
    ./components/motion/hero-scope.tsx [Client Component Browser]
    ./components/motion/hero-scope.tsx [Server Component]
    ./app/[locale]/page.tsx [Server Component]

  Client Component SSR:
    ./components/motion/hero.ts [Client Component SSR]
    ./components/motion/hero-scope.tsx [Client Component SSR]
    ./components/motion/hero-scope.tsx [Server Component]
    ./app/[locale]/page.tsx [Server Component] @ http://localhost:3000/_next/static/chunks/node_modules_next_dist_0u_w_5s._.js:1945
[   30943ms] [ERROR] ./components/motion/hero.ts:3:1
Export setStyle doesn't exist in target module
  1 | import { animate, stagger } from "motion"
  2 | import { DUR, EASE, ms } from "./tokens"
> 3 | import { setStyle, clearStyle } from "./dom"
    | ^^^^^^^^^^^^^^^^^^^^^^^^^^^^^^^^^^^^^^^^^^^^
  4 |
  5 | /**
  6 |  * The hero's motion, and the only motion left on the page that is not driven by a

The export setStyle was not found in module [project]/components/motion/dom.ts [app-client] (ecmascript).
Did you mean to import setStyles?
All exports of the module are statically known (It doesn't have dynamic exports). So it's known statically that the requested export doesn't exist.

Import traces:
  Client Component Browser:
    ./components/motion/hero.ts [Client Component Browser]
    ./components/motion/hero-scope.tsx [Client Component Browser]
    ./components/motion/hero-scope.tsx [Server Component]
    ./app/[locale]/page.tsx [Server Component]

  Client Component SSR:
    ./components/motion/hero.ts [Client Component SSR]
    ./components/motion/hero-scope.tsx [Client Component SSR]
    ./components/motion/hero-scope.tsx [Server Component]
    ./app/[locale]/page.tsx [Server Component] @ http://localhost:3000/_next/static/chunks/node_modules_next_dist_0u_w_5s._.js:1945
[   30943ms] [ERROR] ./components/motion/hero.ts:3:1
Export setStyle doesn't exist in target module
  1 | import { animate, stagger } from "motion"
  2 | import { DUR, EASE, ms } from "./tokens"
> 3 | import { setStyle, clearStyle } from "./dom"
    | ^^^^^^^^^^^^^^^^^^^^^^^^^^^^^^^^^^^^^^^^^^^^
  4 |
  5 | /**
  6 |  * The hero's motion, and the only motion left on the page that is not driven by a

The export setStyle was not found in module [project]/components/motion/dom.ts [app-ssr] (ecmascript).
Did you mean to import setStyles?
All exports of the module are statically known (It doesn't have dynamic exports). So it's known statically that the requested export doesn't exist.

Import traces:
  Client Component Browser:
    ./components/motion/hero.ts [Client Component Browser]
    ./components/motion/hero-scope.tsx [Client Component Browser]
    ./components/motion/hero-scope.tsx [Server Component]
    ./app/[locale]/page.tsx [Server Component]

  Client Component SSR:
    ./components/motion/hero.ts [Client Component SSR]
    ./components/motion/hero-scope.tsx [Client Component SSR]
    ./components/motion/hero-scope.tsx [Server Component]
    ./app/[locale]/page.tsx [Server Component] @ http://localhost:3000/_next/static/chunks/node_modules_next_dist_0u_w_5s._.js:1945
[   31004ms] [ERROR] ./components/motion/hero.ts:3:1
Export clearStyle doesn't exist in target module
  1 | import { animate, stagger } from "motion"
  2 | import { DUR, EASE, ms } from "./tokens"
> 3 | import { setStyle, clearStyle } from "./dom"
    | ^^^^^^^^^^^^^^^^^^^^^^^^^^^^^^^^^^^^^^^^^^^^
  4 |
  5 | /**
  6 |  * The hero's motion, and the only motion left on the page that is not driven by a

The export clearStyle was not found in module [project]/components/motion/dom.ts [app-client] (ecmascript).
Did you mean to import clearStyles?
All exports of the module are statically known (It doesn't have dynamic exports). So it's known statically that the requested export doesn't exist.

Import traces:
  Client Component Browser:
    ./components/motion/hero.ts [Client Component Browser]
    ./components/motion/hero-scope.tsx [Client Component Browser]
    ./components/motion/hero-scope.tsx [Server Component]
    ./app/[locale]/page.tsx [Server Component]

  Client Component SSR:
    ./components/motion/hero.ts [Client Component SSR]
    ./components/motion/hero-scope.tsx [Client Component SSR]
    ./components/motion/hero-scope.tsx [Server Component]
    ./app/[locale]/page.tsx [Server Component] @ http://localhost:3000/_next/static/chunks/node_modules_next_dist_0u_w_5s._.js:1945
[   31005ms] [ERROR] ./components/motion/hero.ts:3:1
Export clearStyle doesn't exist in target module
  1 | import { animate, stagger } from "motion"
  2 | import { DUR, EASE, ms } from "./tokens"
> 3 | import { setStyle, clearStyle } from "./dom"
    | ^^^^^^^^^^^^^^^^^^^^^^^^^^^^^^^^^^^^^^^^^^^^
  4 |
  5 | /**
  6 |  * The hero's motion, and the only motion left on the page that is not driven by a

The export clearStyle was not found in module [project]/components/motion/dom.ts [app-ssr] (ecmascript).
Did you mean to import clearStyles?
All exports of the module are statically known (It doesn't have dynamic exports). So it's known statically that the requested export doesn't exist.

Import traces:
  Client Component Browser:
    ./components/motion/hero.ts [Client Component Browser]
    ./components/motion/hero-scope.tsx [Client Component Browser]
    ./components/motion/hero-scope.tsx [Server Component]
    ./app/[locale]/page.tsx [Server Component]

  Client Component SSR:
    ./components/motion/hero.ts [Client Component SSR]
    ./components/motion/hero-scope.tsx [Client Component SSR]
    ./components/motion/hero-scope.tsx [Server Component]
    ./app/[locale]/page.tsx [Server Component] @ http://localhost:3000/_next/static/chunks/node_modules_next_dist_0u_w_5s._.js:1945
[   31005ms] [ERROR] ./components/motion/hero.ts:3:1
Export setStyle doesn't exist in target module
  1 | import { animate, stagger } from "motion"
  2 | import { DUR, EASE, ms } from "./tokens"
> 3 | import { setStyle, clearStyle } from "./dom"
    | ^^^^^^^^^^^^^^^^^^^^^^^^^^^^^^^^^^^^^^^^^^^^
  4 |
  5 | /**
  6 |  * The hero's motion, and the only motion left on the page that is not driven by a

The export setStyle was not found in module [project]/components/motion/dom.ts [app-client] (ecmascript).
Did you mean to import setStyles?
All exports of the module are statically known (It doesn't have dynamic exports). So it's known statically that the requested export doesn't exist.

Import traces:
  Client Component Browser:
    ./components/motion/hero.ts [Client Component Browser]
    ./components/motion/hero-scope.tsx [Client Component Browser]
    ./components/motion/hero-scope.tsx [Server Component]
    ./app/[locale]/page.tsx [Server Component]

  Client Component SSR:
    ./components/motion/hero.ts [Client Component SSR]
    ./components/motion/hero-scope.tsx [Client Component SSR]
    ./components/motion/hero-scope.tsx [Server Component]
    ./app/[locale]/page.tsx [Server Component] @ http://localhost:3000/_next/static/chunks/node_modules_next_dist_0u_w_5s._.js:1945
[   31005ms] [ERROR] ./components/motion/hero.ts:3:1
Export setStyle doesn't exist in target module
  1 | import { animate, stagger } from "motion"
  2 | import { DUR, EASE, ms } from "./tokens"
> 3 | import { setStyle, clearStyle } from "./dom"
    | ^^^^^^^^^^^^^^^^^^^^^^^^^^^^^^^^^^^^^^^^^^^^
  4 |
  5 | /**
  6 |  * The hero's motion, and the only motion left on the page that is not driven by a

The export setStyle was not found in module [project]/components/motion/dom.ts [app-ssr] (ecmascript).
Did you mean to import setStyles?
All exports of the module are statically known (It doesn't have dynamic exports). So it's known statically that the requested export doesn't exist.

Import traces:
  Client Component Browser:
    ./components/motion/hero.ts [Client Component Browser]
    ./components/motion/hero-scope.tsx [Client Component Browser]
    ./components/motion/hero-scope.tsx [Server Component]
    ./app/[locale]/page.tsx [Server Component]

  Client Component SSR:
    ./components/motion/hero.ts [Client Component SSR]
    ./components/motion/hero-scope.tsx [Client Component SSR]
    ./components/motion/hero-scope.tsx [Server Component]
    ./app/[locale]/page.tsx [Server Component] @ http://localhost:3000/_next/static/chunks/node_modules_next_dist_0u_w_5s._.js:1945
[   31067ms] [ERROR] ./components/motion/hero.ts:3:1
Export clearStyle doesn't exist in target module
  1 | import { animate, stagger } from "motion"
  2 | import { DUR, EASE, ms } from "./tokens"
> 3 | import { setStyle, clearStyle } from "./dom"
    | ^^^^^^^^^^^^^^^^^^^^^^^^^^^^^^^^^^^^^^^^^^^^
  4 |
  5 | /**
  6 |  * The hero's motion, and the only motion left on the page that is not driven by a

The export clearStyle was not found in module [project]/components/motion/dom.ts [app-client] (ecmascript).
Did you mean to import clearStyles?
All exports of the module are statically known (It doesn't have dynamic exports). So it's known statically that the requested export doesn't exist.

Import traces:
  Client Component Browser:
    ./components/motion/hero.ts [Client Component Browser]
    ./components/motion/hero-scope.tsx [Client Component Browser]
    ./components/motion/hero-scope.tsx [Server Component]
    ./app/[locale]/page.tsx [Server Component]

  Client Component SSR:
    ./components/motion/hero.ts [Client Component SSR]
    ./components/motion/hero-scope.tsx [Client Component SSR]
    ./components/motion/hero-scope.tsx [Server Component]
    ./app/[locale]/page.tsx [Server Component] @ http://localhost:3000/_next/static/chunks/node_modules_next_dist_0u_w_5s._.js:1945
[   31067ms] [ERROR] ./components/motion/hero.ts:3:1
Export clearStyle doesn't exist in target module
  1 | import { animate, stagger } from "motion"
  2 | import { DUR, EASE, ms } from "./tokens"
> 3 | import { setStyle, clearStyle } from "./dom"
    | ^^^^^^^^^^^^^^^^^^^^^^^^^^^^^^^^^^^^^^^^^^^^
  4 |
  5 | /**
  6 |  * The hero's motion, and the only motion left on the page that is not driven by a

The export clearStyle was not found in module [project]/components/motion/dom.ts [app-ssr] (ecmascript).
Did you mean to import clearStyles?
All exports of the module are statically known (It doesn't have dynamic exports). So it's known statically that the requested export doesn't exist.

Import traces:
  Client Component Browser:
    ./components/motion/hero.ts [Client Component Browser]
    ./components/motion/hero-scope.tsx [Client Component Browser]
    ./components/motion/hero-scope.tsx [Server Component]
    ./app/[locale]/page.tsx [Server Component]

  Client Component SSR:
    ./components/motion/hero.ts [Client Component SSR]
    ./components/motion/hero-scope.tsx [Client Component SSR]
    ./components/motion/hero-scope.tsx [Server Component]
    ./app/[locale]/page.tsx [Server Component] @ http://localhost:3000/_next/static/chunks/node_modules_next_dist_0u_w_5s._.js:1945
[   31067ms] [ERROR] ./components/motion/hero.ts:3:1
Export setStyle doesn't exist in target module
  1 | import { animate, stagger } from "motion"
  2 | import { DUR, EASE, ms } from "./tokens"
> 3 | import { setStyle, clearStyle } from "./dom"
    | ^^^^^^^^^^^^^^^^^^^^^^^^^^^^^^^^^^^^^^^^^^^^
  4 |
  5 | /**
  6 |  * The hero's motion, and the only motion left on the page that is not driven by a

The export setStyle was not found in module [project]/components/motion/dom.ts [app-client] (ecmascript).
Did you mean to import setStyles?
All exports of the module are statically known (It doesn't have dynamic exports). So it's known statically that the requested export doesn't exist.

Import traces:
  Client Component Browser:
    ./components/motion/hero.ts [Client Component Browser]
    ./components/motion/hero-scope.tsx [Client Component Browser]
    ./components/motion/hero-scope.tsx [Server Component]
    ./app/[locale]/page.tsx [Server Component]

  Client Component SSR:
    ./components/motion/hero.ts [Client Component SSR]
    ./components/motion/hero-scope.tsx [Client Component SSR]
    ./components/motion/hero-scope.tsx [Server Component]
    ./app/[locale]/page.tsx [Server Component] @ http://localhost:3000/_next/static/chunks/node_modules_next_dist_0u_w_5s._.js:1945
[   31067ms] [ERROR] ./components/motion/hero.ts:3:1
Export setStyle doesn't exist in target module
  1 | import { animate, stagger } from "motion"
  2 | import { DUR, EASE, ms } from "./tokens"
> 3 | import { setStyle, clearStyle } from "./dom"
    | ^^^^^^^^^^^^^^^^^^^^^^^^^^^^^^^^^^^^^^^^^^^^
  4 |
  5 | /**
  6 |  * The hero's motion, and the only motion left on the page that is not driven by a

The export setStyle was not found in module [project]/components/motion/dom.ts [app-ssr] (ecmascript).
Did you mean to import setStyles?
All exports of the module are statically known (It doesn't have dynamic exports). So it's known statically that the requested export doesn't exist.

Import traces:
  Client Component Browser:
    ./components/motion/hero.ts [Client Component Browser]
    ./components/motion/hero-scope.tsx [Client Component Browser]
    ./components/motion/hero-scope.tsx [Server Component]
    ./app/[locale]/page.tsx [Server Component]

  Client Component SSR:
    ./components/motion/hero.ts [Client Component SSR]
    ./components/motion/hero-scope.tsx [Client Component SSR]
    ./components/motion/hero-scope.tsx [Server Component]
    ./app/[locale]/page.tsx [Server Component] @ http://localhost:3000/_next/static/chunks/node_modules_next_dist_0u_w_5s._.js:1945
[   31129ms] [ERROR] ./components/motion/hero.ts:3:1
Export clearStyle doesn't exist in target module
  1 | import { animate, stagger } from "motion"
  2 | import { DUR, EASE, ms } from "./tokens"
> 3 | import { setStyle, clearStyle } from "./dom"
    | ^^^^^^^^^^^^^^^^^^^^^^^^^^^^^^^^^^^^^^^^^^^^
  4 |
  5 | /**
  6 |  * The hero's motion, and the only motion left on the page that is not driven by a

The export clearStyle was not found in module [project]/components/motion/dom.ts [app-client] (ecmascript).
Did you mean to import clearStyles?
All exports of the module are statically known (It doesn't have dynamic exports). So it's known statically that the requested export doesn't exist.

Import traces:
  Client Component Browser:
    ./components/motion/hero.ts [Client Component Browser]
    ./components/motion/hero-scope.tsx [Client Component Browser]
    ./components/motion/hero-scope.tsx [Server Component]
    ./app/[locale]/page.tsx [Server Component]

  Client Component SSR:
    ./components/motion/hero.ts [Client Component SSR]
    ./components/motion/hero-scope.tsx [Client Component SSR]
    ./components/motion/hero-scope.tsx [Server Component]
    ./app/[locale]/page.tsx [Server Component] @ http://localhost:3000/_next/static/chunks/node_modules_next_dist_0u_w_5s._.js:1945
[   31129ms] [ERROR] ./components/motion/hero.ts:3:1
Export clearStyle doesn't exist in target module
  1 | import { animate, stagger } from "motion"
  2 | import { DUR, EASE, ms } from "./tokens"
> 3 | import { setStyle, clearStyle } from "./dom"
    | ^^^^^^^^^^^^^^^^^^^^^^^^^^^^^^^^^^^^^^^^^^^^
  4 |
  5 | /**
  6 |  * The hero's motion, and the only motion left on the page that is not driven by a

The export clearStyle was not found in module [project]/components/motion/dom.ts [app-ssr] (ecmascript).
Did you mean to import clearStyles?
All exports of the module are statically known (It doesn't have dynamic exports). So it's known statically that the requested export doesn't exist.

Import traces:
  Client Component Browser:
    ./components/motion/hero.ts [Client Component Browser]
    ./components/motion/hero-scope.tsx [Client Component Browser]
    ./components/motion/hero-scope.tsx [Server Component]
    ./app/[locale]/page.tsx [Server Component]

  Client Component SSR:
    ./components/motion/hero.ts [Client Component SSR]
    ./components/motion/hero-scope.tsx [Client Component SSR]
    ./components/motion/hero-scope.tsx [Server Component]
    ./app/[locale]/page.tsx [Server Component] @ http://localhost:3000/_next/static/chunks/node_modules_next_dist_0u_w_5s._.js:1945
[   31130ms] [ERROR] ./components/motion/hero.ts:3:1
Export setStyle doesn't exist in target module
  1 | import { animate, stagger } from "motion"
  2 | import { DUR, EASE, ms } from "./tokens"
> 3 | import { setStyle, clearStyle } from "./dom"
    | ^^^^^^^^^^^^^^^^^^^^^^^^^^^^^^^^^^^^^^^^^^^^
  4 |
  5 | /**
  6 |  * The hero's motion, and the only motion left on the page that is not driven by a

The export setStyle was not found in module [project]/components/motion/dom.ts [app-client] (ecmascript).
Did you mean to import setStyles?
All exports of the module are statically known (It doesn't have dynamic exports). So it's known statically that the requested export doesn't exist.

Import traces:
  Client Component Browser:
    ./components/motion/hero.ts [Client Component Browser]
    ./components/motion/hero-scope.tsx [Client Component Browser]
    ./components/motion/hero-scope.tsx [Server Component]
    ./app/[locale]/page.tsx [Server Component]

  Client Component SSR:
    ./components/motion/hero.ts [Client Component SSR]
    ./components/motion/hero-scope.tsx [Client Component SSR]
    ./components/motion/hero-scope.tsx [Server Component]
    ./app/[locale]/page.tsx [Server Component] @ http://localhost:3000/_next/static/chunks/node_modules_next_dist_0u_w_5s._.js:1945
[   31130ms] [ERROR] ./components/motion/hero.ts:3:1
Export setStyle doesn't exist in target module
  1 | import { animate, stagger } from "motion"
  2 | import { DUR, EASE, ms } from "./tokens"
> 3 | import { setStyle, clearStyle } from "./dom"
    | ^^^^^^^^^^^^^^^^^^^^^^^^^^^^^^^^^^^^^^^^^^^^
  4 |
  5 | /**
  6 |  * The hero's motion, and the only motion left on the page that is not driven by a

The export setStyle was not found in module [project]/components/motion/dom.ts [app-ssr] (ecmascript).
Did you mean to import setStyles?
All exports of the module are statically known (It doesn't have dynamic exports). So it's known statically that the requested export doesn't exist.

Import traces:
  Client Component Browser:
    ./components/motion/hero.ts [Client Component Browser]
    ./components/motion/hero-scope.tsx [Client Component Browser]
    ./components/motion/hero-scope.tsx [Server Component]
    ./app/[locale]/page.tsx [Server Component]

  Client Component SSR:
    ./components/motion/hero.ts [Client Component SSR]
    ./components/motion/hero-scope.tsx [Client Component SSR]
    ./components/motion/hero-scope.tsx [Server Component]
    ./app/[locale]/page.tsx [Server Component] @ http://localhost:3000/_next/static/chunks/node_modules_next_dist_0u_w_5s._.js:1945
[   31192ms] [ERROR] ./components/motion/hero.ts:3:1
Export clearStyle doesn't exist in target module
  1 | import { animate, stagger } from "motion"
  2 | import { DUR, EASE, ms } from "./tokens"
> 3 | import { setStyle, clearStyle } from "./dom"
    | ^^^^^^^^^^^^^^^^^^^^^^^^^^^^^^^^^^^^^^^^^^^^
  4 |
  5 | /**
  6 |  * The hero's motion, and the only motion left on the page that is not driven by a

The export clearStyle was not found in module [project]/components/motion/dom.ts [app-client] (ecmascript).
Did you mean to import clearStyles?
All exports of the module are statically known (It doesn't have dynamic exports). So it's known statically that the requested export doesn't exist.

Import traces:
  Client Component Browser:
    ./components/motion/hero.ts [Client Component Browser]
    ./components/motion/hero-scope.tsx [Client Component Browser]
    ./components/motion/hero-scope.tsx [Server Component]
    ./app/[locale]/page.tsx [Server Component]

  Client Component SSR:
    ./components/motion/hero.ts [Client Component SSR]
    ./components/motion/hero-scope.tsx [Client Component SSR]
    ./components/motion/hero-scope.tsx [Server Component]
    ./app/[locale]/page.tsx [Server Component] @ http://localhost:3000/_next/static/chunks/node_modules_next_dist_0u_w_5s._.js:1945
[   31192ms] [ERROR] ./components/motion/hero.ts:3:1
Export clearStyle doesn't exist in target module
  1 | import { animate, stagger } from "motion"
  2 | import { DUR, EASE, ms } from "./tokens"
> 3 | import { setStyle, clearStyle } from "./dom"
    | ^^^^^^^^^^^^^^^^^^^^^^^^^^^^^^^^^^^^^^^^^^^^
  4 |
  5 | /**
  6 |  * The hero's motion, and the only motion left on the page that is not driven by a

The export clearStyle was not found in module [project]/components/motion/dom.ts [app-ssr] (ecmascript).
Did you mean to import clearStyles?
All exports of the module are statically known (It doesn't have dynamic exports). So it's known statically that the requested export doesn't exist.

Import traces:
  Client Component Browser:
    ./components/motion/hero.ts [Client Component Browser]
    ./components/motion/hero-scope.tsx [Client Component Browser]
    ./components/motion/hero-scope.tsx [Server Component]
    ./app/[locale]/page.tsx [Server Component]

  Client Component SSR:
    ./components/motion/hero.ts [Client Component SSR]
    ./components/motion/hero-scope.tsx [Client Component SSR]
    ./components/motion/hero-scope.tsx [Server Component]
    ./app/[locale]/page.tsx [Server Component] @ http://localhost:3000/_next/static/chunks/node_modules_next_dist_0u_w_5s._.js:1945
[   31193ms] [ERROR] ./components/motion/hero.ts:3:1
Export setStyle doesn't exist in target module
  1 | import { animate, stagger } from "motion"
  2 | import { DUR, EASE, ms } from "./tokens"
> 3 | import { setStyle, clearStyle } from "./dom"
    | ^^^^^^^^^^^^^^^^^^^^^^^^^^^^^^^^^^^^^^^^^^^^
  4 |
  5 | /**
  6 |  * The hero's motion, and the only motion left on the page that is not driven by a

The export setStyle was not found in module [project]/components/motion/dom.ts [app-client] (ecmascript).
Did you mean to import setStyles?
All exports of the module are statically known (It doesn't have dynamic exports). So it's known statically that the requested export doesn't exist.

Import traces:
  Client Component Browser:
    ./components/motion/hero.ts [Client Component Browser]
    ./components/motion/hero-scope.tsx [Client Component Browser]
    ./components/motion/hero-scope.tsx [Server Component]
    ./app/[locale]/page.tsx [Server Component]

  Client Component SSR:
    ./components/motion/hero.ts [Client Component SSR]
    ./components/motion/hero-scope.tsx [Client Component SSR]
    ./components/motion/hero-scope.tsx [Server Component]
    ./app/[locale]/page.tsx [Server Component] @ http://localhost:3000/_next/static/chunks/node_modules_next_dist_0u_w_5s._.js:1945
[   31193ms] [ERROR] ./components/motion/hero.ts:3:1
Export setStyle doesn't exist in target module
  1 | import { animate, stagger } from "motion"
  2 | import { DUR, EASE, ms } from "./tokens"
> 3 | import { setStyle, clearStyle } from "./dom"
    | ^^^^^^^^^^^^^^^^^^^^^^^^^^^^^^^^^^^^^^^^^^^^
  4 |
  5 | /**
  6 |  * The hero's motion, and the only motion left on the page that is not driven by a

The export setStyle was not found in module [project]/components/motion/dom.ts [app-ssr] (ecmascript).
Did you mean to import setStyles?
All exports of the module are statically known (It doesn't have dynamic exports). So it's known statically that the requested export doesn't exist.

Import traces:
  Client Component Browser:
    ./components/motion/hero.ts [Client Component Browser]
    ./components/motion/hero-scope.tsx [Client Component Browser]
    ./components/motion/hero-scope.tsx [Server Component]
    ./app/[locale]/page.tsx [Server Component]

  Client Component SSR:
    ./components/motion/hero.ts [Client Component SSR]
    ./components/motion/hero-scope.tsx [Client Component SSR]
    ./components/motion/hero-scope.tsx [Server Component]
    ./app/[locale]/page.tsx [Server Component] @ http://localhost:3000/_next/static/chunks/node_modules_next_dist_0u_w_5s._.js:1945
[   31253ms] [ERROR] ./components/motion/hero.ts:3:1
Export clearStyle doesn't exist in target module
  1 | import { animate, stagger } from "motion"
  2 | import { DUR, EASE, ms } from "./tokens"
> 3 | import { setStyle, clearStyle } from "./dom"
    | ^^^^^^^^^^^^^^^^^^^^^^^^^^^^^^^^^^^^^^^^^^^^
  4 |
  5 | /**
  6 |  * The hero's motion, and the only motion left on the page that is not driven by a

The export clearStyle was not found in module [project]/components/motion/dom.ts [app-client] (ecmascript).
Did you mean to import clearStyles?
All exports of the module are statically known (It doesn't have dynamic exports). So it's known statically that the requested export doesn't exist.

Import traces:
  Client Component Browser:
    ./components/motion/hero.ts [Client Component Browser]
    ./components/motion/hero-scope.tsx [Client Component Browser]
    ./components/motion/hero-scope.tsx [Server Component]
    ./app/[locale]/page.tsx [Server Component]

  Client Component SSR:
    ./components/motion/hero.ts [Client Component SSR]
    ./components/motion/hero-scope.tsx [Client Component SSR]
    ./components/motion/hero-scope.tsx [Server Component]
    ./app/[locale]/page.tsx [Server Component] @ http://localhost:3000/_next/static/chunks/node_modules_next_dist_0u_w_5s._.js:1945
[   31254ms] [ERROR] ./components/motion/hero.ts:3:1
Export clearStyle doesn't exist in target module
  1 | import { animate, stagger } from "motion"
  2 | import { DUR, EASE, ms } from "./tokens"
> 3 | import { setStyle, clearStyle } from "./dom"
    | ^^^^^^^^^^^^^^^^^^^^^^^^^^^^^^^^^^^^^^^^^^^^
  4 |
  5 | /**
  6 |  * The hero's motion, and the only motion left on the page that is not driven by a

The export clearStyle was not found in module [project]/components/motion/dom.ts [app-ssr] (ecmascript).
Did you mean to import clearStyles?
All exports of the module are statically known (It doesn't have dynamic exports). So it's known statically that the requested export doesn't exist.

Import traces:
  Client Component Browser:
    ./components/motion/hero.ts [Client Component Browser]
    ./components/motion/hero-scope.tsx [Client Component Browser]
    ./components/motion/hero-scope.tsx [Server Component]
    ./app/[locale]/page.tsx [Server Component]

  Client Component SSR:
    ./components/motion/hero.ts [Client Component SSR]
    ./components/motion/hero-scope.tsx [Client Component SSR]
    ./components/motion/hero-scope.tsx [Server Component]
    ./app/[locale]/page.tsx [Server Component] @ http://localhost:3000/_next/static/chunks/node_modules_next_dist_0u_w_5s._.js:1945
[   31254ms] [ERROR] ./components/motion/hero.ts:3:1
Export setStyle doesn't exist in target module
  1 | import { animate, stagger } from "motion"
  2 | import { DUR, EASE, ms } from "./tokens"
> 3 | import { setStyle, clearStyle } from "./dom"
    | ^^^^^^^^^^^^^^^^^^^^^^^^^^^^^^^^^^^^^^^^^^^^
  4 |
  5 | /**
  6 |  * The hero's motion, and the only motion left on the page that is not driven by a

The export setStyle was not found in module [project]/components/motion/dom.ts [app-client] (ecmascript).
Did you mean to import setStyles?
All exports of the module are statically known (It doesn't have dynamic exports). So it's known statically that the requested export doesn't exist.

Import traces:
  Client Component Browser:
    ./components/motion/hero.ts [Client Component Browser]
    ./components/motion/hero-scope.tsx [Client Component Browser]
    ./components/motion/hero-scope.tsx [Server Component]
    ./app/[locale]/page.tsx [Server Component]

  Client Component SSR:
    ./components/motion/hero.ts [Client Component SSR]
    ./components/motion/hero-scope.tsx [Client Component SSR]
    ./components/motion/hero-scope.tsx [Server Component]
    ./app/[locale]/page.tsx [Server Component] @ http://localhost:3000/_next/static/chunks/node_modules_next_dist_0u_w_5s._.js:1945
[   31254ms] [ERROR] ./components/motion/hero.ts:3:1
Export setStyle doesn't exist in target module
  1 | import { animate, stagger } from "motion"
  2 | import { DUR, EASE, ms } from "./tokens"
> 3 | import { setStyle, clearStyle } from "./dom"
    | ^^^^^^^^^^^^^^^^^^^^^^^^^^^^^^^^^^^^^^^^^^^^
  4 |
  5 | /**
  6 |  * The hero's motion, and the only motion left on the page that is not driven by a

The export setStyle was not found in module [project]/components/motion/dom.ts [app-ssr] (ecmascript).
Did you mean to import setStyles?
All exports of the module are statically known (It doesn't have dynamic exports). So it's known statically that the requested export doesn't exist.

Import traces:
  Client Component Browser:
    ./components/motion/hero.ts [Client Component Browser]
    ./components/motion/hero-scope.tsx [Client Component Browser]
    ./components/motion/hero-scope.tsx [Server Component]
    ./app/[locale]/page.tsx [Server Component]

  Client Component SSR:
    ./components/motion/hero.ts [Client Component SSR]
    ./components/motion/hero-scope.tsx [Client Component SSR]
    ./components/motion/hero-scope.tsx [Server Component]
    ./app/[locale]/page.tsx [Server Component] @ http://localhost:3000/_next/static/chunks/node_modules_next_dist_0u_w_5s._.js:1945
[   31316ms] [ERROR] ./components/motion/hero.ts:3:1
Export clearStyle doesn't exist in target module
  1 | import { animate, stagger } from "motion"
  2 | import { DUR, EASE, ms } from "./tokens"
> 3 | import { setStyle, clearStyle } from "./dom"
    | ^^^^^^^^^^^^^^^^^^^^^^^^^^^^^^^^^^^^^^^^^^^^
  4 |
  5 | /**
  6 |  * The hero's motion, and the only motion left on the page that is not driven by a

The export clearStyle was not found in module [project]/components/motion/dom.ts [app-client] (ecmascript).
Did you mean to import clearStyles?
All exports of the module are statically known (It doesn't have dynamic exports). So it's known statically that the requested export doesn't exist.

Import traces:
  Client Component Browser:
    ./components/motion/hero.ts [Client Component Browser]
    ./components/motion/hero-scope.tsx [Client Component Browser]
    ./components/motion/hero-scope.tsx [Server Component]
    ./app/[locale]/page.tsx [Server Component]

  Client Component SSR:
    ./components/motion/hero.ts [Client Component SSR]
    ./components/motion/hero-scope.tsx [Client Component SSR]
    ./components/motion/hero-scope.tsx [Server Component]
    ./app/[locale]/page.tsx [Server Component] @ http://localhost:3000/_next/static/chunks/node_modules_next_dist_0u_w_5s._.js:1945
[   31316ms] [ERROR] ./components/motion/hero.ts:3:1
Export clearStyle doesn't exist in target module
  1 | import { animate, stagger } from "motion"
  2 | import { DUR, EASE, ms } from "./tokens"
> 3 | import { setStyle, clearStyle } from "./dom"
    | ^^^^^^^^^^^^^^^^^^^^^^^^^^^^^^^^^^^^^^^^^^^^
  4 |
  5 | /**
  6 |  * The hero's motion, and the only motion left on the page that is not driven by a

The export clearStyle was not found in module [project]/components/motion/dom.ts [app-ssr] (ecmascript).
Did you mean to import clearStyles?
All exports of the module are statically known (It doesn't have dynamic exports). So it's known statically that the requested export doesn't exist.

Import traces:
  Client Component Browser:
    ./components/motion/hero.ts [Client Component Browser]
    ./components/motion/hero-scope.tsx [Client Component Browser]
    ./components/motion/hero-scope.tsx [Server Component]
    ./app/[locale]/page.tsx [Server Component]

  Client Component SSR:
    ./components/motion/hero.ts [Client Component SSR]
    ./components/motion/hero-scope.tsx [Client Component SSR]
    ./components/motion/hero-scope.tsx [Server Component]
    ./app/[locale]/page.tsx [Server Component] @ http://localhost:3000/_next/static/chunks/node_modules_next_dist_0u_w_5s._.js:1945
[   31316ms] [ERROR] ./components/motion/hero.ts:3:1
Export setStyle doesn't exist in target module
  1 | import { animate, stagger } from "motion"
  2 | import { DUR, EASE, ms } from "./tokens"
> 3 | import { setStyle, clearStyle } from "./dom"
    | ^^^^^^^^^^^^^^^^^^^^^^^^^^^^^^^^^^^^^^^^^^^^
  4 |
  5 | /**
  6 |  * The hero's motion, and the only motion left on the page that is not driven by a

The export setStyle was not found in module [project]/components/motion/dom.ts [app-client] (ecmascript).
Did you mean to import setStyles?
All exports of the module are statically known (It doesn't have dynamic exports). So it's known statically that the requested export doesn't exist.

Import traces:
  Client Component Browser:
    ./components/motion/hero.ts [Client Component Browser]
    ./components/motion/hero-scope.tsx [Client Component Browser]
    ./components/motion/hero-scope.tsx [Server Component]
    ./app/[locale]/page.tsx [Server Component]

  Client Component SSR:
    ./components/motion/hero.ts [Client Component SSR]
    ./components/motion/hero-scope.tsx [Client Component SSR]
    ./components/motion/hero-scope.tsx [Server Component]
    ./app/[locale]/page.tsx [Server Component] @ http://localhost:3000/_next/static/chunks/node_modules_next_dist_0u_w_5s._.js:1945
[   31316ms] [ERROR] ./components/motion/hero.ts:3:1
Export setStyle doesn't exist in target module
  1 | import { animate, stagger } from "motion"
  2 | import { DUR, EASE, ms } from "./tokens"
> 3 | import { setStyle, clearStyle } from "./dom"
    | ^^^^^^^^^^^^^^^^^^^^^^^^^^^^^^^^^^^^^^^^^^^^
  4 |
  5 | /**
  6 |  * The hero's motion, and the only motion left on the page that is not driven by a

The export setStyle was not found in module [project]/components/motion/dom.ts [app-ssr] (ecmascript).
Did you mean to import setStyles?
All exports of the module are statically known (It doesn't have dynamic exports). So it's known statically that the requested export doesn't exist.

Import traces:
  Client Component Browser:
    ./components/motion/hero.ts [Client Component Browser]
    ./components/motion/hero-scope.tsx [Client Component Browser]
    ./components/motion/hero-scope.tsx [Server Component]
    ./app/[locale]/page.tsx [Server Component]

  Client Component SSR:
    ./components/motion/hero.ts [Client Component SSR]
    ./components/motion/hero-scope.tsx [Client Component SSR]
    ./components/motion/hero-scope.tsx [Server Component]
    ./app/[locale]/page.tsx [Server Component] @ http://localhost:3000/_next/static/chunks/node_modules_next_dist_0u_w_5s._.js:1945
[   31378ms] [ERROR] ./components/motion/hero.ts:3:1
Export clearStyle doesn't exist in target module
  1 | import { animate, stagger } from "motion"
  2 | import { DUR, EASE, ms } from "./tokens"
> 3 | import { setStyle, clearStyle } from "./dom"
    | ^^^^^^^^^^^^^^^^^^^^^^^^^^^^^^^^^^^^^^^^^^^^
  4 |
  5 | /**
  6 |  * The hero's motion, and the only motion left on the page that is not driven by a

The export clearStyle was not found in module [project]/components/motion/dom.ts [app-client] (ecmascript).
Did you mean to import clearStyles?
All exports of the module are statically known (It doesn't have dynamic exports). So it's known statically that the requested export doesn't exist.

Import traces:
  Client Component Browser:
    ./components/motion/hero.ts [Client Component Browser]
    ./components/motion/hero-scope.tsx [Client Component Browser]
    ./components/motion/hero-scope.tsx [Server Component]
    ./app/[locale]/page.tsx [Server Component]

  Client Component SSR:
    ./components/motion/hero.ts [Client Component SSR]
    ./components/motion/hero-scope.tsx [Client Component SSR]
    ./components/motion/hero-scope.tsx [Server Component]
    ./app/[locale]/page.tsx [Server Component] @ http://localhost:3000/_next/static/chunks/node_modules_next_dist_0u_w_5s._.js:1945
[   31378ms] [ERROR] ./components/motion/hero.ts:3:1
Export clearStyle doesn't exist in target module
  1 | import { animate, stagger } from "motion"
  2 | import { DUR, EASE, ms } from "./tokens"
> 3 | import { setStyle, clearStyle } from "./dom"
    | ^^^^^^^^^^^^^^^^^^^^^^^^^^^^^^^^^^^^^^^^^^^^
  4 |
  5 | /**
  6 |  * The hero's motion, and the only motion left on the page that is not driven by a

The export clearStyle was not found in module [project]/components/motion/dom.ts [app-ssr] (ecmascript).
Did you mean to import clearStyles?
All exports of the module are statically known (It doesn't have dynamic exports). So it's known statically that the requested export doesn't exist.

Import traces:
  Client Component Browser:
    ./components/motion/hero.ts [Client Component Browser]
    ./components/motion/hero-scope.tsx [Client Component Browser]
    ./components/motion/hero-scope.tsx [Server Component]
    ./app/[locale]/page.tsx [Server Component]

  Client Component SSR:
    ./components/motion/hero.ts [Client Component SSR]
    ./components/motion/hero-scope.tsx [Client Component SSR]
    ./components/motion/hero-scope.tsx [Server Component]
    ./app/[locale]/page.tsx [Server Component] @ http://localhost:3000/_next/static/chunks/node_modules_next_dist_0u_w_5s._.js:1945
[   31378ms] [ERROR] ./components/motion/hero.ts:3:1
Export setStyle doesn't exist in target module
  1 | import { animate, stagger } from "motion"
  2 | import { DUR, EASE, ms } from "./tokens"
> 3 | import { setStyle, clearStyle } from "./dom"
    | ^^^^^^^^^^^^^^^^^^^^^^^^^^^^^^^^^^^^^^^^^^^^
  4 |
  5 | /**
  6 |  * The hero's motion, and the only motion left on the page that is not driven by a

The export setStyle was not found in module [project]/components/motion/dom.ts [app-client] (ecmascript).
Did you mean to import setStyles?
All exports of the module are statically known (It doesn't have dynamic exports). So it's known statically that the requested export doesn't exist.

Import traces:
  Client Component Browser:
    ./components/motion/hero.ts [Client Component Browser]
    ./components/motion/hero-scope.tsx [Client Component Browser]
    ./components/motion/hero-scope.tsx [Server Component]
    ./app/[locale]/page.tsx [Server Component]

  Client Component SSR:
    ./components/motion/hero.ts [Client Component SSR]
    ./components/motion/hero-scope.tsx [Client Component SSR]
    ./components/motion/hero-scope.tsx [Server Component]
    ./app/[locale]/page.tsx [Server Component] @ http://localhost:3000/_next/static/chunks/node_modules_next_dist_0u_w_5s._.js:1945
[   31378ms] [ERROR] ./components/motion/hero.ts:3:1
Export setStyle doesn't exist in target module
  1 | import { animate, stagger } from "motion"
  2 | import { DUR, EASE, ms } from "./tokens"
> 3 | import { setStyle, clearStyle } from "./dom"
    | ^^^^^^^^^^^^^^^^^^^^^^^^^^^^^^^^^^^^^^^^^^^^
  4 |
  5 | /**
  6 |  * The hero's motion, and the only motion left on the page that is not driven by a

The export setStyle was not found in module [project]/components/motion/dom.ts [app-ssr] (ecmascript).
Did you mean to import setStyles?
All exports of the module are statically known (It doesn't have dynamic exports). So it's known statically that the requested export doesn't exist.

Import traces:
  Client Component Browser:
    ./components/motion/hero.ts [Client Component Browser]
    ./components/motion/hero-scope.tsx [Client Component Browser]
    ./components/motion/hero-scope.tsx [Server Component]
    ./app/[locale]/page.tsx [Server Component]

  Client Component SSR:
    ./components/motion/hero.ts [Client Component SSR]
    ./components/motion/hero-scope.tsx [Client Component SSR]
    ./components/motion/hero-scope.tsx [Server Component]
    ./app/[locale]/page.tsx [Server Component] @ http://localhost:3000/_next/static/chunks/node_modules_next_dist_0u_w_5s._.js:1945
[   31441ms] [ERROR] ./components/motion/hero.ts:3:1
Export clearStyle doesn't exist in target module
  1 | import { animate, stagger } from "motion"
  2 | import { DUR, EASE, ms } from "./tokens"
> 3 | import { setStyle, clearStyle } from "./dom"
    | ^^^^^^^^^^^^^^^^^^^^^^^^^^^^^^^^^^^^^^^^^^^^
  4 |
  5 | /**
  6 |  * The hero's motion, and the only motion left on the page that is not driven by a

The export clearStyle was not found in module [project]/components/motion/dom.ts [app-client] (ecmascript).
Did you mean to import clearStyles?
All exports of the module are statically known (It doesn't have dynamic exports). So it's known statically that the requested export doesn't exist.

Import traces:
  Client Component Browser:
    ./components/motion/hero.ts [Client Component Browser]
    ./components/motion/hero-scope.tsx [Client Component Browser]
    ./components/motion/hero-scope.tsx [Server Component]
    ./app/[locale]/page.tsx [Server Component]

  Client Component SSR:
    ./components/motion/hero.ts [Client Component SSR]
    ./components/motion/hero-scope.tsx [Client Component SSR]
    ./components/motion/hero-scope.tsx [Server Component]
    ./app/[locale]/page.tsx [Server Component] @ http://localhost:3000/_next/static/chunks/node_modules_next_dist_0u_w_5s._.js:1945
[   31442ms] [ERROR] ./components/motion/hero.ts:3:1
Export clearStyle doesn't exist in target module
  1 | import { animate, stagger } from "motion"
  2 | import { DUR, EASE, ms } from "./tokens"
> 3 | import { setStyle, clearStyle } from "./dom"
    | ^^^^^^^^^^^^^^^^^^^^^^^^^^^^^^^^^^^^^^^^^^^^
  4 |
  5 | /**
  6 |  * The hero's motion, and the only motion left on the page that is not driven by a

The export clearStyle was not found in module [project]/components/motion/dom.ts [app-ssr] (ecmascript).
Did you mean to import clearStyles?
All exports of the module are statically known (It doesn't have dynamic exports). So it's known statically that the requested export doesn't exist.

Import traces:
  Client Component Browser:
    ./components/motion/hero.ts [Client Component Browser]
    ./components/motion/hero-scope.tsx [Client Component Browser]
    ./components/motion/hero-scope.tsx [Server Component]
    ./app/[locale]/page.tsx [Server Component]

  Client Component SSR:
    ./components/motion/hero.ts [Client Component SSR]
    ./components/motion/hero-scope.tsx [Client Component SSR]
    ./components/motion/hero-scope.tsx [Server Component]
    ./app/[locale]/page.tsx [Server Component] @ http://localhost:3000/_next/static/chunks/node_modules_next_dist_0u_w_5s._.js:1945
[   31442ms] [ERROR] ./components/motion/hero.ts:3:1
Export setStyle doesn't exist in target module
  1 | import { animate, stagger } from "motion"
  2 | import { DUR, EASE, ms } from "./tokens"
> 3 | import { setStyle, clearStyle } from "./dom"
    | ^^^^^^^^^^^^^^^^^^^^^^^^^^^^^^^^^^^^^^^^^^^^
  4 |
  5 | /**
  6 |  * The hero's motion, and the only motion left on the page that is not driven by a

The export setStyle was not found in module [project]/components/motion/dom.ts [app-client] (ecmascript).
Did you mean to import setStyles?
All exports of the module are statically known (It doesn't have dynamic exports). So it's known statically that the requested export doesn't exist.

Import traces:
  Client Component Browser:
    ./components/motion/hero.ts [Client Component Browser]
    ./components/motion/hero-scope.tsx [Client Component Browser]
    ./components/motion/hero-scope.tsx [Server Component]
    ./app/[locale]/page.tsx [Server Component]

  Client Component SSR:
    ./components/motion/hero.ts [Client Component SSR]
    ./components/motion/hero-scope.tsx [Client Component SSR]
    ./components/motion/hero-scope.tsx [Server Component]
    ./app/[locale]/page.tsx [Server Component] @ http://localhost:3000/_next/static/chunks/node_modules_next_dist_0u_w_5s._.js:1945
[   31442ms] [ERROR] ./components/motion/hero.ts:3:1
Export setStyle doesn't exist in target module
  1 | import { animate, stagger } from "motion"
  2 | import { DUR, EASE, ms } from "./tokens"
> 3 | import { setStyle, clearStyle } from "./dom"
    | ^^^^^^^^^^^^^^^^^^^^^^^^^^^^^^^^^^^^^^^^^^^^
  4 |
  5 | /**
  6 |  * The hero's motion, and the only motion left on the page that is not driven by a

The export setStyle was not found in module [project]/components/motion/dom.ts [app-ssr] (ecmascript).
Did you mean to import setStyles?
All exports of the module are statically known (It doesn't have dynamic exports). So it's known statically that the requested export doesn't exist.

Import traces:
  Client Component Browser:
    ./components/motion/hero.ts [Client Component Browser]
    ./components/motion/hero-scope.tsx [Client Component Browser]
    ./components/motion/hero-scope.tsx [Server Component]
    ./app/[locale]/page.tsx [Server Component]

  Client Component SSR:
    ./components/motion/hero.ts [Client Component SSR]
    ./components/motion/hero-scope.tsx [Client Component SSR]
    ./components/motion/hero-scope.tsx [Server Component]
    ./app/[locale]/page.tsx [Server Component] @ http://localhost:3000/_next/static/chunks/node_modules_next_dist_0u_w_5s._.js:1945
[   31503ms] [ERROR] ./components/motion/hero.ts:3:1
Export clearStyle doesn't exist in target module
  1 | import { animate, stagger } from "motion"
  2 | import { DUR, EASE, ms } from "./tokens"
> 3 | import { setStyle, clearStyle } from "./dom"
    | ^^^^^^^^^^^^^^^^^^^^^^^^^^^^^^^^^^^^^^^^^^^^
  4 |
  5 | /**
  6 |  * The hero's motion, and the only motion left on the page that is not driven by a

The export clearStyle was not found in module [project]/components/motion/dom.ts [app-client] (ecmascript).
Did you mean to import clearStyles?
All exports of the module are statically known (It doesn't have dynamic exports). So it's known statically that the requested export doesn't exist.

Import traces:
  Client Component Browser:
    ./components/motion/hero.ts [Client Component Browser]
    ./components/motion/hero-scope.tsx [Client Component Browser]
    ./components/motion/hero-scope.tsx [Server Component]
    ./app/[locale]/page.tsx [Server Component]

  Client Component SSR:
    ./components/motion/hero.ts [Client Component SSR]
    ./components/motion/hero-scope.tsx [Client Component SSR]
    ./components/motion/hero-scope.tsx [Server Component]
    ./app/[locale]/page.tsx [Server Component] @ http://localhost:3000/_next/static/chunks/node_modules_next_dist_0u_w_5s._.js:1945
[   31503ms] [ERROR] ./components/motion/hero.ts:3:1
Export clearStyle doesn't exist in target module
  1 | import { animate, stagger } from "motion"
  2 | import { DUR, EASE, ms } from "./tokens"
> 3 | import { setStyle, clearStyle } from "./dom"
    | ^^^^^^^^^^^^^^^^^^^^^^^^^^^^^^^^^^^^^^^^^^^^
  4 |
  5 | /**
  6 |  * The hero's motion, and the only motion left on the page that is not driven by a

The export clearStyle was not found in module [project]/components/motion/dom.ts [app-ssr] (ecmascript).
Did you mean to import clearStyles?
All exports of the module are statically known (It doesn't have dynamic exports). So it's known statically that the requested export doesn't exist.

Import traces:
  Client Component Browser:
    ./components/motion/hero.ts [Client Component Browser]
    ./components/motion/hero-scope.tsx [Client Component Browser]
    ./components/motion/hero-scope.tsx [Server Component]
    ./app/[locale]/page.tsx [Server Component]

  Client Component SSR:
    ./components/motion/hero.ts [Client Component SSR]
    ./components/motion/hero-scope.tsx [Client Component SSR]
    ./components/motion/hero-scope.tsx [Server Component]
    ./app/[locale]/page.tsx [Server Component] @ http://localhost:3000/_next/static/chunks/node_modules_next_dist_0u_w_5s._.js:1945
[   31503ms] [ERROR] ./components/motion/hero.ts:3:1
Export setStyle doesn't exist in target module
  1 | import { animate, stagger } from "motion"
  2 | import { DUR, EASE, ms } from "./tokens"
> 3 | import { setStyle, clearStyle } from "./dom"
    | ^^^^^^^^^^^^^^^^^^^^^^^^^^^^^^^^^^^^^^^^^^^^
  4 |
  5 | /**
  6 |  * The hero's motion, and the only motion left on the page that is not driven by a

The export setStyle was not found in module [project]/components/motion/dom.ts [app-client] (ecmascript).
Did you mean to import setStyles?
All exports of the module are statically known (It doesn't have dynamic exports). So it's known statically that the requested export doesn't exist.

Import traces:
  Client Component Browser:
    ./components/motion/hero.ts [Client Component Browser]
    ./components/motion/hero-scope.tsx [Client Component Browser]
    ./components/motion/hero-scope.tsx [Server Component]
    ./app/[locale]/page.tsx [Server Component]

  Client Component SSR:
    ./components/motion/hero.ts [Client Component SSR]
    ./components/motion/hero-scope.tsx [Client Component SSR]
    ./components/motion/hero-scope.tsx [Server Component]
    ./app/[locale]/page.tsx [Server Component] @ http://localhost:3000/_next/static/chunks/node_modules_next_dist_0u_w_5s._.js:1945
[   31503ms] [ERROR] ./components/motion/hero.ts:3:1
Export setStyle doesn't exist in target module
  1 | import { animate, stagger } from "motion"
  2 | import { DUR, EASE, ms } from "./tokens"
> 3 | import { setStyle, clearStyle } from "./dom"
    | ^^^^^^^^^^^^^^^^^^^^^^^^^^^^^^^^^^^^^^^^^^^^
  4 |
  5 | /**
  6 |  * The hero's motion, and the only motion left on the page that is not driven by a

The export setStyle was not found in module [project]/components/motion/dom.ts [app-ssr] (ecmascript).
Did you mean to import setStyles?
All exports of the module are statically known (It doesn't have dynamic exports). So it's known statically that the requested export doesn't exist.

Import traces:
  Client Component Browser:
    ./components/motion/hero.ts [Client Component Browser]
    ./components/motion/hero-scope.tsx [Client Component Browser]
    ./components/motion/hero-scope.tsx [Server Component]
    ./app/[locale]/page.tsx [Server Component]

  Client Component SSR:
    ./components/motion/hero.ts [Client Component SSR]
    ./components/motion/hero-scope.tsx [Client Component SSR]
    ./components/motion/hero-scope.tsx [Server Component]
    ./app/[locale]/page.tsx [Server Component] @ http://localhost:3000/_next/static/chunks/node_modules_next_dist_0u_w_5s._.js:1945
[   31562ms] [ERROR] ./components/motion/hero.ts:3:1
Export clearStyle doesn't exist in target module
  1 | import { animate, stagger } from "motion"
  2 | import { DUR, EASE, ms } from "./tokens"
> 3 | import { setStyle, clearStyle } from "./dom"
    | ^^^^^^^^^^^^^^^^^^^^^^^^^^^^^^^^^^^^^^^^^^^^
  4 |
  5 | /**
  6 |  * The hero's motion, and the only motion left on the page that is not driven by a

The export clearStyle was not found in module [project]/components/motion/dom.ts [app-client] (ecmascript).
Did you mean to import clearStyles?
All exports of the module are statically known (It doesn't have dynamic exports). So it's known statically that the requested export doesn't exist.

Import traces:
  Client Component Browser:
    ./components/motion/hero.ts [Client Component Browser]
    ./components/motion/hero-scope.tsx [Client Component Browser]
    ./components/motion/hero-scope.tsx [Server Component]
    ./app/[locale]/page.tsx [Server Component]

  Client Component SSR:
    ./components/motion/hero.ts [Client Component SSR]
    ./components/motion/hero-scope.tsx [Client Component SSR]
    ./components/motion/hero-scope.tsx [Server Component]
    ./app/[locale]/page.tsx [Server Component] @ http://localhost:3000/_next/static/chunks/node_modules_next_dist_0u_w_5s._.js:1945
[   31562ms] [ERROR] ./components/motion/hero.ts:3:1
Export clearStyle doesn't exist in target module
  1 | import { animate, stagger } from "motion"
  2 | import { DUR, EASE, ms } from "./tokens"
> 3 | import { setStyle, clearStyle } from "./dom"
    | ^^^^^^^^^^^^^^^^^^^^^^^^^^^^^^^^^^^^^^^^^^^^
  4 |
  5 | /**
  6 |  * The hero's motion, and the only motion left on the page that is not driven by a

The export clearStyle was not found in module [project]/components/motion/dom.ts [app-ssr] (ecmascript).
Did you mean to import clearStyles?
All exports of the module are statically known (It doesn't have dynamic exports). So it's known statically that the requested export doesn't exist.

Import traces:
  Client Component Browser:
    ./components/motion/hero.ts [Client Component Browser]
    ./components/motion/hero-scope.tsx [Client Component Browser]
    ./components/motion/hero-scope.tsx [Server Component]
    ./app/[locale]/page.tsx [Server Component]

  Client Component SSR:
    ./components/motion/hero.ts [Client Component SSR]
    ./components/motion/hero-scope.tsx [Client Component SSR]
    ./components/motion/hero-scope.tsx [Server Component]
    ./app/[locale]/page.tsx [Server Component] @ http://localhost:3000/_next/static/chunks/node_modules_next_dist_0u_w_5s._.js:1945
[   31562ms] [ERROR] ./components/motion/hero.ts:3:1
Export setStyle doesn't exist in target module
  1 | import { animate, stagger } from "motion"
  2 | import { DUR, EASE, ms } from "./tokens"
> 3 | import { setStyle, clearStyle } from "./dom"
    | ^^^^^^^^^^^^^^^^^^^^^^^^^^^^^^^^^^^^^^^^^^^^
  4 |
  5 | /**
  6 |  * The hero's motion, and the only motion left on the page that is not driven by a

The export setStyle was not found in module [project]/components/motion/dom.ts [app-client] (ecmascript).
Did you mean to import setStyles?
All exports of the module are statically known (It doesn't have dynamic exports). So it's known statically that the requested export doesn't exist.

Import traces:
  Client Component Browser:
    ./components/motion/hero.ts [Client Component Browser]
    ./components/motion/hero-scope.tsx [Client Component Browser]
    ./components/motion/hero-scope.tsx [Server Component]
    ./app/[locale]/page.tsx [Server Component]

  Client Component SSR:
    ./components/motion/hero.ts [Client Component SSR]
    ./components/motion/hero-scope.tsx [Client Component SSR]
    ./components/motion/hero-scope.tsx [Server Component]
    ./app/[locale]/page.tsx [Server Component] @ http://localhost:3000/_next/static/chunks/node_modules_next_dist_0u_w_5s._.js:1945
[   31562ms] [ERROR] ./components/motion/hero.ts:3:1
Export setStyle doesn't exist in target module
  1 | import { animate, stagger } from "motion"
  2 | import { DUR, EASE, ms } from "./tokens"
> 3 | import { setStyle, clearStyle } from "./dom"
    | ^^^^^^^^^^^^^^^^^^^^^^^^^^^^^^^^^^^^^^^^^^^^
  4 |
  5 | /**
  6 |  * The hero's motion, and the only motion left on the page that is not driven by a

The export setStyle was not found in module [project]/components/motion/dom.ts [app-ssr] (ecmascript).
Did you mean to import setStyles?
All exports of the module are statically known (It doesn't have dynamic exports). So it's known statically that the requested export doesn't exist.

Import traces:
  Client Component Browser:
    ./components/motion/hero.ts [Client Component Browser]
    ./components/motion/hero-scope.tsx [Client Component Browser]
    ./components/motion/hero-scope.tsx [Server Component]
    ./app/[locale]/page.tsx [Server Component]

  Client Component SSR:
    ./components/motion/hero.ts [Client Component SSR]
    ./components/motion/hero-scope.tsx [Client Component SSR]
    ./components/motion/hero-scope.tsx [Server Component]
    ./app/[locale]/page.tsx [Server Component] @ http://localhost:3000/_next/static/chunks/node_modules_next_dist_0u_w_5s._.js:1945
[   31623ms] [ERROR] ./components/motion/hero.ts:3:1
Export clearStyle doesn't exist in target module
  1 | import { animate, stagger } from "motion"
  2 | import { DUR, EASE, ms } from "./tokens"
> 3 | import { setStyle, clearStyle } from "./dom"
    | ^^^^^^^^^^^^^^^^^^^^^^^^^^^^^^^^^^^^^^^^^^^^
  4 |
  5 | /**
  6 |  * The hero's motion, and the only motion left on the page that is not driven by a

The export clearStyle was not found in module [project]/components/motion/dom.ts [app-client] (ecmascript).
Did you mean to import clearStyles?
All exports of the module are statically known (It doesn't have dynamic exports). So it's known statically that the requested export doesn't exist.

Import traces:
  Client Component Browser:
    ./components/motion/hero.ts [Client Component Browser]
    ./components/motion/hero-scope.tsx [Client Component Browser]
    ./components/motion/hero-scope.tsx [Server Component]
    ./app/[locale]/page.tsx [Server Component]

  Client Component SSR:
    ./components/motion/hero.ts [Client Component SSR]
    ./components/motion/hero-scope.tsx [Client Component SSR]
    ./components/motion/hero-scope.tsx [Server Component]
    ./app/[locale]/page.tsx [Server Component] @ http://localhost:3000/_next/static/chunks/node_modules_next_dist_0u_w_5s._.js:1945
[   31623ms] [ERROR] ./components/motion/hero.ts:3:1
Export clearStyle doesn't exist in target module
  1 | import { animate, stagger } from "motion"
  2 | import { DUR, EASE, ms } from "./tokens"
> 3 | import { setStyle, clearStyle } from "./dom"
    | ^^^^^^^^^^^^^^^^^^^^^^^^^^^^^^^^^^^^^^^^^^^^
  4 |
  5 | /**
  6 |  * The hero's motion, and the only motion left on the page that is not driven by a

The export clearStyle was not found in module [project]/components/motion/dom.ts [app-ssr] (ecmascript).
Did you mean to import clearStyles?
All exports of the module are statically known (It doesn't have dynamic exports). So it's known statically that the requested export doesn't exist.

Import traces:
  Client Component Browser:
    ./components/motion/hero.ts [Client Component Browser]
    ./components/motion/hero-scope.tsx [Client Component Browser]
    ./components/motion/hero-scope.tsx [Server Component]
    ./app/[locale]/page.tsx [Server Component]

  Client Component SSR:
    ./components/motion/hero.ts [Client Component SSR]
    ./components/motion/hero-scope.tsx [Client Component SSR]
    ./components/motion/hero-scope.tsx [Server Component]
    ./app/[locale]/page.tsx [Server Component] @ http://localhost:3000/_next/static/chunks/node_modules_next_dist_0u_w_5s._.js:1945
[   31623ms] [ERROR] ./components/motion/hero.ts:3:1
Export setStyle doesn't exist in target module
  1 | import { animate, stagger } from "motion"
  2 | import { DUR, EASE, ms } from "./tokens"
> 3 | import { setStyle, clearStyle } from "./dom"
    | ^^^^^^^^^^^^^^^^^^^^^^^^^^^^^^^^^^^^^^^^^^^^
  4 |
  5 | /**
  6 |  * The hero's motion, and the only motion left on the page that is not driven by a

The export setStyle was not found in module [project]/components/motion/dom.ts [app-client] (ecmascript).
Did you mean to import setStyles?
All exports of the module are statically known (It doesn't have dynamic exports). So it's known statically that the requested export doesn't exist.

Import traces:
  Client Component Browser:
    ./components/motion/hero.ts [Client Component Browser]
    ./components/motion/hero-scope.tsx [Client Component Browser]
    ./components/motion/hero-scope.tsx [Server Component]
    ./app/[locale]/page.tsx [Server Component]

  Client Component SSR:
    ./components/motion/hero.ts [Client Component SSR]
    ./components/motion/hero-scope.tsx [Client Component SSR]
    ./components/motion/hero-scope.tsx [Server Component]
    ./app/[locale]/page.tsx [Server Component] @ http://localhost:3000/_next/static/chunks/node_modules_next_dist_0u_w_5s._.js:1945
[   31623ms] [ERROR] ./components/motion/hero.ts:3:1
Export setStyle doesn't exist in target module
  1 | import { animate, stagger } from "motion"
  2 | import { DUR, EASE, ms } from "./tokens"
> 3 | import { setStyle, clearStyle } from "./dom"
    | ^^^^^^^^^^^^^^^^^^^^^^^^^^^^^^^^^^^^^^^^^^^^
  4 |
  5 | /**
  6 |  * The hero's motion, and the only motion left on the page that is not driven by a

The export setStyle was not found in module [project]/components/motion/dom.ts [app-ssr] (ecmascript).
Did you mean to import setStyles?
All exports of the module are statically known (It doesn't have dynamic exports). So it's known statically that the requested export doesn't exist.

Import traces:
  Client Component Browser:
    ./components/motion/hero.ts [Client Component Browser]
    ./components/motion/hero-scope.tsx [Client Component Browser]
    ./components/motion/hero-scope.tsx [Server Component]
    ./app/[locale]/page.tsx [Server Component]

  Client Component SSR:
    ./components/motion/hero.ts [Client Component SSR]
    ./components/motion/hero-scope.tsx [Client Component SSR]
    ./components/motion/hero-scope.tsx [Server Component]
    ./app/[locale]/page.tsx [Server Component] @ http://localhost:3000/_next/static/chunks/node_modules_next_dist_0u_w_5s._.js:1945
[   31701ms] [ERROR] ./components/motion/hero.ts:3:1
Export clearStyle doesn't exist in target module
  1 | import { animate, stagger } from "motion"
  2 | import { DUR, EASE, ms } from "./tokens"
> 3 | import { setStyle, clearStyle } from "./dom"
    | ^^^^^^^^^^^^^^^^^^^^^^^^^^^^^^^^^^^^^^^^^^^^
  4 |
  5 | /**
  6 |  * The hero's motion, and the only motion left on the page that is not driven by a

The export clearStyle was not found in module [project]/components/motion/dom.ts [app-client] (ecmascript).
Did you mean to import clearStyles?
All exports of the module are statically known (It doesn't have dynamic exports). So it's known statically that the requested export doesn't exist.

Import traces:
  Client Component Browser:
    ./components/motion/hero.ts [Client Component Browser]
    ./components/motion/hero-scope.tsx [Client Component Browser]
    ./components/motion/hero-scope.tsx [Server Component]
    ./app/[locale]/page.tsx [Server Component]

  Client Component SSR:
    ./components/motion/hero.ts [Client Component SSR]
    ./components/motion/hero-scope.tsx [Client Component SSR]
    ./components/motion/hero-scope.tsx [Server Component]
    ./app/[locale]/page.tsx [Server Component] @ http://localhost:3000/_next/static/chunks/node_modules_next_dist_0u_w_5s._.js:1945
[   31701ms] [ERROR] ./components/motion/hero.ts:3:1
Export clearStyle doesn't exist in target module
  1 | import { animate, stagger } from "motion"
  2 | import { DUR, EASE, ms } from "./tokens"
> 3 | import { setStyle, clearStyle } from "./dom"
    | ^^^^^^^^^^^^^^^^^^^^^^^^^^^^^^^^^^^^^^^^^^^^
  4 |
  5 | /**
  6 |  * The hero's motion, and the only motion left on the page that is not driven by a

The export clearStyle was not found in module [project]/components/motion/dom.ts [app-ssr] (ecmascript).
Did you mean to import clearStyles?
All exports of the module are statically known (It doesn't have dynamic exports). So it's known statically that the requested export doesn't exist.

Import traces:
  Client Component Browser:
    ./components/motion/hero.ts [Client Component Browser]
    ./components/motion/hero-scope.tsx [Client Component Browser]
    ./components/motion/hero-scope.tsx [Server Component]
    ./app/[locale]/page.tsx [Server Component]

  Client Component SSR:
    ./components/motion/hero.ts [Client Component SSR]
    ./components/motion/hero-scope.tsx [Client Component SSR]
    ./components/motion/hero-scope.tsx [Server Component]
    ./app/[locale]/page.tsx [Server Component] @ http://localhost:3000/_next/static/chunks/node_modules_next_dist_0u_w_5s._.js:1945
[   31701ms] [ERROR] ./components/motion/hero.ts:3:1
Export setStyle doesn't exist in target module
  1 | import { animate, stagger } from "motion"
  2 | import { DUR, EASE, ms } from "./tokens"
> 3 | import { setStyle, clearStyle } from "./dom"
    | ^^^^^^^^^^^^^^^^^^^^^^^^^^^^^^^^^^^^^^^^^^^^
  4 |
  5 | /**
  6 |  * The hero's motion, and the only motion left on the page that is not driven by a

The export setStyle was not found in module [project]/components/motion/dom.ts [app-client] (ecmascript).
Did you mean to import setStyles?
All exports of the module are statically known (It doesn't have dynamic exports). So it's known statically that the requested export doesn't exist.

Import traces:
  Client Component Browser:
    ./components/motion/hero.ts [Client Component Browser]
    ./components/motion/hero-scope.tsx [Client Component Browser]
    ./components/motion/hero-scope.tsx [Server Component]
    ./app/[locale]/page.tsx [Server Component]

  Client Component SSR:
    ./components/motion/hero.ts [Client Component SSR]
    ./components/motion/hero-scope.tsx [Client Component SSR]
    ./components/motion/hero-scope.tsx [Server Component]
    ./app/[locale]/page.tsx [Server Component] @ http://localhost:3000/_next/static/chunks/node_modules_next_dist_0u_w_5s._.js:1945
[   31702ms] [ERROR] ./components/motion/hero.ts:3:1
Export setStyle doesn't exist in target module
  1 | import { animate, stagger } from "motion"
  2 | import { DUR, EASE, ms } from "./tokens"
> 3 | import { setStyle, clearStyle } from "./dom"
    | ^^^^^^^^^^^^^^^^^^^^^^^^^^^^^^^^^^^^^^^^^^^^
  4 |
  5 | /**
  6 |  * The hero's motion, and the only motion left on the page that is not driven by a

The export setStyle was not found in module [project]/components/motion/dom.ts [app-ssr] (ecmascript).
Did you mean to import setStyles?
All exports of the module are statically known (It doesn't have dynamic exports). So it's known statically that the requested export doesn't exist.

Import traces:
  Client Component Browser:
    ./components/motion/hero.ts [Client Component Browser]
    ./components/motion/hero-scope.tsx [Client Component Browser]
    ./components/motion/hero-scope.tsx [Server Component]
    ./app/[locale]/page.tsx [Server Component]

  Client Component SSR:
    ./components/motion/hero.ts [Client Component SSR]
    ./components/motion/hero-scope.tsx [Client Component SSR]
    ./components/motion/hero-scope.tsx [Server Component]
    ./app/[locale]/page.tsx [Server Component] @ http://localhost:3000/_next/static/chunks/node_modules_next_dist_0u_w_5s._.js:1945
[   31764ms] [ERROR] ./components/motion/hero.ts:3:1
Export clearStyle doesn't exist in target module
  1 | import { animate, stagger } from "motion"
  2 | import { DUR, EASE, ms } from "./tokens"
> 3 | import { setStyle, clearStyle } from "./dom"
    | ^^^^^^^^^^^^^^^^^^^^^^^^^^^^^^^^^^^^^^^^^^^^
  4 |
  5 | /**
  6 |  * The hero's motion, and the only motion left on the page that is not driven by a

The export clearStyle was not found in module [project]/components/motion/dom.ts [app-client] (ecmascript).
Did you mean to import clearStyles?
All exports of the module are statically known (It doesn't have dynamic exports). So it's known statically that the requested export doesn't exist.

Import traces:
  Client Component Browser:
    ./components/motion/hero.ts [Client Component Browser]
    ./components/motion/hero-scope.tsx [Client Component Browser]
    ./components/motion/hero-scope.tsx [Server Component]
    ./app/[locale]/page.tsx [Server Component]

  Client Component SSR:
    ./components/motion/hero.ts [Client Component SSR]
    ./components/motion/hero-scope.tsx [Client Component SSR]
    ./components/motion/hero-scope.tsx [Server Component]
    ./app/[locale]/page.tsx [Server Component] @ http://localhost:3000/_next/static/chunks/node_modules_next_dist_0u_w_5s._.js:1945
[   31764ms] [ERROR] ./components/motion/hero.ts:3:1
Export clearStyle doesn't exist in target module
  1 | import { animate, stagger } from "motion"
  2 | import { DUR, EASE, ms } from "./tokens"
> 3 | import { setStyle, clearStyle } from "./dom"
    | ^^^^^^^^^^^^^^^^^^^^^^^^^^^^^^^^^^^^^^^^^^^^
  4 |
  5 | /**
  6 |  * The hero's motion, and the only motion left on the page that is not driven by a

The export clearStyle was not found in module [project]/components/motion/dom.ts [app-ssr] (ecmascript).
Did you mean to import clearStyles?
All exports of the module are statically known (It doesn't have dynamic exports). So it's known statically that the requested export doesn't exist.

Import traces:
  Client Component Browser:
    ./components/motion/hero.ts [Client Component Browser]
    ./components/motion/hero-scope.tsx [Client Component Browser]
    ./components/motion/hero-scope.tsx [Server Component]
    ./app/[locale]/page.tsx [Server Component]

  Client Component SSR:
    ./components/motion/hero.ts [Client Component SSR]
    ./components/motion/hero-scope.tsx [Client Component SSR]
    ./components/motion/hero-scope.tsx [Server Component]
    ./app/[locale]/page.tsx [Server Component] @ http://localhost:3000/_next/static/chunks/node_modules_next_dist_0u_w_5s._.js:1945
[   31764ms] [ERROR] ./components/motion/hero.ts:3:1
Export setStyle doesn't exist in target module
  1 | import { animate, stagger } from "motion"
  2 | import { DUR, EASE, ms } from "./tokens"
> 3 | import { setStyle, clearStyle } from "./dom"
    | ^^^^^^^^^^^^^^^^^^^^^^^^^^^^^^^^^^^^^^^^^^^^
  4 |
  5 | /**
  6 |  * The hero's motion, and the only motion left on the page that is not driven by a

The export setStyle was not found in module [project]/components/motion/dom.ts [app-client] (ecmascript).
Did you mean to import setStyles?
All exports of the module are statically known (It doesn't have dynamic exports). So it's known statically that the requested export doesn't exist.

Import traces:
  Client Component Browser:
    ./components/motion/hero.ts [Client Component Browser]
    ./components/motion/hero-scope.tsx [Client Component Browser]
    ./components/motion/hero-scope.tsx [Server Component]
    ./app/[locale]/page.tsx [Server Component]

  Client Component SSR:
    ./components/motion/hero.ts [Client Component SSR]
    ./components/motion/hero-scope.tsx [Client Component SSR]
    ./components/motion/hero-scope.tsx [Server Component]
    ./app/[locale]/page.tsx [Server Component] @ http://localhost:3000/_next/static/chunks/node_modules_next_dist_0u_w_5s._.js:1945
[   31764ms] [ERROR] ./components/motion/hero.ts:3:1
Export setStyle doesn't exist in target module
  1 | import { animate, stagger } from "motion"
  2 | import { DUR, EASE, ms } from "./tokens"
> 3 | import { setStyle, clearStyle } from "./dom"
    | ^^^^^^^^^^^^^^^^^^^^^^^^^^^^^^^^^^^^^^^^^^^^
  4 |
  5 | /**
  6 |  * The hero's motion, and the only motion left on the page that is not driven by a

The export setStyle was not found in module [project]/components/motion/dom.ts [app-ssr] (ecmascript).
Did you mean to import setStyles?
All exports of the module are statically known (It doesn't have dynamic exports). So it's known statically that the requested export doesn't exist.

Import traces:
  Client Component Browser:
    ./components/motion/hero.ts [Client Component Browser]
    ./components/motion/hero-scope.tsx [Client Component Browser]
    ./components/motion/hero-scope.tsx [Server Component]
    ./app/[locale]/page.tsx [Server Component]

  Client Component SSR:
    ./components/motion/hero.ts [Client Component SSR]
    ./components/motion/hero-scope.tsx [Client Component SSR]
    ./components/motion/hero-scope.tsx [Server Component]
    ./app/[locale]/page.tsx [Server Component] @ http://localhost:3000/_next/static/chunks/node_modules_next_dist_0u_w_5s._.js:1945
[   31826ms] [ERROR] ./components/motion/hero.ts:3:1
Export clearStyle doesn't exist in target module
  1 | import { animate, stagger } from "motion"
  2 | import { DUR, EASE, ms } from "./tokens"
> 3 | import { setStyle, clearStyle } from "./dom"
    | ^^^^^^^^^^^^^^^^^^^^^^^^^^^^^^^^^^^^^^^^^^^^
  4 |
  5 | /**
  6 |  * The hero's motion, and the only motion left on the page that is not driven by a

The export clearStyle was not found in module [project]/components/motion/dom.ts [app-client] (ecmascript).
Did you mean to import clearStyles?
All exports of the module are statically known (It doesn't have dynamic exports). So it's known statically that the requested export doesn't exist.

Import traces:
  Client Component Browser:
    ./components/motion/hero.ts [Client Component Browser]
    ./components/motion/hero-scope.tsx [Client Component Browser]
    ./components/motion/hero-scope.tsx [Server Component]
    ./app/[locale]/page.tsx [Server Component]

  Client Component SSR:
    ./components/motion/hero.ts [Client Component SSR]
    ./components/motion/hero-scope.tsx [Client Component SSR]
    ./components/motion/hero-scope.tsx [Server Component]
    ./app/[locale]/page.tsx [Server Component] @ http://localhost:3000/_next/static/chunks/node_modules_next_dist_0u_w_5s._.js:1945
[   31826ms] [ERROR] ./components/motion/hero.ts:3:1
Export clearStyle doesn't exist in target module
  1 | import { animate, stagger } from "motion"
  2 | import { DUR, EASE, ms } from "./tokens"
> 3 | import { setStyle, clearStyle } from "./dom"
    | ^^^^^^^^^^^^^^^^^^^^^^^^^^^^^^^^^^^^^^^^^^^^
  4 |
  5 | /**
  6 |  * The hero's motion, and the only motion left on the page that is not driven by a

The export clearStyle was not found in module [project]/components/motion/dom.ts [app-ssr] (ecmascript).
Did you mean to import clearStyles?
All exports of the module are statically known (It doesn't have dynamic exports). So it's known statically that the requested export doesn't exist.

Import traces:
  Client Component Browser:
    ./components/motion/hero.ts [Client Component Browser]
    ./components/motion/hero-scope.tsx [Client Component Browser]
    ./components/motion/hero-scope.tsx [Server Component]
    ./app/[locale]/page.tsx [Server Component]

  Client Component SSR:
    ./components/motion/hero.ts [Client Component SSR]
    ./components/motion/hero-scope.tsx [Client Component SSR]
    ./components/motion/hero-scope.tsx [Server Component]
    ./app/[locale]/page.tsx [Server Component] @ http://localhost:3000/_next/static/chunks/node_modules_next_dist_0u_w_5s._.js:1945
[   31826ms] [ERROR] ./components/motion/hero.ts:3:1
Export setStyle doesn't exist in target module
  1 | import { animate, stagger } from "motion"
  2 | import { DUR, EASE, ms } from "./tokens"
> 3 | import { setStyle, clearStyle } from "./dom"
    | ^^^^^^^^^^^^^^^^^^^^^^^^^^^^^^^^^^^^^^^^^^^^
  4 |
  5 | /**
  6 |  * The hero's motion, and the only motion left on the page that is not driven by a

The export setStyle was not found in module [project]/components/motion/dom.ts [app-client] (ecmascript).
Did you mean to import setStyles?
All exports of the module are statically known (It doesn't have dynamic exports). So it's known statically that the requested export doesn't exist.

Import traces:
  Client Component Browser:
    ./components/motion/hero.ts [Client Component Browser]
    ./components/motion/hero-scope.tsx [Client Component Browser]
    ./components/motion/hero-scope.tsx [Server Component]
    ./app/[locale]/page.tsx [Server Component]

  Client Component SSR:
    ./components/motion/hero.ts [Client Component SSR]
    ./components/motion/hero-scope.tsx [Client Component SSR]
    ./components/motion/hero-scope.tsx [Server Component]
    ./app/[locale]/page.tsx [Server Component] @ http://localhost:3000/_next/static/chunks/node_modules_next_dist_0u_w_5s._.js:1945
[   31826ms] [ERROR] ./components/motion/hero.ts:3:1
Export setStyle doesn't exist in target module
  1 | import { animate, stagger } from "motion"
  2 | import { DUR, EASE, ms } from "./tokens"
> 3 | import { setStyle, clearStyle } from "./dom"
    | ^^^^^^^^^^^^^^^^^^^^^^^^^^^^^^^^^^^^^^^^^^^^
  4 |
  5 | /**
  6 |  * The hero's motion, and the only motion left on the page that is not driven by a

The export setStyle was not found in module [project]/components/motion/dom.ts [app-ssr] (ecmascript).
Did you mean to import setStyles?
All exports of the module are statically known (It doesn't have dynamic exports). So it's known statically that the requested export doesn't exist.

Import traces:
  Client Component Browser:
    ./components/motion/hero.ts [Client Component Browser]
    ./components/motion/hero-scope.tsx [Client Component Browser]
    ./components/motion/hero-scope.tsx [Server Component]
    ./app/[locale]/page.tsx [Server Component]

  Client Component SSR:
    ./components/motion/hero.ts [Client Component SSR]
    ./components/motion/hero-scope.tsx [Client Component SSR]
    ./components/motion/hero-scope.tsx [Server Component]
    ./app/[locale]/page.tsx [Server Component] @ http://localhost:3000/_next/static/chunks/node_modules_next_dist_0u_w_5s._.js:1945
[   31888ms] [ERROR] ./components/motion/hero.ts:3:1
Export clearStyle doesn't exist in target module
  1 | import { animate, stagger } from "motion"
  2 | import { DUR, EASE, ms } from "./tokens"
> 3 | import { setStyle, clearStyle } from "./dom"
    | ^^^^^^^^^^^^^^^^^^^^^^^^^^^^^^^^^^^^^^^^^^^^
  4 |
  5 | /**
  6 |  * The hero's motion, and the only motion left on the page that is not driven by a

The export clearStyle was not found in module [project]/components/motion/dom.ts [app-client] (ecmascript).
Did you mean to import clearStyles?
All exports of the module are statically known (It doesn't have dynamic exports). So it's known statically that the requested export doesn't exist.

Import traces:
  Client Component Browser:
    ./components/motion/hero.ts [Client Component Browser]
    ./components/motion/hero-scope.tsx [Client Component Browser]
    ./components/motion/hero-scope.tsx [Server Component]
    ./app/[locale]/page.tsx [Server Component]

  Client Component SSR:
    ./components/motion/hero.ts [Client Component SSR]
    ./components/motion/hero-scope.tsx [Client Component SSR]
    ./components/motion/hero-scope.tsx [Server Component]
    ./app/[locale]/page.tsx [Server Component] @ http://localhost:3000/_next/static/chunks/node_modules_next_dist_0u_w_5s._.js:1945
[   31889ms] [ERROR] ./components/motion/hero.ts:3:1
Export clearStyle doesn't exist in target module
  1 | import { animate, stagger } from "motion"
  2 | import { DUR, EASE, ms } from "./tokens"
> 3 | import { setStyle, clearStyle } from "./dom"
    | ^^^^^^^^^^^^^^^^^^^^^^^^^^^^^^^^^^^^^^^^^^^^
  4 |
  5 | /**
  6 |  * The hero's motion, and the only motion left on the page that is not driven by a

The export clearStyle was not found in module [project]/components/motion/dom.ts [app-ssr] (ecmascript).
Did you mean to import clearStyles?
All exports of the module are statically known (It doesn't have dynamic exports). So it's known statically that the requested export doesn't exist.

Import traces:
  Client Component Browser:
    ./components/motion/hero.ts [Client Component Browser]
    ./components/motion/hero-scope.tsx [Client Component Browser]
    ./components/motion/hero-scope.tsx [Server Component]
    ./app/[locale]/page.tsx [Server Component]

  Client Component SSR:
    ./components/motion/hero.ts [Client Component SSR]
    ./components/motion/hero-scope.tsx [Client Component SSR]
    ./components/motion/hero-scope.tsx [Server Component]
    ./app/[locale]/page.tsx [Server Component] @ http://localhost:3000/_next/static/chunks/node_modules_next_dist_0u_w_5s._.js:1945
[   31889ms] [ERROR] ./components/motion/hero.ts:3:1
Export setStyle doesn't exist in target module
  1 | import { animate, stagger } from "motion"
  2 | import { DUR, EASE, ms } from "./tokens"
> 3 | import { setStyle, clearStyle } from "./dom"
    | ^^^^^^^^^^^^^^^^^^^^^^^^^^^^^^^^^^^^^^^^^^^^
  4 |
  5 | /**
  6 |  * The hero's motion, and the only motion left on the page that is not driven by a

The export setStyle was not found in module [project]/components/motion/dom.ts [app-client] (ecmascript).
Did you mean to import setStyles?
All exports of the module are statically known (It doesn't have dynamic exports). So it's known statically that the requested export doesn't exist.

Import traces:
  Client Component Browser:
    ./components/motion/hero.ts [Client Component Browser]
    ./components/motion/hero-scope.tsx [Client Component Browser]
    ./components/motion/hero-scope.tsx [Server Component]
    ./app/[locale]/page.tsx [Server Component]

  Client Component SSR:
    ./components/motion/hero.ts [Client Component SSR]
    ./components/motion/hero-scope.tsx [Client Component SSR]
    ./components/motion/hero-scope.tsx [Server Component]
    ./app/[locale]/page.tsx [Server Component] @ http://localhost:3000/_next/static/chunks/node_modules_next_dist_0u_w_5s._.js:1945
[   31889ms] [ERROR] ./components/motion/hero.ts:3:1
Export setStyle doesn't exist in target module
  1 | import { animate, stagger } from "motion"
  2 | import { DUR, EASE, ms } from "./tokens"
> 3 | import { setStyle, clearStyle } from "./dom"
    | ^^^^^^^^^^^^^^^^^^^^^^^^^^^^^^^^^^^^^^^^^^^^
  4 |
  5 | /**
  6 |  * The hero's motion, and the only motion left on the page that is not driven by a

The export setStyle was not found in module [project]/components/motion/dom.ts [app-ssr] (ecmascript).
Did you mean to import setStyles?
All exports of the module are statically known (It doesn't have dynamic exports). So it's known statically that the requested export doesn't exist.

Import traces:
  Client Component Browser:
    ./components/motion/hero.ts [Client Component Browser]
    ./components/motion/hero-scope.tsx [Client Component Browser]
    ./components/motion/hero-scope.tsx [Server Component]
    ./app/[locale]/page.tsx [Server Component]

  Client Component SSR:
    ./components/motion/hero.ts [Client Component SSR]
    ./components/motion/hero-scope.tsx [Client Component SSR]
    ./components/motion/hero-scope.tsx [Server Component]
    ./app/[locale]/page.tsx [Server Component] @ http://localhost:3000/_next/static/chunks/node_modules_next_dist_0u_w_5s._.js:1945
[   31951ms] [ERROR] ./components/motion/hero.ts:3:1
Export clearStyle doesn't exist in target module
  1 | import { animate, stagger } from "motion"
  2 | import { DUR, EASE, ms } from "./tokens"
> 3 | import { setStyle, clearStyle } from "./dom"
    | ^^^^^^^^^^^^^^^^^^^^^^^^^^^^^^^^^^^^^^^^^^^^
  4 |
  5 | /**
  6 |  * The hero's motion, and the only motion left on the page that is not driven by a

The export clearStyle was not found in module [project]/components/motion/dom.ts [app-client] (ecmascript).
Did you mean to import clearStyles?
All exports of the module are statically known (It doesn't have dynamic exports). So it's known statically that the requested export doesn't exist.

Import traces:
  Client Component Browser:
    ./components/motion/hero.ts [Client Component Browser]
    ./components/motion/hero-scope.tsx [Client Component Browser]
    ./components/motion/hero-scope.tsx [Server Component]
    ./app/[locale]/page.tsx [Server Component]

  Client Component SSR:
    ./components/motion/hero.ts [Client Component SSR]
    ./components/motion/hero-scope.tsx [Client Component SSR]
    ./components/motion/hero-scope.tsx [Server Component]
    ./app/[locale]/page.tsx [Server Component] @ http://localhost:3000/_next/static/chunks/node_modules_next_dist_0u_w_5s._.js:1945
[   31951ms] [ERROR] ./components/motion/hero.ts:3:1
Export clearStyle doesn't exist in target module
  1 | import { animate, stagger } from "motion"
  2 | import { DUR, EASE, ms } from "./tokens"
> 3 | import { setStyle, clearStyle } from "./dom"
    | ^^^^^^^^^^^^^^^^^^^^^^^^^^^^^^^^^^^^^^^^^^^^
  4 |
  5 | /**
  6 |  * The hero's motion, and the only motion left on the page that is not driven by a

The export clearStyle was not found in module [project]/components/motion/dom.ts [app-ssr] (ecmascript).
Did you mean to import clearStyles?
All exports of the module are statically known (It doesn't have dynamic exports). So it's known statically that the requested export doesn't exist.

Import traces:
  Client Component Browser:
    ./components/motion/hero.ts [Client Component Browser]
    ./components/motion/hero-scope.tsx [Client Component Browser]
    ./components/motion/hero-scope.tsx [Server Component]
    ./app/[locale]/page.tsx [Server Component]

  Client Component SSR:
    ./components/motion/hero.ts [Client Component SSR]
    ./components/motion/hero-scope.tsx [Client Component SSR]
    ./components/motion/hero-scope.tsx [Server Component]
    ./app/[locale]/page.tsx [Server Component] @ http://localhost:3000/_next/static/chunks/node_modules_next_dist_0u_w_5s._.js:1945
[   31951ms] [ERROR] ./components/motion/hero.ts:3:1
Export setStyle doesn't exist in target module
  1 | import { animate, stagger } from "motion"
  2 | import { DUR, EASE, ms } from "./tokens"
> 3 | import { setStyle, clearStyle } from "./dom"
    | ^^^^^^^^^^^^^^^^^^^^^^^^^^^^^^^^^^^^^^^^^^^^
  4 |
  5 | /**
  6 |  * The hero's motion, and the only motion left on the page that is not driven by a

The export setStyle was not found in module [project]/components/motion/dom.ts [app-client] (ecmascript).
Did you mean to import setStyles?
All exports of the module are statically known (It doesn't have dynamic exports). So it's known statically that the requested export doesn't exist.

Import traces:
  Client Component Browser:
    ./components/motion/hero.ts [Client Component Browser]
    ./components/motion/hero-scope.tsx [Client Component Browser]
    ./components/motion/hero-scope.tsx [Server Component]
    ./app/[locale]/page.tsx [Server Component]

  Client Component SSR:
    ./components/motion/hero.ts [Client Component SSR]
    ./components/motion/hero-scope.tsx [Client Component SSR]
    ./components/motion/hero-scope.tsx [Server Component]
    ./app/[locale]/page.tsx [Server Component] @ http://localhost:3000/_next/static/chunks/node_modules_next_dist_0u_w_5s._.js:1945
[   31951ms] [ERROR] ./components/motion/hero.ts:3:1
Export setStyle doesn't exist in target module
  1 | import { animate, stagger } from "motion"
  2 | import { DUR, EASE, ms } from "./tokens"
> 3 | import { setStyle, clearStyle } from "./dom"
    | ^^^^^^^^^^^^^^^^^^^^^^^^^^^^^^^^^^^^^^^^^^^^
  4 |
  5 | /**
  6 |  * The hero's motion, and the only motion left on the page that is not driven by a

The export setStyle was not found in module [project]/components/motion/dom.ts [app-ssr] (ecmascript).
Did you mean to import setStyles?
All exports of the module are statically known (It doesn't have dynamic exports). So it's known statically that the requested export doesn't exist.

Import traces:
  Client Component Browser:
    ./components/motion/hero.ts [Client Component Browser]
    ./components/motion/hero-scope.tsx [Client Component Browser]
    ./components/motion/hero-scope.tsx [Server Component]
    ./app/[locale]/page.tsx [Server Component]

  Client Component SSR:
    ./components/motion/hero.ts [Client Component SSR]
    ./components/motion/hero-scope.tsx [Client Component SSR]
    ./components/motion/hero-scope.tsx [Server Component]
    ./app/[locale]/page.tsx [Server Component] @ http://localhost:3000/_next/static/chunks/node_modules_next_dist_0u_w_5s._.js:1945
[   32046ms] [LOG] [Fast Refresh] rebuilding @ http://localhost:3000/_next/static/chunks/node_modules_next_dist_0u_w_5s._.js:1226
[   32200ms] [LOG] [Fast Refresh] done in 124ms @ http://localhost:3000/_next/static/chunks/node_modules_next_dist_0u_w_5s._.js:1226
[   32322ms] [LOG] [Fast Refresh] rebuilding @ http://localhost:3000/_next/static/chunks/node_modules_next_dist_0u_w_5s._.js:1226
[   32653ms] [LOG] [Fast Refresh] done in 438ms @ http://localhost:3000/_next/static/chunks/node_modules_next_dist_0u_w_5s._.js:1226
[   32775ms] [LOG] [Fast Refresh] rebuilding @ http://localhost:3000/_next/static/chunks/node_modules_next_dist_0u_w_5s._.js:1226
[   32790ms] [LOG] [Fast Refresh] done in 117ms @ http://localhost:3000/_next/static/chunks/node_modules_next_dist_0u_w_5s._.js:1226
[   33026ms] [INFO] %cDownload the React DevTools for a better development experience: https://react.dev/link/react-devtools font-weight:bold @ http://localhost:3000/_next/static/chunks/node_modules_next_dist_115brz8._.js:2477
[   33047ms] [LOG] [HMR] connected @ http://localhost:3000/_next/static/chunks/node_modules_next_dist_115brz8._.js:2477
[   41083ms] [LOG] [Fast Refresh] rebuilding @ http://localhost:3000/_next/static/chunks/node_modules_next_dist_115brz8._.js:2477
[   41100ms] [LOG] [Fast Refresh] done in 119ms @ http://localhost:3000/_next/static/chunks/node_modules_next_dist_115brz8._.js:2477
[   41316ms] [LOG] [Fast Refresh] rebuilding @ http://localhost:3000/_next/static/chunks/node_modules_next_dist_115brz8._.js:2477
[   41367ms] [LOG] [Fast Refresh] done in 142ms @ http://localhost:3000/_next/static/chunks/node_modules_next_dist_115brz8._.js:2477
[   41471ms] [LOG] [Fast Refresh] rebuilding @ http://localhost:3000/_next/static/chunks/node_modules_next_dist_115brz8._.js:2477
[   41484ms] [LOG] [Fast Refresh] done in 113ms @ http://localhost:3000/_next/static/chunks/node_modules_next_dist_115brz8._.js:2477
[   41609ms] [LOG] [Fast Refresh] rebuilding @ http://localhost:3000/_next/static/chunks/node_modules_next_dist_115brz8._.js:2477
[   41894ms] [LOG] [Fast Refresh] done in 394ms @ http://localhost:3000/_next/static/chunks/node_modules_next_dist_115brz8._.js:2477
[   49709ms] [LOG] [Fast Refresh] rebuilding @ http://localhost:3000/_next/static/chunks/node_modules_next_dist_115brz8._.js:2477
[   49726ms] [LOG] [Fast Refresh] done in 122ms @ http://localhost:3000/_next/static/chunks/node_modules_next_dist_115brz8._.js:2477
[   51316ms] [LOG] [Fast Refresh] rebuilding @ http://localhost:3000/_next/static/chunks/node_modules_next_dist_115brz8._.js:2477
[   51497ms] [LOG] [Fast Refresh] done in 123ms @ http://localhost:3000/_next/static/chunks/node_modules_next_dist_115brz8._.js:2477
[   51611ms] [LOG] [Fast Refresh] rebuilding @ http://localhost:3000/_next/static/chunks/node_modules_next_dist_115brz8._.js:2477
[   52020ms] [LOG] [Fast Refresh] done in 513ms @ http://localhost:3000/_next/static/chunks/node_modules_next_dist_115brz8._.js:2477
[   52368ms] [LOG] [Fast Refresh] rebuilding @ http://localhost:3000/_next/static/chunks/node_modules_next_dist_115brz8._.js:2477
[   52632ms] [ERROR] ./app/[locale]/page.tsx:11:1
Module not found: Can't resolve '@/components/motion/anime-scope'
   9 | import { RoleEntryList, composeRoles } from "@/components/role-entry"
  10 | import { ContactSection } from "@/components/contact-section"
> 11 | import { AnimeScope } from "@/components/motion/anime-scope"
     | ^^^^^^^^^^^^^^^^^^^^^^^^^^^^^^^^^^^^^^^^^^^^^^^^^^^^^^^^^^^^
  12 | import { HeroScope } from "@/components/motion/hero-scope"
  13 | import {
  14 |   ExpertiseLattice,

Import map: aliased to relative './components/motion/anime-scope' inside of [project]/

https://nextjs.org/docs/messages/module-not-found @ http://localhost:3000/_next/static/chunks/node_modules_next_dist_115brz8._.js:3318
[   52756ms] [ERROR] ./app/[locale]/page.tsx:11:1
Module not found: Can't resolve '@/components/motion/anime-scope'
   9 | import { RoleEntryList, composeRoles } from "@/components/role-entry"
  10 | import { ContactSection } from "@/components/contact-section"
> 11 | import { AnimeScope } from "@/components/motion/anime-scope"
     | ^^^^^^^^^^^^^^^^^^^^^^^^^^^^^^^^^^^^^^^^^^^^^^^^^^^^^^^^^^^^
  12 | import { HeroScope } from "@/components/motion/hero-scope"
  13 | import {
  14 |   ExpertiseLattice,

Import map: aliased to relative './components/motion/anime-scope' inside of [project]/

https://nextjs.org/docs/messages/module-not-found @ http://localhost:3000/_next/static/chunks/node_modules_next_dist_115brz8._.js:3318
[   52823ms] [ERROR] ./app/[locale]/page.tsx:11:1
Module not found: Can't resolve '@/components/motion/anime-scope'
   9 | import { RoleEntryList, composeRoles } from "@/components/role-entry"
  10 | import { ContactSection } from "@/components/contact-section"
> 11 | import { AnimeScope } from "@/components/motion/anime-scope"
     | ^^^^^^^^^^^^^^^^^^^^^^^^^^^^^^^^^^^^^^^^^^^^^^^^^^^^^^^^^^^^
  12 | import { HeroScope } from "@/components/motion/hero-scope"
  13 | import {
  14 |   ExpertiseLattice,

Import map: aliased to relative './components/motion/anime-scope' inside of [project]/

https://nextjs.org/docs/messages/module-not-found @ http://localhost:3000/_next/static/chunks/node_modules_next_dist_115brz8._.js:3318
[   52861ms] [ERROR] Failed to load resource: the server responded with a status of 500 (Internal Server Error) @ http://localhost:3000/?_rsc=yWTPUyHVHtWLudsj:0
[   52933ms] [LOG] [Fast Refresh] rebuilding @ http://localhost:3000/_next/static/chunks/node_modules_next_dist_115brz8._.js:2477
[   52934ms] [ERROR] ./app/[locale]/page.tsx:11:1
Module not found: Can't resolve '@/components/motion/anime-scope'
   9 | import { RoleEntryList, composeRoles } from "@/components/role-entry"
  10 | import { ContactSection } from "@/components/contact-section"
> 11 | import { AnimeScope } from "@/components/motion/anime-scope"
     | ^^^^^^^^^^^^^^^^^^^^^^^^^^^^^^^^^^^^^^^^^^^^^^^^^^^^^^^^^^^^
  12 | import { HeroScope } from "@/components/motion/hero-scope"
  13 | import {
  14 |   ExpertiseLattice,

Import map: aliased to relative './components/motion/anime-scope' inside of [project]/

https://nextjs.org/docs/messages/module-not-found @ http://localhost:3000/_next/static/chunks/node_modules_next_dist_115brz8._.js:3318
[   52935ms] [ERROR] ./app/[locale]/page.tsx:11:1
Module not found: Can't resolve '@/components/motion/anime-scope'
   9 | import { RoleEntryList, composeRoles } from "@/components/role-entry"
  10 | import { ContactSection } from "@/components/contact-section"
> 11 | import { AnimeScope } from "@/components/motion/anime-scope"
     | ^^^^^^^^^^^^^^^^^^^^^^^^^^^^^^^^^^^^^^^^^^^^^^^^^^^^^^^^^^^^
  12 | import { HeroScope } from "@/components/motion/hero-scope"
  13 | import {
  14 |   ExpertiseLattice,

Import map: aliased to relative './components/motion/anime-scope' inside of [project]/

https://nextjs.org/docs/messages/module-not-found @ http://localhost:3000/_next/static/chunks/node_modules_next_dist_115brz8._.js:3318
[   52960ms] [ERROR] ./app/[locale]/page.tsx:11:1
Module not found: Can't resolve '@/components/motion/anime-scope'
   9 | import { RoleEntryList, composeRoles } from "@/components/role-entry"
  10 | import { ContactSection } from "@/components/contact-section"
> 11 | import { AnimeScope } from "@/components/motion/anime-scope"
     | ^^^^^^^^^^^^^^^^^^^^^^^^^^^^^^^^^^^^^^^^^^^^^^^^^^^^^^^^^^^^
  12 | import { HeroScope } from "@/components/motion/hero-scope"
  13 | import {
  14 |   ExpertiseLattice,

Import map: aliased to relative './components/motion/anime-scope' inside of [project]/

https://nextjs.org/docs/messages/module-not-found @ http://localhost:3000/_next/static/chunks/node_modules_next_dist_115brz8._.js:3318
[   53068ms] [LOG] [Fast Refresh] rebuilding @ http://localhost:3000/_next/static/chunks/node_modules_next_dist_115brz8._.js:2477
[   53080ms] [ERROR] Failed to load resource: the server responded with a status of 500 (Internal Server Error) @ http://localhost:3000/?_rsc=yWTPUyHVHtWLudsj:0
[   53111ms] [ERROR] ./app/[locale]/page.tsx:11:1
Module not found: Can't resolve '@/components/motion/anime-scope'
   9 | import { RoleEntryList, composeRoles } from "@/components/role-entry"
  10 | import { ContactSection } from "@/components/contact-section"
> 11 | import { AnimeScope } from "@/components/motion/anime-scope"
     | ^^^^^^^^^^^^^^^^^^^^^^^^^^^^^^^^^^^^^^^^^^^^^^^^^^^^^^^^^^^^
  12 | import { HeroScope } from "@/components/motion/hero-scope"
  13 | import {
  14 |   ExpertiseLattice,

Import map: aliased to relative './components/motion/anime-scope' inside of [project]/

https://nextjs.org/docs/messages/module-not-found @ http://localhost:3000/_next/static/chunks/node_modules_next_dist_115brz8._.js:3318
[   53133ms] [ERROR] Failed to load resource: the server responded with a status of 500 (Internal Server Error) @ http://localhost:3000/:0
[   53197ms] [INFO] %cDownload the React DevTools for a better development experience: https://react.dev/link/react-devtools font-weight:bold @ http://localhost:3000/_next/static/chunks/node_modules_react-dom_cjs_react-dom-client_development_0z3nh7o.js:16702
[   53211ms] [ERROR] Refused to execute script from 'http://localhost:3000/_next/static/development/_clientMiddlewareManifest.js' because its MIME type ('application/json') is not executable, and strict MIME type checking is enabled. @ http://localhost:3000/:0
[   53214ms] Error: ./app/[locale]/page.tsx:11:1
Module not found: Can't resolve '@/components/motion/anime-scope'
   9 | import { RoleEntryList, composeRoles } from "@/components/role-entry"
  10 | import { ContactSection } from "@/components/contact-section"
> 11 | import { AnimeScope } from "@/components/motion/anime-scope"
     | ^^^^^^^^^^^^^^^^^^^^^^^^^^^^^^^^^^^^^^^^^^^^^^^^^^^^^^^^^^^^
  12 | import { HeroScope } from "@/components/motion/hero-scope"
  13 | import {
  14 |   ExpertiseLattice,

Import map: aliased to relative './components/motion/anime-scope' inside of [project]/


https://nextjs.org/docs/messages/module-not-found


    at <unknown> (Error: ./app/[locale]/page.tsx:11:1)
    at <unknown> (https://nextjs.org/docs/messages/module-not-found)
    at Object.getCompilationErrors (file://C:\Users\Ibra\Documents\GitHub\sana\node_modules\next\dist\server\dev\hot-reloader-turbopack.js:1186:59)
    at DevBundlerService.getCompilationError (file://C:\Users\Ibra\Documents\GitHub\sana\node_modules\next\dist\server\lib\dev-bundler-service.js:44:55)
    at DevServer.getCompilationError (file://C:\Users\Ibra\Documents\GitHub\sana\node_modules\next\dist\server\dev\next-dev-server.js:720:42)
    at DevServer.findPageComponents (file://C:\Users\Ibra\Documents\GitHub\sana\node_modules\next\dist\server\dev\next-dev-server.js:690:43)
    at async DevServer.renderErrorToResponseImpl (file://C:\Users\Ibra\Documents\GitHub\sana\node_modules\next\dist\server\base-server.js:1753:26)
[   53215ms] [LOG] [HMR] connected @ http://localhost:3000/_next/static/chunks/node_modules_next_dist_0u_w_5s._.js:1226
[   53231ms] [ERROR] ./app/[locale]/page.tsx:11:1
Module not found: Can't resolve '@/components/motion/anime-scope'
   9 | import { RoleEntryList, composeRoles } from "@/components/role-entry"
  10 | import { ContactSection } from "@/components/contact-section"
> 11 | import { AnimeScope } from "@/components/motion/anime-scope"
     | ^^^^^^^^^^^^^^^^^^^^^^^^^^^^^^^^^^^^^^^^^^^^^^^^^^^^^^^^^^^^
  12 | import { HeroScope } from "@/components/motion/hero-scope"
  13 | import {
  14 |   ExpertiseLattice,

Import map: aliased to relative './components/motion/anime-scope' inside of [project]/

https://nextjs.org/docs/messages/module-not-found @ http://localhost:3000/_next/static/chunks/node_modules_next_dist_0u_w_5s._.js:1945
[   53260ms] [ERROR] Failed to load resource: the server responded with a status of 500 (Internal Server Error) @ http://localhost:3000/favicon.ico:0
[   53338ms] [LOG] [Fast Refresh] rebuilding @ http://localhost:3000/_next/static/chunks/node_modules_next_dist_0u_w_5s._.js:1226
[   53402ms] [ERROR] ./app/[locale]/page.tsx:11:1
Module not found: Can't resolve '@/components/motion/anime-scope'
   9 | import { RoleEntryList, composeRoles } from "@/components/role-entry"
  10 | import { ContactSection } from "@/components/contact-section"
> 11 | import { AnimeScope } from "@/components/motion/anime-scope"
     | ^^^^^^^^^^^^^^^^^^^^^^^^^^^^^^^^^^^^^^^^^^^^^^^^^^^^^^^^^^^^
  12 | import { HeroScope } from "@/components/motion/hero-scope"
  13 | import {
  14 |   ExpertiseLattice,

Import map: aliased to relative './components/motion/anime-scope' inside of [project]/

https://nextjs.org/docs/messages/module-not-found @ http://localhost:3000/_next/static/chunks/node_modules_next_dist_0u_w_5s._.js:1945
[   53465ms] [ERROR] ./app/[locale]/page.tsx:11:1
Module not found: Can't resolve '@/components/motion/anime-scope'
   9 | import { RoleEntryList, composeRoles } from "@/components/role-entry"
  10 | import { ContactSection } from "@/components/contact-section"
> 11 | import { AnimeScope } from "@/components/motion/anime-scope"
     | ^^^^^^^^^^^^^^^^^^^^^^^^^^^^^^^^^^^^^^^^^^^^^^^^^^^^^^^^^^^^
  12 | import { HeroScope } from "@/components/motion/hero-scope"
  13 | import {
  14 |   ExpertiseLattice,

Import map: aliased to relative './components/motion/anime-scope' inside of [project]/

https://nextjs.org/docs/messages/module-not-found @ http://localhost:3000/_next/static/chunks/node_modules_next_dist_0u_w_5s._.js:1945
[   53528ms] [ERROR] ./app/[locale]/page.tsx:11:1
Module not found: Can't resolve '@/components/motion/anime-scope'
   9 | import { RoleEntryList, composeRoles } from "@/components/role-entry"
  10 | import { ContactSection } from "@/components/contact-section"
> 11 | import { AnimeScope } from "@/components/motion/anime-scope"
     | ^^^^^^^^^^^^^^^^^^^^^^^^^^^^^^^^^^^^^^^^^^^^^^^^^^^^^^^^^^^^
  12 | import { HeroScope } from "@/components/motion/hero-scope"
  13 | import {
  14 |   ExpertiseLattice,

Import map: aliased to relative './components/motion/anime-scope' inside of [project]/

https://nextjs.org/docs/messages/module-not-found @ http://localhost:3000/_next/static/chunks/node_modules_next_dist_0u_w_5s._.js:1945
[   53589ms] [ERROR] ./app/[locale]/page.tsx:11:1
Module not found: Can't resolve '@/components/motion/anime-scope'
   9 | import { RoleEntryList, composeRoles } from "@/components/role-entry"
  10 | import { ContactSection } from "@/components/contact-section"
> 11 | import { AnimeScope } from "@/components/motion/anime-scope"
     | ^^^^^^^^^^^^^^^^^^^^^^^^^^^^^^^^^^^^^^^^^^^^^^^^^^^^^^^^^^^^
  12 | import { HeroScope } from "@/components/motion/hero-scope"
  13 | import {
  14 |   ExpertiseLattice,

Import map: aliased to relative './components/motion/anime-scope' inside of [project]/

https://nextjs.org/docs/messages/module-not-found @ http://localhost:3000/_next/static/chunks/node_modules_next_dist_0u_w_5s._.js:1945
[   53650ms] [ERROR] ./app/[locale]/page.tsx:11:1
Module not found: Can't resolve '@/components/motion/anime-scope'
   9 | import { RoleEntryList, composeRoles } from "@/components/role-entry"
  10 | import { ContactSection } from "@/components/contact-section"
> 11 | import { AnimeScope } from "@/components/motion/anime-scope"
     | ^^^^^^^^^^^^^^^^^^^^^^^^^^^^^^^^^^^^^^^^^^^^^^^^^^^^^^^^^^^^
  12 | import { HeroScope } from "@/components/motion/hero-scope"
  13 | import {
  14 |   ExpertiseLattice,

Import map: aliased to relative './components/motion/anime-scope' inside of [project]/

https://nextjs.org/docs/messages/module-not-found @ http://localhost:3000/_next/static/chunks/node_modules_next_dist_0u_w_5s._.js:1945
[   53714ms] [ERROR] ./app/[locale]/page.tsx:11:1
Module not found: Can't resolve '@/components/motion/anime-scope'
   9 | import { RoleEntryList, composeRoles } from "@/components/role-entry"
  10 | import { ContactSection } from "@/components/contact-section"
> 11 | import { AnimeScope } from "@/components/motion/anime-scope"
     | ^^^^^^^^^^^^^^^^^^^^^^^^^^^^^^^^^^^^^^^^^^^^^^^^^^^^^^^^^^^^
  12 | import { HeroScope } from "@/components/motion/hero-scope"
  13 | import {
  14 |   ExpertiseLattice,

Import map: aliased to relative './components/motion/anime-scope' inside of [project]/

https://nextjs.org/docs/messages/module-not-found @ http://localhost:3000/_next/static/chunks/node_modules_next_dist_0u_w_5s._.js:1945
[   53795ms] [ERROR] ./app/[locale]/page.tsx:11:1
Module not found: Can't resolve '@/components/motion/anime-scope'
   9 | import { RoleEntryList, composeRoles } from "@/components/role-entry"
  10 | import { ContactSection } from "@/components/contact-section"
> 11 | import { AnimeScope } from "@/components/motion/anime-scope"
     | ^^^^^^^^^^^^^^^^^^^^^^^^^^^^^^^^^^^^^^^^^^^^^^^^^^^^^^^^^^^^
  12 | import { HeroScope } from "@/components/motion/hero-scope"
  13 | import {
  14 |   ExpertiseLattice,

Import map: aliased to relative './components/motion/anime-scope' inside of [project]/

https://nextjs.org/docs/messages/module-not-found @ http://localhost:3000/_next/static/chunks/node_modules_next_dist_0u_w_5s._.js:1945
[   53896ms] [LOG] [Fast Refresh] rebuilding @ http://localhost:3000/_next/static/chunks/node_modules_next_dist_0u_w_5s._.js:1226
[   53922ms] [ERROR] ./app/[locale]/page.tsx:11:1
Module not found: Can't resolve '@/components/motion/anime-scope'
   9 | import { RoleEntryList, composeRoles } from "@/components/role-entry"
  10 | import { ContactSection } from "@/components/contact-section"
> 11 | import { AnimeScope } from "@/components/motion/anime-scope"
     | ^^^^^^^^^^^^^^^^^^^^^^^^^^^^^^^^^^^^^^^^^^^^^^^^^^^^^^^^^^^^
  12 | import { HeroScope } from "@/components/motion/hero-scope"
  13 | import {
  14 |   ExpertiseLattice,

Import map: aliased to relative './components/motion/anime-scope' inside of [project]/

https://nextjs.org/docs/messages/module-not-found @ http://localhost:3000/_next/static/chunks/node_modules_next_dist_0u_w_5s._.js:1945
[   54033ms] [LOG] [Fast Refresh] rebuilding @ http://localhost:3000/_next/static/chunks/node_modules_next_dist_0u_w_5s._.js:1226
[   54486ms] [LOG] [Fast Refresh] done in 562ms @ http://localhost:3000/_next/static/chunks/node_modules_next_dist_0u_w_5s._.js:1226
[   54604ms] [LOG] [Fast Refresh] rebuilding @ http://localhost:3000/_next/static/chunks/node_modules_next_dist_0u_w_5s._.js:1226
[   54890ms] [LOG] [Fast Refresh] done in 386ms @ http://localhost:3000/_next/static/chunks/node_modules_next_dist_0u_w_5s._.js:1226
[   55003ms] [LOG] [Fast Refresh] rebuilding @ http://localhost:3000/_next/static/chunks/node_modules_next_dist_0u_w_5s._.js:1226
[   55182ms] [LOG] [Fast Refresh] done in 285ms @ http://localhost:3000/_next/static/chunks/node_modules_next_dist_0u_w_5s._.js:1226
[   57598ms] [ERROR] Failed to load resource: the server responded with a status of 500 (Internal Server Error) @ http://localhost:3000/:0
[   57666ms] [INFO] %cDownload the React DevTools for a better development experience: https://react.dev/link/react-devtools font-weight:bold @ http://localhost:3000/_next/static/chunks/node_modules_next_dist_115brz8._.js:2477
[   57688ms] [LOG] [HMR] connected @ http://localhost:3000/_next/static/chunks/node_modules_next_dist_115brz8._.js:2477
[   57713ms] [ERROR] Encountered a script tag while rendering React component. Scripts inside React components are never executed when rendering on the client. Consider using template tag instead (https://developer.mozilla.org/en-US/docs/Web/HTML/Element/template). @ http://localhost:3000/_next/static/chunks/node_modules_next_dist_115brz8._.js:3318
[   57979ms] [LOG] [Fast Refresh] rebuilding @ http://localhost:3000/_next/static/chunks/node_modules_next_dist_115brz8._.js:2477
[   58066ms] [LOG] [Fast Refresh] done in 190ms @ http://localhost:3000/_next/static/chunks/node_modules_next_dist_115brz8._.js:2477
[   58181ms] [LOG] [Fast Refresh] rebuilding @ http://localhost:3000/_next/static/chunks/node_modules_next_dist_115brz8._.js:2477
[   58620ms] [LOG] [Fast Refresh] done in 540ms @ http://localhost:3000/_next/static/chunks/node_modules_next_dist_115brz8._.js:2477
[   61642ms] [WARNING] The resource http://localhost:3000/_next/static/chunks/%5Broot-of-the-server%5D__13g-992._.css was preloaded using link preload but not used within a few seconds from the window's load event. Please make sure it has an appropriate `as` value and it is preloaded intentionally. @ http://localhost:3000/:0
[   63020ms] [LOG] [Fast Refresh] rebuilding @ http://localhost:3000/_next/static/chunks/node_modules_next_dist_115brz8._.js:2477
[   63036ms] [LOG] [Fast Refresh] done in 119ms @ http://localhost:3000/_next/static/chunks/node_modules_next_dist_115brz8._.js:2477
[   67178ms] [LOG] [Fast Refresh] rebuilding @ http://localhost:3000/_next/static/chunks/node_modules_next_dist_115brz8._.js:2477
[   67332ms] [LOG] [Fast Refresh] done in 258ms @ http://localhost:3000/_next/static/chunks/node_modules_next_dist_115brz8._.js:2477
[   67440ms] [LOG] [Fast Refresh] rebuilding @ http://localhost:3000/_next/static/chunks/node_modules_next_dist_115brz8._.js:2477
[   67596ms] [LOG] [Fast Refresh] done in 263ms @ http://localhost:3000/_next/static/chunks/node_modules_next_dist_115brz8._.js:2477
[   67703ms] [LOG] [Fast Refresh] rebuilding @ http://localhost:3000/_next/static/chunks/node_modules_next_dist_115brz8._.js:2477
[   67874ms] [LOG] [Fast Refresh] done in 279ms @ http://localhost:3000/_next/static/chunks/node_modules_next_dist_115brz8._.js:2477
[   83615ms] [LOG] [Fast Refresh] rebuilding @ http://localhost:3000/_next/static/chunks/node_modules_next_dist_115brz8._.js:2477
[   83615ms] [LOG] [Fast Refresh] done in 106ms @ http://localhost:3000/_next/static/chunks/node_modules_next_dist_115brz8._.js:2477
[  111026ms] [LOG] [Fast Refresh] rebuilding @ http://localhost:3000/_next/static/chunks/node_modules_next_dist_115brz8._.js:2477
[  111192ms] [LOG] [Fast Refresh] done in 242ms @ http://localhost:3000/_next/static/chunks/node_modules_next_dist_115brz8._.js:2477
[  111434ms] [LOG] [Fast Refresh] rebuilding @ http://localhost:3000/_next/static/chunks/node_modules_next_dist_115brz8._.js:2477
[  111573ms] [LOG] [Fast Refresh] done in 205ms @ http://localhost:3000/_next/static/chunks/node_modules_next_dist_115brz8._.js:2477
[  113505ms] [LOG] [Fast Refresh] rebuilding @ http://localhost:3000/_next/static/chunks/node_modules_next_dist_115brz8._.js:2477
[  113506ms] [LOG] [Fast Refresh] done in 105ms @ http://localhost:3000/_next/static/chunks/node_modules_next_dist_115brz8._.js:2477
[  119199ms] [LOG] [Fast Refresh] rebuilding @ http://localhost:3000/_next/static/chunks/node_modules_next_dist_115brz8._.js:2477
[  119215ms] [LOG] [Fast Refresh] done in 120ms @ http://localhost:3000/_next/static/chunks/node_modules_next_dist_115brz8._.js:2477
[  126931ms] [LOG] [Fast Refresh] rebuilding @ http://localhost:3000/_next/static/chunks/node_modules_next_dist_115brz8._.js:2477
[  127116ms] [LOG] [Fast Refresh] done in 253ms @ http://localhost:3000/_next/static/chunks/node_modules_next_dist_115brz8._.js:2477
